Full Name,Original Telephone,Normalized Telephone,Address,Income Range,Home Value,Status,Date Created,Is Priority,Retry Count
Mary Nielsen,(219) 662-2245,+12196622245,"401 W 130th Pl Crown Point, IN 46307","$400,000 - $499,999","$700,000 - $799,999",new,2026-10-01,true,0
Nadera Balgobin,(718) 441-1934,+17184411934,"8435 130th St Kew Gardens, NY 11415","$100,000 - $124,999","$1,000,000+",new,2026-10-01,true,0
Cessy Rubinson,(305) 235-0794,+13052350794,"7480 SW 130th St Pinecrest, FL 33156","$50,000 - $59,999","$1,000,000+",new,2026-10-01,true,0
Carol Coffin,(206) 784-7704,+12067847704,"7747 12th Ave NW Seattle, WA 98117","$300,000 - $399,999","$800,000 - $899,999",new,2026-10-01,true,0
Martin Kest,(347) 732-4000,+13477324000,"15135 12th Ave Whitestone, NY 11357","$300,000 - $399,999","$800,000 - $899,999",new,2026-10-01,true,0
Christopher Heath,(320) 354-5463,+13203545463,"19456 12th St NE New London, MN 56273","$200,000 - $249,999","$1,000,000+",new,2026-10-01,true,0
Arthur Dibiase,(718) 767-7015,+17187677015,"15436 12th Ave Whitestone, NY 11357","$200,000 - $249,999","$800,000 - $899,999",new,2026-10-01,true,0
Roger Ables,(727) 321-0397,+17273210397,"5600 12th St S Saint Petersburg, FL 33705","$150,000 - $174,999","$700,000 - $799,999",new,2026-10-01,true,0
Paul Palazzolo,(718) 680-5028,+17186805028,"7815 12th Ave Brooklyn, NY 11228","$300,000 - $399,999","$900,000 - $999,999",new,2026-10-01,true,0
Shoshannah Gross,(718) 972-7873,+17189727873,"5714 12th Ave Apt 1 Brooklyn, NY 11219","$30,000 - $39,999","$1,000,000+",new,2026-10-01,true,0
Joseph D'Alleva,(718) 767-2125,+17187672125,"15714 12th Ave Whitestone, NY 11357","$300,000 - $399,999","$1,000,000+",new,2026-10-01,true,0
John Justincic,(718) 746-0524,+17187460524,"14932 12th Rd Whitestone, NY 11357","$80,000 - $89,999","$1,000,000+",new,2026-10-01,true,0
P Matthews,(718) 767-5715,+17187675715,"15129 12th Rd Whitestone, NY 11357","$150,000 - $174,999","$700,000 - $799,999",new,2026-10-01,true,0
Philip Spool,(305) 235-2996,+13052352996,"10520 SW 130th St Miami, FL 33176","$300,000 - $399,999","$1,000,000+",new,2026-10-01,true,0
Holly Osgood,(303) 280-3461,+13032803461,"8181 E 130th Pl Thornton, CO 80602","$300,000 - $399,999","$1,000,000+",new,2026-10-01,true,0
Maha Ghosn,(305) 251-3862,+13052513862,"6760 SW 130th Ter Pinecrest, FL 33156","$300,000 - $399,999","$1,000,000+",new,2026-10-01,true,0
David Steinberg,(718) 851-7244,+17188517244,"5524 12th Ave Brooklyn, NY 11219","$60,000 - $69,999","$1,000,000+",new,2026-10-01,true,0
Rory Kaufman,(305) 255-6726,+13052556726,"7101 SW 130th St Pinecrest, FL 33156","$150,000 - $174,999","$1,000,000+",new,2026-10-01,true,0
Vincent Derubeis,(206) 325-0924,+12063250924,"2329 12th Ave E Seattle, WA 98102","$300,000 - $399,999","$1,000,000+",new,2026-10-01,true,1
Agnes Sanabria,(718) 322-9055,+17183229055,"10947 130th St South Ozone Park, NY 11420","$60,000 - $69,999","$700,000 - $799,999",new,2026-10-01,true,1
Ann Fernandez,(305) 233-7249,+13052337249,"10625 SW 130th Ter Miami, FL 33176","$300,000 - $399,999","$1,000,000+",new,2026-10-01,true,0
Michael Dodaro,(727) 593-3222,+17275933222,"10298 130th St Largo, FL 33774","$400,000 - $499,999","$700,000 - $799,999",new,2026-10-01,true,1
Laurence Valle,(305) 251-9594,+13052519594,"10024 SW 130th Ter Miami, FL 33176","$200,000 - $249,999","$800,000 - $899,999",new,2026-10-01,true,0
Allyn Jacobson,(305) 964-5566,+13059645566,"10044 SW 130th Ter Miami, FL 33176","$300,000 - $399,999","$800,000 - $899,999",new,2026-10-01,true,1
Marjorie Desmond,(480) 657-8661,+14806578661,"9775 N 130th St Scottsdale, AZ 85259","$400,000 - $499,999","$1,000,000+",new,2026-10-01,true,0
Bertrand Odinet,(480) 629-5635,+14806295635,"9734 N 130th St Scottsdale, AZ 85259","$250,000 - $299,999","$1,000,000+",new,2026-10-01,true,0
Ariel Martinez,(305) 971-4425,+13059714425,"6881 SW 130th Ter Pinecrest, FL 33156","$250,000 - $299,999","$1,000,000+",new,2026-10-01,true,1
Susan Boling,(806) 698-0749,+18066980749,"6702 130th St Lubbock, TX 79424","$400,000 - $499,999","$800,000 - $899,999",new,2026-10-01,true,1
Nathan Berrebi,(305) 665-0985,+13056650985,"5860 SW 130th Ter Pinecrest, FL 33156","$400,000 - $499,999","$1,000,000+",new,2026-10-01,true,1
Joseph Classen,(507) 645-2314,+15076452314,"5024 130th St E Northfield, MN 55057","$300,000 - $399,999","$800,000 - $899,999",new,2026-10-01,true,0
Robert Friesmuth,(954) 474-0915,+19544740915,"4199 SW 130th Ave Davie, FL 33330","$400,000 - $499,999","$1,000,000+",new,2026-10-01,true,0
Jeffrey Rosburg,(507) 367-2593,+15073672593,"4700 130th St NW Mazeppa, MN 55956","$250,000 - $299,999","$1,000,000+",new,2026-10-01,true,1
Rachel Morgan,(425) 742-0471,+14257420471,"4409 130th Pl SW Mukilteo, WA 98275","$300,000 - $399,999","$900,000 - $999,999",new,2026-10-01,true,1
Lowry Dreke,(305) 222-1717,+13052221717,"3191 SW 130th Ave Miami, FL 33175","$60,000 - $69,999","$1,000,000+",new,2026-10-01,true,0
Maria Padron,(305) 223-5130,+13052235130,"2670 SW 130th Ave Miami, FL 33175","$50,000 - $59,999","$1,000,000+",new,2026-10-01,true,1
Sophia Kwan,(206) 367-1782,+12063671782,"2520 NE 130th St Apt B Seattle, WA 98125","$250,000 - $299,999","$700,000 - $799,999",new,2026-10-01,true,0
Wendall Farley,(954) 435-7651,+19544357651,"2316 SW 130th Ter Miramar, FL 33027","$400,000 - $499,999","$800,000 - $899,999",new,2026-10-01,true,1
Duke Reichardt,(515) 225-3598,+15152253598,"1776 NW 130th St Clive, IA 50325","$300,000 - $399,999","$700,000 - $799,999",new,2026-10-01,true,1
Kyle Warden,(515) 267-0042,+15152670042,"1755 NW 130th St Clive, IA 50325","$250,000 - $299,999","$700,000 - $799,999",new,2026-10-01,true,1
Denzil Peak,(954) 846-9217,+19548469217,"837 NW 130th Ter Sunrise, FL 33325","$100,000 - $124,999","$800,000 - $899,999",new,2026-10-01,true,0
Mario Bianchi,(718) 445-9786,+17184459786,"728 130th St College Point, NY 11356","$100,000 - $124,999","$800,000 - $899,999",new,2026-10-01,true,1
Robert Cloud,(435) 703-9973,+14357039973,"2686 E 1300 South Cir Saint George, UT 84790","$200,000 - $249,999","$1,000,000+",new,2026-10-01,true,0
Suzanne Fassler,(801) 619-3674,+18016193674,"12859 S 1300 E Draper, UT 84020","$300,000 - $399,999","$900,000 - $999,999",new,2026-10-01,true,1
Wendy Dimick,(801) 775-0790,+18017750790,"2543 S 1300 W Syracuse, UT 84075","$175,000 - $199,999","$800,000 - $899,999",new,2026-10-01,true,1
Mark Pellerito,(231) 527-1990,+12315271990,"23550 13 Mile Rd Big Rapids, MI 49307","$250,000 - $299,999","$800,000 - $899,999",new,2026-10-01,true,0
Tammy Jansen,(360) 263-6559,+13602636559,"40007 NE 12th Ave Woodland, WA 98674","$250,000 - $299,999","$1,000,000+",new,2026-10-01,true,0
Dwayne Wilson,(828) 428-3931,+18284283931,"115 12th Fairway Ln Maiden, NC 28650","$200,000 - $249,999","$900,000 - $999,999",new,2026-10-01,true,1
Craig Westveer,(616) 866-7480,+16168667480,"6151 13 Mile Rd NE Rockford, MI 49341","$300,000 - $399,999","$700,000 - $799,999",new,2026-10-01,true,1
Peter Duncan,(305) 743-8106,+13057438106,"637 12th Street Gulf Marathon, FL 33050","$250,000 - $299,999","$1,000,000+",new,2026-10-01,true,1
Terri Marr,(623) 234-2577,+16232342577,"33424 N 12th St Phoenix, AZ 85085","$400,000 - $499,999","$800,000 - $899,999",new,2026-10-01,true,0
Brent Zumstein,(360) 263-3052,+13602633052,"39905 NE 12th Ave Woodland, WA 98674","$200,000 - $249,999","$900,000 - $999,999",new,2026-10-01,true,1
Roland Stibbe,(425) 391-8452,+14253918452,"24289 SE 12th Ct Sammamish, WA 98075","$250,000 - $299,999","$1,000,000+",new,2026-10-01,true,0
Yung Lin,(425) 394-0337,+14253940337,"24003 SE 12th Pl Sammamish, WA 98075","$300,000 - $399,999","$1,000,000+",new,2026-10-01,true,1
Carol Maloney,(718) 945-6999,+17189456999,"21615 12th Ave Rockaway Point, NY 11697","$50,000 - $59,999","$800,000 - $899,999",new,2026-10-01,true,1
Gary Beedle,(253) 862-2778,+12538622778,"20411 12th St E Lake Tapps, WA 98391","$300,000 - $399,999","$800,000 - $899,999",new,2026-10-01,true,1
Paul Wood,(425) 641-0541,+14256410541,"17831 NE 12th St Bellevue, WA 98008","$300,000 - $399,999","$1,000,000+",new,2026-10-01,true,1
Karin Alexander,(954) 450-9961,+19544509961,"17254 SW 12th St Pembroke Pines, FL 33029","$300,000 - $399,999","$700,000 - $799,999",new,2026-10-01,true,0
Annabel Brewster,(954) 436-4575,+19544364575,"17494 SW 12th St Pembroke Pines, FL 33029","$100,000 - $124,999","$900,000 - $999,999",new,2026-10-01,true,1
Benjamin Lockett,(954) 438-6662,+19544386662,"17214 SW 12th St Pembroke Pines, FL 33029","$400,000 - $499,999","$1,000,000+",new,2026-10-01,true,0
Pat Tillman,(206) 542-5131,+12065425131,"17226 12th Ave NW Shoreline, WA 98177","$200,000 - $249,999","$1,000,000+",new,2026-10-01,true,0
Barry Tokayer,(305) 652-0393,+13056520393,"17130 NE 12th Ave Miami, FL 33162","$90,000 - $99,999","$700,000 - $799,999",new,2026-10-01,true,1
Mirta Duarte,(954) 436-6774,+19544366774,"16300 NW 12th St Pembroke Pines, FL 33028","$200,000 - $249,999","$700,000 - $799,999",new,2026-10-01,true,1
Angela Macchiarulo,(718) 767-1626,+17187671626,"15748 12th Ave Whitestone, NY 11357","$300,000 - $399,999","$1,000,000+",new,2026-10-01,true,1
Anthony Lore,(718) 767-5859,+17187675859,"15441 12th Ave Whitestone, NY 11357","$100,000 - $124,999","$800,000 - $899,999",new,2026-10-01,true,0
Robert Kubicek,(602) 714-5003,+16027145003,"15237 N 12th St Phoenix, AZ 85022","$400,000 - $499,999","$1,000,000+",new,2026-10-01,true,0
Marios Christodoulides,(718) 746-3488,+17187463488,"14929 12th Ave Whitestone, NY 11357","$100,000 - $124,999","$900,000 - $999,999",new,2026-10-01,true,1
Dilipkumar Patel,(954) 906-8310,+19549068310,"11817 NW 12th Dr Coral Springs, FL 33071","$200,000 - $249,999","$1,000,000+",new,2026-10-01,true,1
Edith Caruso,(718) 767-2695,+17187672695,"14701 12th Ave Whitestone, NY 11357","$20,000 - $29,999","$1,000,000+",new,2026-10-01,true,1
Anil Patel,(954) 757-7422,+19547577422,"11876 NW 12th Mnr Coral Springs, FL 33071","$300,000 - $399,999","$1,000,000+",new,2026-10-01,true,1
Steven Modica,(954) 757-7204,+19547577204,"11801 NW 12th Dr Coral Springs, FL 33071","$400,000 - $499,999","$900,000 - $999,999",new,2026-10-01,true,1
Marcelo Mattos,(954) 255-7660,+19542557660,"11833 NW 12th Dr Coral Springs, FL 33071","$80,000 - $89,999","$900,000 - $999,999",new,2026-10-01,true,1
Alan Browdy,(954) 755-9024,+19547559024,"11806 NW 12th Mnr Coral Springs, FL 33071","$400,000 - $499,999","$800,000 - $899,999",new,2026-10-01,true,1
Wilson Martinez,(954) 704-2495,+19547042495,"11770 SW 12th St Pembroke Pines, FL 33025","$250,000 - $299,999","$700,000 - $799,999",new,2026-10-01,true,1
Jennifer Lee,(206) 524-1697,+12065241697,"10314 12th Ave NE Seattle, WA 98125","$70,000 - $79,999","$700,000 - $799,999",new,2026-10-01,true,0
Russell Dempsey,(616) 457-3684,+16164573684,"8841 12th Ave Jenison, MI 49428","$300,000 - $399,999","$900,000 - $999,999",new,2026-10-01,true,1
Evelio Heredia,(305) 269-9779,+13052699779,"8631 SW 12th St Miami, FL 33144","$400,000 - $499,999","$700,000 - $799,999",new,2026-10-01,true,1
Bustamante Munoz,(305) 267-8382,+13052678382,"8531 SW 12th St Miami, FL 33144","$100,000 - $124,999","$800,000 - $899,999",new,2026-10-01,true,1
Roy Wojtak,(602) 678-2153,+16026782153,"7726 N 12th Ave Phoenix, AZ 85021","$100,000 - $124,999","$700,000 - $799,999",new,2026-10-01,true,1
Joseph Parrelli,(718) 238-2744,+17182382744,"8223 12th Ave Brooklyn, NY 11228","$300,000 - $399,999","$1,000,000+",new,2026-10-01,true,0
Lawrence Dacchille,(718) 680-5141,+17186805141,"8112 12th Ave Brooklyn, NY 11228","$300,000 - $399,999","$1,000,000+",new,2026-10-01,true,0
John Fox,(602) 274-6828,+16022746828,"8021 N 12th Ave Phoenix, AZ 85021","$50,000 - $59,999","$700,000 - $799,999",new,2026-10-01,true,0
Shauna Savey,(206) 527-7965,+12065277965,"7833 12th Ave NE Seattle, WA 98115","$400,000 - $499,999","$800,000 - $899,999",new,2026-10-01,true,1
Leila Mccarthy,(425) 453-8574,+14254538574,"7821 NE 12th St Medina, WA 98039","$400,000 - $499,999","$1,000,000+",new,2026-10-01,true,1
Alejandro Lopez,(202) 722-6882,+12027226882,"7816 12th St NW Washington, DC 20012","$300,000 - $399,999","$900,000 - $999,999",new,2026-10-01,true,1
Wanda Hughey,(202) 726-4374,+12027264374,"7707 12th St NW Washington, DC 20012","$400,000 - $499,999","$800,000 - $899,999",new,2026-10-01,true,0
Brenda Devrouax,(202) 829-6866,+12028296866,"7704 12th St NW Washington, DC 20012","$60,000 - $69,999","$800,000 - $899,999",new,2026-10-01,true,1
Kenneth Olfert,(206) 524-1904,+12065241904,"7339 12th Ave NE Seattle, WA 98115","$400,000 - $499,999","$1,000,000+",new,2026-10-01,true,0
Robert Corbitt,(202) 829-2318,+12028292318,"7319 12th St NW Washington, DC 20012","$150,000 - $174,999","$1,000,000+",new,2026-10-01,true,1
Donald Day,(206) 783-4696,+12067834696,"7023 12th Ave NW Seattle, WA 98117","$300,000 - $399,999","$1,000,000+",new,2026-10-01,true,1
Karen Saunders,(206) 789-6537,+12067896537,"7015 12th Ave NW Seattle, WA 98117","$250,000 - $299,999","$700,000 - $799,999",new,2026-10-01,true,1
Joseph Coomes,(352) 861-0954,+13528610954,"7169 SE 12th Cir Ocala, FL 34480","$250,000 - $299,999","$800,000 - $899,999",new,2026-10-01,true,1
William Ham,(206) 729-0122,+12067290122,"6107 12th Ave NE Seattle, WA 98115","$400,000 - $499,999","$1,000,000+",new,2026-10-01,true,1
Terrance Mcguire,(206) 762-0081,+12067620081,"7303 12th Ave SW Seattle, WA 98106","$50,000 - $59,999","$700,000 - $799,999",new,2026-10-01,true,0
Wayne Johnsen,(703) 237-4826,+17032374826,"6145 12th Rd N Arlington, VA 22205","$400,000 - $499,999","$1,000,000+",new,2026-10-01,true,0
Gayle Voshell,(703) 538-1777,+17035381777,"6156 12th St N Arlington, VA 22205","$200,000 - $249,999","$1,000,000+",new,2026-10-01,true,0
Jeff Ward,(406) 727-1074,+14067271074,"4505 12th Ave S Great Falls, MT 59405","$400,000 - $499,999","$700,000 - $799,999",new,2026-10-01,true,1
Blake Hannaford,(206) 525-3910,+12065253910,"5634 12th Ave NE Seattle, WA 98105","$175,000 - $199,999","$1,000,000+",new,2026-10-01,true,1
Kevin Kerkof,(206) 971-6433,+12069716433,"4104 12th Ave S Seattle, WA 98108","$250,000 - $299,999","$800,000 - $899,999",new,2026-10-01,true,1
Barbara Uhler,(202) 269-1443,+12022691443,"4206 12th St NE Washington, DC 20017","$70,000 - $79,999","$700,000 - $799,999",new,2026-10-01,true,1
Barbara Heiberg,(253) 927-6247,+12539276247,"5324 12th St NE Tacoma, WA 98422","$50,000 - $59,999","$900,000 - $999,999",new,2026-10-01,true,0
Julie Mermelstein,(718) 633-5171,+17186335171,"5314 12th Ave Brooklyn, NY 11219","$50,000 - $59,999","$1,000,000+",new,2026-10-01,true,1
Arthur Richards,(323) 746-5704,+13237465704,"5302 W 12th St Los Angeles, CA 90019","$80,000 - $89,999","$1,000,000+",new,2026-10-01,true,1
James Kempf,(319) 665-3700,+13196653700,"3201 12th Ave Coralville, IA 52241","$300,000 - $399,999","$700,000 - $799,999",new,2026-10-01,true,1
Dede Boughton,(206) 525-8474,+12065258474,"5047 12th Ave NE Seattle, WA 98105","$20,000 - $29,999","$1,000,000+",new,2026-10-01,true,0
Angela Collins,(206) 706-8095,+12067068095,"5217 12th Ave NE Seattle, WA 98105","$200,000 - $249,999","$1,000,000+",new,2026-10-01,true,1
Danny Youngs,(206) 284-7761,+12062847761,"3223 12th Ave W Seattle, WA 98119","$200,000 - $249,999","$1,000,000+",new,2026-10-01,true,1
Lynnette Senzel,(206) 286-7839,+12062867839,"3608 12th Ave W Seattle, WA 98119","$300,000 - $399,999","$1,000,000+",new,2026-10-01,true,1
Pamela Cichon,(727) 323-7303,+17273237303,"3161 12th Ave N Saint Petersburg, FL 33713","$90,000 - $99,999","$900,000 - $999,999",new,2026-10-01,true,1
Geeti Bawa,(571) 327-0124,+15713270124,"3611 12th St S Arlington, VA 22204","$300,000 - $399,999","$700,000 - $799,999",new,2026-10-01,true,1
Noel Dominguez,(239) 353-7644,+12393537644,"3220 12th Ave NE Naples, FL 34120","$100,000 - $124,999","$1,000,000+",new,2026-10-01,true,1
Mary Signorella,(718) 204-2801,+17182042801,"3122 12th St Astoria, NY 11106","$100,000 - $124,999","$1,000,000+",new,2026-10-01,true,1
Debra Soloff,(718) 851-3590,+17188513590,"4115 12th Ave Brooklyn, NY 11219","$400,000 - $499,999","$900,000 - $999,999",new,2026-10-01,true,1
Anthony Rozic,(503) 284-4272,+15032844272,"3042 NE 12th Ave Portland, OR 97212","$300,000 - $399,999","$800,000 - $899,999",new,2026-10-01,true,1
Paul Mccawley,(954) 567-9692,+19545679692,"2409 NE 12th Ct Fort Lauderdale, FL 33304","$200,000 - $249,999","$1,000,000+",new,2026-10-01,true,1
F Lei,(718) 616-1852,+17186161852,"2447 E 12th St Brooklyn, NY 11235","$100,000 - $124,999","$800,000 - $899,999",new,2026-10-01,true,1
Cynthia Coningsby,(954) 561-6723,+19545616723,"2421 NE 12th Ct Fort Lauderdale, FL 33304","$200,000 - $249,999","$1,000,000+",new,2026-10-01,true,1
Jennifer Brachfeld,(954) 908-1979,+19549081979,"2409 NE 12th St Fort Lauderdale, FL 33304","$200,000 - $249,999","$1,000,000+",new,2026-10-01,true,1
Fu Yip,(718) 854-3423,+17188543423,"3408 12th Ave Brooklyn, NY 11218","$100,000 - $124,999","$1,000,000+",new,2026-10-01,true,1
Lisa Nemerson,(718) 633-3764,+17186333764,"3382 12th Ave Brooklyn, NY 11218","$100,000 - $124,999","$1,000,000+",new,2026-10-01,true,0
Marina Kretschmer,(718) 743-0872,+17187430872,"2547 E 12th St Apt 3a Brooklyn, NY 11235","$300,000 - $399,999","$800,000 - $899,999",new,2026-10-01,true,1
Anna Bulat,(718) 743-7138,+17187437138,"2433 E 12th St Brooklyn, NY 11235","$80,000 - $89,999","$700,000 - $799,999",new,2026-10-01,true,1
Klemens Dabrowski,(954) 545-3861,+19545453861,"2401 NE 12th St Pompano Beach, FL 33062","$400,000 - $499,999","$700,000 - $799,999",new,2026-10-01,true,1
Aykut Alpa,(718) 891-7326,+17188917326,"2355 E 12th St Apt 2n Brooklyn, NY 11229","$40,000 - $49,999","$1,000,000+",new,2026-10-01,true,1
Winifred Yee,(718) 646-3577,+17186463577,"2556 E 12th St Brooklyn, NY 11235","$175,000 - $199,999","$1,000,000+",new,2026-10-01,true,0
Victor Comras,(954) 563-4386,+19545634386,"2601 NE 12th St Fort Lauderdale, FL 33304","$200,000 - $249,999","$1,000,000+",new,2026-10-01,true,1
Diana Hess,(801) 794-1408,+18017941408,"1573 S 1300 E Spanish Fork, UT 84660","$400,000 - $499,999","$800,000 - $899,999",new,2026-10-01,true,0
Sheridan Gray,(801) 785-4540,+18017854540,"288 W 130 S Lindon, UT 84042","$90,000 - $99,999","$700,000 - $799,999",new,2026-10-01,true,1
John Moore,(801) 485-5331,+18014855331,"1733 S 1300 E Salt Lake City, UT 84105","$100,000 - $124,999","$1,000,000+",new,2026-10-01,true,1
Jon Lear,(801) 582-5825,+18015825825,"2373 E 1300 S Salt Lake City, UT 84108","$400,000 - $499,999","$1,000,000+",new,2026-10-01,true,1
Abel Porter,(801) 451-6890,+18014516890,"541 W 1300 N Farmington, UT 84025","$300,000 - $399,999","$1,000,000+",new,2026-10-01,true,1
Steven Belvin,(253) 874-0308,+12538740308,"30143 12th Ave SW Federal Way, WA 98023","$300,000 - $399,999","$700,000 - $799,999",new,2026-10-01,true,0
Donald Conceicao,(718) 945-4954,+17189454954,"21607 12th Ave Rockaway Point, NY 11697","$200,000 - $249,999","$700,000 - $799,999",new,2026-10-01,true,0
Gary King,(253) 843-2812,+12538432812,"30902 12th Ave S Roy, WA 98580","$70,000 - $79,999","$900,000 - $999,999",new,2026-10-01,true,0
Edith Donnelly,(718) 945-9372,+17189459372,"21616 12th Ave Rockaway Point, NY 11697","$20,000 - $29,999","$1,000,000+",new,2026-10-01,true,0
Todd Langton,(425) 836-5230,+14258365230,"22219 NE 12th Pl Redmond, WA 98074","$300,000 - $399,999","$1,000,000+",new,2026-10-01,true,1
Jerry Johnson,(425) 333-4213,+14253334213,"29215 NE 12th St Carnation, WA 98014","$400,000 - $499,999","$1,000,000+",new,2026-10-01,true,1
Mike Funderburke,(360) 629-2093,+13606292093,"27216 12th Ave NW Stanwood, WA 98292","$300,000 - $399,999","$800,000 - $899,999",new,2026-10-01,true,1
David Bisom,(425) 778-7134,+14257787134,"18203 12th Ave W Lynnwood, WA 98037","$300,000 - $399,999","$900,000 - $999,999",new,2026-10-01,true,0
David George,(206) 545-0402,+12065450402,"18722 12th Ave NE Shoreline, WA 98155","$100,000 - $124,999","$900,000 - $999,999",new,2026-10-01,true,0
Alex Mejido,(954) 443-6080,+19544436080,"18265 NW 12th St Pembroke Pines, FL 33029","$400,000 - $499,999","$700,000 - $799,999",new,2026-10-01,true,0
Carol Slaughterbeck,(425) 778-8721,+14257788721,"19513 12th Ave W Lynnwood, WA 98036","$300,000 - $399,999","$800,000 - $899,999",new,2026-10-01,true,1
Roger Diaz,(954) 438-2079,+19544382079,"19168 SW 12th St Pembroke Pines, FL 33029","$250,000 - $299,999","$700,000 - $799,999",new,2026-10-01,true,1
Maritza Sanchez,(954) 392-7225,+19543927225,"18695 SW 12th St Pembroke Pines, FL 33029","$400,000 - $499,999","$700,000 - $799,999",new,2026-10-01,true,1
Bimal Sharma,(206) 417-0537,+12064170537,"17531 12th Ave NE Shoreline, WA 98155","$250,000 - $299,999","$800,000 - $899,999",new,2026-10-01,true,1
Armando Civale,(718) 767-3108,+17187673108,"16243 12th Ave Whitestone, NY 11357","$100,000 - $124,999","$800,000 - $899,999",new,2026-10-01,true,0
Gary Millwood,(954) 447-2632,+19544472632,"16745 NW 12th Ct Pembroke Pines, FL 33028","$400,000 - $499,999","$700,000 - $799,999",new,2026-10-01,true,0
Camillo Maimone,(718) 767-1052,+17187671052,"16204 12th Ave Whitestone, NY 11357","$100,000 - $124,999","$1,000,000+",new,2026-10-01,true,1
Khurshid Sattaur,(954) 436-1645,+19544361645,"17201 SW 12th St Pembroke Pines, FL 33029","$100,000 - $124,999","$900,000 - $999,999",new,2026-10-01,true,1
Barbara Almeida,(954) 704-0771,+19547040771,"16454 NW 12th St Pembroke Pines, FL 33028","$200,000 - $249,999","$700,000 - $799,999",new,2026-10-01,true,1
Peter Vecchio,(718) 746-9690,+17187469690,"16022 12th Rd Whitestone, NY 11357","$400,000 - $499,999","$1,000,000+",new,2026-10-01,true,1
Sergei Denko,(718) 721-2958,+17187212958,"16029 12th Ave Whitestone, NY 11357","$200,000 - $249,999","$1,000,000+",new,2026-10-01,true,1
William Felcyn,(602) 789-1767,+16027891767,"15814 N 12th St Phoenix, AZ 85022","$100,000 - $124,999","$700,000 - $799,999",new,2026-10-01,true,1
Jean Tchen,(206) 367-1649,+12063671649,"15418 12th Ave NE Shoreline, WA 98155","$70,000 - $79,999","$700,000 - $799,999",new,2026-10-01,true,0
Mary Bullard,(954) 433-1142,+19544331142,"15682 NW 12th Ct Pembroke Pines, FL 33028","$50,000 - $59,999","$700,000 - $799,999",new,2026-10-01,true,1
Susan Ishkanian,(718) 767-7180,+17187677180,"15734 12th Rd Whitestone, NY 11357","$60,000 - $69,999","$1,000,000+",new,2026-10-01,true,1
Lauren Laporte,(718) 767-6095,+17187676095,"15720 12th Rd Whitestone, NY 11357","$40,000 - $49,999","$1,000,000+",new,2026-10-01,true,1
Nicholas Katelas,(718) 767-3208,+17187673208,"15733 12th Rd Whitestone, NY 11357","$60,000 - $69,999","$900,000 - $999,999",new,2026-10-01,true,1
Stanley Moore,(954) 441-9299,+19544419299,"15610 SW 12th St Pembroke Pines, FL 33027","$400,000 - $499,999","$1,000,000+",new,2026-10-01,true,1
Penellopi Katehis,(718) 767-0347,+17187670347,"15424 12th Rd Flushing, NY 11357","$60,000 - $69,999","$800,000 - $899,999",new,2026-10-01,true,1
Osvaldo Rubio,(754) 201-1431,+17542011431,"15611 SW 12th St Pembroke Pines, FL 33027","$250,000 - $299,999","$800,000 - $899,999",new,2026-10-01,true,1
Ernesto Florez,(718) 746-1081,+17187461081,"15412 12th Ave Whitestone, NY 11357","$400,000 - $499,999","$1,000,000+",new,2026-10-01,true,1
Ronald Choura,(718) 746-8844,+17187468844,"14918 12th Rd Whitestone, NY 11357","$100,000 - $124,999","$800,000 - $899,999",new,2026-10-01,true,0
Zoe Koumoullos,(718) 767-0367,+17187670367,"15202 12th Rd Whitestone, NY 11357","$100,000 - $124,999","$1,000,000+",new,2026-10-01,true,1
Edward Lynch,(718) 767-8092,+17187678092,"15140 12th Rd Whitestone, NY 11357","$100,000 - $124,999","$900,000 - $999,999",new,2026-10-01,true,1
Marcia Guenther,(425) 357-1337,+14253571337,"15119 12th Dr SE Mill Creek, WA 98012","$60,000 - $69,999","$1,000,000+",new,2026-10-01,true,1
Maria Oppenheimer,(718) 747-3030,+17187473030,"15119 12th Ave Whitestone, NY 11357","$100,000 - $124,999","$900,000 - $999,999",new,2026-10-01,true,1
Brian Ferguson,(347) 732-4716,+13477324716,"14923 12th Ave Whitestone, NY 11357","$300,000 - $399,999","$1,000,000+",new,2026-10-01,true,1
Mario Cipriani,(718) 747-3234,+17187473234,"14816 12th Ave Whitestone, NY 11357","$60,000 - $69,999","$1,000,000+",new,2026-10-01,true,1
Brian Aiken,(360) 654-1411,+13606541411,"13628 12th Ave NW Marysville, WA 98271","$300,000 - $399,999","$700,000 - $799,999",new,2026-10-01,true,0
Walter Richardson,(425) 746-0905,+14257460905,"14418 SE 12th St Bellevue, WA 98007","$200,000 - $249,999","$1,000,000+",new,2026-10-01,true,1
Al Hartman,(206) 242-6103,+12062426103,"14225 12th Ave SW Burien, WA 98166","$200,000 - $249,999","$700,000 - $799,999",new,2026-10-01,true,1
Merrick Dietzel,(206) 365-4154,+12063654154,"12745 12th Ave NE Seattle, WA 98125","$400,000 - $499,999","$700,000 - $799,999",new,2026-10-01,true,1
Altagracia Reillo,(347) 732-4083,+13477324083,"12104 12th Ave College Point, NY 11356","$400,000 - $499,999","$1,000,000+",new,2026-10-01,true,1
John Lee,(206) 365-5740,+12063655740,"12717 12th Ave NE Seattle, WA 98125","$300,000 - $399,999","$800,000 - $899,999",new,2026-10-01,true,1
Oudom Danh,(206) 433-7124,+12064337124,"13063 12th Ave SW Burien, WA 98146","$90,000 - $99,999","$700,000 - $799,999",new,2026-10-01,true,1
Kelley Baxter,(718) 886-3554,+17188863554,"11711 12th Ave College Point, NY 11356","$70,000 - $79,999","$800,000 - $899,999",new,2026-10-01,true,0
Robert Arney,(206) 783-8141,+12067838141,"9547 12th Ave NW Seattle, WA 98117","$70,000 - $79,999","$700,000 - $799,999",new,2026-10-01,true,0
Linda Rebmann,(718) 833-9574,+17188339574,"8417 12th Ave Brooklyn, NY 11228","$70,000 - $79,999","$800,000 - $899,999",new,2026-10-01,true,0
David Mcmillan,(425) 454-4372,+14254544372,"10001 NE 12th St Apt 101 Bellevue, WA 98004","$300,000 - $399,999","$1,000,000+",new,2026-10-01,true,1
Heung Lam,(206) 368-0888,+12063680888,"11519 12th Ave NE Unit G Seattle, WA 98125","$175,000 - $199,999","$800,000 - $899,999",new,2026-10-01,true,1
Sheryl Forrester,(206) 297-2050,+12062972050,"10816 12th Ave NW Seattle, WA 98177","$250,000 - $299,999","$1,000,000+",new,2026-10-01,true,1
Stephen Peirce,(941) 792-7521,+19417927521,"8912 12th Ave NW Bradenton, FL 34209","$100,000 - $124,999","$900,000 - $999,999",new,2026-10-01,true,1
Silvia Moreda,(305) 221-5315,+13052215315,"8847 SW 12th St Miami, FL 33174","$40,000 - $49,999","$700,000 - $799,999",new,2026-10-01,true,1
Andrew Schefter,(305) 762-6978,+13057626978,"8250 NE 12th Ave Miami, FL 33138","$100,000 - $124,999","$1,000,000+",new,2026-10-01,true,0
Tommy Pittas,(718) 491-0064,+17184910064,"8208 12th Ave Brooklyn, NY 11228","$250,000 - $299,999","$1,000,000+",new,2026-10-01,true,0
Norma Cascio,(718) 748-7494,+17187487494,"8217 12th Ave Brooklyn, NY 11228","$70,000 - $79,999","$800,000 - $899,999",new,2026-10-01,true,0
Barbara Schudel,(269) 383-4034,+12693834034,"8264 N 12th St Kalamazoo, MI 49009","$150,000 - $174,999","$700,000 - $799,999",new,2026-10-01,true,1
Jean Clancy,(954) 227-7905,+19542277905,"8158 NW 12th Ct Coral Springs, FL 33071","$400,000 - $499,999","$700,000 - $799,999",new,2026-10-01,true,1
Burgess Dick,(360) 576-0860,+13605760860,"8313 NW 12th Ave Vancouver, WA 98665","$300,000 - $399,999","$800,000 - $899,999",new,2026-10-01,true,1
Patricia Fischetti,(718) 748-7343,+17187487343,"8312 12th Ave Brooklyn, NY 11228","$400,000 - $499,999","$1,000,000+",new,2026-10-01,true,1
James Boulanger,(253) 565-8476,+12535658476,"8129 N 12th St Tacoma, WA 98406","$200,000 - $249,999","$1,000,000+",new,2026-10-01,true,1
Cynthia Perkins,(352) 873-8001,+13528738001,"7308 SE 12th Cir Ocala, FL 34480","$400,000 - $499,999","$1,000,000+",new,2026-10-01,true,1
Rohan Simpson,(954) 472-8153,+19544728153,"7660 NW 12th Ct Plantation, FL 33322","$200,000 - $249,999","$700,000 - $799,999",new,2026-10-01,true,1
Cordell Hayes,(202) 726-5516,+12027265516,"7503 12th St NW Washington, DC 20012","$250,000 - $299,999","$900,000 - $999,999",new,2026-10-01,true,1
Grace Russo,(718) 748-2192,+17187482192,"7606 12th Ave Brooklyn, NY 11228","$300,000 - $399,999","$1,000,000+",new,2026-10-01,true,1
Anthony Fuschetto,(718) 748-2748,+17187482748,"7205 12th Ave Brooklyn, NY 11228","$100,000 - $124,999","$1,000,000+",new,2026-10-01,true,0
Mary Bell,(703) 533-9550,+17035339550,"6216 12th St N Arlington, VA 22205","$200,000 - $249,999","$900,000 - $999,999",new,2026-10-01,true,0
Fredric Wollett,(352) 873-8715,+13528738715,"6950 SE 12th Ter Ocala, FL 34480","$200,000 - $249,999","$1,000,000+",new,2026-10-01,true,0
Angelo Dicapua,(352) 237-4477,+13522374477,"6853 NW 12th St Ocala, FL 34482","$100,000 - $124,999","$1,000,000+",new,2026-10-01,true,1
Thomas Genton,(703) 237-3561,+17032373561,"6157 12th St N Arlington, VA 22205","$300,000 - $399,999","$1,000,000+",new,2026-10-01,true,1
Stephen Floethe,(352) 237-8161,+13522378161,"6601 SW 12th Ct Ocala, FL 34476","$60,000 - $69,999","$700,000 - $799,999",new,2026-10-01,true,1
Michael Long,(928) 284-4243,+19282844243,"6383 E 12th Ave Apache Junction, AZ 85119","$400,000 - $499,999","$700,000 - $799,999",new,2026-10-01,true,1
Irving Brecher,(718) 972-9658,+17189729658,"5620 12th Ave Apt 1 Brooklyn, NY 11219","$300,000 - $399,999","$900,000 - $999,999",new,2026-10-01,true,1
Michael Crouch,(206) 524-6672,+12065246672,"5619 12th Ave NE Seattle, WA 98105","$40,000 - $49,999","$900,000 - $999,999",new,2026-10-01,true,1
Eliezer Brezel,(718) 431-0422,+17184310422,"5513 12th Ave Brooklyn, NY 11219","$40,000 - $49,999","$1,000,000+",new,2026-10-01,true,1
Liane Jacobs,(202) 269-3794,+12022693794,"4215 12th St NE Washington, DC 20017","$50,000 - $59,999","$700,000 - $799,999",new,2026-10-01,true,0
Marie Dennard,(912) 638-2623,+19126382623,"4207 12th St Saint Simons Island, GA 31522","$300,000 - $399,999","$1,000,000+",new,2026-10-01,true,1
Sandra Oconnor,(703) 379-4181,+17033794181,"5013 12th St S Arlington, VA 22204","$400,000 - $499,999","$700,000 - $799,999",new,2026-10-01,true,1
Clifford Newman,(202) 832-2729,+12028322729,"4217 12th Pl NE Washington, DC 20017","$70,000 - $79,999","$700,000 - $799,999",new,2026-10-01,true,1
Debra Jablonski,(616) 877-4215,+16168774215,"4288 12th St Wayland, MI 49348","$60,000 - $69,999","$800,000 - $899,999",new,2026-10-01,true,1
Gladys Roudel,(305) 443-1309,+13054431309,"4281 SW 12th St Miami, FL 33134","$30,000 - $39,999","$700,000 - $799,999",new,2026-10-01,true,1
Benjamin Farkas,(718) 435-1331,+17184351331,"4410 12th Ave Apt 1 Brooklyn, NY 11219","$100,000 - $124,999","$800,000 - $899,999",new,2026-10-01,true,1
Thomas Trompeter,(206) 762-6337,+12067626337,"4314 12th Ave S Seattle, WA 98108","$90,000 - $99,999","$700,000 - $799,999",new,2026-10-01,true,1
Donald Aakre,(507) 433-7035,+15074337035,"4250 12th Ave NW Austin, MN 55912","$200,000 - $249,999","$700,000 - $799,999",new,2026-10-01,true,1
Bonnie Beacher,(718) 857-2938,+17188572938,"367a 12th St Brooklyn, NY 11215","$300,000 - $399,999","$1,000,000+",new,2026-10-01,true,0
Norman Postell,(715) 874-4542,+17158744542,"4025 12th Ave Eau Claire, WI 54703","$400,000 - $499,999","$800,000 - $899,999",new,2026-10-01,true,0
Anna Dorazio,(202) 526-5045,+12025265045,"4012 12th St NE Washington, DC 20017","$60,000 - $69,999","$700,000 - $799,999",new,2026-10-01,true,0
Penelope Barringer,(703) 920-2541,+17039202541,"3914 12th St S Arlington, VA 22204","$100,000 - $124,999","$900,000 - $999,999",new,2026-10-01,true,1
Francis Garrison,(703) 521-0876,+17035210876,"3812 12th St S Arlington, VA 22204","$400,000 - $499,999","$800,000 - $899,999",new,2026-10-01,true,1
Scott Christians,(605) 886-8834,+16058868834,"3615 12th Ave NW Watertown, SD 57201","$250,000 - $299,999","$800,000 - $899,999",new,2026-10-01,true,1
Ibrahim Hasbani,(718) 934-3967,+17189343967,"2619 E 12th St Brooklyn, NY 11235","$300,000 - $399,999","$700,000 - $799,999",new,2026-10-01,true,0
Christophe Thomas,(503) 281-2822,+15032812822,"2611 NE 12th Ave Portland, OR 97212","$175,000 - $199,999","$900,000 - $999,999",new,2026-10-01,true,0
Albert Korelishn,(954) 946-2650,+19549462650,"2827 NE 12th St Pompano Beach, FL 33062","$400,000 - $499,999","$900,000 - $999,999",new,2026-10-01,true,1
Richard Kowalewski,(410) 477-6347,+14104776347,"2811 12th St Sparrows Point, MD 21219","$250,000 - $299,999","$700,000 - $799,999",new,2026-10-01,true,1
David Lockman,(954) 545-0909,+19545450909,"2810 NE 12th St Pompano Beach, FL 33062","$400,000 - $499,999","$1,000,000+",new,2026-10-01,true,1
Chris Baranowski,(402) 965-9155,+14029659155,"7523 N 130th St Omaha, NE 68142","$400,000 - $499,999","$1,000,000+",new,2026-10-01,true,0
Juanita Sumter,(718) 322-1173,+17183221173,"11929 130th St South Ozone Park, NY 11420","$50,000 - $59,999","$700,000 - $799,999",new,2026-10-01,true,0
Venkatesh Ramaiah,(480) 767-9667,+14807679667,"12991 N 130th Way Scottsdale, AZ 85259","$400,000 - $499,999","$1,000,000+",new,2026-10-01,true,0
Howard Friedberg,(305) 238-2489,+13052382489,"10205 SW 130th St Miami, FL 33176","$250,000 - $299,999","$800,000 - $899,999",new,2026-10-01,true,0
Dennis Escobar,(786) 534-9387,+17865349387,"9781 NW 130th St Hialeah Gardens, FL 33018","$400,000 - $499,999","$1,000,000+",new,2026-10-01,true,1
Eduardo Mena,(786) 534-8482,+17865348482,"6025 W 12th Ave Hialeah, FL 33012","$100,000 - $124,999","$800,000 - $899,999",new,2026-10-01,true,1
Jose Alvarez,(305) 233-0518,+13052330518,"10500 SW 130th St Miami, FL 33176","$300,000 - $399,999","$1,000,000+",new,2026-10-01,true,1
Miguel Jimenez,(305) 971-9400,+13059719400,"9961 SW 130th St Miami, FL 33176","$300,000 - $399,999","$900,000 - $999,999",new,2026-10-01,true,1
Osvaldo Arevalo,(305) 259-5156,+13052595156,"10105 SW 130th Ter Miami, FL 33176","$300,000 - $399,999","$800,000 - $899,999",new,2026-10-01,true,1
Gail Joy,(305) 822-1997,+13058221997,"9998 NW 130th St Hialeah Gardens, FL 33018","$100,000 - $124,999","$800,000 - $899,999",new,2026-10-01,true,1
Nancy Gonzalez,(305) 817-0877,+13058170877,"10160 NW 130th St Hialeah, FL 33018","$300,000 - $399,999","$1,000,000+",new,2026-10-01,true,1
Bradley Sensale,(305) 253-6242,+13052536242,"9740 SW 130th St Miami, FL 33176","$250,000 - $299,999","$800,000 - $899,999",new,2026-10-01,true,1
Jaime Pachon,(786) 242-0098,+17862420098,"10104 SW 130th Ter Miami, FL 33176","$400,000 - $499,999","$900,000 - $999,999",new,2026-10-01,true,1
Mayra Soto,(305) 278-2368,+13052782368,"9940 SW 130th St Miami, FL 33176","$90,000 - $99,999","$700,000 - $799,999",new,2026-10-01,true,1
Daniel Givens,(305) 253-2442,+13052532442,"9941 SW 130th St Miami, FL 33176","$80,000 - $89,999","$700,000 - $799,999",new,2026-10-01,true,1
Gregory Foster,(561) 791-1395,+15617911395,"8672 130th Ave N West Palm Beach, FL 33412","$100,000 - $124,999","$800,000 - $899,999",new,2026-10-01,true,1
Katherine Heino,(425) 828-6329,+14258286329,"9421 130th Ave NE Kirkland, WA 98033","$100,000 - $124,999","$1,000,000+",new,2026-10-01,true,1
Isela Amador,(305) 259-7955,+13052597955,"7700 SW 130th St Pinecrest, FL 33156","$400,000 - $499,999","$1,000,000+",new,2026-10-01,true,1
Andrew Flanders,(305) 256-6048,+13052566048,"7285 SW 130th St Pinecrest, FL 33156","$300,000 - $399,999","$1,000,000+",new,2026-10-01,true,1
Jon Poley,(305) 669-5181,+13056695181,"5715 SW 130th St Pinecrest, FL 33156","$300,000 - $399,999","$1,000,000+",new,2026-10-01,true,0
Cindy Brown,(623) 935-7714,+16239357714,"6040 N 130th Ave Litchfield Park, AZ 85340","$100,000 - $124,999","$700,000 - $799,999",new,2026-10-01,true,0
Sally Knox,(515) 367-2101,+15153672101,"5936 NE 130th Ave Elkhart, IA 50073","$200,000 - $249,999","$900,000 - $999,999",new,2026-10-01,true,1
Jennifer Morlanne,(954) 252-8122,+19542528122,"5763 SW 130th Ave Southwest Ranches, FL 33330","$200,000 - $249,999","$1,000,000+",new,2026-10-01,true,1
James Ive,(425) 821-5507,+14258215507,"6453 NE 130th Pl Kirkland, WA 98034","$300,000 - $399,999","$1,000,000+",new,2026-10-01,true,1
Denae Juntunen,(763) 878-4176,+17638784176,"5741 130th St NW Clearwater, MN 55320","$200,000 - $249,999","$1,000,000+",new,2026-10-01,true,1
Daniel Saybolt,(305) 662-9798,+13056629798,"6251 SW 130th Ter Pinecrest, FL 33156","$200,000 - $249,999","$1,000,000+",new,2026-10-01,true,1
Maria Marquez,(305) 829-4328,+13058294328,"5321 SW 130th Ave Miramar, FL 33027","$300,000 - $399,999","$700,000 - $799,999",new,2026-10-01,true,1
Maria Inguanzo,(305) 553-1456,+13055531456,"3100 SW 130th Ave Miami, FL 33175","$70,000 - $79,999","$1,000,000+",new,2026-10-01,true,0
Jose Gomez-Cortes,(305) 480-6807,+13054806807,"3400 SW 130th Ave Miami, FL 33175","$50,000 - $59,999","$1,000,000+",new,2026-10-01,true,0
Margaret Dubbels,(507) 545-2833,+15075452833,"2615 130th Ave NE Eyota, MN 55934","$60,000 - $69,999","$1,000,000+",new,2026-10-01,true,0
Jorge Sauma,(305) 554-4622,+13055544622,"3201 SW 130th Ave Miami, FL 33175","$100,000 - $124,999","$1,000,000+",new,2026-10-01,true,0
Todd Green,(269) 793-9461,+12697939461,"2845 130th Ave Allegan, MI 49010","$70,000 - $79,999","$900,000 - $999,999",new,2026-10-01,true,1
Maximo Novo,(305) 221-9204,+13052219204,"3921 SW 130th Ave Miami, FL 33175","$40,000 - $49,999","$1,000,000+",new,2026-10-01,true,1
Nestor Fonseca,(305) 553-3481,+13055533481,"3601 SW 130th Ave Miami, FL 33175","$100,000 - $124,999","$1,000,000+",new,2026-10-01,true,1
Hazel Binger,(954) 474-3522,+19544743522,"2601 SW 130th Ter Davie, FL 33330","$200,000 - $249,999","$1,000,000+",new,2026-10-01,true,1
Humberto Estevez,(305) 553-3367,+13055533367,"2940 SW 130th Ave Miami, FL 33175","$100,000 - $124,999","$1,000,000+",new,2026-10-01,true,1
Jie Huang,(206) 366-8566,+12063668566,"2128 N 130th St # B Seattle, WA 98133","$100,000 - $124,999","$700,000 - $799,999",new,2026-10-01,true,0
Alex Nakamura,(425) 641-6279,+14256416279,"2012 130th Ave SE Bellevue, WA 98005","$400,000 - $499,999","$1,000,000+",new,2026-10-01,true,0
Rose Grandt,(715) 268-9971,+17152689971,"758 130th St Amery, WI 54001","$20,000 - $29,999","$700,000 - $799,999",new,2026-10-01,true,0
Paul Korn,(715) 688-6015,+17156886015,"2090 130th Ave Baldwin, WI 54002","$400,000 - $499,999","$800,000 - $899,999",new,2026-10-01,true,1
Rashida Kamdar,(954) 838-7420,+19548387420,"902 NW 130th Ter Sunrise, FL 33325","$400,000 - $499,999","$900,000 - $999,999",new,2026-10-01,true,1
Dave Harrison,(954) 432-8753,+19544328753,"2148 SW 130th Ter Miramar, FL 33027","$200,000 - $249,999","$700,000 - $799,999",new,2026-10-01,true,1
Antonia Natoli,(206) 368-8263,+12063688263,"1122 NE 130th St Seattle, WA 98125","$80,000 - $89,999","$700,000 - $799,999",new,2026-10-01,true,1
Arthur Pulcini,(954) 452-6888,+19544526888,"900 SW 130th Ave Davie, FL 33325","$90,000 - $99,999","$1,000,000+",new,2026-10-01,true,1
Barron Johnson,(954) 845-2892,+19548452892,"1000 NW 130th Ter Sunrise, FL 33323","$250,000 - $299,999","$900,000 - $999,999",new,2026-10-01,true,1
Manuel Rueda,(718) 939-3244,+17189393244,"711 130th St College Point, NY 11356","$50,000 - $59,999","$1,000,000+",new,2026-10-01,true,0
Rachel Christmas,(212) 316-0495,+12123160495,"54 W 130th St New York, NY 10037","$40,000 - $49,999","$1,000,000+",new,2026-10-01,true,0
Thomas Maginot,(219) 662-7503,+12196627503,"501 W 130th Pl Crown Point, IN 46307","$200,000 - $249,999","$1,000,000+",new,2026-10-01,true,1
Darrell Burgess,(954) 472-4702,+19544724702,"431 NW 130th Ave Plantation, FL 33325","$80,000 - $89,999","$1,000,000+",new,2026-10-01,true,1
Zory Valverde,(305) 207-3153,+13052073153,"190 NW 130th Ave Miami, FL 33182","$200,000 - $249,999","$1,000,000+",new,2026-10-01,true,1
Susan Montgomery,(801) 745-1969,+18017451969,"7869 E 1300 N Huntsville, UT 84317","$400,000 - $499,999","$900,000 - $999,999",new,2026-10-01,true,1
Janice Nishimori,(425) 453-7904,+14254537904,"120 130th Ave SE Bellevue, WA 98005","$200,000 - $249,999","$1,000,000+",new,2026-10-01,true,1
Lars Westvind,(212) 831-3361,+12128313361,"24 W 130th St New York, NY 10037","$70,000 - $79,999","$1,000,000+",new,2026-10-01,true,1
Karmen Johnson,(952) 496-2707,+19524962707,"300 130th St W Shakopee, MN 55379","$300,000 - $399,999","$700,000 - $799,999",new,2026-10-01,true,1
Matthew Burbank,(801) 581-9682,+18015819682,"1872 E 1300 S Salt Lake City, UT 84108","$300,000 - $399,999","$700,000 - $799,999",new,2026-10-01,true,0
Syed Ali,(248) 865-2897,+12488652897,"26499 W 13 Mile Rd Franklin, MI 48025","$250,000 - $299,999","$1,000,000+",new,2026-10-01,true,0
Effie Milonas,(718) 746-0625,+17187460625,"15124 12th Rd Whitestone, NY 11357","$300,000 - $399,999","$1,000,000+",new,2026-10-01,true,0
Mark Anderson,(206) 542-4558,+12065424558,"20215 12th Ave NW Shoreline, WA 98177","$400,000 - $499,999","$1,000,000+",new,2026-10-01,true,0
Deborah Martineau,(754) 400-4783,+17544004783,"17531 SW 12th St Pembroke Pines, FL 33029","$400,000 - $499,999","$800,000 - $899,999",new,2026-10-01,true,0
Neil Palludan,(360) 576-3913,+13605763913,"3715 NE 131st St Vancouver, WA 98686","$400,000 - $499,999","$700,000 - $799,999",new,2026-10-01,true,1
Rolando Nunez,(954) 314-7944,+19543147944,"2461 SW 131st Ter Davie, FL 33325","$300,000 - $399,999","$1,000,000+",new,2026-10-01,true,0
Travis Rasmussen,(651) 344-8678,+16513448678,"1949 131st St W Rosemount, MN 55068","$400,000 - $499,999","$700,000 - $799,999",new,2026-10-01,true,0
Tacy Rupp,(954) 693-9838,+19546939838,"2220 SW 131st Ter Davie, FL 33325","$400,000 - $499,999","$1,000,000+",new,2026-10-01,true,1
Norma Townsdin,(405) 607-2016,+14056072016,"2300 NE 131st St Edmond, OK 73013","$50,000 - $59,999","$1,000,000+",new,2026-10-01,true,1
Deborah Frederick,(262) 289-9613,+12622899613,"2525 N 131st St Brookfield, WI 53005","$250,000 - $299,999","$1,000,000+",new,2026-10-01,true,1
Michael Montgomery,(718) 886-5687,+17188865687,"1414 131st St College Point, NY 11356","$150,000 - $174,999","$1,000,000+",new,2026-10-01,true,1
Rosa Tam,(954) 577-9508,+19545779508,"2470 SW 131st Ter Davie, FL 33325","$80,000 - $89,999","$1,000,000+",new,2026-10-01,true,1
Patrick Sevigny,(954) 916-8388,+19549168388,"2450 SW 131st Ter Davie, FL 33325","$150,000 - $174,999","$1,000,000+",new,2026-10-01,true,1
Raymundo Sibucao,(954) 999-0549,+19549990549,"1841 SW 131st Ter Davie, FL 33325","$400,000 - $499,999","$1,000,000+",new,2026-10-01,true,1
Miriam Cohen,(212) 228-3782,+12122283782,"152 W 131st St Apt 2 New York, NY 10027","$80,000 - $89,999","$900,000 - $999,999",new,2026-10-01,true,0
Eduardo Rodriguez,(305) 969-1719,+13059691719,"19736 SW 130th Avenue Rd Miami, FL 33177","$150,000 - $174,999","$900,000 - $999,999",new,2026-10-01,true,0
Amanda Spore,(269) 792-4577,+12697924577,"261 131st Ave Wayland, MI 49348","$250,000 - $299,999","$900,000 - $999,999",new,2026-10-01,true,1
Alstene Mc Kinney,(305) 688-3366,+13056883366,"135 NW 131st St Miami, FL 33168","$60,000 - $69,999","$700,000 - $799,999",new,2026-10-01,true,1
Rosa Reyes,(646) 476-6724,+16464766724,"150 W 131st St Apt 4 New York, NY 10027","$20,000 - $29,999","$900,000 - $999,999",new,2026-10-01,true,1
Leonard Goines,(212) 862-1652,+12128621652,"221 W 131st St New York, NY 10027","$50,000 - $59,999","$1,000,000+",new,2026-10-01,true,1
Felix Sosa,(305) 255-6008,+13052556008,"19906 SW 130th Avenue Rd Miami, FL 33177","$400,000 - $499,999","$900,000 - $999,999",new,2026-10-01,true,1
Gary Bothun,(218) 589-8840,+12185898840,"28873 130th St Dalton, MN 56324","$70,000 - $79,999","$1,000,000+",new,2026-10-01,true,1
Robert Cullins,(212) 283-4035,+12122834035,"148 W 131st St Apt 3 New York, NY 10027","$50,000 - $59,999","$900,000 - $999,999",new,2026-10-01,true,1
Violet Samuels,(718) 712-5326,+17187125326,"22715 130th Ave Springfield Gardens, NY 11413","$40,000 - $49,999","$1,000,000+",new,2026-10-01,true,0
Jennifer Provost,(718) 712-0096,+17187120096,"23517 130th Ave Rosedale, NY 11422","$30,000 - $39,999","$700,000 - $799,999",new,2026-10-01,true,0
Peter Fjestad,(218) 736-3761,+12187363761,"26563 130th Ave Fergus Falls, MN 56537","$100,000 - $124,999","$1,000,000+",new,2026-10-01,true,0
Dwight Hawkins,(718) 525-0414,+17185250414,"22807 130th Ave Springfield Gardens, NY 11413","$90,000 - $99,999","$700,000 - $799,999",new,2026-10-01,true,1
Gary Dinsdale,(641) 466-3350,+16414663350,"23908 130th Ave Lucas, IA 50151","$250,000 - $299,999","$700,000 - $799,999",new,2026-10-01,true,1
Kettlie Joseph,(718) 527-1205,+17185271205,"22421 130th Ave Springfield Gardens, NY 11413","$300,000 - $399,999","$800,000 - $899,999",new,2026-10-01,true,1
Ofelia Alonso,(786) 601-9518,+17866019518,"22253 SW 130th Ct Miami, FL 33170","$175,000 - $199,999","$700,000 - $799,999",new,2026-10-01,true,1
David Pecora,(360) 892-6212,+13608926212,"18808 NE 130th Cir Brush Prairie, WA 98606","$175,000 - $199,999","$700,000 - $799,999",new,2026-10-01,true,1
Renee King,(718) 525-0344,+17185250344,"21703 130th Ave Springfield Gardens, NY 11413","$300,000 - $399,999","$700,000 - $799,999",new,2026-10-01,true,1
Robin Pullar,(425) 814-2547,+14258142547,"13221 NE 130th Pl Kirkland, WA 98034","$300,000 - $399,999","$900,000 - $999,999",new,2026-10-01,true,0
Daniel Mauch,(425) 487-0013,+14254870013,"18230 130th Pl NE Bothell, WA 98011","$200,000 - $249,999","$800,000 - $899,999",new,2026-10-01,true,0
Harry Johnson,(320) 986-2632,+13209862632,"15118 130th St Hoffman, MN 56339","$70,000 - $79,999","$700,000 - $799,999",new,2026-10-01,true,0
Jw Youngblood,(816) 628-6181,+18166286181,"18200 NE 130th St Kearney, MO 64060","$250,000 - $299,999","$1,000,000+",new,2026-10-01,true,1
Christine Renner,(816) 858-3121,+18168583121,"16675 NW 130th St Platte City, MO 64079","$200,000 - $249,999","$800,000 - $899,999",new,2026-10-01,true,1
George Fowler,(561) 493-8254,+15614938254,"14028 130th Ave N West Palm Beach, FL 33418","$300,000 - $399,999","$1,000,000+",new,2026-10-01,true,1
Rickie Temal,(718) 738-0166,+17187380166,"13305 130th Pl South Ozone Park, NY 11420","$400,000 - $499,999","$800,000 - $899,999",new,2026-10-01,true,1
Marie Montas,(718) 978-2983,+17189782983,"17646 133rd Ave Jamaica, NY 11434","$80,000 - $89,999","$700,000 - $799,999",new,2026-10-01,true,0
Jose Casanova,(305) 252-6432,+13052526432,"8325 SW 132nd St Pinecrest, FL 33156","$60,000 - $69,999","$900,000 - $999,999",new,2026-10-01,true,0
Hubert De Suduiraut,(425) 861-4252,+14258614252,"2609 134th Ave NE Bellevue, WA 98005","$250,000 - $299,999","$1,000,000+",new,2026-10-01,true,1
Charles Stillman,(206) 367-0757,+12063670757,"1100 NW 134th St Seattle, WA 98177","$250,000 - $299,999","$1,000,000+",new,2026-10-01,true,1
Pichas Blei,(954) 434-5570,+19544345570,"5501 SW 134th Ave Southwest Ranches, FL 33330","$400,000 - $499,999","$1,000,000+",new,2026-10-01,true,1
Vadim Kanava,(425) 357-1727,+14253571727,"2326 134th St SE Mill Creek, WA 98012","$400,000 - $499,999","$800,000 - $899,999",new,2026-10-01,true,1
Ramdat Pooran,(718) 291-4960,+17182914960,"10522 133rd St South Richmond Hill, NY 11419","$30,000 - $39,999","$700,000 - $799,999",new,2026-10-01,true,1
Shizuka Chen,(425) 820-9122,+14258209122,"13334 NE 134th Pl Kirkland, WA 98034","$250,000 - $299,999","$1,000,000+",new,2026-10-01,true,1
Guy Lallemand,(718) 949-4866,+17189494866,"24316 131st Ave Rosedale, NY 11422","$20,000 - $29,999","$800,000 - $899,999",new,2026-10-01,true,0
Jody Wold,(360) 435-6953,+13604356953,"24325 131st Ave NE Arlington, WA 98223","$50,000 - $59,999","$800,000 - $899,999",new,2026-10-01,true,0
Luecrepia Holden,(718) 712-4684,+17187124684,"23605 131st Ave Rosedale, NY 11422","$20,000 - $29,999","$700,000 - $799,999",new,2026-10-01,true,0
Warren Mak,(253) 630-8868,+12536308868,"24219 131st Ave SE Kent, WA 98030","$400,000 - $499,999","$1,000,000+",new,2026-10-01,true,1
Paula Edme,(718) 525-1129,+17185251129,"21614 131st Ave Springfield Gardens, NY 11413","$30,000 - $39,999","$700,000 - $799,999",new,2026-10-01,true,1
Susan Wamstad,(715) 262-5989,+17152625989,"N6407 1323rd St Prescott, WI 54021","$80,000 - $89,999","$700,000 - $799,999",new,2026-10-01,true,1
Juan Valdes,(305) 553-5487,+13055535487,"10 SW 132nd Ave Miami, FL 33184","$400,000 - $499,999","$800,000 - $899,999",new,2026-10-01,true,0
Deborah Ferguson,(212) 690-2923,+12126902923,"127 W 132nd St Apt 1 New York, NY 10027","$80,000 - $89,999","$700,000 - $799,999",new,2026-10-01,true,0
Ismael Soriano,(305) 485-2197,+13054852197,"135 SW 132nd Ave Miami, FL 33184","$300,000 - $399,999","$1,000,000+",new,2026-10-01,true,1
Jorge Cedeno,(305) 223-8502,+13052238502,"784 NW 132nd Ct Miami, FL 33182","$300,000 - $399,999","$700,000 - $799,999",new,2026-10-01,true,0
Cleve Bispott,(954) 838-7616,+19548387616,"834 NW 132nd Ave Sunrise, FL 33325","$300,000 - $399,999","$700,000 - $799,999",new,2026-10-01,true,1
Ian Hartman,(954) 431-1800,+19544311800,"1402 NW 132nd Ave Pembroke Pines, FL 33028","$300,000 - $399,999","$700,000 - $799,999",new,2026-10-01,true,1
Jeffrey Hawkins,(352) 466-4295,+13524664295,"1431 SE 132nd Ln Micanopy, FL 32667","$400,000 - $499,999","$800,000 - $899,999",new,2026-10-01,true,1
Larry Washburn,(269) 793-7513,+12697937513,"1901 132nd Ave Hopkins, MI 49328","$150,000 - $174,999","$800,000 - $899,999",new,2026-10-01,true,1
Lourdes De Los Santos,(305) 559-8255,+13055598255,"3033 SW 132nd Pl Miami, FL 33175","$100,000 - $124,999","$700,000 - $799,999",new,2026-10-01,true,1
Maria Vera,(305) 221-9796,+13052219796,"3233 SW 132nd Pl Miami, FL 33175","$400,000 - $499,999","$800,000 - $899,999",new,2026-10-01,true,1
Laura Ruiz,(305) 228-8747,+13052288747,"3022 SW 132nd Ct Miami, FL 33175","$70,000 - $79,999","$900,000 - $999,999",new,2026-10-01,true,1
Jose Otero,(305) 226-2105,+13052262105,"3499 SW 132nd Ave Miami, FL 33175","$60,000 - $69,999","$1,000,000+",new,2026-10-01,true,0
Rodolfo Perez,(305) 551-9819,+13055519819,"3741 SW 132nd Ave Miami, FL 33175","$100,000 - $124,999","$1,000,000+",new,2026-10-01,true,1
Michael Kemp,(954) 435-4490,+19544354490,"4050 SW 132nd Ave Miramar, FL 33027","$200,000 - $249,999","$1,000,000+",new,2026-10-01,true,1
Antonio Cruz,(305) 559-0774,+13055590774,"4011 SW 132nd Ave Miami, FL 33175","$100,000 - $124,999","$1,000,000+",new,2026-10-01,true,1
Juan Perez,(424) 456-7636,+14244567636,"4583 W 132nd St Hawthorne, CA 90250","$300,000 - $399,999","$700,000 - $799,999",new,2026-10-01,true,1
Justo Hernandez,(954) 442-9671,+19544429671,"3451 SW 132nd Ave Miramar, FL 33027","$300,000 - $399,999","$1,000,000+",new,2026-10-01,true,1
Blanca Echeverria,(786) 558-8843,+17865588843,"3440 SW 132nd Ct Miami, FL 33175","$300,000 - $399,999","$1,000,000+",new,2026-10-01,true,1
Charles White,(310) 643-8713,+13106438713,"5327 W 132nd St Hawthorne, CA 90250","$400,000 - $499,999","$1,000,000+",new,2026-10-01,true,0
Michael Klotz,(305) 665-1496,+13056651496,"6465 SW 132nd St Pinecrest, FL 33156","$300,000 - $399,999","$1,000,000+",new,2026-10-01,true,1
Bruce Sukert,(305) 740-7920,+13057407920,"5721 SW 132nd Ter Pinecrest, FL 33156","$200,000 - $249,999","$1,000,000+",new,2026-10-01,true,1
Joseph Corradino,(305) 667-6387,+13056676387,"6485 SW 132nd St Pinecrest, FL 33156","$400,000 - $499,999","$1,000,000+",new,2026-10-01,true,1
Diana Hollinger,(480) 214-5807,+14802145807,"12408 N 133rd Pl Scottsdale, AZ 85259","$200,000 - $249,999","$1,000,000+",new,2026-10-01,true,0
Salina Itwaru,(347) 494-4481,+13474944481,"10437 133rd St South Richmond Hill, NY 11419","$100,000 - $124,999","$700,000 - $799,999",new,2026-10-01,true,1
Miriam Muskat,(305) 253-4200,+13052534200,"10775 SW 133rd Ter Miami, FL 33176","$80,000 - $89,999","$700,000 - $799,999",new,2026-10-01,true,0
Genaro Aragon,(305) 558-1035,+13055581035,"10402 NW 133rd St Hialeah Gardens, FL 33018","$400,000 - $499,999","$900,000 - $999,999",new,2026-10-01,true,1
Renee Brown,(701) 275-8753,+17012758753,"9010 133rd Ave SW Scranton, ND 58653","$300,000 - $399,999","$1,000,000+",new,2026-10-01,true,0
Stacy Janney,(305) 252-3862,+13052523862,"8240 SW 133rd St Pinecrest, FL 33156","$100,000 - $124,999","$1,000,000+",new,2026-10-01,true,0
Christopher Bleakly,(305) 251-5210,+13052515210,"7500 SW 133rd St Pinecrest, FL 33156","$300,000 - $399,999","$1,000,000+",new,2026-10-01,true,0
Peter Salgado,(305) 665-2031,+13056652031,"6200 SW 133rd St Pinecrest, FL 33156","$400,000 - $499,999","$1,000,000+",new,2026-10-01,true,1
Glen Webster,(425) 334-9619,+14253349619,"6211 133rd Ave NE Lake Stevens, WA 98258","$100,000 - $124,999","$700,000 - $799,999",new,2026-10-01,true,0
Christopher Spaulding,(515) 278-1603,+15152781603,"3521 133rd Way Urbandale, IA 50323","$300,000 - $399,999","$800,000 - $899,999",new,2026-10-01,true,1
Renee Herman,(954) 370-1270,+19543701270,"3301 SW 133rd Ter Davie, FL 33330","$300,000 - $399,999","$1,000,000+",new,2026-10-01,true,1
Noemi Herrera,(786) 238-7895,+17862387895,"3260 SW 133rd Ave Miami, FL 33175","$70,000 - $79,999","$800,000 - $899,999",new,2026-10-01,true,1
John Stamp,(515) 276-2876,+15152762876,"3516 133rd Way Urbandale, IA 50323","$90,000 - $99,999","$900,000 - $999,999",new,2026-10-01,true,0
Suzanne White,(954) 474-1943,+19544741943,"3300 SW 133rd Ter Davie, FL 33330","$200,000 - $249,999","$1,000,000+",new,2026-10-01,true,0
Juan Gonzalez,(305) 823-1463,+13058231463,"9990 NW 131st St Hialeah Gardens, FL 33018","$90,000 - $99,999","$800,000 - $899,999",new,2026-10-01,true,1
Fazil Baksh,(718) 847-0698,+17188470698,"8636 132nd St Richmond Hill, NY 11418","$90,000 - $99,999","$700,000 - $799,999",new,2026-10-01,true,1
Phylliss Revels,(310) 329-6500,+13103296500,"2924 W 133rd St Gardena, CA 90249","$30,000 - $39,999","$800,000 - $899,999",new,2026-10-01,true,1
Stacy Ward,(310) 603-2667,+13106032667,"1913 W 133rd St Compton, CA 90222","$20,000 - $29,999","$700,000 - $799,999",new,2026-10-01,true,1
Jerry Norris,(402) 334-5569,+14023345569,"1506 N 133rd St Omaha, NE 68154","$400,000 - $499,999","$700,000 - $799,999",new,2026-10-01,true,1
Manuel Guzman,(402) 496-5326,+14024965326,"1220 N 133rd St Omaha, NE 68154","$250,000 - $299,999","$1,000,000+",new,2026-10-01,true,0
Ana Welch,(954) 846-7447,+19548467447,"644 NW 133rd Dr Plantation, FL 33325","$60,000 - $69,999","$800,000 - $899,999",new,2026-10-01,true,1
Catherine Radulic,(954) 473-8585,+19544738585,"1110 NW 133rd Ave Sunrise, FL 33323","$300,000 - $399,999","$700,000 - $799,999",new,2026-10-01,true,0
David Yusufi,(718) 767-3845,+17187673845,"1308 136th St College Point, NY 11356","$300,000 - $399,999","$1,000,000+",new,2026-10-01,true,1
Mirella Inirio,(786) 621-0643,+17866210643,"524 NW 136th Pl Miami, FL 33182","$50,000 - $59,999","$700,000 - $799,999",new,2026-10-01,true,1
Leroy Hardison,(718) 529-4309,+17185294309,"13409 134th St Jamaica, NY 11420","$30,000 - $39,999","$700,000 - $799,999",new,2026-10-01,true,1
Armando Alvarez,(305) 552-1191,+13055521191,"3440 SW 134th Ct Miami, FL 33175","$400,000 - $499,999","$1,000,000+",new,2026-10-01,true,1
Arthur Foster,(954) 838-8128,+19548388128,"711 NW 135th Way Plantation, FL 33325","$100,000 - $124,999","$900,000 - $999,999",new,2026-10-01,true,1
Arturo Falcon,(305) 663-7928,+13056637928,"6545 SW 134th Dr Pinecrest, FL 33156","$300,000 - $399,999","$1,000,000+",new,2026-10-01,true,1
Anne Marketti,(718) 835-4093,+17188354093,"9702 134th Rd Ozone Park, NY 11417","$50,000 - $59,999","$700,000 - $799,999",new,2026-10-01,true,1
Susan Chai-Onn,(305) 253-5630,+13052535630,"9481 SW 134th St Miami, FL 33176","$400,000 - $499,999","$900,000 - $999,999",new,2026-10-01,true,1
Mark Steward,(347) 426-4701,+13474264701,"21912 134th Rd Springfield Gardens, NY 11413","$90,000 - $99,999","$700,000 - $799,999",new,2026-10-01,true,1
Ronald Wilson,(347) 829-8153,+13478298153,"13420 134th Ave South Ozone Park, NY 11420","$100,000 - $124,999","$700,000 - $799,999",new,2026-10-01,true,1
Walid Abusad,(305) 273-6543,+13052736543,"6350 SW 134th Dr Pinecrest, FL 33156","$300,000 - $399,999","$1,000,000+",new,2026-10-01,true,1
Timothy Hills,(954) 680-6098,+19546806098,"5690 SW 134th Ave Southwest Ranches, FL 33330","$400,000 - $499,999","$1,000,000+",new,2026-10-01,true,1
Richard Stcyr,(360) 687-5100,+13606875100,"29718 NE 132nd Ave Battle Ground, WA 98604","$150,000 - $174,999","$900,000 - $999,999",new,2026-10-01,true,0
Robert Ohlson,(360) 893-0738,+13608930738,"28809 132nd Ave E Graham, WA 98338","$175,000 - $199,999","$700,000 - $799,999",new,2026-10-01,true,1
Cynthia Britton,(360) 687-4057,+13606874057,"27906 NE 132nd Ave Battle Ground, WA 98604","$100,000 - $124,999","$800,000 - $899,999",new,2026-10-01,true,0
Karin Snow,(360) 687-8445,+13606878445,"27716 NE 132nd Ave Battle Ground, WA 98604","$100,000 - $124,999","$700,000 - $799,999",new,2026-10-01,true,0
Karen Woolley,(718) 341-6844,+17183416844,"24349 132nd Rd Rosedale, NY 11422","$70,000 - $79,999","$700,000 - $799,999",new,2026-10-01,true,1
Carl Zietz,(360) 666-1536,+13606661536,"24012 NE 132nd Ave Battle Ground, WA 98604","$250,000 - $299,999","$1,000,000+",new,2026-10-01,true,0
Annie Willis,(718) 529-7448,+17185297448,"11160 132nd St South Ozone Park, NY 11420","$20,000 - $29,999","$800,000 - $899,999",new,2026-10-01,true,1
Charles Pamplin,(425) 677-8731,+14256778731,"23716 SE 132nd Way Issaquah, WA 98027","$150,000 - $174,999","$900,000 - $999,999",new,2026-10-01,true,0
Mohamed Hossein,(718) 848-0761,+17188480761,"10954 132nd St South Ozone Park, NY 11420","$300,000 - $399,999","$700,000 - $799,999",new,2026-10-01,true,1
Darleen Brice,(718) 322-5577,+17183225577,"12032 132nd St South Ozone Park, NY 11420","$175,000 - $199,999","$900,000 - $999,999",new,2026-10-01,true,1
Steve Underwood,(360) 659-0669,+13606590669,"11011 132nd St NE Arlington, WA 98223","$200,000 - $249,999","$800,000 - $899,999",new,2026-10-01,true,0
Bonita Finnie,(718) 843-1684,+17188431684,"10915 132nd St South Ozone Park, NY 11420","$200,000 - $249,999","$700,000 - $799,999",new,2026-10-01,true,0
Kathy Munninger,(480) 391-9040,+14803919040,"10001 N 132nd St Scottsdale, AZ 85259","$400,000 - $499,999","$800,000 - $899,999",new,2026-10-01,true,0
Arlene Hoffman,(305) 251-3073,+13052513073,"9810 SW 132nd Ter Miami, FL 33176","$90,000 - $99,999","$800,000 - $899,999",new,2026-10-01,true,0
Keith Chamberlain,(651) 437-9135,+16514379135,"9620 132nd St E Hastings, MN 55033","$100,000 - $124,999","$800,000 - $899,999",new,2026-10-01,true,0
Suzanne Malcolm,(425) 889-9832,+14258899832,"9010 132nd Ave NE Redmond, WA 98052","$250,000 - $299,999","$1,000,000+",new,2026-10-01,true,1
Terry Lavin,(425) 822-8954,+14258228954,"9208 132nd Ave NE Redmond, WA 98052","$250,000 - $299,999","$1,000,000+",new,2026-10-01,true,0
Glen Gratta,(718) 849-9735,+17188499735,"8640 132nd St Jamaica, NY 11418","$50,000 - $59,999","$700,000 - $799,999",new,2026-10-01,true,1
Michael Biell,(425) 820-2972,+14258202972,"8427 NE 132nd Pl Kirkland, WA 98034","$150,000 - $174,999","$700,000 - $799,999",new,2026-10-01,true,0
Michael Kiehn,(405) 498-3733,+14054983733,"8333 NW 132nd Cir Oklahoma City, OK 73142","$200,000 - $249,999","$800,000 - $899,999",new,2026-10-01,true,1
Kristen Mccurry,(303) 659-8256,+13036598256,"26255 E 133rd Cir Commerce City, CO 80022","$150,000 - $174,999","$700,000 - $799,999",new,2026-10-01,true,1
Kellie Matis,(801) 576-1109,+18015761109,"917 E 13400 S Draper, UT 84020","$300,000 - $399,999","$800,000 - $899,999",new,2026-10-01,true,0
Janet Higbee,(425) 821-7784,+14258217784,"12618 NE 133rd Pl Kirkland, WA 98034","$300,000 - $399,999","$900,000 - $999,999",new,2026-10-01,true,0
Ismay Joseph,(516) 285-5117,+15162855117,"23206 133rd Ave Springfield Gardens, NY 11413","$30,000 - $39,999","$700,000 - $799,999",new,2026-10-01,true,0
Chanh Ho,(503) 698-2915,+15036982915,"14721 SE 130th Dr Clackamas, OR 97015","$175,000 - $199,999","$900,000 - $999,999",new,2026-10-01,true,1
Barbara Zillmer,(651) 439-2932,+16514392932,"14750 130th St N Stillwater, MN 55082","$250,000 - $299,999","$1,000,000+",new,2026-10-01,true,0
Gema Mendez,(305) 252-8389,+13052528389,"18502 SW 130th Ave Miami, FL 33177","$150,000 - $174,999","$700,000 - $799,999",new,2026-10-01,true,0
David Werk,(320) 246-3224,+13202463224,"20780 130th St Herman, MN 56248","$50,000 - $59,999","$1,000,000+",new,2026-10-01,true,1
Zoraida Sanchez,(786) 250-3290,+17862503290,"20880 SW 130th Ct Miami, FL 33177","$40,000 - $49,999","$800,000 - $899,999",new,2026-10-01,true,1
Gene Jeffers,(718) 341-0127,+17183410127,"22709 130th Ave Springfield Gardens, NY 11413","$40,000 - $49,999","$700,000 - $799,999",new,2026-10-01,true,0
Kelly Schultz,(218) 596-8657,+12185968657,"27303 130th Ave N Ulen, MN 56585","$100,000 - $124,999","$1,000,000+",new,2026-10-01,true,0
Ronald Meyer,(507) 527-2529,+15075272529,"54535 130th Ave West Concord, MN 55985","$50,000 - $59,999","$1,000,000+",new,2026-10-01,true,0
Lateef Williams,(212) 926-7975,+12129267975,"134 W 131st St New York, NY 10027","$60,000 - $69,999","$900,000 - $999,999",new,2026-10-01,true,0
Anthony Agrios,(352) 331-6936,+13523316936,"222 SW 131st St Newberry, FL 32669","$250,000 - $299,999","$900,000 - $999,999",new,2026-10-01,true,0
Joseph Beattie,(206) 363-2491,+12063632491,"530 NE 131st Pl Seattle, WA 98125","$300,000 - $399,999","$800,000 - $899,999",new,2026-10-01,true,1
Larry Compton,(352) 332-5790,+13523325790,"7104 NW 136th St Gainesville, FL 32653","$400,000 - $499,999","$1,000,000+",new,2026-10-01,true,1
Charles Futral,(352) 331-3012,+13523313012,"7529 NW 136th St Gainesville, FL 32653","$300,000 - $399,999","$700,000 - $799,999",new,2026-10-01,true,1
Fernando Arias,(786) 250-3447,+17862503447,"7351 SW 136th St Pinecrest, FL 33156","$175,000 - $199,999","$1,000,000+",new,2026-10-01,true,1
David Reich,(718) 793-2431,+17187932431,"7210 136th St Flushing, NY 11367","$400,000 - $499,999","$1,000,000+",new,2026-10-01,true,1
Marilyn Stone,(305) 251-8730,+13052518730,"7420 SW 136th St Miami, FL 33156","$250,000 - $299,999","$900,000 - $999,999",new,2026-10-01,true,1
Francisco Garcia,(786) 534-7824,+17865347824,"5921 SW 136th St Pinecrest, FL 33156","$300,000 - $399,999","$1,000,000+",new,2026-10-01,true,1
Pedro Lemus,(305) 552-8941,+13055528941,"531 NW 136th Ave Miami, FL 33182","$60,000 - $69,999","$700,000 - $799,999",new,2026-10-01,true,1
Alvaro Vega,(305) 225-8576,+13052258576,"1141 NW 136th Ave Miami, FL 33182","$400,000 - $499,999","$700,000 - $799,999",new,2026-10-01,true,1
Ricardo Yanes,(305) 559-2027,+13055592027,"230 SW 136th Pl Miami, FL 33184","$100,000 - $124,999","$700,000 - $799,999",new,2026-10-01,true,1
James Hagerty,(480) 451-7626,+14804517626,"12319 N 137th Way Scottsdale, AZ 85259","$200,000 - $249,999","$1,000,000+",new,2026-10-01,true,0
Yon Choe,(253) 841-0586,+12538410586,"12310 137th Ave E Puyallup, WA 98374","$50,000 - $59,999","$800,000 - $899,999",new,2026-10-01,true,0
David Hoss,(253) 770-9831,+12537709831,"12309 137th Ave E Puyallup, WA 98374","$100,000 - $124,999","$700,000 - $799,999",new,2026-10-01,true,0
Michael Fiacco,(480) 664-1777,+14806641777,"12091 N 137th Way Scottsdale, AZ 85259","$400,000 - $499,999","$1,000,000+",new,2026-10-01,true,0
Ronald Clausen,(425) 823-4001,+14258234001,"10541 NE 137th Pl Kirkland, WA 98034","$400,000 - $499,999","$800,000 - $899,999",new,2026-10-01,true,0
Barbara Tritz,(425) 820-0780,+14258200780,"10508 NE 137th Pl Kirkland, WA 98034","$200,000 - $249,999","$1,000,000+",new,2026-10-01,true,0
Ernesto Garcia,(305) 364-9915,+13053649915,"9840 NW 137th St Hialeah, FL 33018","$200,000 - $249,999","$1,000,000+",new,2026-10-01,true,0
Joseph Horowitz,(718) 544-5105,+17185445105,"7606 137th St Flushing, NY 11367","$50,000 - $59,999","$1,000,000+",new,2026-10-01,true,0
Mitchel Aeder,(718) 575-2990,+17185752990,"7509 137th St Flushing, NY 11367","$200,000 - $249,999","$1,000,000+",new,2026-10-01,true,0
Mark Engel,(718) 263-7309,+17182637309,"7502 137th St Flushing, NY 11367","$300,000 - $399,999","$1,000,000+",new,2026-10-01,true,0
David Frenkel,(718) 544-2908,+17185442908,"7310 137th St Flushing, NY 11367","$50,000 - $59,999","$1,000,000+",new,2026-10-01,true,0
Felipe Orner,(718) 575-9600,+17185759600,"7229 137th St Flushing, NY 11367","$100,000 - $124,999","$1,000,000+",new,2026-10-01,true,0
Piao Chan,(718) 961-9338,+17189619338,"6401 137th St Flushing, NY 11367","$90,000 - $99,999","$800,000 - $899,999",new,2026-10-01,true,0
Sheryl Watts,(425) 742-2287,+14257422287,"6212 137th Pl SW Edmonds, WA 98026","$400,000 - $499,999","$700,000 - $799,999",new,2026-10-01,true,0
Bruce Werner,(503) 645-5192,+15036455192,"5395 NW 137th Ave Portland, OR 97229","$400,000 - $499,999","$1,000,000+",new,2026-10-01,true,0
Gary Gibeaut,(310) 616-3148,+13106163148,"5346 W 137th Pl Hawthorne, CA 90250","$250,000 - $299,999","$1,000,000+",new,2026-10-01,true,0
Alan Matsunaga,(310) 643-8947,+13106438947,"5313 W 137th Pl Hawthorne, CA 90250","$150,000 - $174,999","$1,000,000+",new,2026-10-01,true,0
Lisa Linden,(425) 337-7815,+14253377815,"5108 137th St SE Everett, WA 98208","$175,000 - $199,999","$900,000 - $999,999",new,2026-10-01,true,0
Cameron Posey,(816) 343-2202,+18163432202,"4800 NE 137th St Smithville, MO 64089","$300,000 - $399,999","$700,000 - $799,999",new,2026-10-01,true,0
Lon Fisher,(425) 836-2848,+14258362848,"4201 137th Ave NE Bellevue, WA 98005","$300,000 - $399,999","$1,000,000+",new,2026-10-01,true,0
Troy Rice,(425) 338-2839,+14253382839,"3931 137th Pl SE Mill Creek, WA 98012","$300,000 - $399,999","$700,000 - $799,999",new,2026-10-01,true,0
Jesus Guzman,(305) 222-8465,+13052228465,"3210 SW 137th Pl Miami, FL 33175","$175,000 - $199,999","$700,000 - $799,999",new,2026-10-01,true,0
Gail Boyer,(913) 681-0003,+19136810003,"3112 W 137th St Leawood, KS 66224","$300,000 - $399,999","$700,000 - $799,999",new,2026-10-01,true,0
Lynette Stalnaker,(954) 476-3458,+19544763458,"3050 SW 137th Ter Davie, FL 33330","$400,000 - $499,999","$1,000,000+",new,2026-10-01,true,0
Roger Hawkins,(425) 881-9337,+14258819337,"3006 137th Ave NE Bellevue, WA 98005","$300,000 - $399,999","$1,000,000+",new,2026-10-01,true,0
Edmund Shaw,(303) 252-9051,+13032529051,"2882 E 137th Pl Thornton, CO 80602","$400,000 - $499,999","$700,000 - $799,999",new,2026-10-01,true,0
William Jones,(305) 553-5448,+13055535448,"2830 SW 137th Path Miami, FL 33175","$250,000 - $299,999","$900,000 - $999,999",new,2026-10-01,true,0
Hoa Chung,(425) 649-8418,+14256498418,"2012 137th Pl SE Bellevue, WA 98005","$100,000 - $124,999","$1,000,000+",new,2026-10-01,true,0
Santiago Rabassa,(954) 430-5593,+19544305593,"1806 NW 137th Ter Pembroke Pines, FL 33028","$200,000 - $249,999","$900,000 - $999,999",new,2026-10-01,true,0
Damir Glavan,(718) 746-0452,+17187460452,"1328 137th St College Point, NY 11356","$100,000 - $124,999","$900,000 - $999,999",new,2026-10-01,true,0
Peter Betzios,(718) 767-5382,+17187675382,"1325 137th St College Point, NY 11356","$100,000 - $124,999","$1,000,000+",new,2026-10-01,true,0
Donald Polfliet,(320) 354-3034,+13203543034,"1287 137th Ave NW Spicer, MN 56288","$400,000 - $499,999","$900,000 - $999,999",new,2026-10-01,true,0
James Freeland,(320) 354-4902,+13203544902,"1241 137th Ave NW Spicer, MN 56288","$100,000 - $124,999","$700,000 - $799,999",new,2026-10-01,true,0
Darrin Smith,(954) 437-6183,+19544376183,"1233 NW 137th Ter Pembroke Pines, FL 33028","$200,000 - $249,999","$900,000 - $999,999",new,2026-10-01,true,0
Ron Jasperson,(320) 354-5083,+13203545083,"1121 137th Ave NW Spicer, MN 56288","$400,000 - $499,999","$700,000 - $799,999",new,2026-10-01,true,0
Kevin Noble,(320) 354-0222,+13203540222,"465 137th Ave NW Spicer, MN 56288","$300,000 - $399,999","$1,000,000+",new,2026-10-01,true,0
Leslie Bright,(212) 234-4950,+12122344950,"316 W 137th St New York, NY 10030","$50,000 - $59,999","$1,000,000+",new,2026-10-01,true,0
Celia Wickham,(212) 368-1398,+12123681398,"311 W 137th St New York, NY 10030","$50,000 - $59,999","$1,000,000+",new,2026-10-01,true,0
Ronnie Baeth,(320) 354-2174,+13203542174,"191 137th Ave NW Spicer, MN 56288","$100,000 - $124,999","$1,000,000+",new,2026-10-01,true,0
John Brooks,(425) 787-6070,+14257876070,"25 137th St SE Everett, WA 98208","$300,000 - $399,999","$900,000 - $999,999",new,2026-10-01,true,0
Andreas Bolos,(801) 621-4080,+18016214080,"5528 S 1375 E South Ogden, UT 84403","$400,000 - $499,999","$700,000 - $799,999",new,2026-10-01,true,0
Mary Wollak,(651) 351-1290,+16513511290,"8725 136th Street Ct N Hugo, MN 55038","$250,000 - $299,999","$700,000 - $799,999",new,2026-10-01,true,0
Carla Sager,(480) 683-8813,+14806838813,"31227 N 136th Way Scottsdale, AZ 85262","$400,000 - $499,999","$800,000 - $899,999",new,2026-10-01,true,0
David Lynas,(763) 856-8089,+17638568089,"27320 136th St NW Zimmerman, MN 55398","$300,000 - $399,999","$700,000 - $799,999",new,2026-10-01,true,0
Noel Yarde,(718) 341-0044,+17183410044,"24601 136th Ave Rosedale, NY 11422","$30,000 - $39,999","$800,000 - $899,999",new,2026-10-01,true,0
Shearon Smith,(718) 776-5996,+17187765996,"24429 136th Rd Apt 2 Rosedale, NY 11422","$30,000 - $39,999","$1,000,000+",new,2026-10-01,true,0
Kamla Bhagwandas,(718) 528-6435,+17185286435,"24424 136th Rd Rosedale, NY 11422","$70,000 - $79,999","$900,000 - $999,999",new,2026-10-01,true,0
Johanna Herzon,(305) 232-5227,+13052325227,"19990 SW 136th St Miami, FL 33196","$70,000 - $79,999","$900,000 - $999,999",new,2026-10-01,true,0
Andrew Kegel,(425) 869-5723,+14258695723,"17011 NE 136th Pl Redmond, WA 98052","$400,000 - $499,999","$1,000,000+",new,2026-10-01,true,0
Yvonne Fortuny,(305) 964-5717,+13059645717,"16155 SW 136th Ter Miami, FL 33196","$250,000 - $299,999","$700,000 - $799,999",new,2026-10-01,true,0
Diane Chrones,(630) 257-0103,+16302570103,"14530 136th St Lemont, IL 60439","$70,000 - $79,999","$700,000 - $799,999",new,2026-10-01,true,0
Lori Beck,(616) 847-0702,+16168470702,"14240 136th Ave Grand Haven, MI 49417","$100,000 - $124,999","$700,000 - $799,999",new,2026-10-01,true,0
Rafael Godinez,(786) 242-1018,+17862421018,"13851 SW 136th Pl Miami, FL 33186","$400,000 - $499,999","$700,000 - $799,999",new,2026-10-01,true,0
Joseph Gagliano,(305) 278-9079,+13052789079,"13500 SW 136th Ter Miami, FL 33186","$60,000 - $69,999","$700,000 - $799,999",new,2026-10-01,true,0
David Estes,(253) 884-9820,+12538849820,"13120 136th St Anderson Island, WA 98303","$200,000 - $249,999","$700,000 - $799,999",new,2026-10-01,true,0
Luz Lopez,(305) 253-0350,+13052530350,"12832 SW 136th Ter Miami, FL 33186","$400,000 - $499,999","$700,000 - $799,999",new,2026-10-01,true,0
Matthew Hanly,(480) 451-1287,+14804511287,"12585 N 136th St Scottsdale, AZ 85259","$300,000 - $399,999","$1,000,000+",new,2026-10-01,true,0
Raymond Cheyne,(425) 821-5423,+14258215423,"12439 NE 136th Pl Kirkland, WA 98034","$250,000 - $299,999","$900,000 - $999,999",new,2026-10-01,true,0
Marsha Eberhardt,(262) 857-2529,+12628572529,"12031 136th Ave Kenosha, WI 53142","$200,000 - $249,999","$800,000 - $899,999",new,2026-10-01,true,0
Bette Nordberg,(253) 841-2193,+12538412193,"11323 136th Ave E Puyallup, WA 98374","$400,000 - $499,999","$1,000,000+",new,2026-10-01,true,0
Elizabeth Chifari,(305) 235-0480,+13052350480,"10870 SW 136th Ter Miami, FL 33176","$400,000 - $499,999","$800,000 - $899,999",new,2026-10-01,true,0
Jackie Redway,(305) 378-1538,+13053781538,"10341 SW 136th St Miami, FL 33176","$200,000 - $249,999","$800,000 - $899,999",new,2026-10-01,true,0
Luis Carbonell,(305) 964-5430,+13059645430,"9425 SW 136th St Miami, FL 33176","$300,000 - $399,999","$900,000 - $999,999",new,2026-10-01,true,1
Robert Severance,(386) 462-5241,+13864625241,"9571 NW 136th Dr Alachua, FL 32615","$400,000 - $499,999","$1,000,000+",new,2026-10-01,true,0
Robert Padron,(786) 536-2592,+17865362592,"9828 NW 135th St Hialeah Gardens, FL 33018","$250,000 - $299,999","$1,000,000+",new,2026-10-01,true,1
Elizabeth Ritchie,(435) 654-4940,+14356544940,"1765 E 1350 N Heber City, UT 84032","$60,000 - $69,999","$1,000,000+",new,2026-10-01,true,1
Cheryl Anderson,(305) 259-3914,+13052593914,"19810 SW 134th Ct Miami, FL 33177","$50,000 - $59,999","$700,000 - $799,999",new,2026-10-01,true,1
Carl Mosley,(786) 227-6228,+17862276228,"19330 SW 134th Ct Miami, FL 33177","$80,000 - $89,999","$900,000 - $999,999",new,2026-10-01,true,1
Mary Cathey,(360) 568-0128,+13605680128,"13406 134th Dr SE Snohomish, WA 98290","$300,000 - $399,999","$900,000 - $999,999",new,2026-10-01,true,1
Steven White,(402) 782-3722,+14027823722,"14500 S 134th St Bennet, NE 68317","$100,000 - $124,999","$700,000 - $799,999",new,2026-10-01,true,1
Deon Carryl,(718) 659-9013,+17186599013,"11126 134th St South Ozone Park, NY 11420","$30,000 - $39,999","$900,000 - $999,999",new,2026-10-01,true,1
Fernando Williams,(305) 234-2080,+13052342080,"10735 SW 134th Ter Miami, FL 33176","$90,000 - $99,999","$700,000 - $799,999",new,2026-10-01,true,1
Carol Glantz,(480) 718-5633,+14807185633,"11631 N 134th Way Scottsdale, AZ 85259","$400,000 - $499,999","$1,000,000+",new,2026-10-01,true,1
Michael Espinosa,(305) 255-1220,+13052551220,"10200 SW 134th St Miami, FL 33176","$400,000 - $499,999","$800,000 - $899,999",new,2026-10-01,true,1
Philip Cobb,(405) 787-1692,+14057871692,"8032 NW 134th Ter Oklahoma City, OK 73142","$200,000 - $249,999","$800,000 - $899,999",new,2026-10-01,true,1
Michael Cook,(305) 235-8638,+13052358638,"8392 SW 134th St Pinecrest, FL 33156","$200,000 - $249,999","$1,000,000+",new,2026-10-01,true,1
Jerome Hernandez,(305) 256-7574,+13052567574,"7450 SW 134th St Pinecrest, FL 33156","$400,000 - $499,999","$1,000,000+",new,2026-10-01,true,1
Steve Gilliland,(816) 781-9966,+18167819966,"6605 NE 134th St Smithville, MO 64089","$400,000 - $499,999","$800,000 - $899,999",new,2026-10-01,true,1
Schuwen Liang,(425) 373-0488,+14253730488,"4824 134th Pl SE Bellevue, WA 98006","$200,000 - $249,999","$1,000,000+",new,2026-10-01,true,1
Laura Hale,(402) 493-7881,+14024937881,"3315 N 134th Cir Omaha, NE 68164","$200,000 - $249,999","$900,000 - $999,999",new,2026-10-01,true,1
Joel Ulrich,(425) 746-5572,+14257465572,"1060 134th Ave NE Bellevue, WA 98005","$175,000 - $199,999","$1,000,000+",new,2026-10-01,true,1
Edward Latta,(952) 236-8800,+19522368800,"8464 133rd Street Ct Apple Valley, MN 55124","$300,000 - $399,999","$700,000 - $799,999",new,2026-10-01,true,0
Lazaro Marrero,(305) 223-5045,+13052235045,"325 SW 134th Ct Miami, FL 33184","$175,000 - $199,999","$700,000 - $799,999",new,2026-10-01,true,1
Charles Tentinger,(715) 262-4251,+17152624251,"N6225 1340th St N Prescott, WI 54021","$300,000 - $399,999","$1,000,000+",new,2026-10-01,true,1
Ralph Dolan,(715) 262-5084,+17152625084,"N6251 1340th St N Prescott, WI 54021","$50,000 - $59,999","$1,000,000+",new,2026-10-01,true,1
Maria Campo,(786) 534-7501,+17865347501,"220 SW 134th Ave Miami, FL 33184","$150,000 - $174,999","$800,000 - $899,999",new,2026-10-01,true,1
Weldon Noland,(801) 253-4440,+18012534440,"3218 W 13400 S Riverton, UT 84065","$400,000 - $499,999","$1,000,000+",new,2026-10-01,true,1
Denise Youell,(360) 668-7128,+13606687128,"19921 133rd Ave SE Snohomish, WA 98296","$400,000 - $499,999","$1,000,000+",new,2026-10-01,true,0
Carlos Diaz,(305) 254-8044,+13052548044,"20684 SW 133rd Ave Miami, FL 33177","$100,000 - $124,999","$700,000 - $799,999",new,2026-10-01,true,0
Claude Hensley,(718) 949-0003,+17189490003,"21821 133rd Rd Springfield Gardens, NY 11413","$400,000 - $499,999","$800,000 - $899,999",new,2026-10-01,true,1
Chris Brownell,(360) 458-4551,+13604584551,"14725 133rd Ave SE Yelm, WA 98597","$100,000 - $124,999","$800,000 - $899,999",new,2026-10-01,true,1
Wesley Francis,(253) 639-0245,+12536390245,"19332 133rd Pl SE Renton, WA 98058","$60,000 - $69,999","$700,000 - $799,999",new,2026-10-01,true,1
Vladimir Latev,(425) 823-4287,+14258234287,"13430 133rd Ave NE Kirkland, WA 98034","$400,000 - $499,999","$1,000,000+",new,2026-10-01,true,1
Marilyn Coldwell,(360) 256-6614,+13602566614,"18817 NE 133rd Cir Brush Prairie, WA 98606","$300,000 - $399,999","$800,000 - $899,999",new,2026-10-01,true,1
Linley Cumberbatch,(718) 529-3021,+17185293021,"12815 133rd Ave South Ozone Park, NY 11420","$100,000 - $124,999","$800,000 - $899,999",new,2026-10-01,true,1
Joseph Badlu,(718) 323-5057,+17183235057,"12503 133rd Ave South Ozone Park, NY 11420","$175,000 - $199,999","$900,000 - $999,999",new,2026-10-01,true,1
Sonya Arnold,(727) 470-9934,+17274709934,"9484 133rd St Seminole, FL 33776","$200,000 - $249,999","$700,000 - $799,999",new,2026-10-01,true,1
Phulmattie Sahadeo,(718) 674-6099,+17186746099,"12119 133rd Ave South Ozone Park, NY 11420","$200,000 - $249,999","$700,000 - $799,999",new,2026-10-01,true,0
Mustafa El Abid,(480) 860-4407,+14808604407,"11995 N 133rd Way Scottsdale, AZ 85259","$300,000 - $399,999","$1,000,000+",new,2026-10-01,true,0
O'Neal Walton,(718) 322-5226,+17183225226,"11124 133rd St South Ozone Park, NY 11420","$40,000 - $49,999","$700,000 - $799,999",new,2026-10-01,true,0
Oscar Torres,(305) 251-9394,+13052519394,"9782 SW 133rd Ter Miami, FL 33176","$90,000 - $99,999","$800,000 - $899,999",new,2026-10-01,true,0
Douglas Rough,(425) 821-5529,+14258215529,"10912 NE 133rd St Kirkland, WA 98034","$400,000 - $499,999","$1,000,000+",new,2026-10-01,true,0
Anna Vichayapai,(425) 814-9526,+14258149526,"11615 NE 133rd St Kirkland, WA 98034","$175,000 - $199,999","$1,000,000+",new,2026-10-01,true,1
Douglas Garcia,(305) 251-2615,+13052512615,"8231 SW 133rd St Pinecrest, FL 33156","$400,000 - $499,999","$1,000,000+",new,2026-10-01,true,1
Franklin Albritton,(305) 253-9294,+13052539294,"8000 SW 133rd St Pinecrest, FL 33156","$80,000 - $89,999","$1,000,000+",new,2026-10-01,true,1
Frank Sioli,(305) 254-3175,+13052543175,"7801 SW 133rd Ter Pinecrest, FL 33156","$250,000 - $299,999","$1,000,000+",new,2026-10-01,true,1
Margaret Anderson,(425) 823-6149,+14258236149,"8620 NE 133rd Pl Kirkland, WA 98034","$60,000 - $69,999","$800,000 - $899,999",new,2026-10-01,true,1
William Perez,(305) 969-6046,+13059696046,"7280 SW 133rd Ter Pinecrest, FL 33156","$300,000 - $399,999","$1,000,000+",new,2026-10-01,true,1
Roland Luna,(305) 256-6990,+13052566990,"8140 SW 133rd St Pinecrest, FL 33156","$300,000 - $399,999","$1,000,000+",new,2026-10-01,true,1
Gary Kreisberg,(305) 378-5074,+13053785074,"7800 SW 133rd Ter Pinecrest, FL 33156","$100,000 - $124,999","$1,000,000+",new,2026-10-01,true,1
Harvey Friedman,(305) 232-8689,+13052328689,"7610 SW 133rd St Pinecrest, FL 33156","$250,000 - $299,999","$1,000,000+",new,2026-10-01,true,1
Michael Perse,(305) 254-8848,+13052548848,"7420 SW 133rd St Pinecrest, FL 33156","$200,000 - $249,999","$1,000,000+",new,2026-10-01,true,0
Sanford Stein,(305) 667-8639,+13056678639,"6065 SW 133rd St Pinecrest, FL 33156","$300,000 - $399,999","$1,000,000+",new,2026-10-01,true,1
Jr Plunkett,(305) 661-5304,+13056615304,"6125 SW 133rd St Pinecrest, FL 33156","$250,000 - $299,999","$1,000,000+",new,2026-10-01,true,1
Javier Montes,(305) 856-0094,+13058560094,"6175 SW 133rd St Pinecrest, FL 33156","$300,000 - $399,999","$1,000,000+",new,2026-10-01,true,1
Migdalia Guidi,(305) 485-8191,+13054858191,"3786 SW 133rd Ct Miami, FL 33175","$50,000 - $59,999","$700,000 - $799,999",new,2026-10-01,true,1
Michele Barnard,(310) 676-5008,+13106765008,"3542 W 133rd St Hawthorne, CA 90250","$60,000 - $69,999","$700,000 - $799,999",new,2026-10-01,true,1
Clint Slater,(360) 573-0970,+13605730970,"5703 NE 133rd St Vancouver, WA 98686","$250,000 - $299,999","$700,000 - $799,999",new,2026-10-01,true,0
James Davidson,(425) 746-8520,+14257468520,"4520 133rd Ave SE Bellevue, WA 98006","$200,000 - $249,999","$1,000,000+",new,2026-10-01,true,0
Humberto Perez,(305) 220-5613,+13052205613,"3764 SW 133rd Ct Miami, FL 33175","$100,000 - $124,999","$700,000 - $799,999",new,2026-10-01,true,0
John Consiglio,(954) 476-7007,+19544767007,"3250 SW 133rd Ter Davie, FL 33330","$200,000 - $249,999","$1,000,000+",new,2026-10-01,true,1
Gerald Morris,(352) 332-3121,+13523323121,"2233 NW 133rd Ter Gainesville, FL 32606","$200,000 - $249,999","$700,000 - $799,999",new,2026-10-01,true,1
Omar Velazquez,(954) 438-7491,+19544387491,"1861 SW 133rd Ave Miramar, FL 33027","$70,000 - $79,999","$700,000 - $799,999",new,2026-10-01,true,0
Hector Martinez,(305) 559-2662,+13055592662,"3161 SW 133rd Ct Miami, FL 33175","$80,000 - $89,999","$800,000 - $899,999",new,2026-10-01,true,0
Jesus Labrador,(305) 559-9156,+13055599156,"3160 SW 133rd Pl Miami, FL 33175","$150,000 - $174,999","$900,000 - $999,999",new,2026-10-01,true,0
Kevin Keating,(402) 496-7475,+14024967475,"1512 N 133rd St Omaha, NE 68154","$200,000 - $249,999","$800,000 - $899,999",new,2026-10-01,true,0
Roland Lindsay,(352) 331-4347,+13523314347,"1922 NW 133rd Ter Gainesville, FL 32606","$400,000 - $499,999","$900,000 - $999,999",new,2026-10-01,true,0
Brian Vance,(941) 746-3627,+19417463627,"748 132nd Street Cir NE Bradenton, FL 34212","$300,000 - $399,999","$1,000,000+",new,2026-10-01,true,1
Leonard Willey,(360) 687-0916,+13606870916,"30503 NE 132nd Ave Battle Ground, WA 98604","$400,000 - $499,999","$700,000 - $799,999",new,2026-10-01,true,0
Linda Walther,(303) 451-5420,+13034515420,"481 E 133rd Way Thornton, CO 80241","$100,000 - $124,999","$700,000 - $799,999",new,2026-10-01,true,0
Terri Hansen,(360) 687-1853,+13606871853,"30813 NE 132nd Ave Battle Ground, WA 98604","$300,000 - $399,999","$900,000 - $999,999",new,2026-10-01,true,0
Kathy Mccook,(212) 281-0623,+12122810623,"120 W 133rd St Apt 1 New York, NY 10030","$80,000 - $89,999","$700,000 - $799,999",new,2026-10-01,true,0
Michael Vanbuskirk,(402) 496-6360,+14024966360,"1627 N 132nd Avenue Cir Omaha, NE 68154","$400,000 - $499,999","$800,000 - $899,999",new,2026-10-01,true,0
George Bissett,(305) 251-3425,+13052513425,"14776 SW 132nd Ct Miami, FL 33186","$80,000 - $89,999","$700,000 - $799,999",new,2026-10-01,true,1
Timothy Greenidge,(503) 698-2516,+15036982516,"12417 SE 132nd Ave Happy Valley, OR 97086","$250,000 - $299,999","$700,000 - $799,999",new,2026-10-01,true,1
Norma Carballo,(305) 254-4698,+13052544698,"19307 SW 132nd Ct Miami, FL 33177","$30,000 - $39,999","$800,000 - $899,999",new,2026-10-01,true,1
Rashmar Patayya,(718) 641-6926,+17186416926,"13332 132nd St South Ozone Park, NY 11420","$175,000 - $199,999","$700,000 - $799,999",new,2026-10-01,true,1
Earlene Alcindor,(718) 978-0687,+17189780687,"21707 132nd Ave Springfield Gardens, NY 11413","$70,000 - $79,999","$700,000 - $799,999",new,2026-10-01,true,0
Guillermo Garcia,(305) 238-7885,+13052387885,"18467 SW 132nd Pl Miami, FL 33177","$150,000 - $174,999","$700,000 - $799,999",new,2026-10-01,true,0
Cherie Sturtevant,(360) 882-8226,+13608828226,"13513 NE 132nd Ave Brush Prairie, WA 98606","$175,000 - $199,999","$1,000,000+",new,2026-10-01,true,0
Deborah Marcus,(305) 252-2737,+13052522737,"9704 SW 132nd St Miami, FL 33176","$90,000 - $99,999","$800,000 - $899,999",new,2026-10-01,true,1
Jedidiah Marks,(503) 761-2974,+15037612974,"8925 SE 132nd Ave Happy Valley, OR 97086","$300,000 - $399,999","$1,000,000+",new,2026-10-01,true,1
William Watson,(425) 820-5417,+14258205417,"8836 NE 132nd St Kirkland, WA 98034","$400,000 - $499,999","$800,000 - $899,999",new,2026-10-01,true,0
Andrew Tadie,(425) 821-0677,+14258210677,"8713 NE 132nd St Kirkland, WA 98034","$300,000 - $399,999","$900,000 - $999,999",new,2026-10-01,true,0
Brenda Derrick,(305) 253-4503,+13052534503,"7840 SW 132nd St Pinecrest, FL 33156","$100,000 - $124,999","$1,000,000+",new,2026-10-01,true,1
Sakir Gultekin,(786) 713-5382,+17867135382,"7600 SW 132nd St Pinecrest, FL 33156","$300,000 - $399,999","$1,000,000+",new,2026-10-01,true,1
James Mcdonald,(305) 233-8839,+13052338839,"7260 SW 132nd St Pinecrest, FL 33156","$250,000 - $299,999","$1,000,000+",new,2026-10-01,true,1
William Gans,(303) 280-4770,+13032804770,"6870 E 132nd Pl Thornton, CO 80602","$100,000 - $124,999","$700,000 - $799,999",new,2026-10-01,true,1
Marcelo Arguello,(305) 255-4026,+13052554026,"7230 SW 132nd St Pinecrest, FL 33156","$250,000 - $299,999","$1,000,000+",new,2026-10-01,true,0
Lynnette George,(720) 929-9756,+17209299756,"7006 E 132nd Ave Thornton, CO 80602","$300,000 - $399,999","$700,000 - $799,999",new,2026-10-01,true,0
Melanie Rosen,(305) 232-6151,+13052326151,"7295 SW 132nd St Pinecrest, FL 33156","$400,000 - $499,999","$1,000,000+",new,2026-10-01,true,0
James Weishaar,(310) 676-1628,+13106761628,"5111 W 132nd St Hawthorne, CA 90250","$60,000 - $69,999","$900,000 - $999,999",new,2026-10-01,true,1
Debra Jenner,(701) 572-2907,+17015722907,"5018 132nd Trl NW Williston, ND 58801","$250,000 - $299,999","$800,000 - $899,999",new,2026-10-01,true,1
Patrick Lucy,(701) 572-8678,+17015728678,"4621 132nd Ave NW Williston, ND 58801","$100,000 - $124,999","$1,000,000+",new,2026-10-01,true,1
Jeannine Eddins,(913) 766-3214,+19137663214,"4740 W 132nd Ter Leawood, KS 66209","$400,000 - $499,999","$700,000 - $799,999",new,2026-10-01,true,1
Craig Ogaz,(310) 978-9468,+13109789468,"4879 W 132nd St Hawthorne, CA 90250","$50,000 - $59,999","$1,000,000+",new,2026-10-01,true,0
William Steele,(503) 629-9793,+15036299793,"2945 NW 132nd Ave Portland, OR 97229","$300,000 - $399,999","$900,000 - $999,999",new,2026-10-01,true,1
Jacqueline Kimzey,(425) 335-3653,+14253353653,"2824 132nd Ave SE Snohomish, WA 98290","$250,000 - $299,999","$700,000 - $799,999",new,2026-10-01,true,1
Randolph Beers,(305) 229-5249,+13052295249,"2901 SW 132nd Ave Miami, FL 33175","$60,000 - $69,999","$1,000,000+",new,2026-10-01,true,1
Robert Siudmak,(954) 577-7568,+19545777568,"2403 SW 132nd Way Davie, FL 33325","$175,000 - $199,999","$1,000,000+",new,2026-10-01,true,1
Thomas Forness,(954) 851-0881,+19548510881,"851 NW 131st Ave Sunrise, FL 33325","$300,000 - $399,999","$900,000 - $999,999",new,2026-10-01,true,1
Ronald Wright,(954) 433-9116,+19544339116,"2849 SW 131st Ter Miramar, FL 33027","$200,000 - $249,999","$700,000 - $799,999",new,2026-10-01,true,1
David Field,(425) 885-7263,+14258857263,"2624 131st Pl NE Bellevue, WA 98005","$300,000 - $399,999","$1,000,000+",new,2026-10-01,true,0
Anthony Hynes,(503) 531-3818,+15035313818,"3320 NW 131st Pl Portland, OR 97229","$250,000 - $299,999","$800,000 - $899,999",new,2026-10-01,true,1
Audrey Goldstein,(954) 370-8524,+19543708524,"3391 SW 131st Ter Davie, FL 33330","$300,000 - $399,999","$1,000,000+",new,2026-10-01,true,0
Lisa Lupari,(954) 838-7475,+19548387475,"844 NW 131st Ave Sunrise, FL 33325","$70,000 - $79,999","$700,000 - $799,999",new,2026-10-01,true,1
Kevin Loso,(425) 334-8537,+14253348537,"3929 131st Ave SE Snohomish, WA 98290","$250,000 - $299,999","$800,000 - $899,999",new,2026-10-01,true,1
Diana Tershakovec,(305) 661-8510,+13056618510,"6463 SW 131st St Pinecrest, FL 33156","$300,000 - $399,999","$1,000,000+",new,2026-10-01,true,1
Douglas Fritchel,(303) 428-0477,+13034280477,"6993 E 131st Dr Thornton, CO 80602","$300,000 - $399,999","$700,000 - $799,999",new,2026-10-01,true,0
Bradley Bergman,(913) 814-9669,+19138149669,"6708 W 131st St Overland Park, KS 66209","$400,000 - $499,999","$1,000,000+",new,2026-10-01,true,0
Stuart Jacobson,(425) 881-0224,+14258810224,"3422 131st Ave NE Bellevue, WA 98005","$400,000 - $499,999","$1,000,000+",new,2026-10-01,true,0
Marco Vitiello,(305) 665-3611,+13056653611,"5825 SW 131st Ter Pinecrest, FL 33156","$200,000 - $249,999","$1,000,000+",new,2026-10-01,true,0
Richard Chait,(305) 255-2307,+13052552307,"7461 SW 131st St Pinecrest, FL 33156","$400,000 - $499,999","$1,000,000+",new,2026-10-01,true,0
John Burns,(480) 661-6797,+14806616797,"9979 N 131st St Scottsdale, AZ 85259","$300,000 - $399,999","$1,000,000+",new,2026-10-01,true,0
Deborah Kuehnert,(727) 595-0327,+17275950327,"9520 131st St Seminole, FL 33776","$90,000 - $99,999","$1,000,000+",new,2026-10-01,true,1
Vickie Whelpley,(305) 234-6540,+13052346540,"7255 SW 131st St Pinecrest, FL 33156","$400,000 - $499,999","$1,000,000+",new,2026-10-01,true,1
Jorge Gonzalez,(305) 252-5946,+13052525946,"9701 SW 131st St Miami, FL 33176","$150,000 - $174,999","$700,000 - $799,999",new,2026-10-01,true,1
Ella Wilder,(360) 653-2675,+13606532675,"8609 131st Ave NE Lake Stevens, WA 98258","$90,000 - $99,999","$700,000 - $799,999",new,2026-10-01,true,1
Miriam Sensale,(305) 253-8244,+13052538244,"9731 SW 131st St Miami, FL 33176","$250,000 - $299,999","$1,000,000+",new,2026-10-01,true,1
Maurico Rodriguez,(305) 235-7606,+13052357606,"9861 SW 131st St Miami, FL 33176","$400,000 - $499,999","$800,000 - $899,999",new,2026-10-01,true,1
Jose Hernandez,(305) 233-7502,+13052337502,"9801 SW 131st St Miami, FL 33176","$400,000 - $499,999","$800,000 - $899,999",new,2026-10-01,true,1
Edward Marino,(305) 235-7979,+13052357979,"9980 SW 131st St Miami, FL 33176","$80,000 - $89,999","$800,000 - $899,999",new,2026-10-01,true,0
Sussy Cunill,(305) 256-1683,+13052561683,"9985 SW 131st St Miami, FL 33176","$400,000 - $499,999","$900,000 - $999,999",new,2026-10-01,true,1
Ronald Rees,(425) 827-6911,+14258276911,"11034 131st Ave NE Kirkland, WA 98033","$300,000 - $399,999","$1,000,000+",new,2026-10-01,true,0
Terry Schroeder,(727) 593-9524,+17275939524,"11050 131st St Largo, FL 33774","$400,000 - $499,999","$1,000,000+",new,2026-10-01,true,1
Carlos Lopez,(305) 235-1133,+13052351133,"11600 SW 131st St Miami, FL 33176","$175,000 - $199,999","$700,000 - $799,999",new,2026-10-01,true,0
Mario Capote,(305) 964-5085,+13059645085,"18464 SW 131st Ave Miami, FL 33177","$150,000 - $174,999","$700,000 - $799,999",new,2026-10-01,true,1
Elvin Wytko,(425) 402-6094,+14254026094,"18501 131st Pl NE Woodinville, WA 98072","$400,000 - $499,999","$1,000,000+",new,2026-10-01,true,1
Abdullah Muhammad,(718) 297-3893,+17182973893,"12027 131st St South Ozone Park, NY 11420","$400,000 - $499,999","$700,000 - $799,999",new,2026-10-01,true,1
Ivette Crespo,(305) 971-9498,+13059719498,"19244 SW 131st Ave Miami, FL 33177","$400,000 - $499,999","$800,000 - $899,999",new,2026-10-01,true,1
Naomi Smith,(253) 639-2708,+12536392708,"20334 131st Pl SE Kent, WA 98031","$175,000 - $199,999","$800,000 - $899,999",new,2026-10-01,true,1
Edward Blyskal,(954) 236-6306,+19542366306,"2652 SW 132nd Way Davie, FL 33330","$300,000 - $399,999","$1,000,000+",new,2026-10-01,true,1
Shou Ma,(425) 647-0840,+14256470840,"2409 132nd Ave SE Bellevue, WA 98005","$300,000 - $399,999","$1,000,000+",new,2026-10-01,true,0
Jennifer Cater,(763) 717-9769,+17637179769,"2806 132nd Ave NE Blaine, MN 55449","$400,000 - $499,999","$700,000 - $799,999",new,2026-10-01,true,0
Antone Dobrauc,(402) 614-9897,+14026149897,"1539 N 132nd Ave Omaha, NE 68154","$250,000 - $299,999","$800,000 - $899,999",new,2026-10-01,true,0
Yvrose Saintil,(954) 370-3475,+19543703475,"1025 NW 132nd Ave Sunrise, FL 33323","$400,000 - $499,999","$700,000 - $799,999",new,2026-10-01,true,1
Ana Novoa,(305) 227-1861,+13052271861,"725 NW 132nd Ct Miami, FL 33182","$80,000 - $89,999","$700,000 - $799,999",new,2026-10-01,true,1
Robert Gloster,(206) 364-8276,+12063648276,"1008 NW 132nd St Seattle, WA 98177","$400,000 - $499,999","$1,000,000+",new,2026-10-01,true,1
Jose Escardo,(305) 554-1175,+13055541175,"165 SW 132nd Ave Miami, FL 33184","$250,000 - $299,999","$1,000,000+",new,2026-10-01,true,1
Lonnie Dreiling,(303) 940-5490,+13039405490,"411 E 132nd Way Thornton, CO 80241","$300,000 - $399,999","$700,000 - $799,999",new,2026-10-01,true,1
Gabrielle Baker,(646) 669-7058,+16466697058,"105 W 132nd St Apt 1 New York, NY 10027","$80,000 - $89,999","$700,000 - $799,999",new,2026-10-01,true,0
Peter Moraru,(480) 584-3561,+14805843561,"1158 S 132nd St Gilbert, AZ 85233","$100,000 - $124,999","$1,000,000+",new,2026-10-01,true,0
Daniel Khoury,(954) 846-1386,+19548461386,"919 NW 132nd Ave Sunrise, FL 33325","$200,000 - $249,999","$700,000 - $799,999",new,2026-10-01,true,0
Richard Thayer,(715) 949-7021,+17159497021,"E7114 1325th Ave Ridgeland, WI 54763","$100,000 - $124,999","$800,000 - $899,999",new,2026-10-01,true,1
Thomas Cogan,(715) 262-3867,+17152623867,"N6509 1323rd St Prescott, WI 54021","$250,000 - $299,999","$900,000 - $999,999",new,2026-10-01,true,1
Kent Hoffman,(801) 571-4730,+18015714730,"1109 E 13200 S Draper, UT 84020","$300,000 - $399,999","$700,000 - $799,999",new,2026-10-01,true,1
Glenn Stevens,(360) 254-1441,+13602541441,"24503 NE 131st Cir Brush Prairie, WA 98606","$250,000 - $299,999","$1,000,000+",new,2026-10-01,true,1
Hollis Hunt,(801) 571-5038,+18015715038,"1025 E 13200 S Draper, UT 84020","$70,000 - $79,999","$700,000 - $799,999",new,2026-10-01,true,0
Barbara Kritzer,(715) 262-3367,+17152623367,"N6391 1323rd St Prescott, WI 54021","$100,000 - $124,999","$700,000 - $799,999",new,2026-10-01,true,0
Jean-Claude Collin,(718) 481-8190,+17184818190,"24339 131st Rd Rosedale, NY 11422","$20,000 - $29,999","$800,000 - $899,999",new,2026-10-01,true,0
Cathy Joseph,(480) 314-1801,+14803141801,"11319 N 131st Pl Scottsdale, AZ 85259","$200,000 - $249,999","$800,000 - $899,999",new,2026-10-01,true,0
Ricardo Iglesias,(480) 219-2807,+14802192807,"11383 N 131st Pl Scottsdale, AZ 85259","$300,000 - $399,999","$800,000 - $899,999",new,2026-10-01,true,0
George Sinn,(727) 595-3787,+17275953787,"11225 131st St Largo, FL 33774","$400,000 - $499,999","$1,000,000+",new,2026-10-01,true,0
Leobardo Carrera,(480) 451-1481,+14804511481,"11271 N 131st Pl Scottsdale, AZ 85259","$300,000 - $399,999","$800,000 - $899,999",new,2026-10-01,true,0
David Harken,(480) 614-5819,+14806145819,"11771 N 131st St Scottsdale, AZ 85259","$200,000 - $249,999","$900,000 - $999,999",new,2026-10-01,true,0
Roland Shytle,(727) 475-9042,+17274759042,"10510 131st St Largo, FL 33774","$100,000 - $124,999","$900,000 - $999,999",new,2026-10-01,true,1
Ned Tannebaum,(305) 253-4155,+13052534155,"10025 SW 131st Ter Miami, FL 33176","$200,000 - $249,999","$800,000 - $899,999",new,2026-10-01,true,0
Gerald Sigler,(727) 329-8097,+17273298097,"7000 131st St Seminole, FL 33776","$200,000 - $249,999","$1,000,000+",new,2026-10-01,true,1
Peter Wechsler,(786) 250-3422,+17862503422,"7345 SW 131st St Pinecrest, FL 33156","$300,000 - $399,999","$1,000,000+",new,2026-10-01,true,0
Byron Brown,(305) 251-9544,+13052519544,"7450 SW 131st St Pinecrest, FL 33156","$80,000 - $89,999","$1,000,000+",new,2026-10-01,true,0
Agustin Bruguera,(305) 251-3633,+13052513633,"7300 SW 131st St Pinecrest, FL 33156","$300,000 - $399,999","$1,000,000+",new,2026-10-01,true,0
Travis Osborne,(727) 217-4218,+17272174218,"7125 131st St Seminole, FL 33776","$400,000 - $499,999","$900,000 - $999,999",new,2026-10-01,true,0
Diane Weiser,(515) 331-2345,+15153312345,"3621 131st St Urbandale, IA 50323","$300,000 - $399,999","$800,000 - $899,999",new,2026-10-01,true,0
Javier Abuabara,(954) 382-1426,+19543821426,"4134 SW 131st Ave Davie, FL 33330","$100,000 - $124,999","$1,000,000+",new,2026-10-01,true,0
Don Mahy,(954) 382-4364,+19543824364,"4240 SW 131st Ave Davie, FL 33330","$400,000 - $499,999","$1,000,000+",new,2026-10-01,true,1
Robert Heslip,(954) 916-0504,+19549160504,"3400 SW 131st Ter Davie, FL 33330","$400,000 - $499,999","$900,000 - $999,999",new,2026-10-01,true,1
Angela Chung,(954) 577-9451,+19545779451,"4394 SW 131st Ave Davie, FL 33330","$250,000 - $299,999","$1,000,000+",new,2026-10-01,true,1
Ramprasad Challa,(503) 466-7268,+15034667268,"4541 NW 131st Ave Portland, OR 97229","$300,000 - $399,999","$1,000,000+",new,2026-10-01,true,1
Rosa Perez,(954) 533-3909,+19545333909,"3150 SW 131st Ter Davie, FL 33330","$500,000 Plus","$900,000 - $999,999",new,2026-10-01,true,1
Jennifer Gomez,(718) 788-2974,+17187882974,"494 13th St Brooklyn, NY 11215","$175,000 - $199,999","$1,000,000+",new,2026-10-01,true,0
Amy Aronson,(718) 768-5919,+17187685919,"487 13th St Brooklyn, NY 11215","$175,000 - $199,999","$1,000,000+",new,2026-10-01,true,0
Dan Fisher,(718) 788-1748,+17187881748,"479 13th St Brooklyn, NY 11215","$200,000 - $249,999","$1,000,000+",new,2026-10-01,true,0
Susan Davis,(561) 392-1526,+15613921526,"1371 NW 13th Ct Boca Raton, FL 33486","$70,000 - $79,999","$1,000,000+",new,2026-10-01,true,0
Seth Kamil,(718) 499-3001,+17184993001,"476 13th St Brooklyn, NY 11215","$400,000 - $499,999","$800,000 - $899,999",new,2026-10-01,true,0
Eugene Richards,(718) 788-5342,+17187885342,"472 13th St Brooklyn, NY 11215","$70,000 - $79,999","$1,000,000+",new,2026-10-01,true,0
Theodore Ellis,(954) 463-9525,+19544639525,"429 SE 13th St Fort Lauderdale, FL 33316","$50,000 - $59,999","$700,000 - $799,999",new,2026-10-01,true,0
Alan Lew,(727) 898-5087,+17278985087,"426 13th Ave NE Saint Petersburg, FL 33701","$100,000 - $124,999","$800,000 - $899,999",new,2026-10-01,true,0
Piper Macleod,(718) 788-2628,+17187882628,"426 13th St Apt 2a Brooklyn, NY 11215","$175,000 - $199,999","$700,000 - $799,999",new,2026-10-01,true,0
Mishael Luwish,(732) 364-2277,+17323642277,"424 13th St Lakewood, NJ 08701","$400,000 - $499,999","$1,000,000+",new,2026-10-01,true,0
Gregory Koppel,(954) 761-8480,+19547618480,"420 NE 13th Ave Fort Lauderdale, FL 33301","$300,000 - $399,999","$1,000,000+",new,2026-10-01,true,0
Simon Collier,(718) 768-3631,+17187683631,"419 13th St Brooklyn, NY 11215","$250,000 - $299,999","$1,000,000+",new,2026-10-01,true,0
Gregory Budd,(954) 527-5604,+19545275604,"415 NE 13th Ave Fort Lauderdale, FL 33301","$100,000 - $124,999","$1,000,000+",new,2026-10-01,true,0
Theresa Faugno,(732) 280-7724,+17322807724,"407 13th Ave Belmar, NJ 07719","$60,000 - $69,999","$700,000 - $799,999",new,2026-10-01,true,0
Deborah Pontecorvo,(631) 226-3791,+16312263791,"404 S 13th St Lindenhurst, NY 11757","$200,000 - $249,999","$700,000 - $799,999",new,2026-10-01,true,0
Paul Shannon,(732) 280-3799,+17322803799,"402 13th Ave Belmar, NJ 07719","$175,000 - $199,999","$700,000 - $799,999",new,2026-10-01,true,0
Jeffrey Moravick,(561) 392-6232,+15613926232,"401 NW 13th Dr Boca Raton, FL 33486","$400,000 - $499,999","$800,000 - $899,999",new,2026-10-01,true,0
Cornelius Bleeker,(712) 722-2396,+17127222396,"391 13th Ave NE Sioux Center, IA 51250","$90,000 - $99,999","$700,000 - $799,999",new,2026-10-01,true,0
David Ulrey,(858) 259-8666,+18582598666,"377 13th St Del Mar, CA 92014","$50,000 - $59,999","$1,000,000+",new,2026-10-01,true,0
Daniel Carll,(954) 597-6624,+19545976624,"371 SE 13th Ave Pompano Beach, FL 33060","$175,000 - $199,999","$700,000 - $799,999",new,2026-10-01,true,0
Craig Gordon,(954) 782-5062,+19547825062,"360 SE 13th Ave Pompano Beach, FL 33060","$300,000 - $399,999","$1,000,000+",new,2026-10-01,true,0
Michael Tuttle,(954) 784-6626,+19547846626,"351 SE 13th Ave Pompano Beach, FL 33060","$400,000 - $499,999","$1,000,000+",new,2026-10-01,true,0
Carolyn Reidy,(212) 633-1886,+12126331886,"345 W 13th St Apt 4e New York, NY 10014","$250,000 - $299,999","$1,000,000+",new,2026-10-01,true,0
Brent Camery,(212) 989-1039,+12129891039,"345 W 13th St Apt 3h New York, NY 10014","$250,000 - $299,999","$900,000 - $999,999",new,2026-10-01,true,0
Walter Brewster,(646) 486-2059,+16464862059,"345 W 13th St Apt 3d New York, NY 10014","$200,000 - $249,999","$900,000 - $999,999",new,2026-10-01,true,0
Eugene Azevedo,(925) 754-5466,+19257545466,"330 E 13th St Antioch, CA 94509","$70,000 - $79,999","$800,000 - $899,999",new,2026-10-01,true,0
Joanna Lewton,(202) 544-8183,+12025448183,"323 13th St SE Washington, DC 20003","$200,000 - $249,999","$1,000,000+",new,2026-10-01,true,0
Dea Mckenzie,(347) 529-6939,+13475296939,"318 13th St Apt 1 Brooklyn, NY 11215","$400,000 - $499,999","$1,000,000+",new,2026-10-01,true,0
Irene Lore,(718) 768-1846,+17187681846,"315 13th St Brooklyn, NY 11215","$60,000 - $69,999","$1,000,000+",new,2026-10-01,true,0
Timothy Giusto,(201) 944-6172,+12019446172,"311 13th St Palisades Park, NJ 07650","$70,000 - $79,999","$700,000 - $799,999",new,2026-10-01,true,0
John Swenson,(718) 499-5367,+17184995367,"310 13th St Brooklyn, NY 11215","$70,000 - $79,999","$1,000,000+",new,2026-10-01,true,0
Marco Rizzo,(507) 367-2786,+15073672786,"307 13th Ln SW Oronoco, MN 55960","$250,000 - $299,999","$700,000 - $799,999",new,2026-10-01,true,0
Joseph Stafford,(954) 946-6785,+19549466785,"300 SE 13th Ct Pompano Beach, FL 33060","$80,000 - $89,999","$900,000 - $999,999",new,2026-10-01,true,0
Drew Evert,(561) 243-3321,+15612433321,"265 NE 13th St Delray Beach, FL 33444","$60,000 - $69,999","$700,000 - $799,999",new,2026-10-01,true,0
Jeanine Hill,(954) 922-5117,+19549225117,"261 SW 13th St Dania, FL 33004","$30,000 - $39,999","$700,000 - $799,999",new,2026-10-01,true,0
Jeanne Gluck,(718) 369-1793,+17183691793,"251 13th St Brooklyn, NY 11215","$70,000 - $79,999","$1,000,000+",new,2026-10-01,true,0
Longina Przyborowski,(727) 894-3900,+17278943900,"227 13th Ave NE Saint Petersburg, FL 33701","$80,000 - $89,999","$1,000,000+",new,2026-10-01,true,0
Theodore Siciliano,(609) 361-1222,+16093611222,"222 13th St Surf City, NJ 08008","$250,000 - $299,999","$900,000 - $999,999",new,2026-10-01,true,0
Norman Kasser,(201) 792-4055,+12017924055,"214 13th St Hoboken, NJ 07030","$300,000 - $399,999","$1,000,000+",new,2026-10-01,true,0
Bryan Morris,(843) 238-3610,+18432383610,"214 13th Ave N Surfside Beach, SC 29575","$20,000 - $29,999","$800,000 - $899,999",new,2026-10-01,true,0
Randolph Wolpert,(954) 660-0004,+19546600004,"209 NE 13th Ave Fort Lauderdale, FL 33301","$250,000 - $299,999","$1,000,000+",new,2026-10-01,true,0
Kathleen Pszenny,(727) 895-0365,+17278950365,"209 13th Ave N Saint Petersburg, FL 33701","$70,000 - $79,999","$700,000 - $799,999",new,2026-10-01,true,0
Alan Garber,(954) 525-0482,+19545250482,"204 SE 13th Ave Fort Lauderdale, FL 33301","$300,000 - $399,999","$1,000,000+",new,2026-10-01,true,0
Sheri Brandvold,(507) 288-7387,+15072887387,"202 13th Ave NW Rochester, MN 55901","$200,000 - $249,999","$700,000 - $799,999",new,2026-10-01,true,0
Gelsie Niven,(631) 888-9233,+16318889233,"202 13th Ave West Babylon, NY 11704","$200,000 - $249,999","$700,000 - $799,999",new,2026-10-01,true,0
Janet Kapighian,(732) 681-1880,+17326811880,"201 13th Ave Belmar, NJ 07719","$400,000 - $499,999","$1,000,000+",new,2026-10-01,true,0
Valerie Carnevale,(212) 807-0253,+12128070253,"175 W 13th St Apt 6a New York, NY 10011","$300,000 - $399,999","$1,000,000+",new,2026-10-01,true,0
Neil Liebman,(212) 367-8038,+12123678038,"175 W 13th St Apt 8h New York, NY 10011","$50,000 - $59,999","$1,000,000+",new,2026-10-01,true,0
Florence Isaacs,(212) 675-9197,+12126759197,"175 W 13th St Apt 10d New York, NY 10011","$50,000 - $59,999","$1,000,000+",new,2026-10-01,true,0
Alan Hughes,(408) 279-3521,+14082793521,"174 S 13th St San Jose, CA 95112","$300,000 - $399,999","$900,000 - $999,999",new,2026-10-01,true,0
Roger Boswarva,(212) 924-2619,+12129242619,"162 W 13th St Apt 1 New York, NY 10011","$400,000 - $499,999","$1,000,000+",new,2026-10-01,true,0
Liza Wolsky,(212) 255-4632,+12122554632,"162 W 13th St Apt 61 New York, NY 10011","$400,000 - $499,999","$1,000,000+",new,2026-10-01,true,0
Jeri Yundi,(201) 871-4743,+12018714743,"160 13th St Cresskill, NJ 07626","$300,000 - $399,999","$800,000 - $899,999",new,2026-10-01,true,0
Michael Baldassari,(201) 795-4421,+12017954421,"156 13th St Hoboken, NJ 07030","$300,000 - $399,999","$1,000,000+",new,2026-10-01,true,0
Vincent Mercurio,(650) 357-9009,+16503579009,"152 13th Ave San Mateo, CA 94402","$400,000 - $499,999","$700,000 - $799,999",new,2026-10-01,true,0
Edward Wendel,(202) 543-0361,+12025430361,"148 13th St SE Washington, DC 20003","$300,000 - $399,999","$1,000,000+",new,2026-10-01,true,0
Gwendolyn Dillard,(202) 546-4846,+12025464846,"138 13th St SE Washington, DC 20003","$300,000 - $399,999","$1,000,000+",new,2026-10-01,true,0
A Trangmar,(650) 341-9974,+16503419974,"132 13th Ave San Mateo, CA 94402","$250,000 - $299,999","$700,000 - $799,999",new,2026-10-01,true,0
Janet Eskridge,(402) 423-6356,+14024236356,"128 N 13th St Apt 1007 Lincoln, NE 68508","$100,000 - $124,999","$900,000 - $999,999",new,2026-10-01,true,0
Paula Fortner,(562) 596-7191,+15625967191,"114 13th St Seal Beach, CA 90740","$80,000 - $89,999","$900,000 - $999,999",new,2026-10-01,true,0
Cindy Razzano,(732) 681-8094,+17326818094,"108 13th Ave Belmar, NJ 07719","$400,000 - $499,999","$1,000,000+",new,2026-10-01,true,0
Henry Kreh,(561) 465-5038,+15614655038,"91 SW 13th Ave Boca Raton, FL 33486","$50,000 - $59,999","$700,000 - $799,999",new,2026-10-01,true,0
David Sundell,(917) 675-6392,+19176756392,"60 W 13th St Apt 7b New York, NY 10011","$250,000 - $299,999","$900,000 - $999,999",new,2026-10-01,true,0
Caroline Shifflett,(212) 206-1393,+12122061393,"60 W 13th St Apt 2b New York, NY 10011","$300,000 - $399,999","$900,000 - $999,999",new,2026-10-01,true,0
John Maroney,(212) 614-9615,+12126149615,"60 W 13th St Apt 3d New York, NY 10011","$400,000 - $499,999","$900,000 - $999,999",new,2026-10-01,true,0
Arlene Butterklee,(631) 588-1805,+16315881805,"56 13th Ave Ronkonkoma, NY 11779","$300,000 - $399,999","$700,000 - $799,999",new,2026-10-01,true,0
Joel Wyrick,(408) 271-0111,+14082710111,"53 S 13th St San Jose, CA 95112","$100,000 - $124,999","$900,000 - $999,999",new,2026-10-01,true,0
Devorah Hoch,(732) 905-7523,+17329057523,"48 E 13th St Lakewood, NJ 08701","$200,000 - $249,999","$900,000 - $999,999",new,2026-10-01,true,0
Steven Rayman,(212) 254-6531,+12122546531,"48 E 13th St Apt 7b New York, NY 10003","$300,000 - $399,999","$1,000,000+",new,2026-10-01,true,0
Lorraine Langdon,(646) 351-6107,+16463516107,"48 E 13th St Apt 3b New York, NY 10003","$400,000 - $499,999","$1,000,000+",new,2026-10-01,true,0
Nilda Sanniola,(201) 823-8715,+12018238715,"28 W 13th St Bayonne, NJ 07002","$100,000 - $124,999","$700,000 - $799,999",new,2026-10-01,true,0
Jesse Ritz,(212) 255-5468,+12122555468,"25 W 13th St Apt 4tn New York, NY 10011","$400,000 - $499,999","$1,000,000+",new,2026-10-01,true,0
Michael Neiderfer,(212) 691-0863,+12126910863,"13 W 13th St Apt 5an New York, NY 10011","$400,000 - $499,999","$1,000,000+",new,2026-10-01,true,0
Wayne Brachman,(212) 255-3983,+12122553983,"13 W 13th St Apt 2js New York, NY 10011","$400,000 - $499,999","$1,000,000+",new,2026-10-01,true,0
Laura Mittnacht,(212) 242-2211,+12122422211,"13 W 13th St Apt 4cs New York, NY 10011","$400,000 - $499,999","$1,000,000+",new,2026-10-01,true,0
John Wetherhold,(212) 924-9764,+12129249764,"13 W 13th St Apt 4bs New York, NY 10011","$300,000 - $399,999","$1,000,000+",new,2026-10-01,true,0
Curtis Ravenel,(646) 952-5208,+16469525208,"8 W 13th St Apt 4f New York, NY 10011","$200,000 - $249,999","$1,000,000+",new,2026-10-01,true,0
Peter Margolis,(401) 884-4145,+14018844145,"5 13th Ave Warwick, RI 02886","$300,000 - $399,999","$700,000 - $799,999",new,2026-10-01,true,0
Chaim Sitorsky,(732) 905-9197,+17329059197,"4 E 13th St Lakewood, NJ 08701","$200,000 - $249,999","$1,000,000+",new,2026-10-01,true,0
Blimil Cohen,(732) 370-8736,+17323708736,"3 E 13th St Lakewood, NJ 08701","$300,000 - $399,999","$1,000,000+",new,2026-10-01,true,0
Oxana Kostiouk,(360) 263-2678,+13602632678,"36606 NE 139th Ave La Center, WA 98629","$400,000 - $499,999","$1,000,000+",new,2026-10-01,true,0
Diana Burton,(425) 844-9629,+14258449629,"31730 NE 139th St Duvall, WA 98019","$200,000 - $249,999","$1,000,000+",new,2026-10-01,true,0
Dean Carpenter,(218) 837-5642,+12188375642,"31648 139th Ave Menahga, MN 56464","$90,000 - $99,999","$800,000 - $899,999",new,2026-10-01,true,0
Kerry Anderson,(425) 844-9119,+14258449119,"31116 NE 139th St Duvall, WA 98019","$300,000 - $399,999","$800,000 - $899,999",new,2026-10-01,true,0
Brooke Sleeper,(360) 666-3316,+13606663316,"26312 NE 139th Ave Battle Ground, WA 98604","$300,000 - $399,999","$800,000 - $899,999",new,2026-10-01,true,0
Calvin Randall,(718) 528-2208,+17185282208,"23010 139th Ave Springfield Gardens, NY 11413","$90,000 - $99,999","$700,000 - $799,999",new,2026-10-01,true,0
Lloyd Gooden,(718) 276-7036,+17182767036,"22606 139th Ave Springfield Gardens, NY 11413","$70,000 - $79,999","$700,000 - $799,999",new,2026-10-01,true,0
Mervis Smith,(718) 528-1203,+17185281203,"22516 139th Ave Springfield Gardens, NY 11413","$70,000 - $79,999","$800,000 - $899,999",new,2026-10-01,true,0
Anthony Dalrymple,(718) 481-6228,+17184816228,"21823 139th Ave Springfield Gardens, NY 11413","$300,000 - $399,999","$800,000 - $899,999",new,2026-10-01,true,0
Raymond Frohs,(360) 254-0130,+13602540130,"20900 NE 139th St Brush Prairie, WA 98606","$150,000 - $174,999","$1,000,000+",new,2026-10-01,true,0
Robert Rakestraw,(425) 881-9433,+14258819433,"16730 NE 139th Pl Woodinville, WA 98072","$300,000 - $399,999","$1,000,000+",new,2026-10-01,true,0
Kirk Goad,(425) 255-1909,+14252551909,"15451 139th Ave SE Renton, WA 98058","$300,000 - $399,999","$700,000 - $799,999",new,2026-10-01,true,0
Lorraine Grab,(708) 645-4950,+17086454950,"15429 W 139th St Lockport, IL 60491","$200,000 - $249,999","$1,000,000+",new,2026-10-01,true,0
Russell Berg,(425) 226-0690,+14252260690,"14017 SE 139th St Renton, WA 98059","$90,000 - $99,999","$1,000,000+",new,2026-10-01,true,0
Diane Trudnowski,(425) 226-8799,+14252268799,"13901 SE 139th St Renton, WA 98059","$250,000 - $299,999","$800,000 - $899,999",new,2026-10-01,true,0
Richard Barhoum,(503) 658-2791,+15036582791,"13878 SE 139th Ave Clackamas, OR 97015","$70,000 - $79,999","$1,000,000+",new,2026-10-01,true,0
Jim Boston,(913) 213-5787,+19132135787,"12203 W 139th Ter Overland Park, KS 66221","$175,000 - $199,999","$700,000 - $799,999",new,2026-10-01,true,0
Bienvenido Balaguer,(305) 259-8009,+13052598009,"10980 SW 139th Rd Miami, FL 33176","$70,000 - $79,999","$1,000,000+",new,2026-10-01,true,0
Bernie Torra,(305) 254-2421,+13052542421,"10900 SW 139th Rd Miami, FL 33176","$200,000 - $249,999","$900,000 - $999,999",new,2026-10-01,true,0
Gary Tiepelman,(480) 860-1485,+14808601485,"10795 N 139th St Scottsdale, AZ 85259","$200,000 - $249,999","$800,000 - $899,999",new,2026-10-01,true,0
Ruth Gordon,(305) 253-5867,+13052535867,"10381 SW 139th St Miami, FL 33176","$400,000 - $499,999","$900,000 - $999,999",new,2026-10-01,true,0
Richard Pado,(425) 821-9124,+14258219124,"9015 NE 139th St Kirkland, WA 98034","$70,000 - $79,999","$800,000 - $899,999",new,2026-10-01,true,0
Jeannette Deokinandan,(718) 526-1697,+17185261697,"8790 139th St Jamaica, NY 11435","$100,000 - $124,999","$800,000 - $899,999",new,2026-10-01,true,0
Clyde Khan,(718) 657-0118,+17186570118,"8751 139th St Jamaica, NY 11435","$40,000 - $49,999","$700,000 - $799,999",new,2026-10-01,true,0
Patricia Green,(305) 232-2856,+13052322856,"8240 SW 139th Ter Village Of Palmetto Bay, FL 33158","$300,000 - $399,999","$900,000 - $999,999",new,2026-10-01,true,0
Mary Goeppele,(425) 483-8289,+14254838289,"15943 NE 139th Pl Woodinville, WA 98072","$200,000 - $249,999","$1,000,000+",new,2026-10-01,true,0
Robert Roth,(305) 235-2102,+13052352102,"7760 SW 139th Ter Village Of Palmetto Bay, FL 33158","$60,000 - $69,999","$800,000 - $899,999",new,2026-10-01,true,0
Megumi Suzuki,(425) 882-2608,+14258822608,"7630 139th Pl NE Redmond, WA 98052","$70,000 - $79,999","$1,000,000+",new,2026-10-01,true,0
Gavriel Nisanov,(347) 561-7353,+13475617353,"7235 139th St Flushing, NY 11367","$100,000 - $124,999","$1,000,000+",new,2026-10-01,true,0
Elie Fried,(718) 575-3351,+17185753351,"7223 139th St Flushing, NY 11367","$300,000 - $399,999","$1,000,000+",new,2026-10-01,true,0
Eva Mirsky,(718) 761-7224,+17187617224,"7211 139th St Flushing, NY 11367","$60,000 - $69,999","$700,000 - $799,999",new,2026-10-01,true,0
Bill Benedict,(425) 614-3201,+14256143201,"6229 139th Pl SE Bellevue, WA 98006","$250,000 - $299,999","$1,000,000+",new,2026-10-01,true,0
George Stokes,(425) 643-3567,+14256433567,"6216 139th Pl SE Bellevue, WA 98006","$300,000 - $399,999","$1,000,000+",new,2026-10-01,true,0
Patrick Mcbroom,(320) 354-4437,+13203544437,"6099 139th Ave NW New London, MN 56273","$100,000 - $124,999","$800,000 - $899,999",new,2026-10-01,true,0
Sukhdeep Bhatia,(425) 338-7863,+14253387863,"4910 139th Pl SE Snohomish, WA 98296","$300,000 - $399,999","$800,000 - $899,999",new,2026-10-01,true,0
My Nguyen,(303) 410-9738,+13034109738,"4177 E 139th Dr Thornton, CO 80602","$300,000 - $399,999","$700,000 - $799,999",new,2026-10-01,true,0
Jorge Martin,(305) 480-6842,+13054806842,"4010 SW 139th Ave Miami, FL 33175","$70,000 - $79,999","$800,000 - $899,999",new,2026-10-01,true,0
Tory Lindh,(954) 475-8784,+19544758784,"3981 SW 139th Ave Davie, FL 33330","$200,000 - $249,999","$1,000,000+",new,2026-10-01,true,0
Castor Castineira,(305) 551-0711,+13055510711,"3701 SW 139th Ave Miami, FL 33175","$90,000 - $99,999","$900,000 - $999,999",new,2026-10-01,true,0
Miriam Myers,(305) 485-9295,+13054859295,"3651 SW 139th Ct Miami, FL 33175","$175,000 - $199,999","$800,000 - $899,999",new,2026-10-01,true,0
Julio Lascano,(305) 223-8309,+13052238309,"3590 SW 139th Ave Miami, FL 33175","$175,000 - $199,999","$700,000 - $799,999",new,2026-10-01,true,0
Maria Smith,(954) 437-4140,+19544374140,"3551 SW 139th Ave Miramar, FL 33027","$100,000 - $124,999","$900,000 - $999,999",new,2026-10-01,true,0
Enrique Lopez,(754) 263-7430,+17542637430,"3400 SW 139th Ave Miramar, FL 33027","$300,000 - $399,999","$1,000,000+",new,2026-10-01,true,0
Donald Rashawn,(754) 210-5834,+17542105834,"3301 SW 139th Ave Miramar, FL 33027","$100,000 - $124,999","$1,000,000+",new,2026-10-01,true,0
Joel Auerbach,(954) 474-8931,+19544748931,"3230 SW 139th Ter Davie, FL 33330","$300,000 - $399,999","$1,000,000+",new,2026-10-01,true,0
Anya Innocent,(913) 239-0127,+19132390127,"3201 W 139th St Overland Park, KS 66224","$100,000 - $124,999","$1,000,000+",new,2026-10-01,true,0
Parthiv Dangodara,(954) 424-1291,+19544241291,"3200 SW 139th Ter Davie, FL 33330","$400,000 - $499,999","$1,000,000+",new,2026-10-01,true,0
Robert Palmer,(954) 999-0784,+19549990784,"3010 SW 139th Ave Davie, FL 33330","$100,000 - $124,999","$1,000,000+",new,2026-10-01,true,0
Roberto Vich,(305) 552-5729,+13055525729,"2850 SW 139th Ave Miami, FL 33175","$175,000 - $199,999","$1,000,000+",new,2026-10-01,true,0
Carolyn Conover,(425) 747-0259,+14257470259,"2030 139th Pl SE Bellevue, WA 98005","$175,000 - $199,999","$1,000,000+",new,2026-10-01,true,0
Alicia Murdock,(954) 322-1890,+19543221890,"2022 NW 139th Ave Pembroke Pines, FL 33028","$250,000 - $299,999","$800,000 - $899,999",new,2026-10-01,true,0
Yolanda Bogarin,(954) 437-0726,+19544370726,"1832 NW 139th Ter Pembroke Pines, FL 33028","$100,000 - $124,999","$700,000 - $799,999",new,2026-10-01,true,0
Maylin Gonzalez,(305) 221-3914,+13052213914,"1770 SW 139th Ct Miami, FL 33175","$70,000 - $79,999","$700,000 - $799,999",new,2026-10-01,true,0
Christopher Fahmie,(954) 999-0464,+19549990464,"1450 SW 139th Ave Davie, FL 33325","$175,000 - $199,999","$900,000 - $999,999",new,2026-10-01,true,0
Deron Chu,(718) 746-5304,+17187465304,"1431 139th St Whitestone, NY 11357","$100,000 - $124,999","$700,000 - $799,999",new,2026-10-01,true,0
Vicky Darveau,(954) 433-3273,+19544333273,"1323 NW 139th Ter Pembroke Pines, FL 33028","$250,000 - $299,999","$800,000 - $899,999",new,2026-10-01,true,0
John Thomas,(510) 357-9609,+15103579609,"1161 139th Ave San Leandro, CA 94578","$70,000 - $79,999","$900,000 - $999,999",new,2026-10-01,true,0
Tatiana Diaz,(954) 447-7236,+19544477236,"1033 NW 139th Ter Pembroke Pines, FL 33028","$100,000 - $124,999","$700,000 - $799,999",new,2026-10-01,true,0
James Talarico,(303) 426-8981,+13034268981,"911 W 139th Ct Westminster, CO 80023","$400,000 - $499,999","$1,000,000+",new,2026-10-01,true,0
Jazmina Mcfarlane,(347) 269-6877,+13472696877,"578 E 139th St # 2 Bronx, NY 10454","$30,000 - $39,999","$900,000 - $999,999",new,2026-10-01,true,0
Brian Robinson,(718) 665-3014,+17186653014,"407 E 139th St Bronx, NY 10454","$200,000 - $249,999","$1,000,000+",new,2026-10-01,true,0
Joyce Edwards,(212) 234-0036,+12122340036,"254 W 139th St New York, NY 10030","$30,000 - $39,999","$1,000,000+",new,2026-10-01,true,0
Phillip Isom,(212) 862-7944,+12128627944,"249 W 139th St New York, NY 10030","$400,000 - $499,999","$1,000,000+",new,2026-10-01,true,0
M Billings,(212) 283-2072,+12122832072,"238 W 139th St New York, NY 10030","$40,000 - $49,999","$1,000,000+",new,2026-10-01,true,0
Archie Maybank,(212) 862-4572,+12128624572,"235 W 139th St New York, NY 10030","$60,000 - $69,999","$1,000,000+",new,2026-10-01,true,0
Sara Jenkins,(212) 281-0634,+12122810634,"228 W 139th St New York, NY 10030","$20,000 - $29,999","$1,000,000+",new,2026-10-01,true,0
Marco Rosas,(305) 681-6321,+13056816321,"198 NW 139th St Miami, FL 33168","$175,000 - $199,999","$700,000 - $799,999",new,2026-10-01,true,0
Steve Budhoo,(305) 681-5263,+13056815263,"122 NE 139th St Miami, FL 33161","$60,000 - $69,999","$700,000 - $799,999",new,2026-10-01,true,0
Randal Orban,(801) 253-7329,+18012537329,"6262 W 13900 S Herriman, UT 84096","$300,000 - $399,999","$1,000,000+",new,2026-10-01,true,0
Phillip Goodman,(801) 253-2706,+18012532706,"6113 W 13900 S Riverton, UT 84096","$175,000 - $199,999","$700,000 - $799,999",new,2026-10-01,true,0
Lois Aas,(218) 863-5455,+12188635455,"45159 138th Ave Pelican Rapids, MN 56572","$30,000 - $39,999","$800,000 - $899,999",new,2026-10-01,true,0
Susan Flatebo,(360) 893-5004,+13608935004,"28013 138th Ave E Graham, WA 98338","$150,000 - $174,999","$800,000 - $899,999",new,2026-10-01,true,0
Camlenee Ramsaran,(718) 977-2445,+17189772445,"24016 138th Ave Rosedale, NY 11422","$50,000 - $59,999","$700,000 - $799,999",new,2026-10-01,true,0
Marcus Erickson,(360) 668-3689,+13606683689,"22317 138th Ave SE Snohomish, WA 98296","$200,000 - $249,999","$800,000 - $899,999",new,2026-10-01,true,0
Debora Walker,(718) 949-4192,+17189494192,"22011 138th Ave Springfield Gardens, NY 11413","$100,000 - $124,999","$700,000 - $799,999",new,2026-10-01,true,0
Leo Lemoine,(360) 894-2726,+13608942726,"18103 138th Ave SE Yelm, WA 98597","$150,000 - $174,999","$700,000 - $799,999",new,2026-10-01,true,0
Eileen Lefebvre,(425) 882-1080,+14258821080,"17524 NE 138th St Redmond, WA 98052","$400,000 - $499,999","$1,000,000+",new,2026-10-01,true,0
George Feczko,(425) 883-7639,+14258837639,"17435 NE 138th St Redmond, WA 98052","$200,000 - $249,999","$800,000 - $899,999",new,2026-10-01,true,0
Brian Kelly,(425) 883-9891,+14258839891,"17304 NE 138th St Redmond, WA 98052","$200,000 - $249,999","$1,000,000+",new,2026-10-01,true,0
Lawrence Ladowski,(360) 893-5133,+13608935133,"15603 138th Ave E Puyallup, WA 98374","$200,000 - $249,999","$1,000,000+",new,2026-10-01,true,0
Michael Harms,(952) 467-3081,+19524673081,"14015 138th St Norwood Young America, MN 55368","$250,000 - $299,999","$1,000,000+",new,2026-10-01,true,0
Edward Abel,(425) 821-8023,+14258218023,"12555 NE 138th Pl Kirkland, WA 98034","$250,000 - $299,999","$900,000 - $999,999",new,2026-10-01,true,0
Kevin Stamand,(253) 848-5075,+12538485075,"12310 138th Ave E Puyallup, WA 98374","$150,000 - $174,999","$700,000 - $799,999",new,2026-10-01,true,0
Glenford Diston,(786) 242-5282,+17862425282,"10885 SW 138th St Miami, FL 33176","$400,000 - $499,999","$900,000 - $999,999",new,2026-10-01,true,0
Richard Friend,(305) 255-9868,+13052559868,"10715 SW 138th St Miami, FL 33176","$400,000 - $499,999","$1,000,000+",new,2026-10-01,true,0
Blas Pulgar-Vidal,(305) 254-6200,+13052546200,"10691 SW 138th St Miami, FL 33176","$300,000 - $399,999","$800,000 - $899,999",new,2026-10-01,true,0
Karen Keller,(305) 251-1858,+13052511858,"10620 SW 138th St Miami, FL 33176","$300,000 - $399,999","$900,000 - $999,999",new,2026-10-01,true,0
Philip Margolesky,(305) 255-6614,+13052556614,"10600 SW 138th St Miami, FL 33176","$100,000 - $124,999","$800,000 - $899,999",new,2026-10-01,true,0
Diane Rivera,(305) 971-9696,+13059719696,"10460 SW 138th St Miami, FL 33176","$400,000 - $499,999","$900,000 - $999,999",new,2026-10-01,true,0
Maria Perez,(305) 227-6132,+13052276132,"10440 SW 138th St Miami, FL 33176","$300,000 - $399,999","$1,000,000+",new,2026-10-01,true,0
Faustino Diaz,(305) 256-5969,+13052565969,"9900 SW 138th St Miami, FL 33176","$400,000 - $499,999","$1,000,000+",new,2026-10-01,true,0
Adam Lawrence,(305) 255-3540,+13052553540,"9834 SW 138th St Miami, FL 33176","$70,000 - $79,999","$1,000,000+",new,2026-10-01,true,0
Lori Giacomino,(303) 655-0596,+13036550596,"9075 E 138th Ct Brighton, CO 80602","$400,000 - $499,999","$1,000,000+",new,2026-10-01,true,0
Bryan Birkestol,(360) 658-3570,+13606583570,"8914 138th St NE Arlington, WA 98223","$300,000 - $399,999","$700,000 - $799,999",new,2026-10-01,true,0
Chongsheng CAO,(305) 259-0088,+13052590088,"8465 SW 138th St Village Of Palmetto Bay, FL 33158","$250,000 - $299,999","$1,000,000+",new,2026-10-01,true,0
Mariangeles Arguello,(305) 278-3675,+13052783675,"8464 SW 138th St Village Of Palmetto Bay, FL 33158","$400,000 - $499,999","$1,000,000+",new,2026-10-01,true,0
Sailaja Tumrukota,(305) 255-3214,+13052553214,"8010 SW 138th St Village Of Palmetto Bay, FL 33158","$50,000 - $59,999","$700,000 - $799,999",new,2026-10-01,true,0
Eric Pence,(425) 881-8881,+14258818881,"8004 138th Ave NE Redmond, WA 98052","$300,000 - $399,999","$1,000,000+",new,2026-10-01,true,0
Elaine Roemer,(305) 235-6761,+13052356761,"7705 SW 138th Ter Village Of Palmetto Bay, FL 33158","$80,000 - $89,999","$900,000 - $999,999",new,2026-10-01,true,0
Reinaldo Perera,(305) 254-3378,+13052543378,"7531 SW 138th St Village Of Palmetto Bay, FL 33158","$100,000 - $124,999","$800,000 - $899,999",new,2026-10-01,true,0
Randolph Mills,(727) 391-3533,+17273913533,"7430 138th St Seminole, FL 33776","$100,000 - $124,999","$900,000 - $999,999",new,2026-10-01,true,0
Marc Ellenby,(305) 234-6071,+13052346071,"7245 SW 138th St Village Of Palmetto Bay, FL 33158","$300,000 - $399,999","$1,000,000+",new,2026-10-01,true,0
Michael Bingham,(772) 546-0855,+17725460855,"7030 SE 138th St Hobe Sound, FL 33455","$50,000 - $59,999","$700,000 - $799,999",new,2026-10-01,true,0
Margaret Datillio,(772) 546-7444,+17725467444,"7000 SE 138th St Hobe Sound, FL 33455","$100,000 - $124,999","$1,000,000+",new,2026-10-01,true,0
Elizabeth Garcia,(305) 254-1433,+13052541433,"6711 SW 138th St Village Of Palmetto Bay, FL 33158","$200,000 - $249,999","$1,000,000+",new,2026-10-01,true,0
Richard Olave,(718) 762-6191,+17187626191,"6428 138th St Flushing, NY 11367","$100,000 - $124,999","$800,000 - $899,999",new,2026-10-01,true,0
Joseph Ciofoletti,(718) 886-3920,+17188863920,"6317 138th St Flushing, NY 11367","$60,000 - $69,999","$900,000 - $999,999",new,2026-10-01,true,0
Maria Demarinis,(718) 762-2236,+17187622236,"6315 138th St Flushing, NY 11367","$40,000 - $49,999","$700,000 - $799,999",new,2026-10-01,true,0
Tracy Kruse,(913) 685-1364,+19136851364,"6208 W 138th St Overland Park, KS 66223","$250,000 - $299,999","$800,000 - $899,999",new,2026-10-01,true,0
Jeffrey Wilson,(913) 897-7791,+19138977791,"6200 W 138th St Overland Park, KS 66223","$200,000 - $249,999","$800,000 - $899,999",new,2026-10-01,true,0
Michael Peterson,(952) 855-1226,+19528551226,"5948 138th St NE Prior Lake, MN 55372","$400,000 - $499,999","$700,000 - $799,999",new,2026-10-01,true,0
Kevin Steiner,(480) 661-2666,+14806612666,"12095 N 138th St Scottsdale, AZ 85259","$300,000 - $399,999","$800,000 - $899,999",new,2026-10-01,true,0
Miguel Fernandez,(954) 434-7413,+19544347413,"5830 SW 138th Ter Southwest Ranches, FL 33330","$200,000 - $249,999","$1,000,000+",new,2026-10-01,true,0
Bill Tsadilas,(718) 353-2272,+17183532272,"5732 138th St Flushing, NY 11355","$30,000 - $39,999","$900,000 - $999,999",new,2026-10-01,true,0
David Nofziger,(425) 743-4295,+14257434295,"5614 138th Pl SW Edmonds, WA 98026","$400,000 - $499,999","$800,000 - $899,999",new,2026-10-01,true,0
Theresa Dibella,(718) 939-9436,+17189399436,"5513 138th St Flushing, NY 11355","$30,000 - $39,999","$1,000,000+",new,2026-10-01,true,0
Roger Bartel,(310) 643-8573,+13106438573,"5244 W 138th Pl Hawthorne, CA 90250","$60,000 - $69,999","$1,000,000+",new,2026-10-01,true,0
Natsuko Goldman,(425) 338-7887,+14253387887,"5016 138th St SE Everett, WA 98208","$200,000 - $249,999","$900,000 - $999,999",new,2026-10-01,true,0
Ruth Olson,(425) 746-9399,+14257469399,"4507 138th Ave SE Bellevue, WA 98006","$300,000 - $399,999","$1,000,000+",new,2026-10-01,true,0
Denise Julius,(303) 920-9756,+13039209756,"4303 E 138th Dr Thornton, CO 80602","$250,000 - $299,999","$700,000 - $799,999",new,2026-10-01,true,0
Laverne Eding,(269) 751-5214,+12697515214,"3879 138th Ave Hamilton, MI 49419","$100,000 - $124,999","$1,000,000+",new,2026-10-01,true,0
Manuel Vinent,(305) 554-0437,+13055540437,"3821 SW 138th Ct Miami, FL 33175","$50,000 - $59,999","$1,000,000+",new,2026-10-01,true,0
Dave Ackerman,(913) 897-6116,+19138976116,"3350 W 138th Ter Leawood, KS 66224","$400,000 - $499,999","$700,000 - $799,999",new,2026-10-01,true,0
Herman Velasquez,(954) 382-7505,+19543827505,"3232 SW 138th Way Davie, FL 33330","$200,000 - $249,999","$1,000,000+",new,2026-10-01,true,0
Allen Hansen,(515) 981-5210,+15159815210,"3129 138th Ct Cumming, IA 50061","$300,000 - $399,999","$700,000 - $799,999",new,2026-10-01,true,0
Carletta Herring,(352) 332-2642,+13523322642,"2820 NW 138th Ter Gainesville, FL 32606","$400,000 - $499,999","$800,000 - $899,999",new,2026-10-01,true,0
Kris Hawblitzel,(616) 681-9749,+16166819749,"2512 138th Ave Dorr, MI 49323","$30,000 - $39,999","$900,000 - $999,999",new,2026-10-01,true,0
Rachelle Lynn,(425) 337-7109,+14253377109,"2205 138th Pl SE Mill Creek, WA 98012","$500,000 Plus","$700,000 - $799,999",new,2026-10-01,true,0
Sergio Fernandez,(786) 452-7594,+17864527594,"2087 SW 138th Ct Miami, FL 33175","$80,000 - $89,999","$700,000 - $799,999",new,2026-10-01,true,0
Christi Iwasaki,(503) 643-9404,+15036439404,"1865 NW 138th Ave Portland, OR 97229","$80,000 - $89,999","$700,000 - $799,999",new,2026-10-01,true,0
Karen Dedrickson,(425) 562-9093,+14255629093,"1845 138th Pl SE Bellevue, WA 98005","$30,000 - $39,999","$1,000,000+",new,2026-10-01,true,0
Todd Engle,(402) 333-6547,+14023336547,"1717 N 138th St Omaha, NE 68154","$400,000 - $499,999","$900,000 - $999,999",new,2026-10-01,true,0
Kan Cheng,(718) 746-4039,+17187464039,"1419 138th St College Point, NY 11356","$100,000 - $124,999","$1,000,000+",new,2026-10-01,true,0
Robert Peccia,(718) 767-5203,+17187675203,"1324 138th St College Point, NY 11356","$50,000 - $59,999","$1,000,000+",new,2026-10-01,true,0
Giselle Lugones,(954) 433-2543,+19544332543,"1201 NW 138th Ter Pembroke Pines, FL 33028","$300,000 - $399,999","$1,000,000+",new,2026-10-01,true,0
Luisa Fortino,(718) 746-1462,+17187461462,"1110 138th St College Point, NY 11356","$50,000 - $59,999","$700,000 - $799,999",new,2026-10-01,true,0
Randy Hanson,(715) 268-8354,+17152688354,"854 138th St Amery, WI 54001","$300,000 - $399,999","$800,000 - $899,999",new,2026-10-01,true,0
Teresa Sanchez,(718) 292-5180,+17182925180,"621 E 138th St Bronx, NY 10454","Under $20,000","$900,000 - $999,999",new,2026-10-01,true,0
Herman Banton,(310) 323-1547,+13103231547,"108 E 138th St Los Angeles, CA 90061","$30,000 - $39,999","$700,000 - $799,999",new,2026-10-01,true,0
Sue Powers,(801) 495-9257,+18014959257,"1012 E 13800 S Draper, UT 84020","$100,000 - $124,999","$800,000 - $899,999",new,2026-10-01,true,0
Lynn Carter,(801) 571-1830,+18015711830,"865 E 13800 S Draper, UT 84020","$300,000 - $399,999","$700,000 - $799,999",new,2026-10-01,true,0
Carl Wilson,(801) 429-9835,+18014299835,"1899 W 1380 N Provo, UT 84604","$400,000 - $499,999","$1,000,000+",new,2026-10-01,true,0
Enrique Sosa,(801) 794-8263,+18017948263,"1042 E 1380 S Spanish Fork, UT 84660","$400,000 - $499,999","$800,000 - $899,999",new,2026-10-01,true,0
Lawrence Zinkan,(425) 888-8832,+14258888832,"46316 SE 137th St North Bend, WA 98045","$400,000 - $499,999","$1,000,000+",new,2026-10-01,true,0
Bret Fliehs,(605) 397-8299,+16053978299,"39865 137th St Groton, SD 57445","$70,000 - $79,999","$1,000,000+",new,2026-10-01,true,0
Peter Grewe,(715) 967-2008,+17159672008,"28443 137th St New Auburn, WI 54757","$100,000 - $124,999","$700,000 - $799,999",new,2026-10-01,true,0
Karen Brown,(718) 712-6876,+17187126876,"24312 137th Ave Rosedale, NY 11422","$40,000 - $49,999","$700,000 - $799,999",new,2026-10-01,true,0
Alexandra Hyde,(425) 392-0501,+14253920501,"23645 SE 137th St Issaquah, WA 98027","$200,000 - $249,999","$900,000 - $999,999",new,2026-10-01,true,0
Donna Lundy,(718) 712-3325,+17187123325,"22033 137th Ave Springfield Gardens, NY 11413","$50,000 - $59,999","$700,000 - $799,999",new,2026-10-01,true,0
Aaron Ogus,(425) 497-3648,+14254973648,"22033 NE 137th St Woodinville, WA 98077","$300,000 - $399,999","$1,000,000+",new,2026-10-01,true,0
Sandra Johns,(718) 341-1368,+17183411368,"22024 137th Rd Springfield Gardens, NY 11413","$300,000 - $399,999","$700,000 - $799,999",new,2026-10-01,true,0
Alfred Steadman,(718) 528-2555,+17185282555,"22015 137th Ave Springfield Gardens, NY 11413","$60,000 - $69,999","$800,000 - $899,999",new,2026-10-01,true,0
John Dow,(305) 251-8932,+13052518932,"7425 SW 140th Ter Village Of Palmetto Bay, FL 33158","$300,000 - $399,999","$1,000,000+",new,2026-10-01,true,0
Richard Mckain,(718) 481-9736,+17184819736,"21627 137th Ave Springfield Gardens, NY 11413","$80,000 - $89,999","$700,000 - $799,999",new,2026-10-01,true,0
Myrtle Moody,(718) 723-8205,+17187238205,"21619 137th Ave Springfield Gardens, NY 11413","$30,000 - $39,999","$700,000 - $799,999",new,2026-10-01,true,0
Elizabeth Mcney,(561) 745-0676,+15617450676,"18170 137th Trl N Jupiter, FL 33478","$100,000 - $124,999","$1,000,000+",new,2026-10-01,true,0
Walter Minty,(425) 226-7580,+14252267580,"16226 SE 137th Pl Renton, WA 98059","$200,000 - $249,999","$700,000 - $799,999",new,2026-10-01,true,0
Velda Crawford,(718) 276-4566,+17182764566,"15412 137th Ave Jamaica, NY 11434","$40,000 - $49,999","$700,000 - $799,999",new,2026-10-01,true,0
Amal Jones,(425) 821-5539,+14258215539,"13816 NE 137th St Kirkland, WA 98034","$300,000 - $399,999","$900,000 - $999,999",new,2026-10-01,true,0
Bradley Leross,(425) 820-4290,+14258204290,"13220 137th Pl NE Kirkland, WA 98034","$400,000 - $499,999","$1,000,000+",new,2026-10-01,true,0
Benjamin King,(916) 822-4748,+19168224748,"1515 13th Ave Sacramento, CA 95818","$300,000 - $399,999","$1,000,000+",new,2026-10-01,true,0
Kathleen Dorgan,(425) 888-5509,+14258885509,"1345 SW 13th Pl North Bend, WA 98045","$400,000 - $499,999","$900,000 - $999,999",new,2026-10-01,true,0
Michael Gallagher,(202) 667-4936,+12026674936,"1325 13th St NW Apt 402 Washington, DC 20005","$300,000 - $399,999","$700,000 - $799,999",new,2026-10-01,true,0
Hope Okimoto,(808) 671-6394,+18086716394,"1325 13th Ave Honolulu, HI 96816","$200,000 - $249,999","$1,000,000+",new,2026-10-01,true,0
Modesta Santos,(201) 867-2754,+12018672754,"1316 13th St # 1 North Bergen, NJ 07047","$100,000 - $124,999","$700,000 - $799,999",new,2026-10-01,true,0
Anne Laroche,(202) 232-3602,+12022323602,"1300 13th St NW Apt 408 Washington, DC 20005","$70,000 - $79,999","$700,000 - $799,999",new,2026-10-01,true,0
Colette Burns,(954) 524-8044,+19545248044,"1234 SE 13th Ter Fort Lauderdale, FL 33316","$300,000 - $399,999","$900,000 - $999,999",new,2026-10-01,true,0
Tony Kwok,(425) 462-8822,+14254628822,"9101 NE 13th St Clyde Hill, WA 98004","$250,000 - $299,999","$1,000,000+",new,2026-10-01,true,0
Kathie Trudelle,(425) 462-5041,+14254625041,"9244 NE 13th St Clyde Hill, WA 98004","$400,000 - $499,999","$1,000,000+",new,2026-10-01,true,0
Patricia Saunders,(954) 424-9065,+19544249065,"9370 NW 13th St Plantation, FL 33322","$60,000 - $69,999","$700,000 - $799,999",new,2026-10-01,true,0
Pavel Mazac,(425) 646-1131,+14256461131,"9719 NE 13th St Clyde Hill, WA 98004","$250,000 - $299,999","$1,000,000+",new,2026-10-01,true,0
Patricia Moransais,(954) 340-3674,+19543403674,"9822 NW 13th Ct Coral Springs, FL 33071","$80,000 - $89,999","$700,000 - $799,999",new,2026-10-01,true,0
Randall Hosmer,(206) 784-9295,+12067849295,"10029 13th Ave NW Seattle, WA 98177","$200,000 - $249,999","$700,000 - $799,999",new,2026-10-01,true,0
Ronnie Silverblatt,(954) 475-8198,+19544758198,"10063 NW 13th Ct Plantation, FL 33322","$100,000 - $124,999","$800,000 - $899,999",new,2026-10-01,true,0
Lisa Donahue,(954) 753-7534,+19547537534,"10933 NW 13th Ct Coral Springs, FL 33071","$50,000 - $59,999","$700,000 - $799,999",new,2026-10-01,true,0
Carolee Wechsler,(954) 753-8077,+19547538077,"11033 NW 13th Ct Coral Springs, FL 33071","$70,000 - $79,999","$700,000 - $799,999",new,2026-10-01,true,0
Warren Sendek,(360) 576-8990,+13605768990,"11925 NW 13th Ave Vancouver, WA 98685","$90,000 - $99,999","$700,000 - $799,999",new,2026-10-01,true,0
Jane Willett,(320) 354-2977,+13203542977,"12135 13th St NW Spicer, MN 56288","$300,000 - $399,999","$1,000,000+",new,2026-10-01,true,0
Robert Kaiser,(320) 354-5349,+13203545349,"12171 13th St NW Spicer, MN 56288","$200,000 - $249,999","$800,000 - $899,999",new,2026-10-01,true,0
Shane Gibson,(320) 354-4000,+13203544000,"12335 13th St NW Spicer, MN 56288","$250,000 - $299,999","$800,000 - $899,999",new,2026-10-01,true,0
Dugald Yska,(954) 755-4496,+19547554496,"12702 NW 13th Ct Coral Springs, FL 33071","$300,000 - $399,999","$900,000 - $999,999",new,2026-10-01,true,0
Robert Light,(754) 702-5278,+17547025278,"12729 NW 13th Mnr Coral Springs, FL 33071","$175,000 - $199,999","$700,000 - $799,999",new,2026-10-01,true,0
Anne Nemeroff,(954) 431-4316,+19544314316,"13014 NW 13th St Pembroke Pines, FL 33028","$300,000 - $399,999","$800,000 - $899,999",new,2026-10-01,true,0
Sandra Polesello,(754) 701-8144,+17547018144,"13060 SW 13th St Davie, FL 33325","$100,000 - $124,999","$800,000 - $899,999",new,2026-10-01,true,0
Manuela Auguste,(954) 436-3935,+19544363935,"13075 NW 13th St Pembroke Pines, FL 33028","$400,000 - $499,999","$800,000 - $899,999",new,2026-10-01,true,0
Adelmo Olari,(718) 746-4687,+17187464687,"13903 13th Ave Whitestone, NY 11357","$50,000 - $59,999","$1,000,000+",new,2026-10-01,true,0
Michele Lombardi,(718) 746-1619,+17187461619,"13915 13th Ave Whitestone, NY 11357","$100,000 - $124,999","$1,000,000+",new,2026-10-01,true,0
Nicholas Grippaldi,(718) 746-1606,+17187461606,"14007 13th Ave Whitestone, NY 11357","$100,000 - $124,999","$1,000,000+",new,2026-10-01,true,0
Ronald Lavergne,(954) 428-0776,+19544280776,"1233 SE 13th Ave Deerfield Beach, FL 33441","$400,000 - $499,999","$1,000,000+",new,2026-10-01,true,0
Richard Soria,(718) 357-5402,+17183575402,"14111 13th Ave Whitestone, NY 11357","$200,000 - $249,999","$1,000,000+",new,2026-10-01,true,0
Grzegorz Kozikowski,(718) 357-3818,+17183573818,"14222 13th Ave Whitestone, NY 11357","$250,000 - $299,999","$1,000,000+",new,2026-10-01,true,0
Martin Amoscato,(718) 767-2046,+17187672046,"14603 13th Ave Whitestone, NY 11357","$100,000 - $124,999","$900,000 - $999,999",new,2026-10-01,true,0
Maura Eppler,(718) 767-3961,+17187673961,"14619 13th Ave Whitestone, NY 11357","$100,000 - $124,999","$800,000 - $899,999",new,2026-10-01,true,0
Domenico Sacramone,(718) 721-1076,+17187211076,"14636 13th Ave Whitestone, NY 11357","$400,000 - $499,999","$800,000 - $899,999",new,2026-10-01,true,0
Daniel Adent,(425) 957-0853,+14259570853,"14828 NE 13th St Bellevue, WA 98007","$300,000 - $399,999","$800,000 - $899,999",new,2026-10-01,true,0
Irina Polyakovsky,(425) 644-6102,+14256446102,"15016 NE 13th St Bellevue, WA 98007","$90,000 - $99,999","$1,000,000+",new,2026-10-01,true,0
Larry Robinson,(425) 641-6567,+14256416567,"15071 NE 13th St Bellevue, WA 98007","$80,000 - $89,999","$1,000,000+",new,2026-10-01,true,0
Sharon Bai,(718) 746-0526,+17187460526,"15235 13th Ave Whitestone, NY 11357","$70,000 - $79,999","$1,000,000+",new,2026-10-01,true,0
Daniel Driscoll,(352) 224-5114,+13522245114,"15268 NW 13th Pl Newberry, FL 32669","$400,000 - $499,999","$800,000 - $899,999",new,2026-10-01,true,0
Frank Gega,(718) 746-7914,+17187467914,"15429 13th Ave Whitestone, NY 11357","$400,000 - $499,999","$1,000,000+",new,2026-10-01,true,0
Niko Sota,(718) 767-2856,+17187672856,"15456 13th Ave Whitestone, NY 11357","$250,000 - $299,999","$1,000,000+",new,2026-10-01,true,0
John Manolidis,(718) 767-0545,+17187670545,"15716 13th Ave Whitestone, NY 11357","$300,000 - $399,999","$900,000 - $999,999",new,2026-10-01,true,0
Riko Licul,(718) 746-4425,+17187464425,"15759 13th Ave Whitestone, NY 11357","$50,000 - $59,999","$1,000,000+",new,2026-10-01,true,0
Bonnie Sokolow,(954) 430-9987,+19544309987,"15969 SW 13th St Pembroke Pines, FL 33027","$70,000 - $79,999","$800,000 - $899,999",new,2026-10-01,true,0
Alvin Rollins,(954) 431-6326,+19544316326,"15981 SW 13th St Pembroke Pines, FL 33027","$400,000 - $499,999","$900,000 - $999,999",new,2026-10-01,true,0
Christine Dailey,(954) 443-6636,+19544436636,"15986 SW 13th St Pembroke Pines, FL 33027","$300,000 - $399,999","$800,000 - $899,999",new,2026-10-01,true,0
Vito Gerbino,(718) 746-5740,+17187465740,"16215 13th Ave Whitestone, NY 11357","$400,000 - $499,999","$1,000,000+",new,2026-10-01,true,0
Martin Palermo,(718) 767-6189,+17187676189,"16229 13th Ave Whitestone, NY 11357","$400,000 - $499,999","$1,000,000+",new,2026-10-01,true,0
Mary De La Vega,(954) 443-3014,+19544433014,"16373 NW 13th St Pembroke Pines, FL 33028","$100,000 - $124,999","$700,000 - $799,999",new,2026-10-01,true,0
Helen Moses,(954) 437-0388,+19544370388,"16380 NW 13th St Pembroke Pines, FL 33028","$400,000 - $499,999","$700,000 - $799,999",new,2026-10-01,true,0
Hugh Mcneil,(206) 782-2042,+12067822042,"17019 13th Ave NE Shoreline, WA 98155","$300,000 - $399,999","$700,000 - $799,999",new,2026-10-01,true,0
Lawrence Marlowe,(305) 651-3661,+13056513661,"17121 NE 13th Ave Miami, FL 33162","$100,000 - $124,999","$700,000 - $799,999",new,2026-10-01,true,0
Beryl Hilton,(954) 435-5771,+19544355771,"17225 SW 13th St Pembroke Pines, FL 33029","$400,000 - $499,999","$1,000,000+",new,2026-10-01,true,0
Raquel Holtz,(305) 651-6478,+13056516478,"17320 NE 13th Ave North Miami Beach, FL 33162","$60,000 - $69,999","$700,000 - $799,999",new,2026-10-01,true,0
Steven Lodge,(206) 546-8849,+12065468849,"17704 13th Ave NW Shoreline, WA 98177","$300,000 - $399,999","$1,000,000+",new,2026-10-01,true,0
Joseph Amodio,(954) 431-9062,+19544319062,"17950 NW 13th St Pembroke Pines, FL 33029","$200,000 - $249,999","$800,000 - $899,999",new,2026-10-01,true,0
Edward Shashaty,(954) 441-2829,+19544412829,"19486 NW 13th St Pembroke Pines, FL 33029","$400,000 - $499,999","$900,000 - $999,999",new,2026-10-01,true,0
Frederick Sands,(425) 837-8056,+14258378056,"21341 SE 13th Pl Sammamish, WA 98075","$300,000 - $399,999","$1,000,000+",new,2026-10-01,true,0
Min Lin,(425) 427-0874,+14254270874,"22626 SE 13th St Sammamish, WA 98075","$200,000 - $249,999","$1,000,000+",new,2026-10-01,true,0
Vincent Manzella,(941) 792-6029,+19417926029,"9211 13th Avenue Cir NW Bradenton, FL 34209","$50,000 - $59,999","$700,000 - $799,999",new,2026-10-01,true,0
Martin Jacobs,(941) 794-0044,+19417940044,"9215 13th Avenue Cir NW Bradenton, FL 34209","$70,000 - $79,999","$800,000 - $899,999",new,2026-10-01,true,0
Lisa Nowak,(253) 847-8433,+12538478433,"26721 13th Avenue Ct E Spanaway, WA 98387","$70,000 - $79,999","$800,000 - $899,999",new,2026-10-01,true,0
Mimi Kue,(248) 737-0662,+12487370662,"26311 W 14 Mile Rd Franklin, MI 48025","$200,000 - $249,999","$700,000 - $799,999",new,2026-10-01,true,0
Eileen Jacobson,(801) 491-0474,+18014910474,"735 E 1400 N Mapleton, UT 84664","$200,000 - $249,999","$700,000 - $799,999",new,2026-10-01,true,0
Rodney Blomquist,(801) 582-8303,+18015828303,"1614 S 1400 E Salt Lake City, UT 84105","$150,000 - $174,999","$700,000 - $799,999",new,2026-10-01,true,0
Todd Johnson,(801) 798-9021,+18017989021,"1871 E 1400 S Spanish Fork, UT 84660","$300,000 - $399,999","$800,000 - $899,999",new,2026-10-01,true,0
Shirley Sanders,(435) 586-2117,+14355862117,"4768 W 1400 S Cedar City, UT 84720","$400,000 - $499,999","$900,000 - $999,999",new,2026-10-01,true,0
Wendell Shallenberger,(435) 865-7819,+14358657819,"4903 W 1400 S Cedar City, UT 84720","$50,000 - $59,999","$700,000 - $799,999",new,2026-10-01,true,0
Glenda Grimshaw,(435) 586-7517,+14355867517,"5546 N 1400 E Enoch, UT 84721","$100,000 - $124,999","$1,000,000+",new,2026-10-01,true,0
Martha Nelson,(801) 253-7978,+18012537978,"16725 S 1400 W Bluffdale, UT 84065","$200,000 - $249,999","$1,000,000+",new,2026-10-01,true,0
Joni Christensen,(435) 673-0216,+14356730216,"2621 E 1400 South Cir Saint George, UT 84790","$400,000 - $499,999","$1,000,000+",new,2026-10-01,true,0
Don Lund,(309) 522-5892,+13095225892,"8585 N 1400th Ave Osco, IL 61274","$250,000 - $299,999","$800,000 - $899,999",new,2026-10-01,true,0
Dennis Goldstein,(425) 643-0389,+14256430389,"136 140th Pl NE Bellevue, WA 98007","$300,000 - $399,999","$900,000 - $999,999",new,2026-10-01,true,0
Timothy Garoutte,(425) 742-2539,+14257422539,"323 140th St SW Everett, WA 98208","$400,000 - $499,999","$800,000 - $899,999",new,2026-10-01,true,0
Dale Woodford,(425) 957-0225,+14259570225,"451 140th Ave NE Bellevue, WA 98005","$200,000 - $249,999","$1,000,000+",new,2026-10-01,true,0
Linda Stefonek,(715) 246-5231,+17152465231,"872 140th Ave New Richmond, WI 54017","$100,000 - $124,999","$700,000 - $799,999",new,2026-10-01,true,0
Bruce Kahn,(954) 443-0666,+19544430666,"1580 NW 140th Mnr Pembroke Pines, FL 33028","$400,000 - $499,999","$1,000,000+",new,2026-10-01,true,0
Margaret Hotopp,(641) 486-2235,+16414862235,"1727 140th St Union, IA 50258","$200,000 - $249,999","$700,000 - $799,999",new,2026-10-01,true,0
Virginia Kotzmann,(480) 963-9173,+14809639173,"1919 S 140th Pl Gilbert, AZ 85295","$100,000 - $124,999","$1,000,000+",new,2026-10-01,true,0
Frank Setzler,(480) 899-2382,+14808992382,"1988 S 140th Pl Gilbert, AZ 85295","$80,000 - $89,999","$900,000 - $999,999",new,2026-10-01,true,0
Kevin Lamb,(206) 364-2078,+12063642078,"2208 N 140th St Seattle, WA 98133","$200,000 - $249,999","$1,000,000+",new,2026-10-01,true,0
Robert Mandy,(425) 337-5081,+14253375081,"2404 140th Pl SE Mill Creek, WA 98012","$200,000 - $249,999","$1,000,000+",new,2026-10-01,true,0
Clifford Hearne,(425) 316-1926,+14253161926,"2412 140th Pl SE Mill Creek, WA 98012","$300,000 - $399,999","$900,000 - $999,999",new,2026-10-01,true,0
Billy Sauls,(954) 452-0287,+19544520287,"2700 SW 140th Ter Davie, FL 33330","$100,000 - $124,999","$800,000 - $899,999",new,2026-10-01,true,0
Otto Beard,(616) 896-9430,+16168969430,"2786 140th Ave Dorr, MI 49323","$100,000 - $124,999","$1,000,000+",new,2026-10-01,true,0
Robert Lowry,(425) 338-9159,+14253389159,"2809 140th Pl SE Mill Creek, WA 98012","$300,000 - $399,999","$800,000 - $899,999",new,2026-10-01,true,0
Venkatacha Mohan,(425) 644-4505,+14256444505,"2830 140th Ave NE Bellevue, WA 98005","$300,000 - $399,999","$1,000,000+",new,2026-10-01,true,0
Thomas Chaklos,(952) 445-5706,+19524455706,"3161 140th St NW Prior Lake, MN 55372","$400,000 - $499,999","$1,000,000+",new,2026-10-01,true,0
Wayne Reimer,(425) 885-1728,+14258851728,"3251 140th Ave NE Bellevue, WA 98005","$300,000 - $399,999","$1,000,000+",new,2026-10-01,true,0
George Bejvl,(425) 881-2824,+14258812824,"3458 140th Ave NE Bellevue, WA 98005","$400,000 - $499,999","$1,000,000+",new,2026-10-01,true,0
Luis De Armas,(786) 353-2021,+17863532021,"4011 SW 140th Ave Miami, FL 33175","$150,000 - $174,999","$800,000 - $899,999",new,2026-10-01,true,0
Daniel Klamm,(952) 445-7632,+19524457632,"4130 140th St NE Prior Lake, MN 55372","$300,000 - $399,999","$900,000 - $999,999",new,2026-10-01,true,0
David Robertson,(425) 881-6094,+14258816094,"4236 140th Ave NE Bellevue, WA 98005","$250,000 - $299,999","$1,000,000+",new,2026-10-01,true,0
Michele Vannostrand,(954) 382-9481,+19543829481,"4354 SW 140th Ave Davie, FL 33330","$400,000 - $499,999","$1,000,000+",new,2026-10-01,true,0
Ronald Klein,(269) 751-8632,+12697518632,"4438 140th Ave Holland, MI 49423","$400,000 - $499,999","$1,000,000+",new,2026-10-01,true,0
Paul Mosmans,(310) 675-6982,+13106756982,"4627 W 140th St Hawthorne, CA 90250","$50,000 - $59,999","$800,000 - $899,999",new,2026-10-01,true,0
David Warneking,(503) 645-8494,+15036458494,"4900 NW 140th Ave Portland, OR 97229","$400,000 - $499,999","$1,000,000+",new,2026-10-01,true,0
William Morgan,(352) 489-0673,+13524890673,"4900 SW 140th Ave Ocala, FL 34481","$50,000 - $59,999","$700,000 - $799,999",new,2026-10-01,true,0
James Remmele,(507) 925-4303,+15079254303,"5924 140th Ave Echo, MN 56237","$400,000 - $499,999","$1,000,000+",new,2026-10-01,true,0
William Buchanan,(425) 883-2472,+14258832472,"6418 140th Ave NE Redmond, WA 98052","$300,000 - $399,999","$1,000,000+",new,2026-10-01,true,0
Thomas Torchia,(561) 225-1345,+15612251345,"6557 140th Ln N West Palm Beach, FL 33418","$200,000 - $249,999","$700,000 - $799,999",new,2026-10-01,true,0
Kenneth Tuma,(561) 630-2245,+15616302245,"6641 140th Ln N Palm Beach Gardens, FL 33418","$300,000 - $399,999","$700,000 - $799,999",new,2026-10-01,true,0
Charlene Mccornack,(425) 823-3716,+14258233716,"7345 NE 140th Pl Kirkland, WA 98034","$150,000 - $174,999","$700,000 - $799,999",new,2026-10-01,true,0
Glenn Copeland,(786) 250-3704,+17862503704,"7355 SW 140th Ter Village Of Palmetto Bay, FL 33158","$400,000 - $499,999","$900,000 - $999,999",new,2026-10-01,true,0
Dennis Francisco,(425) 823-0793,+14258230793,"7856 NE 140th Pl Kirkland, WA 98034","$90,000 - $99,999","$900,000 - $999,999",new,2026-10-01,true,0
Lorraine Dunlop,(305) 238-8235,+13052388235,"8421 SW 140th St Village Of Palmetto Bay, FL 33158","$90,000 - $99,999","$1,000,000+",new,2026-10-01,true,0
Nancy Soderholm,(305) 232-2169,+13052322169,"8460 SW 140th St Village Of Palmetto Bay, FL 33158","$200,000 - $249,999","$900,000 - $999,999",new,2026-10-01,true,0
Angela Adduci,(516) 233-2030,+15162332030,"602 S 13th St New Hyde Park, NY 11040","$250,000 - $299,999","$700,000 - $799,999",new,2026-10-01,true,0
Kathleen Dorosy,(954) 764-3392,+19547643392,"606 NE 13th Ave Fort Lauderdale, FL 33304","$60,000 - $69,999","$700,000 - $799,999",new,2026-10-01,true,0
Margaret Ripmaster,(303) 443-3305,+13034433305,"626 13th St Boulder, CO 80302","$300,000 - $399,999","$1,000,000+",new,2026-10-01,true,0
Melvin Brunetti,(310) 546-2164,+13105462164,"645 13th St Manhattan Beach, CA 90266","$300,000 - $399,999","$1,000,000+",new,2026-10-01,true,0
Phyllis Hartman,(832) 986-5038,+18329865038,"707 E 13th St Houston, TX 77008","$400,000 - $499,999","$1,000,000+",new,2026-10-01,true,0
Ron Walsh,(360) 671-9709,+13606719709,"715 13th St Bellingham, WA 98225","$90,000 - $99,999","$800,000 - $899,999",new,2026-10-01,true,0
Mark Newman,(949) 642-5355,+19496425355,"719 13th St Huntington Beach, CA 92648","$250,000 - $299,999","$900,000 - $999,999",new,2026-10-01,true,0
Ivan Fields,(202) 396-1681,+12023961681,"721 13th St SE Apt 12 Washington, DC 20003","$80,000 - $89,999","$800,000 - $899,999",new,2026-10-01,true,0
Philip Buchmeier,(206) 764-0193,+12067640193,"9033 13th Ave SW Seattle, WA 98106","$80,000 - $89,999","$800,000 - $899,999",new,2026-10-01,true,0
Alfred Celaya,(602) 374-7830,+16023747830,"8504 N 13th Ave Phoenix, AZ 85021","$400,000 - $499,999","$1,000,000+",new,2026-10-01,true,0
Hugh Kelso,(206) 789-3906,+12067893906,"8317 13th Ave NW Seattle, WA 98117","$250,000 - $299,999","$700,000 - $799,999",new,2026-10-01,true,0
Donald Martinelli,(718) 833-6161,+17188336161,"8306 13th Ave Brooklyn, NY 11228","$50,000 - $59,999","$1,000,000+",new,2026-10-01,true,0
Stephen Good,(602) 253-9226,+16022539226,"8224 N 13th Ave Phoenix, AZ 85021","$300,000 - $399,999","$1,000,000+",new,2026-10-01,true,0
Tammy Insoft,(727) 384-8809,+17273848809,"8069 13th Ave S Saint Petersburg, FL 33707","$300,000 - $399,999","$1,000,000+",new,2026-10-01,true,0
Christopher Magnusson,(206) 789-1324,+12067891324,"8040 13th Ave NW Seattle, WA 98117","$300,000 - $399,999","$900,000 - $999,999",new,2026-10-01,true,0
Laverne Page,(202) 829-6058,+12028296058,"7922 13th St NW Washington, DC 20012","$300,000 - $399,999","$900,000 - $999,999",new,2026-10-01,true,0
Michael Miller,(202) 723-5016,+12027235016,"7900 13th St NW Washington, DC 20012","$300,000 - $399,999","$800,000 - $899,999",new,2026-10-01,true,0
Richard Cody,(559) 584-3820,+15595843820,"7813 13th Ave Hanford, CA 93230","$50,000 - $59,999","$800,000 - $899,999",new,2026-10-01,true,0
Graciela Baten,(202) 882-6162,+12028826162,"7624 13th St NW Washington, DC 20012","$300,000 - $399,999","$900,000 - $999,999",new,2026-10-01,true,0
Michael Miya,(559) 584-3806,+15595843806,"7597 13th Ave Hanford, CA 93230","$300,000 - $399,999","$1,000,000+",new,2026-10-01,true,0
William Griffith,(206) 782-4625,+12067824625,"7303 13th Ave NW Seattle, WA 98117","$400,000 - $499,999","$900,000 - $999,999",new,2026-10-01,true,0
Jay Smith,(425) 889-5942,+14258895942,"544 13th Ave W Kirkland, WA 98033","$400,000 - $499,999","$1,000,000+",new,2026-10-01,true,0
David Woodward,(301) 434-5380,+13014345380,"7200 13th Pl Takoma Park, MD 20912","$400,000 - $499,999","$700,000 - $799,999",new,2026-10-01,true,0
Luis Espinosa,(941) 741-3770,+19417413770,"6911 13th Ave E Bradenton, FL 34208","$80,000 - $89,999","$700,000 - $799,999",new,2026-10-01,true,0
Ann Junge,(319) 442-3554,+13194423554,"6858 13th Ave Keystone, IA 52249","$60,000 - $69,999","$700,000 - $799,999",new,2026-10-01,true,0
Mike Siva,(206) 762-4945,+12067624945,"6763 13th Ave SW Seattle, WA 98106","$90,000 - $99,999","$700,000 - $799,999",new,2026-10-01,true,0
Shirley Altermatt,(503) 245-6587,+15032456587,"6745 SW 13th Ave Portland, OR 97219","$150,000 - $174,999","$700,000 - $799,999",new,2026-10-01,true,0
Lisa Dickerson,(206) 783-8178,+12067838178,"6744 13th Ave NW Seattle, WA 98117","$300,000 - $399,999","$700,000 - $799,999",new,2026-10-01,true,0
Sherryl Newman,(202) 723-6629,+12027236629,"6629 13th Pl NW Washington, DC 20012","$300,000 - $399,999","$800,000 - $899,999",new,2026-10-01,true,0
Matthew Frisk,(701) 298-9494,+17012989494,"6459 13th St N Fargo, ND 58102","$300,000 - $399,999","$700,000 - $799,999",new,2026-10-01,true,0
Michelle Currier,(701) 293-8861,+17012938861,"6444 13th St N Fargo, ND 58102","$250,000 - $299,999","$700,000 - $799,999",new,2026-10-01,true,0
Ailene Daniels,(202) 882-7952,+12028827952,"6428 13th St NW Washington, DC 20012","$300,000 - $399,999","$700,000 - $799,999",new,2026-10-01,true,0
Martin Winkel,(941) 747-1212,+19417471212,"6404 13th Ave E Bradenton, FL 34208","$100,000 - $124,999","$700,000 - $799,999",new,2026-10-01,true,0
Brad Gamble,(703) 660-1204,+17036601204,"6403 13th St Alexandria, VA 22307","$300,000 - $399,999","$700,000 - $799,999",new,2026-10-01,true,0
Ulises Romero,(202) 722-4659,+12027224659,"6400 13th St NW Washington, DC 20012","Under $20,000","$700,000 - $799,999",new,2026-10-01,true,0
Susan Lahaise,(701) 237-9339,+17012379339,"6331 13th St N Fargo, ND 58102","$250,000 - $299,999","$800,000 - $899,999",new,2026-10-01,true,0
Barbara Schaff,(701) 232-2132,+17012322132,"6319 13th St N Fargo, ND 58102","$300,000 - $399,999","$800,000 - $899,999",new,2026-10-01,true,0
Milton Harris,(202) 882-7289,+12028827289,"6307 13th St NW Washington, DC 20011","$70,000 - $79,999","$700,000 - $799,999",new,2026-10-01,true,0
Kevin Moffitt,(503) 233-5922,+15032335922,"6139 SE 13th Ave Portland, OR 97202","$200,000 - $249,999","$800,000 - $899,999",new,2026-10-01,true,0
David Paul,(503) 248-9844,+15032489844,"6138 SE 13th Ave Portland, OR 97202","$200,000 - $249,999","$700,000 - $799,999",new,2026-10-01,true,0
Ben Cacioppo,(202) 398-6969,+12023986969,"723 13th St NE Washington, DC 20002","$400,000 - $499,999","$900,000 - $999,999",new,2026-10-01,true,0
Michael Scheer,(303) 449-9723,+13034499723,"832 13th St Boulder, CO 80302","$40,000 - $49,999","$1,000,000+",new,2026-10-01,true,0
Sidney Nath,(718) 377-6418,+17183776418,"850 E 13th St Brooklyn, NY 11230","$70,000 - $79,999","$900,000 - $999,999",new,2026-10-01,true,0
Dennis Rapps,(718) 859-2670,+17188592670,"870 E 13th St Brooklyn, NY 11230","$60,000 - $69,999","$1,000,000+",new,2026-10-01,true,0
Jack Gartenhaus,(718) 338-2934,+17183382934,"874 E 13th St Brooklyn, NY 11230","$30,000 - $39,999","$1,000,000+",new,2026-10-01,true,0
Dennis Forman,(718) 377-4740,+17183774740,"914 E 13th St Apt 2 Brooklyn, NY 11230","$40,000 - $49,999","$900,000 - $999,999",new,2026-10-01,true,0
Moshe Davis,(718) 258-3603,+17182583603,"920 E 13th St Brooklyn, NY 11230","$80,000 - $89,999","$1,000,000+",new,2026-10-01,true,0
Elhanan Marvit,(718) 377-6136,+17183776136,"924 E 13th St # 2 Brooklyn, NY 11230","$60,000 - $69,999","$900,000 - $999,999",new,2026-10-01,true,0
Cheryl Bakos,(954) 923-4115,+19549234115,"927 S 13th Ave Hollywood, FL 33019","$100,000 - $124,999","$700,000 - $799,999",new,2026-10-01,true,0
Jay Blunk,(847) 853-9453,+18478539453,"929 13th St Wilmette, IL 60091","$200,000 - $249,999","$1,000,000+",new,2026-10-01,true,0
Joseph Pare,(954) 531-6192,+19545316192,"1021 SE 13th Ave Deerfield Beach, FL 33441","$400,000 - $499,999","$1,000,000+",new,2026-10-01,true,0
Ileana Ramos,(561) 362-6595,+15613626595,"1078 SW 13th Dr Boca Raton, FL 33486","$100,000 - $124,999","$700,000 - $799,999",new,2026-10-01,true,0
Allison Lovell,(360) 671-6657,+13606716657,"1105 13th St Bellingham, WA 98225","$300,000 - $399,999","$700,000 - $799,999",new,2026-10-01,true,0
Debbie Yerby,(205) 932-7744,+12059327744,"1120 13th St NW Fayette, AL 35555","$125,000 - $149,999","$1,000,000+",new,2026-10-01,true,0
Walter Newmark,(718) 338-9696,+17183389696,"1128 E 13th St Brooklyn, NY 11230","$100,000 - $124,999","$800,000 - $899,999",new,2026-10-01,true,0
Eli Neumann,(718) 258-2989,+17182582989,"1130 E 13th St Brooklyn, NY 11230","$300,000 - $399,999","$1,000,000+",new,2026-10-01,true,0
Kathy Carcamo,(310) 833-1208,+13108331208,"1143 W 13th St San Pedro, CA 90731","$250,000 - $299,999","$1,000,000+",new,2026-10-01,true,0
Pnina Akerman,(718) 253-0649,+17182530649,"1157 E 13th St Brooklyn, NY 11230","$100,000 - $124,999","$900,000 - $999,999",new,2026-10-01,true,0
Robin Koslowitz,(718) 677-6234,+17186776234,"1162 E 13th St Brooklyn, NY 11230","$400,000 - $499,999","$900,000 - $999,999",new,2026-10-01,true,0
Sonny Marconi,(954) 929-1033,+19549291033,"1231 S 13th Ave Hollywood, FL 33019","$100,000 - $124,999","$1,000,000+",new,2026-10-01,true,0
Benjamin Taub,(718) 253-0937,+17182530937,"1229 E 13th St Brooklyn, NY 11230","$50,000 - $59,999","$1,000,000+",new,2026-10-01,true,0
Alan Shimabukuro,(808) 734-0440,+18087340440,"1226 13th Ave Honolulu, HI 96816","$150,000 - $174,999","$1,000,000+",new,2026-10-01,true,0
Thomas Clyburn,(941) 708-5147,+19417085147,"6114 13th Ave E Bradenton, FL 34208","$100,000 - $124,999","$700,000 - $799,999",new,2026-10-01,true,0
Donna Alexander,(202) 723-3812,+12027233812,"6104 13th St NW Washington, DC 20011","$90,000 - $99,999","$800,000 - $899,999",new,2026-10-01,true,0
Perry Thurston,(954) 321-6349,+19543216349,"6041 SW 13th St Plantation, FL 33317","$150,000 - $174,999","$700,000 - $799,999",new,2026-10-01,true,0
William Jolley,(202) 723-8863,+12027238863,"5711 13th St NW Washington, DC 20011","$250,000 - $299,999","$1,000,000+",new,2026-10-01,true,0
Beverly Gordon,(202) 723-6833,+12027236833,"5007 13th St NW Washington, DC 20011","$50,000 - $59,999","$700,000 - $799,999",new,2026-10-01,true,0
David Milwood,(772) 562-2447,+17725622447,"4920 13th Ln Vero Beach, FL 32966","$90,000 - $99,999","$1,000,000+",new,2026-10-01,true,0
Edward Lowe,(772) 999-2677,+17729992677,"4910 13th Ln Vero Beach, FL 32966","$200,000 - $249,999","$700,000 - $799,999",new,2026-10-01,true,0
Jeffrey Livingston,(772) 794-0222,+17727940222,"4860 13th Pl Vero Beach, FL 32966","$400,000 - $499,999","$900,000 - $999,999",new,2026-10-01,true,0
Marshall Cromwell,(703) 525-1581,+17035251581,"4818 13th St N Arlington, VA 22205","$200,000 - $249,999","$900,000 - $999,999",new,2026-10-01,true,0
Donna Lekang,(703) 527-0020,+17035270020,"4817 13th St N Arlington, VA 22205","$400,000 - $499,999","$900,000 - $999,999",new,2026-10-01,true,0
Stephen Waltz,(954) 202-2636,+19542022636,"4810 NE 13th Ave Oakland Park, FL 33334","$150,000 - $174,999","$700,000 - $799,999",new,2026-10-01,true,0
Gregory Boast,(941) 722-3611,+19417223611,"4515 13th St W Palmetto, FL 34221","$50,000 - $59,999","$900,000 - $999,999",new,2026-10-01,true,0
Miguel Gimenez,(305) 446-5201,+13054465201,"4440 SW 13th St Miami, FL 33134","$400,000 - $499,999","$1,000,000+",new,2026-10-01,true,0
Patrick Houston,(202) 269-4083,+12022694083,"4425 13th Pl NE Washington, DC 20017","$400,000 - $499,999","$800,000 - $899,999",new,2026-10-01,true,0
Leon Cover,(202) 483-1172,+12024831172,"4415 13th Pl NE Washington, DC 20017","$400,000 - $499,999","$700,000 - $799,999",new,2026-10-01,true,0
John Karrer,(727) 329-9565,+17273299565,"4401 13th Ln NE Saint Petersburg, FL 33703","$200,000 - $249,999","$700,000 - $799,999",new,2026-10-01,true,0
Daniel Rogers,(239) 352-7161,+12393527161,"4315 13th Ave SW Naples, FL 34116","$175,000 - $199,999","$800,000 - $899,999",new,2026-10-01,true,0
Carmen Arroyo,(202) 635-2174,+12026352174,"4314 13th St NE Washington, DC 20017","$70,000 - $79,999","$700,000 - $799,999",new,2026-10-01,true,0
Jay Lundeen,(701) 838-3628,+17018383628,"4301 13th St NE Minot, ND 58703","$300,000 - $399,999","$900,000 - $999,999",new,2026-10-01,true,0
Sherida Bornfleth,(206) 768-2513,+12067682513,"4146 13th Ave S Seattle, WA 98108","$400,000 - $499,999","$700,000 - $799,999",new,2026-10-01,true,0
Hugh Elliott,(202) 529-8063,+12025298063,"4014 13th St NE Washington, DC 20017","$70,000 - $79,999","$700,000 - $799,999",new,2026-10-01,true,0
Richard Hagberg,(727) 526-8127,+17275268127,"4000 13th Way NE Saint Petersburg, FL 33703","$100,000 - $124,999","$700,000 - $799,999",new,2026-10-01,true,0
Kim Russo,(727) 525-8820,+17275258820,"3915 13th Way NE Saint Petersburg, FL 33703","$200,000 - $249,999","$1,000,000+",new,2026-10-01,true,0
Solomon Kaplan,(718) 686-0990,+17186860990,"3913 13th Ave Brooklyn, NY 11218","$60,000 - $69,999","$1,000,000+",new,2026-10-01,true,0
Tommie Robinson,(202) 832-8785,+12028328785,"3912 13th St NE Washington, DC 20017","$150,000 - $174,999","$700,000 - $799,999",new,2026-10-01,true,0
Sharon Smith,(202) 291-3829,+12022913829,"3831 13th St NW Washington, DC 20011","$200,000 - $249,999","$800,000 - $899,999",new,2026-10-01,true,0
Hugh Healey,(503) 288-8062,+15032888062,"3816 NE 13th Ave Portland, OR 97212","$300,000 - $399,999","$800,000 - $899,999",new,2026-10-01,true,0
Sharon Grazier,(703) 553-0257,+17035530257,"3808 13th St S Arlington, VA 22204","$300,000 - $399,999","$700,000 - $799,999",new,2026-10-01,true,0
Mark Koiwai,(202) 722-4418,+12027224418,"3807 13th St NW Washington, DC 20011","$60,000 - $69,999","$700,000 - $799,999",new,2026-10-01,true,0
Kevin Bernander,(608) 254-6170,+16082546170,"3641 13th Dr Wisconsin Dells, WI 53965","$300,000 - $399,999","$700,000 - $799,999",new,2026-10-01,true,0
Brian Rosso,(206) 762-9653,+12067629653,"4333 13th Ave S Seattle, WA 98108","$200,000 - $249,999","$900,000 - $999,999",new,2026-10-01,true,0
Ernosto Condado,(202) 462-6196,+12024626196,"3630 13th St NW Washington, DC 20010","$80,000 - $89,999","$800,000 - $899,999",new,2026-10-01,true,0
Cheryl Johnson,(701) 572-4424,+17015724424,"3606 13th Ave E Williston, ND 58801","$70,000 - $79,999","$900,000 - $999,999",new,2026-10-01,true,0
Leoncio Escobar,(718) 728-4826,+17187284826,"3351 13th St Fl 1 Long Island City, NY 11106","$80,000 - $89,999","$1,000,000+",new,2026-10-01,true,0
Danny Bauste,(701) 774-3462,+17017743462,"3321 13th Ave E Williston, ND 58801","$200,000 - $249,999","$1,000,000+",new,2026-10-01,true,0
Pamela Fields,(202) 265-8089,+12022658089,"3012 13th St NW Washington, DC 20009","$300,000 - $399,999","$1,000,000+",new,2026-10-01,true,0
Jeffrey Ihnen,(703) 979-5570,+17039795570,"2705 13th St S Arlington, VA 22204","$100,000 - $124,999","$800,000 - $899,999",new,2026-10-01,true,0
Victoria Minard,(954) 565-0719,+19545650719,"2600 NE 13th St Fort Lauderdale, FL 33304","$400,000 - $499,999","$1,000,000+",new,2026-10-01,true,0
Louis Biscuiti,(718) 769-6855,+17187696855,"2447 E 13th St Brooklyn, NY 11235","$50,000 - $59,999","$900,000 - $999,999",new,2026-10-01,true,0
James Welch,(954) 564-1691,+19545641691,"2414 NE 13th Ct Fort Lauderdale, FL 33304","$400,000 - $499,999","$1,000,000+",new,2026-10-01,true,0
Andreas Sideridis,(703) 527-6796,+17035276796,"2411 13th Ct N Arlington, VA 22201","$300,000 - $399,999","$1,000,000+",new,2026-10-01,true,0
Leon Boulavsky,(703) 465-5260,+17034655260,"2409 13th Ct N Arlington, VA 22201","$300,000 - $399,999","$1,000,000+",new,2026-10-01,true,0
David Arnold,(352) 237-2372,+13522372372,"2332 SE 13th St Ocala, FL 34471","$300,000 - $399,999","$1,000,000+",new,2026-10-01,true,0
Stephanie Cartwright,(352) 368-2747,+13523682747,"2329 SE 13th St Ocala, FL 34471","$250,000 - $299,999","$1,000,000+",new,2026-10-01,true,0
Carolyn Gullatt,(202) 667-1232,+12026671232,"2239 13th St NW Washington, DC 20009","$400,000 - $499,999","$800,000 - $899,999",new,2026-10-01,true,0
Kimberlee Locke-Bukowski,(202) 588-1701,+12025881701,"2207 13th St NW Washington, DC 20009","$300,000 - $399,999","$1,000,000+",new,2026-10-01,true,0
Roscoe Lock,(206) 325-7425,+12063257425,"2203 13th Ave S Seattle, WA 98144","$50,000 - $59,999","$700,000 - $799,999",new,2026-10-01,true,0
Sharon Ming,(863) 467-2362,+18634672362,"2185 SW 13th St Okeechobee, FL 34974","$250,000 - $299,999","$800,000 - $899,999",new,2026-10-01,true,0
Karen Haubrich,(760) 632-1758,+17606321758,"2150 13th St Encinitas, CA 92024","$300,000 - $399,999","$1,000,000+",new,2026-10-01,true,0
Gary Menzimer,(760) 452-7320,+17604527320,"2147 13th St Encinitas, CA 92024","$400,000 - $499,999","$1,000,000+",new,2026-10-01,true,0
Margaret Fonticiella,(305) 541-3550,+13055413550,"2037 SW 13th St Miami, FL 33145","$20,000 - $29,999","$700,000 - $799,999",new,2026-10-01,true,0
John Sheftall,(706) 221-3192,+17062213192,"2037 13th St Columbus, GA 31906","$50,000 - $59,999","$900,000 - $999,999",new,2026-10-01,true,0
Sergio Garcia,(718) 872-7964,+17188727964,"2026 W 13th St Brooklyn, NY 11223","$50,000 - $59,999","$1,000,000+",new,2026-10-01,true,0
David Bildirici,(718) 998-8156,+17189988156,"1969 E 13th St Brooklyn, NY 11229","$400,000 - $499,999","$1,000,000+",new,2026-10-01,true,0
Ralph Habbouba,(718) 382-6736,+17183826736,"1962 E 13th St Brooklyn, NY 11229","$400,000 - $499,999","$1,000,000+",new,2026-10-01,true,0
Ravit Mizrahi,(718) 787-9779,+17187879779,"1960 E 13th St Brooklyn, NY 11229","$200,000 - $249,999","$1,000,000+",new,2026-10-01,true,0
Zoe Rascoe,(254) 770-0842,+12547700842,"1900 N 13th St Temple, TX 76501","$300,000 - $399,999","$700,000 - $799,999",new,2026-10-01,true,0
Herbert Mayer,(718) 382-1901,+17183821901,"1875 E 13th St Brooklyn, NY 11229","$100,000 - $124,999","$1,000,000+",new,2026-10-01,true,0
Kathleen Burkhart,(305) 541-9982,+13055419982,"1871 SW 13th St Miami, FL 33145","$60,000 - $69,999","$1,000,000+",new,2026-10-01,true,0
Stephen Magelinski,(718) 373-1726,+17183731726,"1861 W 13th St Brooklyn, NY 11223","$40,000 - $49,999","$1,000,000+",new,2026-10-01,true,0
Joseph Forlin,(718) 266-4953,+17182664953,"1825 W 13th St Brooklyn, NY 11223","$30,000 - $39,999","$1,000,000+",new,2026-10-01,true,0
Alfonso Guida,(202) 232-8422,+12022328422,"1818 13th St NW Washington, DC 20009","$250,000 - $299,999","$1,000,000+",new,2026-10-01,true,0
Zhao Zeng,(718) 331-7087,+17183317087,"1813 W 13th St Brooklyn, NY 11223","$100,000 - $124,999","$1,000,000+",new,2026-10-01,true,0
Pietro Oliva,(718) 373-9737,+17183739737,"1785 W 13th St Brooklyn, NY 11223","$20,000 - $29,999","$1,000,000+",new,2026-10-01,true,0
Ninel Kirichenko,(718) 621-3590,+17186213590,"1774 W 13th St Brooklyn, NY 11223","$100,000 - $124,999","$1,000,000+",new,2026-10-01,true,0
Felice Priante,(718) 373-7375,+17183737375,"1769 W 13th St Brooklyn, NY 11223","$100,000 - $124,999","$1,000,000+",new,2026-10-01,true,0
Tan Lo,(718) 373-0855,+17183730855,"1753 W 13th St Brooklyn, NY 11223","$100,000 - $124,999","$1,000,000+",new,2026-10-01,true,0
Michele Lapayowker,(954) 915-8542,+19549158542,"1711 SE 13th St Fort Lauderdale, FL 33316","$400,000 - $499,999","$1,000,000+",new,2026-10-01,true,0
Harvey Frank,(954) 764-8886,+19547648886,"1636 SE 13th St Fort Lauderdale, FL 33316","$200,000 - $249,999","$1,000,000+",new,2026-10-01,true,0
Stanislav Kucher,(718) 266-5454,+17182665454,"1620 W 13th St Brooklyn, NY 11223","$80,000 - $89,999","$1,000,000+",new,2026-10-01,true,0
Tarsa Manso,(201) 461-7873,+12014617873,"1537 13th St Fort Lee, NJ 07024","$250,000 - $299,999","$700,000 - $799,999",new,2026-10-01,true,0
Miriam Taub,(718) 339-2223,+17183392223,"1527 E 13th St Brooklyn, NY 11230","$100,000 - $124,999","$1,000,000+",new,2026-10-01,true,0
Stephen Scholar,(718) 376-4923,+17183764923,"1523 E 13th St Brooklyn, NY 11230","$100,000 - $124,999","$1,000,000+",new,2026-10-01,true,0
Jody Levy,(718) 339-1058,+17183391058,"1475 E 13th St Brooklyn, NY 11230","$200,000 - $249,999","$1,000,000+",new,2026-10-01,true,0
Kimberly Schellman,(503) 263-2726,+15032632726,"1218 SE 13th Pl Canby, OR 97013","$250,000 - $299,999","$700,000 - $799,999",new,2026-10-01,true,0
Elvira Figueras,(561) 416-2928,+15614162928,"1471 SW 13th Dr Boca Raton, FL 33486","$250,000 - $299,999","$700,000 - $799,999",new,2026-10-01,true,0
Melanie Barnes,(512) 474-4303,+15124744303,"1210 W 13th St # B Austin, TX 78703","$30,000 - $39,999","$1,000,000+",new,2026-10-01,true,0
Yakov Deckelbaum,(718) 336-2993,+17183362993,"1467 E 13th St Brooklyn, NY 11230","$300,000 - $399,999","$1,000,000+",new,2026-10-01,true,0
Shmaria Kirzner,(718) 645-3341,+17186453341,"1521 E 13th St Brooklyn, NY 11230","$200,000 - $249,999","$1,000,000+",new,2026-10-01,true,0
Eliezer Galinsky,(718) 258-7217,+17182587217,"1163 E 13th St Brooklyn, NY 11230","$100,000 - $124,999","$900,000 - $999,999",new,2026-10-01,true,0
Jacob Eis,(718) 336-4277,+17183364277,"1455 E 13th St Brooklyn, NY 11230","$100,000 - $124,999","$800,000 - $899,999",new,2026-10-01,true,0
Jorge Carballeira,(786) 717-5568,+17867175568,"1420 SW 13th Ave Miami, FL 33145","Under $20,000","$700,000 - $799,999",new,2026-10-01,true,0
Dave Bristol,(310) 521-9546,+13105219546,"1419 W 13th St San Pedro, CA 90732","$40,000 - $49,999","$1,000,000+",new,2026-10-01,true,0
Shulamith Pressburger,(718) 339-3618,+17183393618,"1417 E 13th St Brooklyn, NY 11230","$300,000 - $399,999","$1,000,000+",new,2026-10-01,true,0
Michael Rowan,(727) 894-1410,+17278941410,"535 13th Ave NE Saint Petersburg, FL 33701","$100,000 - $124,999","$1,000,000+",new,2026-10-01,true,0
Lori Young,(954) 545-3388,+19545453388,"530 SE 13th Ct Pompano Beach, FL 33060","$100,000 - $124,999","$700,000 - $799,999",new,2026-10-01,true,0
Carol Yamashita,(310) 545-0715,+13105450715,"525 13th St Manhattan Beach, CA 90266","$400,000 - $499,999","$1,000,000+",new,2026-10-01,true,0
Susan Allred,(801) 359-2316,+18013592316,"516 E 13th Ave Salt Lake City, UT 84103","$100,000 - $124,999","$800,000 - $899,999",new,2026-10-01,true,0
Susan Johnson,(561) 562-5540,+15615625540,"515 NW 13th St Delray Beach, FL 33444","$300,000 - $399,999","$1,000,000+",new,2026-10-01,true,0
Ferris George,(904) 825-4832,+19048254832,"514 13th St Saint Augustine, FL 32084","$300,000 - $399,999","$1,000,000+",new,2026-10-01,true,0
James Price,(715) 568-4667,+17155684667,"511 13th Ave Bloomer, WI 54724","$250,000 - $299,999","$800,000 - $899,999",new,2026-10-01,true,0
Shanta Pharay,(718) 739-7731,+17187397731,"8805 145th St Jamaica, NY 11435","$50,000 - $59,999","$800,000 - $899,999",new,2026-10-01,true,0
Mandy Bertematti,(305) 232-1554,+13052321554,"8191 SW 143rd St Village Of Palmetto Bay, FL 33158","$400,000 - $499,999","$1,000,000+",new,2026-10-01,true,0
Steven Graafstra,(425) 334-9512,+14253349512,"8226 143rd Ave NE Lake Stevens, WA 98258","$80,000 - $89,999","$1,000,000+",new,2026-10-01,true,0
Phillip Winter,(305) 251-3979,+13052513979,"8300 SW 143rd St Village Of Palmetto Bay, FL 33158","$200,000 - $249,999","$1,000,000+",new,2026-10-01,true,0
William Gregoire,(425) 823-4357,+14258234357,"8304 NE 143rd St Kirkland, WA 98034","$90,000 - $99,999","$700,000 - $799,999",new,2026-10-01,true,0
Loren Meyer,(425) 271-3605,+14252713605,"8321 143rd Ct SE Newcastle, WA 98059","$300,000 - $399,999","$1,000,000+",new,2026-10-01,true,0
Keith Astuto,(305) 255-4896,+13052554896,"8342 SW 143rd St Village Of Palmetto Bay, FL 33158","$100,000 - $124,999","$900,000 - $999,999",new,2026-10-01,true,0
Daniel Stone,(305) 253-9063,+13052539063,"8410 SW 143rd St Village Of Palmetto Bay, FL 33158","$50,000 - $59,999","$800,000 - $899,999",new,2026-10-01,true,0
Yingchun Zhang,(425) 861-1152,+14258611152,"8428 143rd Ct NE Redmond, WA 98052","$400,000 - $499,999","$1,000,000+",new,2026-10-01,true,0
Steven Vinci,(727) 953-7871,+17279537871,"8778 143rd St Seminole, FL 33776","$200,000 - $249,999","$1,000,000+",new,2026-10-01,true,0
Caroline Lilley,(425) 687-9888,+14256879888,"9101 143rd Ave SE Newcastle, WA 98059","$300,000 - $399,999","$1,000,000+",new,2026-10-01,true,0
Richard Galbraith,(425) 823-6356,+14258236356,"9222 NE 143rd Pl Kirkland, WA 98034","$100,000 - $124,999","$1,000,000+",new,2026-10-01,true,0
Richard Friend,(305) 971-4008,+13059714008,"9900 SW 143rd St Miami, FL 33176","$100,000 - $124,999","$1,000,000+",new,2026-10-01,true,0
Edward Gold,(305) 255-8685,+13052558685,"10201 SW 143rd St Miami, FL 33176","$300,000 - $399,999","$1,000,000+",new,2026-10-01,true,0
Elisha Attias,(305) 232-1783,+13052321783,"10241 SW 143rd St Miami, FL 33176","$90,000 - $99,999","$900,000 - $999,999",new,2026-10-01,true,0
Stella Fuentes,(305) 254-2558,+13052542558,"10265 SW 143rd St Miami, FL 33176","$300,000 - $399,999","$1,000,000+",new,2026-10-01,true,0
Randy Luth,(763) 262-2565,+17632622565,"10945 143rd Ave SE Becker, MN 55308","$50,000 - $59,999","$700,000 - $799,999",new,2026-10-01,true,0
Ann Wango,(347) 644-5024,+13476445024,"12720 143rd St Jamaica, NY 11436","$400,000 - $499,999","$700,000 - $799,999",new,2026-10-01,true,0
Gary Limarzi,(425) 487-2330,+14254872330,"15731 NE 143rd Pl Woodinville, WA 98072","$250,000 - $299,999","$1,000,000+",new,2026-10-01,true,0
Joseph Sacotte,(425) 487-3268,+14254873268,"17211 NE 143rd St Redmond, WA 98052","$300,000 - $399,999","$1,000,000+",new,2026-10-01,true,0
James Bussell,(718) 527-4913,+17185274913,"17220 143rd Rd Jamaica, NY 11434","$100,000 - $124,999","$700,000 - $799,999",new,2026-10-01,true,0
Ann Lewis,(347) 548-4677,+13475484677,"17927 143rd Ave Jamaica, NY 11434","$70,000 - $79,999","$700,000 - $799,999",new,2026-10-01,true,0
Joseph Guacci,(718) 712-8620,+17187128620,"18222 143rd Ave Jamaica, NY 11413","$400,000 - $499,999","$700,000 - $799,999",new,2026-10-01,true,0
Scott Flaherty,(360) 894-0636,+13608940636,"20220 143rd Ln SE Yelm, WA 98597","$300,000 - $399,999","$800,000 - $899,999",new,2026-10-01,true,0
Bryan Blum,(425) 885-9890,+14258859890,"21450 NE 143rd St Woodinville, WA 98077","$400,000 - $499,999","$1,000,000+",new,2026-10-01,true,0
Lorin Robertson,(718) 341-2506,+17183412506,"22423 143rd Ave Springfield Gardens, NY 11413","$40,000 - $49,999","$800,000 - $899,999",new,2026-10-01,true,0
Charles Mahaney,(360) 893-3514,+13608933514,"23008 143rd Ave E Graham, WA 98338","$100,000 - $124,999","$700,000 - $799,999",new,2026-10-01,true,0
Richard Palma,(507) 744-4455,+15077444455,"33603 143rd Ln Montgomery, MN 56069","$250,000 - $299,999","$700,000 - $799,999",new,2026-10-01,true,0
Gary Mcneil,(605) 395-6454,+16053956454,"39766 143rd St Stratford, SD 57474","$250,000 - $299,999","$1,000,000+",new,2026-10-01,true,0
Todd Langston,(435) 635-0126,+14356350126,"205 W 1440 S Hurricane, UT 84737","$400,000 - $499,999","$1,000,000+",new,2026-10-01,true,0
Blaine Hales,(801) 798-9569,+18017989569,"1731 S 1440 E Spanish Fork, UT 84660","$300,000 - $399,999","$800,000 - $899,999",new,2026-10-01,true,0
Ray Newbold,(801) 254-0142,+18012540142,"10454 S 1440 W South Jordan, UT 84095","$90,000 - $99,999","$700,000 - $799,999",new,2026-10-01,true,0
Karen Eastman,(801) 254-7441,+18012547441,"2866 W 14400 S Bluffdale, UT 84065","$80,000 - $89,999","$800,000 - $899,999",new,2026-10-01,true,0
Shirley Lawrence,(801) 446-1249,+18014461249,"3430 W 14400 S Bluffdale, UT 84065","$150,000 - $174,999","$900,000 - $999,999",new,2026-10-01,true,0
Walter Hall,(801) 571-6739,+18015716739,"2462 W 14475 S Bluffdale, UT 84065","$400,000 - $499,999","$1,000,000+",new,2026-10-01,true,0
Marcia Sargent,(212) 491-1127,+12124911127,"472 W 144th St Apt 2 New York, NY 10031","$20,000 - $29,999","$900,000 - $999,999",new,2026-10-01,true,0
Janice Norman,(425) 747-5748,+14257475748,"918 144th Pl SE Bellevue, WA 98007","$50,000 - $59,999","$1,000,000+",new,2026-10-01,true,0
Steven Sytsma,(616) 877-5096,+16168775096,"1011 144th Ave Wayland, MI 49348","$400,000 - $499,999","$800,000 - $899,999",new,2026-10-01,true,0
Larry May,(425) 641-2027,+14256412027,"1105 144th Ave NE Bellevue, WA 98007","$300,000 - $399,999","$1,000,000+",new,2026-10-01,true,0
Christopher Gardner,(718) 746-3551,+17187463551,"1503 144th St Whitestone, NY 11357","$100,000 - $124,999","$800,000 - $899,999",new,2026-10-01,true,0
Athena Demetrakopoulos,(718) 767-2416,+17187672416,"1529 144th St Flushing, NY 11357","$100,000 - $124,999","$800,000 - $899,999",new,2026-10-01,true,0
Karl Go,(718) 746-2364,+17187462364,"1531 144th St Whitestone, NY 11357","$30,000 - $39,999","$700,000 - $799,999",new,2026-10-01,true,0
Gerald Pontrelli,(718) 746-1311,+17187461311,"1555 144th St Whitestone, NY 11357","$30,000 - $39,999","$700,000 - $799,999",new,2026-10-01,true,0
Brian Hertz,(425) 957-1007,+14259571007,"2206 144th Ave SE Bellevue, WA 98007","$300,000 - $399,999","$1,000,000+",new,2026-10-01,true,0
Kenneth Kindvall,(763) 755-1080,+17637551080,"2251 144th Ln NE Ham Lake, MN 55304","$200,000 - $249,999","$700,000 - $799,999",new,2026-10-01,true,0
Carolyn Karkainen,(425) 746-4542,+14257464542,"2312 144th Ave SE Bellevue, WA 98007","$400,000 - $499,999","$1,000,000+",new,2026-10-01,true,0
Nancy Pulito,(503) 645-0105,+15036450105,"2420 NW 144th Ave Beaverton, OR 97006","$400,000 - $499,999","$900,000 - $999,999",new,2026-10-01,true,0
Edward Wolf,(503) 645-0198,+15036450198,"2480 NW 144th Ave Beaverton, OR 97006","$70,000 - $79,999","$700,000 - $799,999",new,2026-10-01,true,0
Bernard Luy,(425) 741-2428,+14257412428,"2528 144th Pl SW Lynnwood, WA 98087","$300,000 - $399,999","$700,000 - $799,999",new,2026-10-01,true,0
Natalie Long,(206) 246-1833,+12062461833,"2626 S 144th St Seatac, WA 98168","$80,000 - $89,999","$700,000 - $799,999",new,2026-10-01,true,0
Sonia Balbuena,(305) 225-5761,+13052255761,"3140 SW 144th Ave Miami, FL 33175","$150,000 - $174,999","$700,000 - $799,999",new,2026-10-01,true,0
Dawn Vandam,(616) 688-5218,+16166885218,"3681 144th Ave Hamilton, MI 49419","$400,000 - $499,999","$900,000 - $999,999",new,2026-10-01,true,0
Brian Jones,(515) 987-5550,+15159875550,"3814 144th St Urbandale, IA 50323","$300,000 - $399,999","$1,000,000+",new,2026-10-01,true,0
Jerry Compagner,(616) 688-5460,+16166885460,"3982 144th Ave Hamilton, MI 49419","$100,000 - $124,999","$700,000 - $799,999",new,2026-10-01,true,0
Tobyn Fulmer,(425) 787-5117,+14257875117,"4513 144th Pl SW Lynnwood, WA 98087","$250,000 - $299,999","$700,000 - $799,999",new,2026-10-01,true,0
Yanping Liu,(425) 614-0996,+14256140996,"4625 144th Pl SE Bellevue, WA 98006","$300,000 - $399,999","$1,000,000+",new,2026-10-01,true,0
Kerry Christifano,(913) 685-8767,+19136858767,"4810 W 144th Ter Leawood, KS 66224","$200,000 - $249,999","$700,000 - $799,999",new,2026-10-01,true,0
Beverly Koehler,(913) 681-9614,+19136819614,"4813 W 144th Ter Overland Park, KS 66224","$400,000 - $499,999","$1,000,000+",new,2026-10-01,true,0
Shailesh Potnis,(913) 685-0590,+19136850590,"4901 W 144th St Leawood, KS 66224","$400,000 - $499,999","$800,000 - $899,999",new,2026-10-01,true,0
Basil Webb,(913) 685-2922,+19136852922,"5001 W 144th Ter Leawood, KS 66224","$300,000 - $399,999","$700,000 - $799,999",new,2026-10-01,true,0
William Bade,(913) 681-1304,+19136811304,"5607 W 144th Ter Overland Park, KS 66223","$200,000 - $249,999","$700,000 - $799,999",new,2026-10-01,true,0
Cynthia Lew,(425) 644-5849,+14256445849,"6143 144th Pl SE Bellevue, WA 98006","$200,000 - $249,999","$1,000,000+",new,2026-10-01,true,0
Ivan Giraldez,(305) 969-7114,+13059697114,"6260 SW 144th St Coral Gables, FL 33158","$70,000 - $79,999","$1,000,000+",new,2026-10-01,true,0
Juan Fayos,(305) 253-0862,+13052530862,"6400 SW 144th St Coral Gables, FL 33158","$50,000 - $59,999","$1,000,000+",new,2026-10-01,true,0
John Sullivan,(360) 892-3070,+13608923070,"6410 NE 144th St Vancouver, WA 98686","$400,000 - $499,999","$800,000 - $899,999",new,2026-10-01,true,0
Louis Perrero,(305) 251-0958,+13052510958,"6510 SW 144th St Coral Gables, FL 33158","$60,000 - $69,999","$1,000,000+",new,2026-10-01,true,0
Patrick Gentry,(616) 335-3638,+16163353638,"6516 144th Ave Holland, MI 49423","$300,000 - $399,999","$1,000,000+",new,2026-10-01,true,0
Scott Bishop,(425) 895-1439,+14258951439,"6519 144th Ave NE Redmond, WA 98052","$250,000 - $299,999","$1,000,000+",new,2026-10-01,true,0
Sharon Goldfarb,(305) 253-7734,+13052537734,"6767 SW 144th St Village Of Palmetto Bay, FL 33158","$300,000 - $399,999","$1,000,000+",new,2026-10-01,true,0
Diego Aramburu,(305) 235-4978,+13052354978,"6801 SW 144th St Village Of Palmetto Bay, FL 33158","$250,000 - $299,999","$1,000,000+",new,2026-10-01,true,0
Rudolph Baboun,(786) 732-7309,+17867327309,"6801 SW 144th Ter Village Of Palmetto Bay, FL 33158","$300,000 - $399,999","$1,000,000+",new,2026-10-01,true,0
James Losito,(305) 378-9006,+13053789006,"6802 SW 144th Ter Village Of Palmetto Bay, FL 33158","$400,000 - $499,999","$1,000,000+",new,2026-10-01,true,0
Caroline Johnson,(305) 235-0593,+13052350593,"6842 SW 144th Ter Village Of Palmetto Bay, FL 33158","$400,000 - $499,999","$1,000,000+",new,2026-10-01,true,0
Sherri Salzeider,(262) 891-3260,+12628913260,"7006 144th Ave Kenosha, WI 53142","$200,000 - $249,999","$800,000 - $899,999",new,2026-10-01,true,0
Takahito Furuya,(305) 234-3943,+13052343943,"7602 SW 144th Ter Village Of Palmetto Bay, FL 33158","$300,000 - $399,999","$1,000,000+",new,2026-10-01,true,0
Daisy Ventura,(305) 254-4057,+13052544057,"7800 SW 144th St Village Of Palmetto Bay, FL 33158","$400,000 - $499,999","$1,000,000+",new,2026-10-01,true,0
Mary Rabelo-Pendas,(305) 971-9459,+13059719459,"8200 SW 144th St Village Of Palmetto Bay, FL 33158","$200,000 - $249,999","$900,000 - $999,999",new,2026-10-01,true,0
Cathy Stubbs,(425) 228-1012,+14252281012,"8221 144th Pl SE Newcastle, WA 98059","$300,000 - $399,999","$1,000,000+",new,2026-10-01,true,0
Gum Lee,(305) 252-0285,+13052520285,"8250 SW 144th St Village Of Palmetto Bay, FL 33158","$300,000 - $399,999","$1,000,000+",new,2026-10-01,true,0
Sharon Shelley,(305) 235-2682,+13052352682,"8383 SW 144th St Village Of Palmetto Bay, FL 33158","$60,000 - $69,999","$900,000 - $999,999",new,2026-10-01,true,0
Leonard Roberts,(305) 251-5767,+13052515767,"8441 SW 144th St Village Of Palmetto Bay, FL 33158","$100,000 - $124,999","$900,000 - $999,999",new,2026-10-01,true,0
Jack Loesch,(305) 251-0782,+13052510782,"8560 SW 144th St Village Of Palmetto Bay, FL 33158","$100,000 - $124,999","$900,000 - $999,999",new,2026-10-01,true,0
Tammie Zarfos,(425) 228-8752,+14252288752,"8714 144th Ave SE Newcastle, WA 98059","$300,000 - $399,999","$1,000,000+",new,2026-10-01,true,0
Niels Petersen,(425) 235-8833,+14252358833,"8726 144th Ave SE Newcastle, WA 98059","$200,000 - $249,999","$1,000,000+",new,2026-10-01,true,0
Maria Perez,(305) 254-6299,+13052546299,"9041 SW 144th St Miami, FL 33176","$300,000 - $399,999","$1,000,000+",new,2026-10-01,true,0
Eden Adib,(305) 278-2618,+13052782618,"9415 SW 144th St Miami, FL 33176","$250,000 - $299,999","$1,000,000+",new,2026-10-01,true,0
Zachary Spiewak,(786) 242-5923,+17862425923,"10200 SW 144th St Miami, FL 33176","$300,000 - $399,999","$1,000,000+",new,2026-10-01,true,0
Margetis Stylianos,(305) 238-1936,+13052381936,"10220 SW 144th St Miami, FL 33176","$400,000 - $499,999","$1,000,000+",new,2026-10-01,true,0
Charles Mays,(305) 251-5919,+13052515919,"10240 SW 144th St Miami, FL 33176","$250,000 - $299,999","$900,000 - $999,999",new,2026-10-01,true,0
Kenneth Henschel,(503) 579-8375,+15035798375,"14530 SW 144th Ave Tigard, OR 97224","$250,000 - $299,999","$700,000 - $799,999",new,2026-10-01,true,0
Ann Byrne,(425) 486-4247,+14254864247,"15201 NE 144th Pl Woodinville, WA 98072","$400,000 - $499,999","$1,000,000+",new,2026-10-01,true,0
Nancy Crane,(616) 846-1194,+16168461194,"15224 144th Ave Spring Lake, MI 49456","$80,000 - $89,999","$700,000 - $799,999",new,2026-10-01,true,0
Joe Basse,(425) 486-6617,+14254866617,"15304 NE 144th Pl Woodinville, WA 98072","$300,000 - $399,999","$1,000,000+",new,2026-10-01,true,0
Isabel Carolan,(425) 398-2093,+14253982093,"15438 NE 144th Pl Woodinville, WA 98072","$250,000 - $299,999","$1,000,000+",new,2026-10-01,true,0
Anthony Bush,(616) 844-1865,+16168441865,"15440 144th Ave Spring Lake, MI 49456","$300,000 - $399,999","$1,000,000+",new,2026-10-01,true,0
Wade Slater,(616) 844-0461,+16168440461,"15815 144th Ave Spring Lake, MI 49456","$150,000 - $174,999","$800,000 - $899,999",new,2026-10-01,true,0
Gregg Hornby,(480) 917-3647,+14809173647,"17309 S 144th St Gilbert, AZ 85297","$50,000 - $59,999","$800,000 - $899,999",new,2026-10-01,true,0
William Hopkins,(718) 276-1729,+17182761729,"18010 144th Ave Jamaica, NY 11434","$100,000 - $124,999","$700,000 - $799,999",new,2026-10-01,true,0
Gilberto Bueno,(305) 232-8582,+13052328582,"19050 SW 144th Ave Miami, FL 33177","$300,000 - $399,999","$1,000,000+",new,2026-10-01,true,0
Morton Glosser,(305) 258-3264,+13052583264,"25145 SW 144th Ave Homestead, FL 33032","$30,000 - $39,999","$900,000 - $999,999",new,2026-10-01,true,0
Sylvia Mensonides,(360) 893-4170,+13608934170,"28012 144th Ave E Graham, WA 98338","$200,000 - $249,999","$1,000,000+",new,2026-10-01,true,0
Arlene Reitze,(253) 639-0721,+12536390721,"28101 144th Ave SE Kent, WA 98042","$400,000 - $499,999","$900,000 - $999,999",new,2026-10-01,true,0
Joseph Haupert,(763) 856-4321,+17638564321,"28239 144th St NW Zimmerman, MN 55398","$30,000 - $39,999","$700,000 - $799,999",new,2026-10-01,true,0
Phyllis Caudillo,(303) 654-0975,+13036540975,"29595 E 144th Ave Brighton, CO 80603","$80,000 - $89,999","$700,000 - $799,999",new,2026-10-01,true,0
Cindy Lacroix,(480) 563-5118,+14805635118,"30019 N 144th St Scottsdale, AZ 85262","$300,000 - $399,999","$1,000,000+",new,2026-10-01,true,0
William Lohner,(801) 374-6984,+18013746984,"1701 N 1450 E Provo, UT 84604","$200,000 - $249,999","$1,000,000+",new,2026-10-01,true,0
Joseph Ballantyne,(801) 341-0394,+18013410394,"1815 N 1450 E Provo, UT 84604","$50,000 - $59,999","$700,000 - $799,999",new,2026-10-01,true,0
Dennis Tolman,(801) 254-1271,+18012541271,"3258 W 14515 S Bluffdale, UT 84065","$70,000 - $79,999","$800,000 - $899,999",new,2026-10-01,true,0
Keith Sedille,(206) 363-2118,+12063632118,"143 N 145th St Seattle, WA 98133","$90,000 - $99,999","$900,000 - $999,999",new,2026-10-01,true,0
Kent Barrois,(425) 644-9557,+14256449557,"289 145th Pl SE Bellevue, WA 98007","$300,000 - $399,999","$900,000 - $999,999",new,2026-10-01,true,0
Steven Mohn,(715) 549-6866,+17155496866,"355 145th Ave Houlton, WI 54082","$300,000 - $399,999","$800,000 - $899,999",new,2026-10-01,true,0
Mark Roodvoets,(616) 891-9196,+16168919196,"571 145th Ave Caledonia, MI 49316","$400,000 - $499,999","$1,000,000+",new,2026-10-01,true,0
Richard Post,(616) 891-1880,+16168911880,"575 145th Ave Caledonia, MI 49316","$300,000 - $399,999","$1,000,000+",new,2026-10-01,true,0
Thomas Roels,(616) 275-1121,+16162751121,"577 145th Ave Caledonia, MI 49316","$100,000 - $124,999","$900,000 - $999,999",new,2026-10-01,true,0
Choon Sur,(917) 563-1667,+19175631667,"1341 145th Pl Whitestone, NY 11357","$100,000 - $124,999","$1,000,000+",new,2026-10-01,true,0
Erwin Neubauer,(718) 767-2988,+17187672988,"1421 145th Pl Whitestone, NY 11357","$100,000 - $124,999","$1,000,000+",new,2026-10-01,true,0
Peter Graham,(941) 746-8156,+19417468156,"1731 145th St E Bradenton, FL 34212","$150,000 - $174,999","$700,000 - $799,999",new,2026-10-01,true,0
Donald Bangert,(425) 334-1669,+14253341669,"2719 145th Dr SE Snohomish, WA 98290","$100,000 - $124,999","$700,000 - $799,999",new,2026-10-01,true,0
Chinu Kaushal,(718) 461-4385,+17184614385,"3317 145th Pl Flushing, NY 11354","$60,000 - $69,999","$900,000 - $999,999",new,2026-10-01,true,0
Michelle Fransen,(425) 316-0607,+14253160607,"3318 145th Pl SE Mill Creek, WA 98012","$400,000 - $499,999","$1,000,000+",new,2026-10-01,true,0
Spiros Mastoras,(718) 961-1408,+17189611408,"3320 145th St Flushing, NY 11354","$50,000 - $59,999","$1,000,000+",new,2026-10-01,true,0
Kenneth Jacobs,(425) 379-8755,+14253798755,"3412 145th Pl SE Mill Creek, WA 98012","$400,000 - $499,999","$1,000,000+",new,2026-10-01,true,0
Nancy Lagroue,(954) 447-0839,+19544470839,"3650 SW 145th Ter Miramar, FL 33027","$150,000 - $174,999","$700,000 - $799,999",new,2026-10-01,true,0
Gerold Popovice,(425) 225-6266,+14252256266,"3908 145th Pl SE Mill Creek, WA 98012","$200,000 - $249,999","$800,000 - $899,999",new,2026-10-01,true,0
Brune Lovett,(954) 534-9826,+19545349826,"4000 SW 145th Ter Miramar, FL 33027","$200,000 - $249,999","$700,000 - $799,999",new,2026-10-01,true,0
Joan Berger,(954) 885-4905,+19548854905,"4031 SW 145th Ave Miramar, FL 33027","$100,000 - $124,999","$700,000 - $799,999",new,2026-10-01,true,0
Mary Wentland,(425) 409-2092,+14254092092,"4420 145th Pl SW Lynnwood, WA 98087","$250,000 - $299,999","$700,000 - $799,999",new,2026-10-01,true,0
Rhonda Marlowe,(425) 338-3186,+14253383186,"4517 145th Pl SE Snohomish, WA 98296","$250,000 - $299,999","$1,000,000+",new,2026-10-01,true,0
Joan Greaby,(425) 861-6773,+14258616773,"6318 145th Ave NE Redmond, WA 98052","$400,000 - $499,999","$1,000,000+",new,2026-10-01,true,0
Michael Hemesath,(507) 366-1756,+15073661756,"6483 145th St E Northfield, MN 55057","$400,000 - $499,999","$700,000 - $799,999",new,2026-10-01,true,0
Donna Stuefen,(651) 464-0738,+16514640738,"6550 145th Ave NE Columbus, MN 55025","$30,000 - $39,999","$700,000 - $799,999",new,2026-10-01,true,0
James Copeland,(561) 627-8801,+15616278801,"6665 145th Pl N West Palm Beach, FL 33418","$400,000 - $499,999","$800,000 - $899,999",new,2026-10-01,true,0
James Lunney,(262) 764-5810,+12627645810,"6840 145th Ave Kenosha, WI 53142","$175,000 - $199,999","$800,000 - $899,999",new,2026-10-01,true,0
Kevin Dunn,(305) 259-5933,+13052595933,"7301 SW 145th Ter Village Of Palmetto Bay, FL 33158","$300,000 - $399,999","$1,000,000+",new,2026-10-01,true,0
Sherrie Smyth,(305) 964-5758,+13059645758,"7331 SW 145th Ter Village Of Palmetto Bay, FL 33158","$400,000 - $499,999","$900,000 - $999,999",new,2026-10-01,true,0
Maxwell Maginness,(425) 883-1103,+14258831103,"7511 145th Ave NE Redmond, WA 98052","$300,000 - $399,999","$1,000,000+",new,2026-10-01,true,0
Janice Rubin,(305) 254-0930,+13052540930,"7604 SW 145th Ter Village Of Palmetto Bay, FL 33158","$200,000 - $249,999","$900,000 - $999,999",new,2026-10-01,true,0
John Pazos,(305) 253-0919,+13052530919,"7664 SW 145th Ter Village Of Palmetto Bay, FL 33158","$400,000 - $499,999","$900,000 - $999,999",new,2026-10-01,true,0
Hideki Namba,(425) 277-5102,+14252775102,"7976 145th Ave SE Newcastle, WA 98059","$400,000 - $499,999","$1,000,000+",new,2026-10-01,true,0
Claudia Nash,(305) 252-6487,+13052526487,"7985 SW 145th St Village Of Palmetto Bay, FL 33158","$300,000 - $399,999","$800,000 - $899,999",new,2026-10-01,true,0
George Chiaro,(425) 488-0133,+14254880133,"8102 NE 145th Pl Kenmore, WA 98028","$50,000 - $59,999","$800,000 - $899,999",new,2026-10-01,true,0
Natalia Quick,(305) 255-5730,+13052555730,"8520 SW 145th St Village Of Palmetto Bay, FL 33158","$300,000 - $399,999","$700,000 - $799,999",new,2026-10-01,true,0
Matthew Williams,(360) 668-3614,+13606683614,"9703 145th St SE Snohomish, WA 98296","$250,000 - $299,999","$1,000,000+",new,2026-10-01,true,0
Daniel Gabison,(305) 235-6300,+13052356300,"10071 SW 145th Ter Miami, FL 33176","$60,000 - $69,999","$1,000,000+",new,2026-10-01,true,0
Jorge Mejia,(305) 253-2603,+13052532603,"10100 SW 145th St Miami, FL 33176","$200,000 - $249,999","$1,000,000+",new,2026-10-01,true,0
Kham Louangrath,(720) 685-0179,+17206850179,"10151 E 145th Ave Brighton, CO 80602","$300,000 - $399,999","$1,000,000+",new,2026-10-01,true,0
Ray Hisayasu,(425) 821-6447,+14258216447,"11600 NE 145th St Kirkland, WA 98034","$175,000 - $199,999","$900,000 - $999,999",new,2026-10-01,true,0
Larry Wilson,(425) 488-8855,+14254888855,"11701 NE 145th St Kirkland, WA 98034","$50,000 - $59,999","$900,000 - $999,999",new,2026-10-01,true,0
Dennis Barth,(425) 254-1924,+14252541924,"16434 SE 145th St Renton, WA 98059","$400,000 - $499,999","$900,000 - $999,999",new,2026-10-01,true,0
Doris Raab,(425) 226-2158,+14252262158,"16510 145th Ave SE Renton, WA 98058","$80,000 - $89,999","$700,000 - $799,999",new,2026-10-01,true,0
Daren Nakagawa,(425) 430-1153,+14254301153,"16516 145th Ave SE Renton, WA 98058","$200,000 - $249,999","$700,000 - $799,999",new,2026-10-01,true,0
Anthony Nnadi,(718) 528-1640,+17185281640,"17702 145th Dr Apt 2 Jamaica, NY 11434","$400,000 - $499,999","$700,000 - $799,999",new,2026-10-01,true,0
Henry Takayoshi,(425) 415-0535,+14254150535,"17907 145th Pl NE Woodinville, WA 98072","$400,000 - $499,999","$900,000 - $999,999",new,2026-10-01,true,0
Pamela Lindsay,(425) 254-9241,+14252549241,"18161 145th Ave SE Renton, WA 98058","$300,000 - $399,999","$800,000 - $899,999",new,2026-10-01,true,0
Fay Hill,(718) 527-3678,+17185273678,"18205 145th Dr Springfield Gardens, NY 11413","$50,000 - $59,999","$700,000 - $799,999",new,2026-10-01,true,0
Carol Byels,(718) 525-3604,+17185253604,"18214 145th Dr Springfield Gardens, NY 11413","$20,000 - $29,999","$700,000 - $799,999",new,2026-10-01,true,0
Shadd Williams,(425) 255-3615,+14252553615,"18334 SE 145th St Renton, WA 98059","$400,000 - $499,999","$700,000 - $799,999",new,2026-10-01,true,0
Rita Thompson,(718) 723-6639,+17187236639,"21917 145th Ave Springfield Gardens, NY 11413","$300,000 - $399,999","$700,000 - $799,999",new,2026-10-01,true,0
John Kaste,(218) 589-8151,+12185898151,"32209 145th St Dalton, MN 56324","$400,000 - $499,999","$900,000 - $999,999",new,2026-10-01,true,0
Mark Sonnek,(507) 787-2519,+15077872519,"49051 145th St Easton, MN 56025","$400,000 - $499,999","$800,000 - $899,999",new,2026-10-01,true,0
Otis Randall,(352) 625-3648,+13526253648,"3994 NE 145th Avenue Rd Silver Springs, FL 34488","$50,000 - $59,999","$1,000,000+",new,2026-10-01,true,0
Brenda Bodkin,(941) 251-7630,+19412517630,"1004 145th Street Cir NE Bradenton, FL 34212","$400,000 - $499,999","$700,000 - $799,999",new,2026-10-01,true,0
Valda Dietrich,(801) 302-1348,+18013021348,"3069 W 14600 S Bluffdale, UT 84065","$400,000 - $499,999","$1,000,000+",new,2026-10-01,true,0
Luz Gutierrez,(425) 741-9135,+14257419135,"126 146th St SW Lynnwood, WA 98087","$400,000 - $499,999","$900,000 - $999,999",new,2026-10-01,true,0
Susan Davis,(425) 745-5784,+14257455784,"414 146th St SW Lynnwood, WA 98087","$400,000 - $499,999","$800,000 - $899,999",new,2026-10-01,true,0
Charles Amash,(616) 877-4646,+16168774646,"1111 146th Ave Wayland, MI 49348","$100,000 - $124,999","$1,000,000+",new,2026-10-01,true,0
David Toolan,(718) 357-3704,+17183573704,"1304 146th St Whitestone, NY 11357","$250,000 - $299,999","$800,000 - $899,999",new,2026-10-01,true,0
Denise Silvestro,(347) 438-1728,+13474381728,"1308 146th Pl Whitestone, NY 11357","$100,000 - $124,999","$900,000 - $999,999",new,2026-10-01,true,0
Michael Toborg,(718) 767-1663,+17187671663,"1318 146th Pl Whitestone, NY 11357","$100,000 - $124,999","$900,000 - $999,999",new,2026-10-01,true,0
Maria Papatheodorou,(718) 746-7382,+17187467382,"1328 146th Pl Flushing, NY 11357","$400,000 - $499,999","$800,000 - $899,999",new,2026-10-01,true,0
Teddy Mihaliadis,(718) 746-0345,+17187460345,"1336 146th St Whitestone, NY 11357","$250,000 - $299,999","$1,000,000+",new,2026-10-01,true,0
Naseem Hameed,(929) 300-7144,+19293007144,"1406 146th Pl Whitestone, NY 11357","$50,000 - $59,999","$1,000,000+",new,2026-10-01,true,0
Sandra Ulrich,(718) 746-0142,+17187460142,"1418 146th Pl Whitestone, NY 11357","$300,000 - $399,999","$1,000,000+",new,2026-10-01,true,0
May Hao,(718) 767-0811,+17187670811,"1432 146th St Whitestone, NY 11357","$250,000 - $299,999","$900,000 - $999,999",new,2026-10-01,true,0
Maria Sakatis,(718) 767-5817,+17187675817,"1527 146th Pl Whitestone, NY 11357","$100,000 - $124,999","$1,000,000+",new,2026-10-01,true,0
Stephen Barongi,(718) 746-7916,+17187467916,"1543 146th Pl Whitestone, NY 11357","$100,000 - $124,999","$1,000,000+",new,2026-10-01,true,0
Mark Sell,(317) 571-1755,+13175711755,"1611 W 146th St Carmel, IN 46074","$300,000 - $399,999","$1,000,000+",new,2026-10-01,true,0
Grete Ehmke,(206) 433-1142,+12064331142,"1622 SW 146th St Burien, WA 98166","$250,000 - $299,999","$900,000 - $999,999",new,2026-10-01,true,0
Craig Yaple,(425) 745-3880,+14257453880,"2131 146th Pl SW Lynnwood, WA 98087","$400,000 - $499,999","$900,000 - $999,999",new,2026-10-01,true,0
Lawrence Lenhart,(616) 681-9668,+16166819668,"2344 146th Ave SW Byron Center, MI 49315","$100,000 - $124,999","$1,000,000+",new,2026-10-01,true,0
Maria Tsatis,(718) 461-1557,+17184611557,"2406 146th St Whitestone, NY 11357","$100,000 - $124,999","$800,000 - $899,999",new,2026-10-01,true,0
Domenico Campanelli,(718) 358-5550,+17183585550,"2905 146th St Flushing, NY 11354","$200,000 - $249,999","$1,000,000+",new,2026-10-01,true,0
John Kosky,(718) 353-3557,+17183533557,"3011 146th St Flushing, NY 11354","$60,000 - $69,999","$1,000,000+",new,2026-10-01,true,0
Man Dula,(347) 732-5844,+13477325844,"3014 146th St Flushing, NY 11354","$50,000 - $59,999","$1,000,000+",new,2026-10-01,true,0
Lorraine Falco,(718) 353-9730,+17183539730,"3214 146th St Flushing, NY 11354","$100,000 - $124,999","$1,000,000+",new,2026-10-01,true,0
Nick Charalampakis,(347) 732-4277,+13477324277,"3405 146th St Apt 1 Flushing, NY 11354","$30,000 - $39,999","$1,000,000+",new,2026-10-01,true,0
Mark Hanrahan,(712) 332-8635,+17123328635,"3405 146th St Urbandale, IA 50323","$200,000 - $249,999","$700,000 - $799,999",new,2026-10-01,true,0
James Mahoney,(515) 987-0097,+15159870097,"3410 146th St Urbandale, IA 50323","$400,000 - $499,999","$700,000 - $799,999",new,2026-10-01,true,0
Dannion Mcgary,(515) 987-4389,+15159874389,"3417 146th St Urbandale, IA 50323","$400,000 - $499,999","$700,000 - $799,999",new,2026-10-01,true,0
Enrique Fernandez,(305) 228-3639,+13052283639,"4250 SW 146th Ct Miami, FL 33175","$150,000 - $174,999","$700,000 - $799,999",new,2026-10-01,true,0
Robert Hoffman,(913) 851-5915,+19138515915,"4605 W 146th St Leawood, KS 66224","$400,000 - $499,999","$700,000 - $799,999",new,2026-10-01,true,0
Juli Kieny,(913) 232-7605,+19132327605,"4612 W 146th St Overland Park, KS 66224","$250,000 - $299,999","$1,000,000+",new,2026-10-01,true,0
Earl Guile,(503) 533-0914,+15035330914,"5476 NW 146th Ave Portland, OR 97229","$250,000 - $299,999","$700,000 - $799,999",new,2026-10-01,true,0
Tadeusz Grzesik,(425) 957-4551,+14259574551,"5820 146th Pl SE Bellevue, WA 98006","$300,000 - $399,999","$1,000,000+",new,2026-10-01,true,0
Maria Naselli,(718) 463-2544,+17184632544,"5904 146th St Flushing, NY 11355","$30,000 - $39,999","$1,000,000+",new,2026-10-01,true,0
Helen Chang,(718) 939-8228,+17189398228,"5914 146th St Flushing, NY 11355","$30,000 - $39,999","$800,000 - $899,999",new,2026-10-01,true,0
Victoria Lukas,(718) 939-2671,+17189392671,"6009 146th St Flushing, NY 11355","$50,000 - $59,999","$900,000 - $999,999",new,2026-10-01,true,0
Christina Noriega,(718) 961-3988,+17189613988,"6136 146th Pl Flushing, NY 11367","$100,000 - $124,999","$800,000 - $899,999",new,2026-10-01,true,0
Patrick Moody,(561) 776-5601,+15617765601,"6538 146th Rd N West Palm Beach, FL 33418","$250,000 - $299,999","$700,000 - $799,999",new,2026-10-01,true,0
Reginald Hayden,(305) 238-8945,+13052388945,"6950 SW 146th St Village Of Palmetto Bay, FL 33158","$70,000 - $79,999","$1,000,000+",new,2026-10-01,true,0
Julio Munoz,(305) 255-1680,+13052551680,"7100 SW 146th St Village Of Palmetto Bay, FL 33158","$400,000 - $499,999","$1,000,000+",new,2026-10-01,true,0
Humberto Martinez,(305) 969-7734,+13059697734,"7221 SW 146th Ter Village Of Palmetto Bay, FL 33158","$400,000 - $499,999","$900,000 - $999,999",new,2026-10-01,true,0
Scarlett Yanes,(305) 969-0609,+13059690609,"7260 SW 146th Ter Village Of Palmetto Bay, FL 33158","$400,000 - $499,999","$1,000,000+",new,2026-10-01,true,0
Raimundo Rocha,(305) 378-2122,+13053782122,"7310 SW 146th Ter Village Of Palmetto Bay, FL 33158","$400,000 - $499,999","$1,000,000+",new,2026-10-01,true,0
Bart Billbrough,(305) 252-0719,+13052520719,"7321 SW 146th Ter Village Of Palmetto Bay, FL 33158","$400,000 - $499,999","$900,000 - $999,999",new,2026-10-01,true,0
Jeffrey Nedelman,(305) 233-1567,+13052331567,"7715 SW 146th Ter Village Of Palmetto Bay, FL 33158","$100,000 - $124,999","$900,000 - $999,999",new,2026-10-01,true,0
Jeffrey Stohr,(952) 217-5762,+19522175762,"7723 146th Ter Savage, MN 55378","$400,000 - $499,999","$700,000 - $799,999",new,2026-10-01,true,0
Donald Harrington,(305) 388-7173,+13053887173,"7780 SW 146th Rd Miami, FL 33183","$100,000 - $124,999","$700,000 - $799,999",new,2026-10-01,true,0
John Dickinson,(786) 713-5741,+17867135741,"7800 SW 146th St Village Of Palmetto Bay, FL 33158","$400,000 - $499,999","$900,000 - $999,999",new,2026-10-01,true,0
James Pober,(305) 254-3075,+13052543075,"7990 SW 146th St Village Of Palmetto Bay, FL 33158","$200,000 - $249,999","$800,000 - $899,999",new,2026-10-01,true,0
Angel Gonzalez,(305) 252-2021,+13052522021,"9200 SW 146th St Miami, FL 33176","$50,000 - $59,999","$700,000 - $799,999",new,2026-10-01,true,0
Laura Hyams,(305) 232-2247,+13052322247,"9300 SW 146th St Miami, FL 33176","$50,000 - $59,999","$800,000 - $899,999",new,2026-10-01,true,0
Fernando Bonet,(305) 234-7362,+13052347362,"9320 SW 146th St Miami, FL 33176","$150,000 - $174,999","$800,000 - $899,999",new,2026-10-01,true,0
Robin Broussard,(913) 232-9380,+19132329380,"9600 W 146th St Overland Park, KS 66221","$400,000 - $499,999","$800,000 - $899,999",new,2026-10-01,true,0
Caroline Myers,(303) 659-1234,+13036591234,"9613 E 146th Ave Thornton, CO 80602","$400,000 - $499,999","$900,000 - $999,999",new,2026-10-01,true,0
Edmand Workman,(305) 253-5045,+13052535045,"9720 SW 146th St Miami, FL 33176","$300,000 - $399,999","$800,000 - $899,999",new,2026-10-01,true,0
Kirsy Huxford,(305) 252-9362,+13052529362,"9765 SW 146th St Miami, FL 33176","$70,000 - $79,999","$800,000 - $899,999",new,2026-10-01,true,0
Joseph Rey,(786) 431-5493,+17864315493,"11120 SW 146th Ct Miami, FL 33186","$175,000 - $199,999","$700,000 - $799,999",new,2026-10-01,true,0
Partap Prasad,(718) 323-2437,+17183232437,"11726 146th St South Ozone Park, NY 11436","$90,000 - $99,999","$700,000 - $799,999",new,2026-10-01,true,0
Betty Ruffin,(718) 845-3120,+17188453120,"12346 146th St South Ozone Park, NY 11436","Under $20,000","$700,000 - $799,999",new,2026-10-01,true,0
Walter Martin,(718) 835-2439,+17188352439,"12348 146th St South Ozone Park, NY 11436","$100,000 - $124,999","$700,000 - $799,999",new,2026-10-01,true,0
Scott Haeger,(360) 794-4605,+13607944605,"15506 146th Ave SE Snohomish, WA 98290","$300,000 - $399,999","$900,000 - $999,999",new,2026-10-01,true,0
Katherine Bean,(425) 254-1847,+14252541847,"17109 146th Ave SE Renton, WA 98058","$80,000 - $89,999","$700,000 - $799,999",new,2026-10-01,true,0
Dennis Dyson,(425) 255-8207,+14252558207,"17825 146th Ave SE Renton, WA 98058","$90,000 - $99,999","$800,000 - $899,999",new,2026-10-01,true,0
Marguerite Glover,(718) 723-5850,+17187235850,"17831 146th Rd Jamaica, NY 11434","$400,000 - $499,999","$700,000 - $799,999",new,2026-10-01,true,0
Anthony Maduako,(718) 977-2340,+17189772340,"18003 146th Rd Jamaica, NY 11434","$60,000 - $69,999","$700,000 - $799,999",new,2026-10-01,true,0
Shinji Unno,(425) 481-3434,+14254813434,"18235 146th Ave NE Woodinville, WA 98072","$400,000 - $499,999","$800,000 - $899,999",new,2026-10-01,true,0
Robert Schommer,(425) 481-7852,+14254817852,"18421 146th Ave NE Woodinville, WA 98072","$400,000 - $499,999","$900,000 - $999,999",new,2026-10-01,true,0
Larry Breshears,(425) 481-0471,+14254810471,"18443 146th Ave NE Woodinville, WA 98072","$175,000 - $199,999","$1,000,000+",new,2026-10-01,true,0
Kathryn Spader,(360) 897-0914,+13608970914,"22715 146th St E Orting, WA 98360","$300,000 - $399,999","$1,000,000+",new,2026-10-01,true,0
Kim Selander,(360) 897-1160,+13608971160,"22817 146th St E Orting, WA 98360","$300,000 - $399,999","$1,000,000+",new,2026-10-01,true,0
Donald Mcisaac,(360) 254-5318,+13602545318,"25915 NE 146th Way Brush Prairie, WA 98606","$250,000 - $299,999","$800,000 - $899,999",new,2026-10-01,true,0
Robert Vandenberg,(763) 856-4658,+17638564658,"25980 146th St NW Zimmerman, MN 55398","$300,000 - $399,999","$900,000 - $999,999",new,2026-10-01,true,0
Arthur Broekhuis,(616) 688-5429,+16166885429,"A-3986 146th Ave Holland, MI 49423","$100,000 - $124,999","$700,000 - $799,999",new,2026-10-01,true,0
Scott Bettridge,(305) 969-8692,+13059698692,"7285 SW 146th Street Cir Village Of Palmetto Bay, FL 33158","$400,000 - $499,999","$1,000,000+",new,2026-10-01,true,0
James Conigliaro,(718) 767-2054,+17187672054,"203 147th Pl Whitestone, NY 11357","$300,000 - $399,999","$1,000,000+",new,2026-10-01,true,0
Kenny Jew,(718) 746-1126,+17187461126,"229 147th Pl Whitestone, NY 11357","$30,000 - $39,999","$1,000,000+",new,2026-10-01,true,0
Eva Semetis,(718) 747-2725,+17187472725,"337 147th Pl Flushing, NY 11357","$70,000 - $79,999","$1,000,000+",new,2026-10-01,true,0
Louise Dutton,(718) 767-8179,+17187678179,"401 147th St Whitestone, NY 11357","$400,000 - $499,999","$900,000 - $999,999",new,2026-10-01,true,0
Ann Mederos,(718) 747-6527,+17187476527,"411 147th St Whitestone, NY 11357","$250,000 - $299,999","$1,000,000+",new,2026-10-01,true,0
Celeste Simpson,(212) 283-0993,+12122830993,"420 W 147th St New York, NY 10031","$30,000 - $39,999","$1,000,000+",new,2026-10-01,true,0
Frank Monhart,(941) 750-6966,+19417506966,"706 147th Ct NE Bradenton, FL 34212","$50,000 - $59,999","$700,000 - $799,999",new,2026-10-01,true,0
Robert Aviles,(718) 767-5449,+17187675449,"1028 147th St Whitestone, NY 11357","$50,000 - $59,999","$1,000,000+",new,2026-10-01,true,0
Nathaniel Yao,(718) 767-3996,+17187673996,"1106 147th St Whitestone, NY 11357","$60,000 - $69,999","$800,000 - $899,999",new,2026-10-01,true,0
Elizabeth Landau,(425) 562-2965,+14255622965,"1130 147th Pl NE Bellevue, WA 98007","$150,000 - $174,999","$1,000,000+",new,2026-10-01,true,0
Nicholas Nebre,(425) 644-9884,+14256449884,"1138 147th Pl NE Bellevue, WA 98007","$300,000 - $399,999","$1,000,000+",new,2026-10-01,true,0
Maria Yackanicz,(718) 463-2281,+17184632281,"2035 147th St Whitestone, NY 11357","$40,000 - $49,999","$900,000 - $999,999",new,2026-10-01,true,0
Kenneth Foy,(941) 708-9358,+19417089358,"2106 147th Ct E Bradenton, FL 34212","$250,000 - $299,999","$700,000 - $799,999",new,2026-10-01,true,0
Anthony Disanza,(718) 939-3295,+17189393295,"2115 147th St Whitestone, NY 11357","$150,000 - $174,999","$900,000 - $999,999",new,2026-10-01,true,0
George Levesanos,(718) 762-0325,+17187620325,"2414 147th St Whitestone, NY 11357","$200,000 - $249,999","$900,000 - $999,999",new,2026-10-01,true,0
Richard Chitos,(718) 961-1102,+17189611102,"2912 147th St Flushing, NY 11354","$40,000 - $49,999","$1,000,000+",new,2026-10-01,true,0
Shi Bae,(718) 445-7375,+17184457375,"2916 147th St Flushing, NY 11354","$100,000 - $124,999","$1,000,000+",new,2026-10-01,true,0
Kevin Chan,(718) 461-1548,+17184611548,"3330 147th Pl Flushing, NY 11354","$400,000 - $499,999","$1,000,000+",new,2026-10-01,true,0
Jorge Santin,(305) 223-6998,+13052236998,"3362 SW 147th Ct Miami, FL 33185","$70,000 - $79,999","$700,000 - $799,999",new,2026-10-01,true,0
Sondra Kyes,(303) 438-9205,+13034389205,"3455 W 147th Ct Broomfield, CO 80023","$300,000 - $399,999","$1,000,000+",new,2026-10-01,true,0
Paul Gionet,(907) 345-8989,+19073458989,"4700 E 147th Ave Anchorage, AK 99516","$400,000 - $499,999","$1,000,000+",new,2026-10-01,true,0
Todd Robinson,(515) 987-3776,+15159873776,"4828 147th St Urbandale, IA 50323","$400,000 - $499,999","$700,000 - $799,999",new,2026-10-01,true,0
Maurice Agol,(425) 316-8024,+14253168024,"4833 147th Pl SE Everett, WA 98208","$300,000 - $399,999","$700,000 - $799,999",new,2026-10-01,true,0
Purushottam Tiwari,(305) 221-0642,+13052210642,"4913 SW 147th Ct Miami, FL 33185","$40,000 - $49,999","$700,000 - $799,999",new,2026-10-01,true,0
Arnold Caviar,(913) 681-3299,+19136813299,"5024 W 147th St Leawood, KS 66224","$200,000 - $249,999","$800,000 - $899,999",new,2026-10-01,true,0
Leon Slikkers,(616) 396-4958,+16163964958,"5228 147th Ave Holland, MI 49423","$100,000 - $124,999","$1,000,000+",new,2026-10-01,true,0
Edmund Loesch,(425) 643-6520,+14256436520,"6220 147th Pl SE Bellevue, WA 98006","$400,000 - $499,999","$1,000,000+",new,2026-10-01,true,0
Shellie Alexander,(616) 335-2448,+16163352448,"6274 147th Ave Holland, MI 49423","$300,000 - $399,999","$1,000,000+",new,2026-10-01,true,0
Frances Cilella,(616) 335-5704,+16163355704,"6613 147th Ave Holland, MI 49423","$200,000 - $249,999","$700,000 - $799,999",new,2026-10-01,true,0
Izia Davidov,(718) 261-5712,+17182615712,"6804 147th St Flushing, NY 11367","$300,000 - $399,999","$1,000,000+",new,2026-10-01,true,0
Brenda Christ,(425) 869-8442,+14258698442,"6809 147th Ct NE Redmond, WA 98052","$400,000 - $499,999","$1,000,000+",new,2026-10-01,true,0
Irene Wagner,(718) 544-8387,+17185448387,"6819 147th St Flushing, NY 11367","$40,000 - $49,999","$800,000 - $899,999",new,2026-10-01,true,0
Arthur Nazginov,(718) 575-3805,+17185753805,"6907 147th St Flushing, NY 11367","$400,000 - $499,999","$1,000,000+",new,2026-10-01,true,0
Kenny Specht,(305) 238-8228,+13052388228,"6925 SW 147th St Village Of Palmetto Bay, FL 33158","$200,000 - $249,999","$700,000 - $799,999",new,2026-10-01,true,0
Lee White,(352) 245-6947,+13522456947,"6975 SE 147th St Summerfield, FL 34491","$300,000 - $399,999","$700,000 - $799,999",new,2026-10-01,true,0
Michael Jeff,(718) 544-8430,+17185448430,"7517 147th St Flushing, NY 11367","$20,000 - $29,999","$900,000 - $999,999",new,2026-10-01,true,0
Paul Rashkind,(305) 232-9588,+13052329588,"7605 SW 147th St Village Of Palmetto Bay, FL 33158","$250,000 - $299,999","$1,000,000+",new,2026-10-01,true,0
Vladimir Gorobets,(425) 498-4459,+14254984459,"7609 147th Ave NE Redmond, WA 98052","$300,000 - $399,999","$1,000,000+",new,2026-10-01,true,0
Michael Reiss,(305) 255-5484,+13052555484,"7801 SW 147th St Village Of Palmetto Bay, FL 33158","$100,000 - $124,999","$900,000 - $999,999",new,2026-10-01,true,0
Alex Binstock,(305) 233-8420,+13052338420,"7835 SW 147th St Village Of Palmetto Bay, FL 33158","$300,000 - $399,999","$1,000,000+",new,2026-10-01,true,0
Devendar Sethi,(305) 253-1369,+13052531369,"7995 SW 147th St Village Of Palmetto Bay, FL 33158","$100,000 - $124,999","$900,000 - $999,999",new,2026-10-01,true,0
Alan Calkins,(305) 238-2014,+13052382014,"8480 SW 147th St Village Of Palmetto Bay, FL 33158","$100,000 - $124,999","$800,000 - $899,999",new,2026-10-01,true,0
Janice Masters,(305) 251-7615,+13052517615,"8600 SW 147th St Village Of Palmetto Bay, FL 33158","$300,000 - $399,999","$800,000 - $899,999",new,2026-10-01,true,0
Claudia Pastrana,(305) 278-0237,+13052780237,"8620 SW 147th Ter Village Of Palmetto Bay, FL 33158","$250,000 - $299,999","$800,000 - $899,999",new,2026-10-01,true,0
Dennis Casey,(253) 845-1942,+12538451942,"9012 147th St E Puyallup, WA 98375","$150,000 - $174,999","$700,000 - $799,999",new,2026-10-01,true,0
Rodolfo Balboa,(305) 256-8522,+13052568522,"9240 SW 147th St Miami, FL 33176","$100,000 - $124,999","$900,000 - $999,999",new,2026-10-01,true,0
Yi Liang,(425) 277-2325,+14252772325,"8622 140th Ave SE Newcastle, WA 98059","$250,000 - $299,999","$1,000,000+",new,2026-10-01,true,0
Victoria Ibanez,(305) 964-5564,+13059645564,"9080 SW 140th St Miami, FL 33176","$300,000 - $399,999","$1,000,000+",new,2026-10-01,true,0
Edison Cunha,(305) 234-8718,+13052348718,"9220 SW 140th St Miami, FL 33176","$400,000 - $499,999","$1,000,000+",new,2026-10-01,true,0
Charles Nielson,(786) 250-3174,+17862503174,"9260 SW 140th St Miami, FL 33176","$250,000 - $299,999","$1,000,000+",new,2026-10-01,true,0
Frederick Kohly,(305) 256-7409,+13052567409,"9360 SW 140th St Miami, FL 33176","$200,000 - $249,999","$1,000,000+",new,2026-10-01,true,0
Marcelo Cohen,(305) 253-2592,+13052532592,"9400 SW 140th St Miami, FL 33176","$100,000 - $124,999","$1,000,000+",new,2026-10-01,true,0
Corine Timon,(786) 293-3761,+17862933761,"9700 SW 140th St Miami, FL 33176","$250,000 - $299,999","$800,000 - $899,999",new,2026-10-01,true,0
Jeffrey Herlyck,(425) 814-6990,+14258146990,"9911 NE 140th St Kirkland, WA 98034","$400,000 - $499,999","$700,000 - $799,999",new,2026-10-01,true,0
Janet Garzon,(305) 252-3571,+13052523571,"10000 SW 140th St Miami, FL 33176","$80,000 - $89,999","$800,000 - $899,999",new,2026-10-01,true,0
Mark Stiefel,(425) 821-3827,+14258213827,"10026 NE 140th St Kirkland, WA 98034","$200,000 - $249,999","$1,000,000+",new,2026-10-01,true,0
Richard Schreier,(651) 351-3173,+16513513173,"10040 140th St N Hugo, MN 55038","$400,000 - $499,999","$900,000 - $999,999",new,2026-10-01,true,0
Howard Katz,(305) 234-8683,+13052348683,"10280 SW 140th St Miami, FL 33176","$100,000 - $124,999","$800,000 - $899,999",new,2026-10-01,true,0
Mayda Carvajal,(305) 253-5638,+13052535638,"10301 SW 140th St Miami, FL 33176","$400,000 - $499,999","$1,000,000+",new,2026-10-01,true,0
Daniel Miguez,(786) 242-0524,+17862420524,"10341 SW 140th St Miami, FL 33176","$100,000 - $124,999","$1,000,000+",new,2026-10-01,true,0
Ronald Ahearn,(305) 255-5139,+13052555139,"10621 SW 140th St Miami, FL 33176","$250,000 - $299,999","$1,000,000+",new,2026-10-01,true,0
Tyson Marrs,(913) 608-5469,+19136085469,"10811 W 140th Ter Overland Park, KS 66221","$250,000 - $299,999","$1,000,000+",new,2026-10-01,true,0
Denise Dallmann,(480) 661-8770,+14806618770,"10833 N 140th Way Scottsdale, AZ 85259","$400,000 - $499,999","$900,000 - $999,999",new,2026-10-01,true,0
Marla Gallagher,(425) 823-1701,+14258231701,"11017 NE 140th St Kirkland, WA 98034","$200,000 - $249,999","$1,000,000+",new,2026-10-01,true,0
Walter Jahn,(480) 625-3065,+14806253065,"11143 N 140th Way Scottsdale, AZ 85259","$250,000 - $299,999","$800,000 - $899,999",new,2026-10-01,true,0
James Fricke,(913) 897-5338,+19138975338,"11317 W 140th St Overland Park, KS 66221","$250,000 - $299,999","$700,000 - $799,999",new,2026-10-01,true,0
Jerry Caldwell,(425) 823-1555,+14258231555,"11612 NE 140th St Kirkland, WA 98034","$300,000 - $399,999","$1,000,000+",new,2026-10-01,true,0
Alex Sumeri,(425) 821-5767,+14258215767,"11757 NE 140th Pl Kirkland, WA 98034","$200,000 - $249,999","$900,000 - $999,999",new,2026-10-01,true,0
Joanne Leafty,(425) 823-8451,+14258238451,"11837 NE 140th St Kirkland, WA 98034","$400,000 - $499,999","$1,000,000+",new,2026-10-01,true,0
Greg Beshore,(561) 626-5305,+15616265305,"12420 140th St N West Palm Beach, FL 33418","$50,000 - $59,999","$800,000 - $899,999",new,2026-10-01,true,0
Janice Jude,(320) 294-5413,+13202945413,"15203 140th St Foreston, MN 56330","$175,000 - $199,999","$700,000 - $799,999",new,2026-10-01,true,0
Tyrone Hanson,(320) 986-2967,+13209862967,"15506 140th Ave Hoffman, MN 56339","$60,000 - $69,999","$1,000,000+",new,2026-10-01,true,0
Karen Mihata,(425) 881-5403,+14258815403,"17432 NE 140th Pl Redmond, WA 98052","$300,000 - $399,999","$1,000,000+",new,2026-10-01,true,0
Jene Gooden,(347) 548-0650,+13475480650,"18001 140th Ave Jamaica, NY 11434","$100,000 - $124,999","$800,000 - $899,999",new,2026-10-01,true,0
Barbara Brownlow,(425) 228-0541,+14252280541,"18024 140th Ct SE Renton, WA 98058","$80,000 - $89,999","$800,000 - $899,999",new,2026-10-01,true,0
Kathleen Thorsos,(425) 883-7304,+14258837304,"19627 NE 140th St Woodinville, WA 98077","$300,000 - $399,999","$1,000,000+",new,2026-10-01,true,0
Charles Malloy,(253) 630-5865,+12536305865,"20423 140th Ave SE Kent, WA 98042","$200,000 - $249,999","$700,000 - $799,999",new,2026-10-01,true,0
Charles Bedal,(480) 821-9178,+14808219178,"21619 S 140th St Chandler, AZ 85286","$100,000 - $124,999","$1,000,000+",new,2026-10-01,true,0
Marcus Howell,(425) 702-1979,+14257021979,"22428 NE 140th Way Woodinville, WA 98077","$300,000 - $399,999","$1,000,000+",new,2026-10-01,true,0
Victoria Milton,(425) 882-1953,+14258821953,"22604 NE 140th Way Woodinville, WA 98077","$200,000 - $249,999","$1,000,000+",new,2026-10-01,true,0
Darci Gibson,(360) 893-6359,+13608936359,"23813 140th Ave E Graham, WA 98338","$250,000 - $299,999","$1,000,000+",new,2026-10-01,true,0
Robert Thorbrogger,(712) 336-1925,+17123361925,"24376 140th St Spirit Lake, IA 51360","$400,000 - $499,999","$1,000,000+",new,2026-10-01,true,0
Mark Sites,(480) 683-4569,+14806834569,"33105 N 140th St Scottsdale, AZ 85262","$400,000 - $499,999","$700,000 - $799,999",new,2026-10-01,true,0
Harvey Hagedorn,(507) 526-5511,+15075265511,"35624 140th St Winnebago, MN 56098","$90,000 - $99,999","$1,000,000+",new,2026-10-01,true,0
Raymond Sevald,(218) 945-6202,+12189456202,"42354 140th Ave SE Fertile, MN 56540","$80,000 - $89,999","$700,000 - $799,999",new,2026-10-01,true,0
Ronald Mertens,(507) 787-2544,+15077872544,"46850 140th St Easton, MN 56025","$400,000 - $499,999","$800,000 - $899,999",new,2026-10-01,true,0
Daryl Waters,(212) 690-0280,+12126900280,"456 W 141st St New York, NY 10031","$60,000 - $69,999","$900,000 - $999,999",new,2026-10-01,true,0
Todd Gerlings,(303) 431-8719,+13034318719,"1080 W 141st Cir Westminster, CO 80023","$100,000 - $124,999","$700,000 - $799,999",new,2026-10-01,true,0
Matthew Cabot,(303) 920-0871,+13039200871,"1330 W 141st Cir Westminster, CO 80023","$300,000 - $399,999","$1,000,000+",new,2026-10-01,true,0
Janis Kardatzke,(303) 920-4273,+13039204273,"1410 W 141st Ct Westminster, CO 80023","$400,000 - $499,999","$1,000,000+",new,2026-10-01,true,0
George Vernon,(425) 337-1128,+14253371128,"1415 141st Ct SE Mill Creek, WA 98012","$200,000 - $249,999","$1,000,000+",new,2026-10-01,true,0
Richard Tuccitto,(718) 746-1266,+17187461266,"1422 141st St Whitestone, NY 11357","$100,000 - $124,999","$700,000 - $799,999",new,2026-10-01,true,0
Nicholaos Shoshilos,(718) 746-8745,+17187468745,"1426 141st St Whitestone, NY 11357","$50,000 - $59,999","$800,000 - $899,999",new,2026-10-01,true,0
Eric Lindholm,(303) 252-1061,+13032521061,"1430 W 141st Ct Westminster, CO 80023","$250,000 - $299,999","$1,000,000+",new,2026-10-01,true,0
Joseph Depperman,(718) 746-7520,+17187467520,"1433 141st St Whitestone, NY 11357","$70,000 - $79,999","$800,000 - $899,999",new,2026-10-01,true,0
James Loukatos,(303) 451-9173,+13034519173,"1455 W 141st Way Westminster, CO 80023","$250,000 - $299,999","$1,000,000+",new,2026-10-01,true,0
Robert Mast,(303) 450-7735,+13034507735,"1550 E 141st Ave Brighton, CO 80602","$100,000 - $124,999","$1,000,000+",new,2026-10-01,true,0
Toby Campbell,(480) 421-6460,+14804216460,"1787 S 141st Pl Gilbert, AZ 85295","$200,000 - $249,999","$800,000 - $899,999",new,2026-10-01,true,0
Robin Clark,(941) 748-2897,+19417482897,"2310 141st St E Bradenton, FL 34212","$400,000 - $499,999","$900,000 - $999,999",new,2026-10-01,true,0
Michael Blakely,(954) 625-6748,+19546256748,"2891 SW 141st Ter Davie, FL 33330","$300,000 - $399,999","$800,000 - $899,999",new,2026-10-01,true,0
Mark Magdaleno,(954) 473-2348,+19544732348,"3113 SW 141st Ter Davie, FL 33330","$300,000 - $399,999","$1,000,000+",new,2026-10-01,true,0
Gonzalo Morfa,(954) 538-1780,+19545381780,"3350 SW 141st Ave Miramar, FL 33027","$100,000 - $124,999","$1,000,000+",new,2026-10-01,true,0
Abelardo Carbono,(954) 437-5826,+19544375826,"3501 SW 141st Ave Miramar, FL 33027","$100,000 - $124,999","$800,000 - $899,999",new,2026-10-01,true,0
Dung Nguyen,(754) 888-9544,+17548889544,"3600 SW 141st Ave Miramar, FL 33027","$250,000 - $299,999","$1,000,000+",new,2026-10-01,true,0
James Scott,(954) 999-0054,+19549990054,"3601 SW 141st Ave Davie, FL 33330","$200,000 - $249,999","$1,000,000+",new,2026-10-01,true,0
Fidel Gonzalez,(954) 476-1792,+19544761792,"4121 SW 141st Ave Davie, FL 33330","$200,000 - $249,999","$1,000,000+",new,2026-10-01,true,0
Samuel Gonzalez,(954) 704-1204,+19547041204,"4251 SW 141st Ave Miramar, FL 33027","$200,000 - $249,999","$1,000,000+",new,2026-10-01,true,0
Colleen Stone,(425) 338-9041,+14253389041,"4307 141st St SE Snohomish, WA 98296","$300,000 - $399,999","$1,000,000+",new,2026-10-01,true,0
Earl Dryden,(317) 733-2913,+13177332913,"4625 W 141st St Zionsville, IN 46077","$250,000 - $299,999","$1,000,000+",new,2026-10-01,true,0
Mark Sandler,(425) 747-8086,+14257478086,"5020 141st Ave SE Bellevue, WA 98006","$200,000 - $249,999","$1,000,000+",new,2026-10-01,true,0
Stephen Odabashian,(310) 616-3002,+13106163002,"5419 W 141st St Hawthorne, CA 90250","$300,000 - $399,999","$800,000 - $899,999",new,2026-10-01,true,0
Oren Floyd,(360) 576-6824,+13605766824,"5508 NW 141st Cir Vancouver, WA 98685","$250,000 - $299,999","$800,000 - $899,999",new,2026-10-01,true,0
Andre Cassata,(718) 463-5608,+17184635608,"5649 141st St Flushing, NY 11355","$70,000 - $79,999","$1,000,000+",new,2026-10-01,true,0
Chester Latawiec,(651) 982-4660,+16519824660,"6041 141st Ave NE Columbus, MN 55025","$100,000 - $124,999","$700,000 - $799,999",new,2026-10-01,true,0
Roger Nystrom,(425) 745-6221,+14257456221,"6510 141st St SW Edmonds, WA 98026","$200,000 - $249,999","$800,000 - $899,999",new,2026-10-01,true,0
William Loranger,(425) 885-9867,+14258859867,"6633 141st Pl NE Redmond, WA 98052","$300,000 - $399,999","$1,000,000+",new,2026-10-01,true,0
Melissa Weingarden,(305) 964-5521,+13059645521,"6740 SW 141st St Village Of Palmetto Bay, FL 33158","$300,000 - $399,999","$1,000,000+",new,2026-10-01,true,0
Gregory Newville,(651) 784-7000,+16517847000,"6843 141st Ave NE Columbus, MN 55025","$400,000 - $499,999","$900,000 - $999,999",new,2026-10-01,true,0
James Jozefyk,(561) 513-9567,+15615139567,"6861 141st Ln N West Palm Beach, FL 33418","$100,000 - $124,999","$700,000 - $799,999",new,2026-10-01,true,0
David Craddock,(561) 626-9755,+15616269755,"6914 141st Ln N Palm Beach Gardens, FL 33418","$200,000 - $249,999","$800,000 - $899,999",new,2026-10-01,true,0
Joseph Pacht,(718) 793-2170,+17187932170,"7010 141st St Flushing, NY 11367","$100,000 - $124,999","$800,000 - $899,999",new,2026-10-01,true,0
Jon Graham,(305) 971-3858,+13059713858,"7425 SW 141st Ter Village Of Palmetto Bay, FL 33158","$300,000 - $399,999","$800,000 - $899,999",new,2026-10-01,true,0
Sara Barris,(718) 544-0932,+17185440932,"7531 141st Pl Flushing, NY 11367","$200,000 - $249,999","$1,000,000+",new,2026-10-01,true,0
Violeta Beltran,(305) 238-2748,+13052382748,"7760 SW 141st St Village Of Palmetto Bay, FL 33158","$60,000 - $69,999","$800,000 - $899,999",new,2026-10-01,true,0
Richard Blom,(305) 251-1333,+13052511333,"7875 SW 141st Ter Village Of Palmetto Bay, FL 33158","$100,000 - $124,999","$900,000 - $999,999",new,2026-10-01,true,0
Kenneth Deutsch,(786) 250-3444,+17862503444,"7881 SW 141st St Village Of Palmetto Bay, FL 33158","$250,000 - $299,999","$800,000 - $899,999",new,2026-10-01,true,0
Thomas Magenheimer,(305) 252-3909,+13052523909,"7970 SW 141st Ter Village Of Palmetto Bay, FL 33158","$150,000 - $174,999","$900,000 - $999,999",new,2026-10-01,true,0
Minerva Martinez,(425) 254-3551,+14252543551,"8021 141st Ave SE Newcastle, WA 98059","$300,000 - $399,999","$1,000,000+",new,2026-10-01,true,0
Dominic Chien,(718) 261-9553,+17182619553,"8204 141st St Jamaica, NY 11435","$100,000 - $124,999","$1,000,000+",new,2026-10-01,true,0
Eileen Szep,(305) 238-0628,+13052380628,"8380 SW 141st St Village Of Palmetto Bay, FL 33158","$100,000 - $124,999","$800,000 - $899,999",new,2026-10-01,true,0
Michelle Bethune,(425) 814-5911,+14258145911,"8451 NE 141st St Kirkland, WA 98034","$150,000 - $174,999","$800,000 - $899,999",new,2026-10-01,true,0
Barry Fennell,(305) 238-2977,+13052382977,"8490 SW 141st St Village Of Palmetto Bay, FL 33158","$60,000 - $69,999","$1,000,000+",new,2026-10-01,true,0
Michael Mckinstry,(425) 821-0514,+14258210514,"9106 NE 141st Pl Kirkland, WA 98034","$80,000 - $89,999","$900,000 - $999,999",new,2026-10-01,true,0
Jorge Ojito,(305) 378-2590,+13053782590,"9820 SW 141st Dr Miami, FL 33176","$300,000 - $399,999","$800,000 - $899,999",new,2026-10-01,true,0
Joseph Cabral,(305) 969-3771,+13059693771,"10000 SW 141st St Miami, FL 33176","$250,000 - $299,999","$800,000 - $899,999",new,2026-10-01,true,0
Seiji Yano,(503) 524-5094,+15035245094,"10020 SW 141st Ave Beaverton, OR 97008","$70,000 - $79,999","$700,000 - $799,999",new,2026-10-01,true,0
Glenn Fusfield,(305) 255-5990,+13052555990,"10040 SW 141st St Miami, FL 33176","$300,000 - $399,999","$900,000 - $999,999",new,2026-10-01,true,0
Gregory Tensa,(503) 524-3078,+15035243078,"10215 SW 141st Ave Beaverton, OR 97008","$250,000 - $299,999","$700,000 - $799,999",new,2026-10-01,true,0
Kenneth Lancaster,(305) 232-3942,+13052323942,"10241 SW 141st St Miami, FL 33176","$90,000 - $99,999","$800,000 - $899,999",new,2026-10-01,true,0
Lorna Atiles,(305) 235-8856,+13052358856,"10301 SW 141st St Miami, FL 33176","$400,000 - $499,999","$800,000 - $899,999",new,2026-10-01,true,0
Colleen Elings,(503) 430-2030,+15034302030,"10460 SW 141st Ave Beaverton, OR 97008","$250,000 - $299,999","$900,000 - $999,999",new,2026-10-01,true,0
Ray Barber,(425) 820-8878,+14258208878,"10503 NE 141st St Kirkland, WA 98034","$300,000 - $399,999","$800,000 - $899,999",new,2026-10-01,true,0
Jerome Cahill,(913) 648-2753,+19136482753,"10816 W 141st St Overland Park, KS 66221","$300,000 - $399,999","$900,000 - $999,999",new,2026-10-01,true,0
David Brower,(772) 571-9944,+17725719944,"10875 141st Ave Fellsmere, FL 32948","$70,000 - $79,999","$1,000,000+",new,2026-10-01,true,0
Sherry Murillo,(913) 851-7557,+19138517557,"10900 W 141st St Overland Park, KS 66221","$400,000 - $499,999","$1,000,000+",new,2026-10-01,true,0
Marsha Tyson,(718) 739-2536,+17187392536,"10936 141st St Jamaica, NY 11435","$60,000 - $69,999","$700,000 - $799,999",new,2026-10-01,true,0
Matthew Goldenberg,(480) 314-7280,+14803147280,"11453 N 141st St Scottsdale, AZ 85259","$200,000 - $249,999","$900,000 - $999,999",new,2026-10-01,true,0
Ernest Merritt,(425) 825-8732,+14258258732,"12112 NE 141st St Kirkland, WA 98034","$175,000 - $199,999","$900,000 - $999,999",new,2026-10-01,true,0
Karen Knerr,(425) 814-0899,+14258140899,"12118 NE 141st Pl Kirkland, WA 98034","$175,000 - $199,999","$900,000 - $999,999",new,2026-10-01,true,0
Doug Klein,(425) 823-8357,+14258238357,"12617 NE 141st Way Kirkland, WA 98034","$400,000 - $499,999","$800,000 - $899,999",new,2026-10-01,true,0
Elizabeth Weaver,(503) 521-1799,+15035211799,"14160 SW 141st Ave Portland, OR 97224","$200,000 - $249,999","$700,000 - $799,999",new,2026-10-01,true,0
Robert Woolfolk,(503) 579-1838,+15035791838,"14180 SW 141st Ave Portland, OR 97224","$250,000 - $299,999","$1,000,000+",new,2026-10-01,true,0
Matthew Lavoie,(360) 400-0333,+13604000333,"14719 141st Ln SE Yelm, WA 98597","$250,000 - $299,999","$800,000 - $899,999",new,2026-10-01,true,0
Lisa Wagman,(918) 247-3125,+19182473125,"18182 W 141st St S Kellyville, OK 74039","$60,000 - $69,999","$1,000,000+",new,2026-10-01,true,0
Scott Powers,(320) 354-2702,+13203542702,"18203 141st St NE Hawick, MN 56273","$300,000 - $399,999","$800,000 - $899,999",new,2026-10-01,true,0
Mary Dehn,(763) 428-2444,+17634282444,"20260 141st Ave N Rogers, MN 55374","$250,000 - $299,999","$900,000 - $999,999",new,2026-10-01,true,0
Joao Cangussu,(425) 497-2488,+14254972488,"21816 NE 141st St Woodinville, WA 98077","$400,000 - $499,999","$1,000,000+",new,2026-10-01,true,0
Peter Jarrett,(718) 949-8869,+17189498869,"22222 141st Rd Springfield Gardens, NY 11413","$90,000 - $99,999","$700,000 - $799,999",new,2026-10-01,true,0
Barbara Weinans,(763) 428-4775,+17634284775,"24360 141st Ave N Rogers, MN 55374","$90,000 - $99,999","$1,000,000+",new,2026-10-01,true,0
Dante Canepa,(480) 883-8213,+14808838213,"24811 S 141st St Chandler, AZ 85249","$100,000 - $124,999","$700,000 - $799,999",new,2026-10-01,true,0
Jane Pattinson,(425) 844-8652,+14258448652,"27722 NE 141st St Duvall, WA 98019","$300,000 - $399,999","$900,000 - $999,999",new,2026-10-01,true,0
Clay Runnels,(425) 788-9580,+14257889580,"31123 NE 141st St Duvall, WA 98019","$250,000 - $299,999","$700,000 - $799,999",new,2026-10-01,true,0
Michael Mathews,(480) 683-0445,+14806830445,"31506 N 141st Pl Scottsdale, AZ 85262","$300,000 - $399,999","$1,000,000+",new,2026-10-01,true,0
Russ Lloyd,(253) 833-3099,+12538333099,"34210 141st Pl SE Auburn, WA 98092","$300,000 - $399,999","$1,000,000+",new,2026-10-01,true,0
Adrian Muntianu,(425) 562-6383,+14255626383,"306 142nd Ave NE Bellevue, WA 98007","$200,000 - $249,999","$1,000,000+",new,2026-10-01,true,0
David Calderley,(212) 807-9609,+12128079609,"538 W 142nd St New York, NY 10031","$400,000 - $499,999","$1,000,000+",new,2026-10-01,true,0
Jeffrey Nakken,(425) 741-5565,+14257415565,"713 142nd St SW Lynnwood, WA 98087","$300,000 - $399,999","$800,000 - $899,999",new,2026-10-01,true,0
Antonina Diganci,(718) 747-3257,+17187473257,"1303 142nd St Whitestone, NY 11357","$100,000 - $124,999","$900,000 - $999,999",new,2026-10-01,true,0
Erika Drajeske,(425) 357-6492,+14253576492,"1310 142nd Pl SE Mill Creek, WA 98012","$250,000 - $299,999","$700,000 - $799,999",new,2026-10-01,true,0
Gabriella Bigi,(929) 300-7196,+19293007196,"1326 142nd St Whitestone, NY 11357","$200,000 - $249,999","$1,000,000+",new,2026-10-01,true,0
Rosa Talluto,(718) 767-4310,+17187674310,"1418 142nd St Whitestone, NY 11357","$100,000 - $124,999","$700,000 - $799,999",new,2026-10-01,true,0
Alfred Pumariega,(305) 200-3468,+13052003468,"1500 SW 142nd Ave Miami, FL 33184","$80,000 - $89,999","$800,000 - $899,999",new,2026-10-01,true,0
Sally Brower,(253) 884-4481,+12538844481,"1821 142nd Ave SW Lakebay, WA 98349","$250,000 - $299,999","$1,000,000+",new,2026-10-01,true,0
Jose Salas,(305) 221-4262,+13052214262,"2050 SW 142nd Pl Miami, FL 33175","$200,000 - $249,999","$700,000 - $799,999",new,2026-10-01,true,0
Juan Vazquez,(305) 220-5502,+13052205502,"2151 SW 142nd Ave Miami, FL 33175","$175,000 - $199,999","$1,000,000+",new,2026-10-01,true,0
Pablo Parra,(954) 447-8504,+19544478504,"3136 SW 142nd Ave Miramar, FL 33027","$100,000 - $124,999","$700,000 - $799,999",new,2026-10-01,true,0
Hervey Wilson,(425) 558-5519,+14255585519,"3314 142nd Pl NE Bellevue, WA 98007","$200,000 - $249,999","$1,000,000+",new,2026-10-01,true,0
Robert Lerner,(907) 345-3525,+19073453525,"3541 E 142nd Ave Anchorage, AK 99516","$300,000 - $399,999","$1,000,000+",new,2026-10-01,true,0
John Gerold,(763) 878-1651,+17638781651,"3565 142nd St NW Monticello, MN 55362","$300,000 - $399,999","$700,000 - $799,999",new,2026-10-01,true,0
Joanne Edinberg,(425) 869-2774,+14258692774,"3603 142nd Pl NE Bellevue, WA 98007","$400,000 - $499,999","$1,000,000+",new,2026-10-01,true,0
Beth Hom,(425) 867-9132,+14258679132,"3814 142nd Pl NE Bellevue, WA 98007","$400,000 - $499,999","$1,000,000+",new,2026-10-01,true,0
Michael Harmon,(206) 367-3713,+12063673713,"4110 NE 142nd St Seattle, WA 98125","$400,000 - $499,999","$1,000,000+",new,2026-10-01,true,0
Lorena Montanez,(310) 616-3110,+13106163110,"5433 W 142nd St Hawthorne, CA 90250","$300,000 - $399,999","$800,000 - $899,999",new,2026-10-01,true,0
Amelia Nugent,(310) 643-9107,+13106439107,"5528 W 142nd St Hawthorne, CA 90250","$80,000 - $89,999","$1,000,000+",new,2026-10-01,true,0
Carol Hutchinson,(718) 762-2295,+17187622295,"5644 142nd St Flushing, NY 11355","$50,000 - $59,999","$1,000,000+",new,2026-10-01,true,0
Geetha Rao,(425) 643-8356,+14256438356,"6006 142nd Pl SE Bellevue, WA 98006","$250,000 - $299,999","$1,000,000+",new,2026-10-01,true,0
Daniel George,(360) 573-9522,+13605739522,"6813 NE 142nd St Vancouver, WA 98686","$150,000 - $174,999","$700,000 - $799,999",new,2026-10-01,true,0
Roberto Bamberger,(425) 861-8174,+14258618174,"6923 142nd Ct NE Redmond, WA 98052","$400,000 - $499,999","$1,000,000+",new,2026-10-01,true,0
Gary Pastorella,(305) 252-0314,+13052520314,"6940 SW 142nd Ter Village Of Palmetto Bay, FL 33158","$100,000 - $124,999","$1,000,000+",new,2026-10-01,true,0
Scott Sandler,(305) 259-7746,+13052597746,"7250 SW 142nd Ter Village Of Palmetto Bay, FL 33158","$250,000 - $299,999","$900,000 - $999,999",new,2026-10-01,true,0
Anita Figueroa,(305) 252-7666,+13052527666,"7375 SW 142nd Ter Village Of Palmetto Bay, FL 33158","$300,000 - $399,999","$900,000 - $999,999",new,2026-10-01,true,0
Andrew Sapiro,(305) 252-8651,+13052528651,"7605 SW 142nd St Village Of Palmetto Bay, FL 33158","$100,000 - $124,999","$800,000 - $899,999",new,2026-10-01,true,0
Siu Leung,(425) 883-0935,+14258830935,"7607 142nd Ave NE Redmond, WA 98052","$300,000 - $399,999","$1,000,000+",new,2026-10-01,true,0
Maria Oquendo,(305) 232-6714,+13052326714,"7725 SW 142nd St Village Of Palmetto Bay, FL 33158","$175,000 - $199,999","$800,000 - $899,999",new,2026-10-01,true,0
James Knecht,(305) 238-0897,+13052380897,"7960 SW 142nd St Village Of Palmetto Bay, FL 33158","$300,000 - $399,999","$900,000 - $999,999",new,2026-10-01,true,0
Wendy Perlman,(305) 255-1159,+13052551159,"7965 SW 142nd St Village Of Palmetto Bay, FL 33158","$300,000 - $399,999","$900,000 - $999,999",new,2026-10-01,true,0
Stephen Ernst,(305) 252-0757,+13052520757,"8020 SW 142nd Ter Village Of Palmetto Bay, FL 33158","$100,000 - $124,999","$800,000 - $899,999",new,2026-10-01,true,0
Eulalio Galvez,(305) 383-2668,+13053832668,"8240 SW 142nd Ave Miami, FL 33183","$100,000 - $124,999","$700,000 - $799,999",new,2026-10-01,true,0
Susan Deferrari,(305) 238-1688,+13052381688,"8400 SW 142nd St Village Of Palmetto Bay, FL 33158","$300,000 - $399,999","$800,000 - $899,999",new,2026-10-01,true,0
Robert Messa,(305) 233-6858,+13052336858,"8460 SW 142nd St Village Of Palmetto Bay, FL 33158","$80,000 - $89,999","$1,000,000+",new,2026-10-01,true,0
Joseph Miorelli,(305) 378-5492,+13053785492,"8481 SW 142nd St Village Of Palmetto Bay, FL 33158","$100,000 - $124,999","$800,000 - $899,999",new,2026-10-01,true,0
Janet Tortorici,(708) 364-7887,+17083647887,"8540 142nd Pl Orland Park, IL 60462","$400,000 - $499,999","$700,000 - $799,999",new,2026-10-01,true,0
Dennis Schmuland,(425) 883-1033,+14258831033,"8723 142nd Ave NE Redmond, WA 98052","$400,000 - $499,999","$1,000,000+",new,2026-10-01,true,0
Erik Zahn,(425) 821-1575,+14258211575,"8729 NE 142nd St Kirkland, WA 98034","$300,000 - $399,999","$800,000 - $899,999",new,2026-10-01,true,0
William Archer,(305) 238-4071,+13052384071,"9200 SW 142nd St Miami, FL 33176","$100,000 - $124,999","$1,000,000+",new,2026-10-01,true,0
Fernando Donayre,(305) 256-8088,+13052568088,"9425 SW 142nd St Miami, FL 33176","$300,000 - $399,999","$1,000,000+",new,2026-10-01,true,0
Holly Sachs,(305) 378-4646,+13053784646,"9775 SW 142nd Dr Miami, FL 33176","$50,000 - $59,999","$700,000 - $799,999",new,2026-10-01,true,0
Julie Miller,(786) 732-4068,+17867324068,"9835 SW 142nd Dr Miami, FL 33176","$400,000 - $499,999","$800,000 - $899,999",new,2026-10-01,true,0
Tommy Morrison,(305) 251-7678,+13052517678,"9955 SW 142nd St Miami, FL 33176","$300,000 - $399,999","$1,000,000+",new,2026-10-01,true,0
Beth Davidson,(305) 378-4485,+13053784485,"10120 SW 142nd St Miami, FL 33176","$300,000 - $399,999","$1,000,000+",new,2026-10-01,true,0
Luis Mejia,(305) 234-2840,+13052342840,"10190 SW 142nd St Miami, FL 33176","$400,000 - $499,999","$1,000,000+",new,2026-10-01,true,0
Joannemanwantti Naidoo,(718) 657-4953,+17186574953,"10997 142nd St Jamaica, NY 11435","$70,000 - $79,999","$800,000 - $899,999",new,2026-10-01,true,0
Ian Lindo,(718) 529-1540,+17185291540,"12024 142nd St South Ozone Park, NY 11436","$100,000 - $124,999","$800,000 - $899,999",new,2026-10-01,true,0
Robyn Larson,(952) 466-4774,+19524664774,"12920 142nd St Norwood Young America, MN 55368","$250,000 - $299,999","$800,000 - $899,999",new,2026-10-01,true,0
Jerome Wuebker,(515) 465-5720,+15154655720,"17740 142nd Pl Perry, IA 50220","$40,000 - $49,999","$800,000 - $899,999",new,2026-10-01,true,0
Ronald Lawhon,(425) 572-6999,+14255726999,"17806 142nd Ave SE Renton, WA 98058","$150,000 - $174,999","$700,000 - $799,999",new,2026-10-01,true,0
Jeff Stober,(253) 630-2022,+12536302022,"21204 142nd Ave SE Kent, WA 98042","$300,000 - $399,999","$700,000 - $799,999",new,2026-10-01,true,0
Kimberly Moore,(480) 683-1233,+14806831233,"29721 N 142nd Pl Scottsdale, AZ 85262","$200,000 - $249,999","$800,000 - $899,999",new,2026-10-01,true,0
Mark Groenheide,(616) 688-5600,+16166885600,"A-3918 142nd Ave Holland, MI 49423","$100,000 - $124,999","$700,000 - $799,999",new,2026-10-01,true,0
Gwendolyn Shepherd,(212) 510-7118,+12125107118,"455 W 143rd St New York, NY 10031","$40,000 - $49,999","$900,000 - $999,999",new,2026-10-01,true,0
Ricky Holmes,(616) 877-0095,+16168770095,"809 143rd Ave Wayland, MI 49348","$100,000 - $124,999","$700,000 - $799,999",new,2026-10-01,true,0
Thomas Friedman,(402) 493-6668,+14024936668,"853 N 143rd Plz Omaha, NE 68154","$400,000 - $499,999","$1,000,000+",new,2026-10-01,true,0
Patrick Flinn,(402) 315-9822,+14023159822,"861 N 143rd Ct Omaha, NE 68154","$100,000 - $124,999","$800,000 - $899,999",new,2026-10-01,true,0
Tessy Varghese,(402) 933-8420,+14029338420,"905 N 143rd Cir Omaha, NE 68154","$250,000 - $299,999","$1,000,000+",new,2026-10-01,true,0
John Mckay,(715) 268-4453,+17152684453,"965 143rd St Amery, WI 54001","$300,000 - $399,999","$800,000 - $899,999",new,2026-10-01,true,0
Merrie Reardon,(253) 858-3016,+12538583016,"1110 143rd St NW Gig Harbor, WA 98332","$400,000 - $499,999","$1,000,000+",new,2026-10-01,true,0
William Caine,(941) 896-6587,+19418966587,"1110 143rd St NE Bradenton, FL 34212","$400,000 - $499,999","$1,000,000+",new,2026-10-01,true,0
Nikke Shilling,(941) 758-3084,+19417583084,"1114 143rd St NE Bradenton, FL 34212","$250,000 - $299,999","$1,000,000+",new,2026-10-01,true,0
Philippa Stairs,(425) 644-6765,+14256446765,"1238 143rd Ave SE Bellevue, WA 98007","$80,000 - $89,999","$1,000,000+",new,2026-10-01,true,0
Chris Pourtoulidis,(718) 747-7578,+17187477578,"1326 143rd Pl Whitestone, NY 11357","$400,000 - $499,999","$1,000,000+",new,2026-10-01,true,0
Nancy Natale,(718) 747-7503,+17187477503,"1331 143rd St Whitestone, NY 11357","$300,000 - $399,999","$1,000,000+",new,2026-10-01,true,0
Pete Eliou,(718) 767-0156,+17187670156,"1339 143rd Pl Malba, NY 11357","$100,000 - $124,999","$1,000,000+",new,2026-10-01,true,0
Susie Zindel,(402) 393-2623,+14023932623,"1409 N 143rd St Omaha, NE 68154","$400,000 - $499,999","$1,000,000+",new,2026-10-01,true,0
Terry Huntington,(402) 445-2629,+14024452629,"1424 N 143rd Ave Omaha, NE 68154","$200,000 - $249,999","$1,000,000+",new,2026-10-01,true,0
Sarah Miles,(402) 614-3362,+14026143362,"1425 N 143rd Ave Omaha, NE 68154","$250,000 - $299,999","$1,000,000+",new,2026-10-01,true,0
Concettina Staiano,(718) 357-3006,+17183573006,"1454 143rd St Whitestone, NY 11357","$100,000 - $124,999","$900,000 - $999,999",new,2026-10-01,true,0
Lourdes Esquivel,(305) 220-4876,+13052204876,"1501 SW 143rd Ct Miami, FL 33184","$175,000 - $199,999","$800,000 - $899,999",new,2026-10-01,true,0
Julio Gonzalez,(305) 552-5756,+13055525756,"1508 SW 143rd Pl Miami, FL 33184","$100,000 - $124,999","$700,000 - $799,999",new,2026-10-01,true,0
Mark Richter,(303) 280-9878,+13032809878,"1515 E 143rd Ave Brighton, CO 80602","$250,000 - $299,999","$1,000,000+",new,2026-10-01,true,0
Cesar Guerrero,(305) 226-7545,+13052267545,"1608 SW 143rd Pl Miami, FL 33175","$70,000 - $79,999","$700,000 - $799,999",new,2026-10-01,true,0
Penelope Robinson,(425) 316-8855,+14253168855,"1615 143rd Pl SE Mill Creek, WA 98012","$400,000 - $499,999","$900,000 - $999,999",new,2026-10-01,true,0
Ralph Beriro,(954) 435-6928,+19544356928,"1697 NW 143rd Way Pembroke Pines, FL 33028","$300,000 - $399,999","$700,000 - $799,999",new,2026-10-01,true,0
Paul Muxo,(305) 559-5582,+13055595582,"1836 SW 143rd Ct Miami, FL 33175","$70,000 - $79,999","$800,000 - $899,999",new,2026-10-01,true,0
Michael Ocker,(303) 451-7639,+13034517639,"1954 E 143rd Ave Brighton, CO 80602","$100,000 - $124,999","$900,000 - $999,999",new,2026-10-01,true,0
Duk Song,(718) 939-2843,+17189392843,"2964 143rd St Flushing, NY 11354","$400,000 - $499,999","$1,000,000+",new,2026-10-01,true,0
Teresa Leyde,(425) 377-8011,+14253778011,"3303 143rd Ave SE Snohomish, WA 98290","$100,000 - $124,999","$700,000 - $799,999",new,2026-10-01,true,0
Donald Duncanson,(954) 432-8451,+19544328451,"3560 SW 143rd Ave Miramar, FL 33027","$100,000 - $124,999","$700,000 - $799,999",new,2026-10-01,true,0
Ronald Manor,(360) 357-6333,+13603576333,"3646 143rd Ave SW Tenino, WA 98589","$90,000 - $99,999","$1,000,000+",new,2026-10-01,true,0
Fredric Cooper,(954) 436-1713,+19544361713,"4250 SW 143rd Ave Miramar, FL 33027","$100,000 - $124,999","$800,000 - $899,999",new,2026-10-01,true,0
Marisol Amoedo,(954) 436-8033,+19544368033,"4291 SW 143rd Ave Miramar, FL 33027","$300,000 - $399,999","$800,000 - $899,999",new,2026-10-01,true,0
Thomas Dahlgren,(425) 747-9335,+14257479335,"4514 143rd Ave SE Bellevue, WA 98006","$400,000 - $499,999","$1,000,000+",new,2026-10-01,true,0
David Dana,(425) 957-9081,+14259579081,"4626 143rd Ave SE Bellevue, WA 98006","$200,000 - $249,999","$1,000,000+",new,2026-10-01,true,0
Nicholas Serfas,(425) 640-8705,+14256408705,"5519 143rd St SW Edmonds, WA 98026","$150,000 - $174,999","$700,000 - $799,999",new,2026-10-01,true,0
Jane Miyamoto-Dell'Isola,(425) 373-9397,+14253739397,"5525 143rd Ave SE Bellevue, WA 98006","$200,000 - $249,999","$1,000,000+",new,2026-10-01,true,0
Michael Begeman,(425) 745-1523,+14257451523,"5809 143rd St SW Edmonds, WA 98026","$400,000 - $499,999","$700,000 - $799,999",new,2026-10-01,true,0
Diane Doyle,(425) 881-2379,+14258812379,"6311 143rd Ave NE Redmond, WA 98052","$250,000 - $299,999","$1,000,000+",new,2026-10-01,true,0
Eddie Sergeant,(425) 741-8565,+14257418565,"6802 143rd St SW Edmonds, WA 98026","$175,000 - $199,999","$1,000,000+",new,2026-10-01,true,0
John Boyd,(561) 775-1806,+15617751806,"6843 143rd St N West Palm Beach, FL 33418","$100,000 - $124,999","$700,000 - $799,999",new,2026-10-01,true,0
Brian Painley,(425) 869-7161,+14258697161,"6901 143rd Ct NE Redmond, WA 98052","$400,000 - $499,999","$1,000,000+",new,2026-10-01,true,0
Mark Brunton,(425) 883-7760,+14258837760,"7320 143rd Ave NE Redmond, WA 98052","$200,000 - $249,999","$1,000,000+",new,2026-10-01,true,0
Joseph Dunavant,(425) 702-1995,+14257021995,"7524 143rd Ave NE Redmond, WA 98052","$400,000 - $499,999","$1,000,000+",new,2026-10-01,true,0
Paul Messina,(305) 388-0230,+13053880230,"7602 SW 143rd Ave Miami, FL 33183","$100,000 - $124,999","$700,000 - $799,999",new,2026-10-01,true,0
Joseph Alamo,(786) 250-3383,+17862503383,"7655 SW 143rd St Village Of Palmetto Bay, FL 33158","$400,000 - $499,999","$900,000 - $999,999",new,2026-10-01,true,0
Angela Hatfield,(786) 242-3282,+17862423282,"7780 SW 143rd St Village Of Palmetto Bay, FL 33158","$300,000 - $399,999","$900,000 - $999,999",new,2026-10-01,true,0
Kristen Hendricks-Fonseca,(360) 691-1111,+13606911111,"7916 143rd Ave NE Lake Stevens, WA 98258","$200,000 - $249,999","$700,000 - $799,999",new,2026-10-01,true,0
Louise Canale,(718) 321-1514,+17183211514,"3207 148th St Flushing, NY 11354","$60,000 - $69,999","$1,000,000+",new,2026-10-01,true,0
Rosa Canale,(718) 961-8781,+17189618781,"3219 148th St Flushing, NY 11354","$70,000 - $79,999","$1,000,000+",new,2026-10-01,true,0
Elaine Pittman,(806) 748-1614,+18067481614,"3502 148th St Lubbock, TX 79423","$50,000 - $59,999","$700,000 - $799,999",new,2026-10-01,true,0
Joanna Yi,(425) 337-9259,+14253379259,"3630 148th St SE Mill Creek, WA 98012","$200,000 - $249,999","$1,000,000+",new,2026-10-01,true,0
Suzanne Barsness,(425) 742-2801,+14257422801,"4103 148th St SW Lynnwood, WA 98087","$300,000 - $399,999","$800,000 - $899,999",new,2026-10-01,true,0
Lawrence Mast,(425) 643-0514,+14256430514,"5211 148th Ave SE Bellevue, WA 98006","$300,000 - $399,999","$1,000,000+",new,2026-10-01,true,0
Peter Gross,(786) 250-3160,+17862503160,"7107 SW 148th Ter Village Of Palmetto Bay, FL 33158","$400,000 - $499,999","$1,000,000+",new,2026-10-01,true,0
Kenneth Flicker,(305) 253-7251,+13052537251,"7360 SW 148th St Village Of Palmetto Bay, FL 33158","$400,000 - $499,999","$1,000,000+",new,2026-10-01,true,0
Denise Probst,(952) 233-1818,+19522331818,"7451 148th St W Savage, MN 55378","$300,000 - $399,999","$700,000 - $799,999",new,2026-10-01,true,0
Galen Peterson,(952) 855-4844,+19528554844,"7469 148th St W Savage, MN 55378","$400,000 - $499,999","$700,000 - $799,999",new,2026-10-01,true,0
Myriam Kowlessar,(305) 233-0856,+13052330856,"8360 SW 148th Dr Village Of Palmetto Bay, FL 33158","$300,000 - $399,999","$700,000 - $799,999",new,2026-10-01,true,0
Leslie Mckinley,(305) 235-4342,+13052354342,"8430 SW 148th Dr Village Of Palmetto Bay, FL 33158","$70,000 - $79,999","$900,000 - $999,999",new,2026-10-01,true,0
Josephine Gordy,(305) 235-2604,+13052352604,"8445 SW 148th Dr Village Of Palmetto Bay, FL 33158","$50,000 - $59,999","$800,000 - $899,999",new,2026-10-01,true,0
Hugh Knox,(503) 430-6501,+15034306501,"8460 SW 148th Ter Aloha, OR 97007","$300,000 - $399,999","$800,000 - $899,999",new,2026-10-01,true,0
Pascal Stingone,(718) 523-2166,+17185232166,"8544 148th St Jamaica, NY 11435","$100,000 - $124,999","$800,000 - $899,999",new,2026-10-01,true,0
Seeta Mahabir,(718) 658-0196,+17186580196,"8584 148th St Jamaica, NY 11435","$50,000 - $59,999","$900,000 - $999,999",new,2026-10-01,true,0
Paul Barth,(303) 659-8959,+13036598959,"9200 E 148th Cir Brighton, CO 80602","$250,000 - $299,999","$1,000,000+",new,2026-10-01,true,0
Terrence Herrera,(305) 251-7921,+13052517921,"9201 SW 148th St Miami, FL 33176","$200,000 - $249,999","$700,000 - $799,999",new,2026-10-01,true,0
Ricardo Nunez,(305) 387-9142,+13053879142,"11130 SW 148th Pl Miami, FL 33196","$70,000 - $79,999","$800,000 - $899,999",new,2026-10-01,true,0
Louis Beale,(305) 255-9087,+13052559087,"14520 SW 148th Ct Miami, FL 33196","$100,000 - $124,999","$700,000 - $799,999",new,2026-10-01,true,0
Maria London,(305) 254-4827,+13052544827,"15461 SW 148th Ter Miami, FL 33196","$175,000 - $199,999","$700,000 - $799,999",new,2026-10-01,true,0
Todd Losee,(616) 844-2734,+16168442734,"15715 148th Ave Spring Lake, MI 49456","$400,000 - $499,999","$1,000,000+",new,2026-10-01,true,0
Austin Letren,(305) 378-0697,+13053780697,"16555 SW 148th Ave Miami, FL 33187","$60,000 - $69,999","$700,000 - $799,999",new,2026-10-01,true,0
Catherine Blair,(360) 894-0346,+13608940346,"17232 148th Ave SE Yelm, WA 98597","$400,000 - $499,999","$1,000,000+",new,2026-10-01,true,0
John Vissotzky,(360) 260-3994,+13602603994,"23217 NE 148th St Brush Prairie, WA 98606","$200,000 - $249,999","$900,000 - $999,999",new,2026-10-01,true,0
Darrin Chester,(718) 527-4360,+17185274360,"23511 148th Ave Rosedale, NY 11422","$60,000 - $69,999","$700,000 - $799,999",new,2026-10-01,true,0
Anthony Edegbe,(718) 712-2699,+17187122699,"24103 148th Rd Rosedale, NY 11422","$100,000 - $124,999","$700,000 - $799,999",new,2026-10-01,true,0
Keith Reichow,(253) 631-7407,+12536317407,"26409 148th Ave SE Kent, WA 98042","$60,000 - $69,999","$1,000,000+",new,2026-10-01,true,0
Malgorzata Zovas,(718) 357-3795,+17183573795,"284 149th Pl Whitestone, NY 11357","$250,000 - $299,999","$1,000,000+",new,2026-10-01,true,0
Luigi Farina,(718) 746-5443,+17187465443,"311 149th St Whitestone, NY 11357","$250,000 - $299,999","$1,000,000+",new,2026-10-01,true,0
Anthony Marotta,(718) 767-2498,+17187672498,"312 149th St Whitestone, NY 11357","$200,000 - $249,999","$1,000,000+",new,2026-10-01,true,0
Henry Skoros,(718) 746-1849,+17187461849,"315 149th Pl Whitestone, NY 11357","$80,000 - $89,999","$1,000,000+",new,2026-10-01,true,0
Lynn Gallagher,(718) 767-0549,+17187670549,"325 149th St Whitestone, NY 11357","$250,000 - $299,999","$1,000,000+",new,2026-10-01,true,0
Leonardo Romano,(718) 767-4303,+17187674303,"332 149th St Whitestone, NY 11357","$100,000 - $124,999","$1,000,000+",new,2026-10-01,true,0
Paul Cutto,(718) 767-4776,+17187674776,"1019 149th St Whitestone, NY 11357","$200,000 - $249,999","$1,000,000+",new,2026-10-01,true,0
Neil Fredrickson,(718) 767-0006,+17187670006,"1234 149th St Whitestone, NY 11357","$40,000 - $49,999","$700,000 - $799,999",new,2026-10-01,true,0
Lavan Muthu,(954) 452-8295,+19544528295,"1247 SW 149th Ln Sunrise, FL 33326","$100,000 - $124,999","$800,000 - $899,999",new,2026-10-01,true,0
Francisco Hernandez,(786) 577-0418,+17865770418,"1550 SW 149th Ave Miami, FL 33194","$150,000 - $174,999","$700,000 - $799,999",new,2026-10-01,true,0
Liliana Kapovic,(718) 767-0850,+17187670850,"1738 149th St Whitestone, NY 11357","$50,000 - $59,999","$1,000,000+",new,2026-10-01,true,0
Konstantina Xitas,(718) 746-3459,+17187463459,"1806 149th St Whitestone, NY 11357","$100,000 - $124,999","$700,000 - $799,999",new,2026-10-01,true,0
Dori Lowell,(425) 334-4509,+14253344509,"1932 149th Ave SE Snohomish, WA 98290","$70,000 - $79,999","$900,000 - $999,999",new,2026-10-01,true,0
Frank Roma,(347) 527-1923,+13475271923,"2304 149th St Whitestone, NY 11357","$50,000 - $59,999","$1,000,000+",new,2026-10-01,true,0
Marjorie Vranizan,(206) 243-0311,+12062430311,"2401 SW 149th Pl Burien, WA 98166","$80,000 - $89,999","$700,000 - $799,999",new,2026-10-01,true,0
Laura Krsinic,(718) 445-7644,+17184457644,"3216 149th St Flushing, NY 11354","$100,000 - $124,999","$1,000,000+",new,2026-10-01,true,0
Ines Almeida,(954) 392-5200,+19543925200,"4000 SW 149th Ter Miramar, FL 33027","$70,000 - $79,999","$700,000 - $799,999",new,2026-10-01,true,0
Dae Chang,(718) 961-2352,+17189612352,"4029 149th St Flushing, NY 11354","$40,000 - $49,999","$1,000,000+",new,2026-10-01,true,0
Lois Hansen,(303) 469-9141,+13034699141,"4070 W 149th Ave Broomfield, CO 80023","$300,000 - $399,999","$800,000 - $899,999",new,2026-10-01,true,0
Shun Hsueh,(718) 353-5748,+17183535748,"4225 149th St Flushing, NY 11355","$40,000 - $49,999","$1,000,000+",new,2026-10-01,true,0
Luis Gonzalez,(718) 961-8810,+17189618810,"4354 149th St Flushing, NY 11355","$100,000 - $124,999","$1,000,000+",new,2026-10-01,true,0
Hsiu Kao,(718) 461-7593,+17184617593,"4361 149th St Flushing, NY 11355","$50,000 - $59,999","$1,000,000+",new,2026-10-01,true,0
Thomas Ferris,(425) 379-6305,+14253796305,"4620 149th Pl SE Everett, WA 98208","$400,000 - $499,999","$700,000 - $799,999",new,2026-10-01,true,0
Silvio Imas,(954) 436-5514,+19544365514,"5254 SW 149th Ave Miramar, FL 33027","$100,000 - $124,999","$700,000 - $799,999",new,2026-10-01,true,0
Sonjia Oliver,(954) 447-2404,+19544472404,"5255 SW 149th Ave Miramar, FL 33027","$80,000 - $89,999","$800,000 - $899,999",new,2026-10-01,true,0
Darrel Jensen,(425) 338-5372,+14253385372,"6431 149th St SE Snohomish, WA 98296","$250,000 - $299,999","$1,000,000+",new,2026-10-01,true,0
David Messner,(425) 869-6454,+14258696454,"6506 149th Ave NE Redmond, WA 98052","$250,000 - $299,999","$1,000,000+",new,2026-10-01,true,0
James Gillis,(305) 232-7261,+13052327261,"6975 SW 149th Ter Village Of Palmetto Bay, FL 33158","$100,000 - $124,999","$1,000,000+",new,2026-10-01,true,0
Adrian Culiac,(360) 668-0457,+13606680457,"7516 149th St SE Snohomish, WA 98296","$300,000 - $399,999","$1,000,000+",new,2026-10-01,true,0
Oscar Calleja,(305) 233-3027,+13052333027,"7600 SW 149th St Village Of Palmetto Bay, FL 33158","$100,000 - $124,999","$900,000 - $999,999",new,2026-10-01,true,0
Valery Yuabov,(718) 591-6675,+17185916675,"7911 149th St Flushing, NY 11367","$90,000 - $99,999","$1,000,000+",new,2026-10-01,true,0
John Stack,(305) 251-0848,+13052510848,"8225 SW 149th Dr Village Of Palmetto Bay, FL 33158","$100,000 - $124,999","$800,000 - $899,999",new,2026-10-01,true,0
Thomas Wild,(305) 238-8222,+13052388222,"8260 SW 149th Dr Village Of Palmetto Bay, FL 33158","$175,000 - $199,999","$800,000 - $899,999",new,2026-10-01,true,0
Richard Fitterer,(786) 242-1506,+17862421506,"8435 SW 149th Dr Village Of Palmetto Bay, FL 33158","$100,000 - $124,999","$800,000 - $899,999",new,2026-10-01,true,0
Beverly Curmanskie,(305) 251-6692,+13052516692,"8540 SW 149th Ter Village Of Palmetto Bay, FL 33158","$80,000 - $89,999","$800,000 - $899,999",new,2026-10-01,true,0
Su Potter,(305) 254-3730,+13052543730,"9250 SW 149th St Miami, FL 33176","$60,000 - $69,999","$700,000 - $799,999",new,2026-10-01,true,0
Jean Fowler,(305) 254-3482,+13052543482,"9265 SW 149th St Miami, FL 33176","$100,000 - $124,999","$700,000 - $799,999",new,2026-10-01,true,0
Mario Garcia,(305) 255-9626,+13052559626,"9417 SW 149th St Miami, FL 33176","$300,000 - $399,999","$900,000 - $999,999",new,2026-10-01,true,0
Keith Seabaugh,(303) 654-1402,+13036541402,"9930 E 149th Ct Brighton, CO 80602","$200,000 - $249,999","$1,000,000+",new,2026-10-01,true,0
Wayne Stengel,(303) 654-1421,+13036541421,"10230 E 149th Ct Brighton, CO 80602","$100,000 - $124,999","$800,000 - $899,999",new,2026-10-01,true,0
Mala Rupnarain,(718) 843-1507,+17188431507,"11428 149th Ave South Ozone Park, NY 11420","$100,000 - $124,999","$700,000 - $799,999",new,2026-10-01,true,0
Jacqueline Garber,(954) 942-3141,+19549423141,"2880 NE 14th Street Cswy # 605 Pompano Beach, FL 33062","$300,000 - $399,999","$700,000 - $799,999",new,2026-10-01,true,0
Stanley Pace,(760) 772-9481,+17607729481,"75413 14th Green Dr Indian Wells, CA 92210","$300,000 - $399,999","$900,000 - $999,999",new,2026-10-01,true,0
Marcia Masciarelli,(713) 868-4762,+17138684762,"2018 W 14th 1/2 St Houston, TX 77008","$100,000 - $124,999","$700,000 - $799,999",new,2026-10-01,true,0
Dolores Salvador,(323) 733-9069,+13237339069,"2961 1/2 W 14th St Los Angeles, CA 90006","$30,000 - $39,999","$900,000 - $999,999",new,2026-10-01,true,0
Charles Casperson,(360) 832-8574,+13608328574,"44515 14th Ave E Eatonville, WA 98328","$150,000 - $174,999","$700,000 - $799,999",new,2026-10-01,true,0
Kathlyn Maez,(623) 465-2667,+16234652667,"43124 N 14th St New River, AZ 85087","$400,000 - $499,999","$700,000 - $799,999",new,2026-10-01,true,0
Jeffrey Araiza,(623) 465-1101,+16234651101,"36807 N 14th St Phoenix, AZ 85086","$175,000 - $199,999","$800,000 - $899,999",new,2026-10-01,true,0
Curtis Miller,(760) 753-5619,+17607535619,"2022 14th St Encinitas, CA 92024","$250,000 - $299,999","$1,000,000+",new,2026-10-01,true,0
Ronald Christensen,(954) 584-4358,+19545844358,"2035 NE 14th Ct Fort Lauderdale, FL 33304","$200,000 - $249,999","$1,000,000+",new,2026-10-01,true,0
Richard Shimizu,(253) 946-1075,+12539461075,"28809 14th Ave S Federal Way, WA 98003","$80,000 - $89,999","$700,000 - $799,999",new,2026-10-01,true,0
Gregg Middaugh,(425) 313-9383,+14253139383,"24905 SE 14th St Sammamish, WA 98075","$250,000 - $299,999","$1,000,000+",new,2026-10-01,true,0
Joel Dauterman,(425) 868-7349,+14258687349,"23915 NE 14th St Redmond, WA 98074","$400,000 - $499,999","$1,000,000+",new,2026-10-01,true,0
Paul Raica,(425) 482-0557,+14254820557,"21831 14th Pl W Lynnwood, WA 98036","$400,000 - $499,999","$900,000 - $999,999",new,2026-10-01,true,0
Carina Silva,(305) 285-5181,+13052855181,"2045 SW 14th Ter Miami, FL 33145","$30,000 - $39,999","$900,000 - $999,999",new,2026-10-01,true,0
Robert Daniels,(954) 564-1098,+19545641098,"2047 NE 14th Ct Fort Lauderdale, FL 33304","$60,000 - $69,999","$1,000,000+",new,2026-10-01,true,0
Paul Reavis,(415) 665-4950,+14156654950,"2060 14th Ave San Francisco, CA 94116","$150,000 - $174,999","$1,000,000+",new,2026-10-01,true,0
Carl Croutch,(415) 665-4690,+14156654690,"2064 14th Ave San Francisco, CA 94116","$125,000 - $149,999","$1,000,000+",new,2026-10-01,true,0
Sharon Woodall,(239) 772-4508,+12397724508,"2106 SE 14th Ter Cape Coral, FL 33990","$50,000 - $59,999","$700,000 - $799,999",new,2026-10-01,true,0
Eileen Appelbaum,(202) 986-3549,+12029863549,"2125 14th St NW Apt 307 Washington, DC 20009","$400,000 - $499,999","$700,000 - $799,999",new,2026-10-01,true,0
Girish Vyas,(415) 564-5020,+14155645020,"2135 14th Ave San Francisco, CA 94116","$250,000 - $299,999","$800,000 - $899,999",new,2026-10-01,true,0
Margaret Neufeld,(718) 627-1733,+17186271733,"2136 E 14th St Brooklyn, NY 11229","$60,000 - $69,999","$1,000,000+",new,2026-10-01,true,0
Derrick Jee,(415) 759-9875,+14157599875,"2168 14th Ave San Francisco, CA 94116","$300,000 - $399,999","$700,000 - $799,999",new,2026-10-01,true,0
Dasha Grafil,(415) 566-1269,+14155661269,"2170 14th Ave San Francisco, CA 94116","$60,000 - $69,999","$1,000,000+",new,2026-10-01,true,0
Saul Grabosky,(561) 368-5839,+15613685839,"2210 SW 14th Pl Boca Raton, FL 33486","$200,000 - $249,999","$1,000,000+",new,2026-10-01,true,0
Patrick Madsen,(561) 465-3915,+15614653915,"2215 SW 14th Pl Boca Raton, FL 33486","$400,000 - $499,999","$1,000,000+",new,2026-10-01,true,0
Daniel Vaughn,(760) 944-1104,+17609441104,"2230 14th St Encinitas, CA 92024","$400,000 - $499,999","$900,000 - $999,999",new,2026-10-01,true,0
Clint Martin,(954) 783-5847,+19547835847,"2276 SE 14th St Pompano Beach, FL 33062","$200,000 - $249,999","$900,000 - $999,999",new,2026-10-01,true,0
Julie Choukroune,(718) 332-0830,+17183320830,"2304 E 14th St Brooklyn, NY 11229","$100,000 - $124,999","$900,000 - $999,999",new,2026-10-01,true,0
Michelle Gould,(206) 328-0070,+12063280070,"2310 14th Ave E Seattle, WA 98112","$300,000 - $399,999","$1,000,000+",new,2026-10-01,true,0
Pierre Knight,(718) 891-4197,+17188914197,"2319 E 14th St Brooklyn, NY 11229","$70,000 - $79,999","$1,000,000+",new,2026-10-01,true,0
Ezra Kadeh,(718) 648-8210,+17186488210,"2344 E 14th St Brooklyn, NY 11229","$100,000 - $124,999","$900,000 - $999,999",new,2026-10-01,true,0
Steven Bylinsky,(954) 786-1265,+19547861265,"2376 SE 14th St Pompano Beach, FL 33062","$90,000 - $99,999","$800,000 - $899,999",new,2026-10-01,true,0
Kathie Bulson,(954) 781-7274,+19547817274,"2421 SE 14th St Pompano Beach, FL 33062","$100,000 - $124,999","$1,000,000+",new,2026-10-01,true,0
Randy Mohning,(515) 528-9662,+15155289662,"2427 14th St SW Altoona, IA 50009","$400,000 - $499,999","$700,000 - $799,999",new,2026-10-01,true,0
Emiliya Frenkel,(718) 332-7273,+17183327273,"2504 E 14th St Apt 1a Brooklyn, NY 11235","$80,000 - $89,999","$700,000 - $799,999",new,2026-10-01,true,0
Mario Lorusso,(718) 606-0361,+17186060361,"2524 14th Pl Astoria, NY 11102","$50,000 - $59,999","$1,000,000+",new,2026-10-01,true,0
Alfonso Dicioccio,(718) 646-4170,+17186464170,"2533 E 14th St Brooklyn, NY 11235","$50,000 - $59,999","$800,000 - $899,999",new,2026-10-01,true,0
Marianne Hinckle,(415) 731-4793,+14157314793,"2567 14th Ave San Francisco, CA 94127","$400,000 - $499,999","$1,000,000+",new,2026-10-01,true,0
Michelle Cuello,(954) 999-5541,+19549995541,"2620 NE 14th St Apt 4 Fort Lauderdale, FL 33304","$200,000 - $249,999","$900,000 - $999,999",new,2026-10-01,true,0
Scott Anderson,(310) 392-6231,+13103926231,"2622 14th St Santa Monica, CA 90405","$150,000 - $174,999","$1,000,000+",new,2026-10-01,true,0
Louis Andreana,(954) 566-1239,+19545661239,"2629 NE 14th St Fort Lauderdale, FL 33304","$50,000 - $59,999","$1,000,000+",new,2026-10-01,true,0
Franco Ruocco,(954) 783-0530,+19547830530,"2648 SE 14th St Pompano Beach, FL 33062","$200,000 - $249,999","$1,000,000+",new,2026-10-01,true,0
Robert Bouchier,(831) 626-4061,+18316264061,"2693 14th Ave Carmel, CA 93923","$200,000 - $249,999","$1,000,000+",new,2026-10-01,true,0
Rick Seaman,(503) 287-4299,+15032874299,"2715 NE 14th Ave Portland, OR 97212","$250,000 - $299,999","$900,000 - $999,999",new,2026-10-01,true,0
Hiro Hino,(206) 282-4080,+12062824080,"2841 14th Ave W Apt 201 Seattle, WA 98119","$50,000 - $59,999","$700,000 - $799,999",new,2026-10-01,true,0
Serafin Romero,(323) 735-3738,+13237353738,"2900 W 14th St Los Angeles, CA 90006","Under $20,000","$1,000,000+",new,2026-10-01,true,0
Christine Young,(206) 324-4871,+12063244871,"2903 14th Ave S Seattle, WA 98144","$40,000 - $49,999","$900,000 - $999,999",new,2026-10-01,true,0
Wonmo Kang,(323) 735-0321,+13237350321,"2905 W 14th St Los Angeles, CA 90006","$70,000 - $79,999","$900,000 - $999,999",new,2026-10-01,true,0
John Taylor,(206) 760-8955,+12067608955,"3013 14th Ave S Seattle, WA 98144","$250,000 - $299,999","$1,000,000+",new,2026-10-01,true,0
Juan Borges,(954) 999-0031,+19549990031,"3041 NE 14th Ave Oakland Park, FL 33334","$250,000 - $299,999","$700,000 - $799,999",new,2026-10-01,true,0
Colin Brown,(703) 521-5280,+17035215280,"3203 14th St S Arlington, VA 22204","$200,000 - $249,999","$800,000 - $899,999",new,2026-10-01,true,0
Kay Janis,(202) 636-3792,+12026363792,"3212 14th St NE Washington, DC 20017","$400,000 - $499,999","$700,000 - $799,999",new,2026-10-01,true,0
Mary Mccarty,(503) 777-8621,+15037778621,"3302 NE 14th Ave Portland, OR 97212","$175,000 - $199,999","$900,000 - $999,999",new,2026-10-01,true,0
Stephen Rakusin,(754) 223-7967,+17542237967,"3308 NE 14th Ct Fort Lauderdale, FL 33304","$300,000 - $399,999","$1,000,000+",new,2026-10-01,true,0
Deborah Mayor,(954) 566-4888,+19545664888,"3315 NE 14th Ct Fort Lauderdale, FL 33304","$200,000 - $249,999","$1,000,000+",new,2026-10-01,true,0
Tim Smith,(850) 763-7281,+18507637281,"3333 W 14th St Panama City, FL 32401","$300,000 - $399,999","$1,000,000+",new,2026-10-01,true,0
Donald Meiers,(703) 248-6076,+17032486076,"3801 14th St N Arlington, VA 22201","$300,000 - $399,999","$1,000,000+",new,2026-10-01,true,0
Alexandra Baj,(703) 527-2013,+17035272013,"3809 14th St N Arlington, VA 22201","$400,000 - $499,999","$1,000,000+",new,2026-10-01,true,0
Paul Villeneuve,(727) 954-6250,+17279546250,"3901 14th St NE Saint Petersburg, FL 33703","$400,000 - $499,999","$1,000,000+",new,2026-10-01,true,0
Denise Beauchamp,(305) 442-9716,+13054429716,"4102 SW 14th St Miami, FL 33134","$100,000 - $124,999","$800,000 - $899,999",new,2026-10-01,true,0
Roger Jones,(727) 525-4087,+17275254087,"4180 14th St N Saint Petersburg, FL 33703","$70,000 - $79,999","$700,000 - $799,999",new,2026-10-01,true,0
Craig Bequet,(727) 522-5152,+17275225152,"4194 14th St NE Saint Petersburg, FL 33703","$100,000 - $124,999","$900,000 - $999,999",new,2026-10-01,true,0
Rosalyn Lindsay,(202) 635-6027,+12026356027,"4402 14th St NE Washington, DC 20017","$50,000 - $59,999","$700,000 - $799,999",new,2026-10-01,true,0
Debaro Wilson-Robinson,(202) 723-5852,+12027235852,"4502 14th St NW Washington, DC 20011","$70,000 - $79,999","$700,000 - $799,999",new,2026-10-01,true,0
Randy Bussey,(970) 330-8483,+19703308483,"4510 W 14th St Greeley, CO 80634","$90,000 - $99,999","$800,000 - $899,999",new,2026-10-01,true,0
John Lins,(727) 520-8787,+17275208787,"4549 14th Way NE Saint Petersburg, FL 33703","$100,000 - $124,999","$900,000 - $999,999",new,2026-10-01,true,0
Leatrice Kitchell,(602) 234-3249,+16022343249,"4620 N 14th St Phoenix, AZ 85014","$60,000 - $69,999","$800,000 - $899,999",new,2026-10-01,true,0
Vishal Gandhi,(703) 243-2699,+17032432699,"4635 14th St N Arlington, VA 22207","$400,000 - $499,999","$900,000 - $999,999",new,2026-10-01,true,0
Ellen Tyrell,(727) 526-9393,+17275269393,"4695 14th St NE Saint Petersburg, FL 33703","$90,000 - $99,999","$700,000 - $799,999",new,2026-10-01,true,0
George Lemos,(727) 527-1273,+17275271273,"4790 14th St NE Saint Petersburg, FL 33703","$100,000 - $124,999","$800,000 - $899,999",new,2026-10-01,true,0
Issa Abboud,(703) 931-5083,+17039315083,"4960 14th St S Arlington, VA 22204","$300,000 - $399,999","$700,000 - $799,999",new,2026-10-01,true,0
Simcha Markowits,(718) 851-1209,+17188511209,"5107 14th Ave Apt 3 Brooklyn, NY 11219","$300,000 - $399,999","$1,000,000+",new,2026-10-01,true,0
Bruce Joyner,(202) 723-1576,+12027231576,"5109 14th St NW Washington, DC 20011","$400,000 - $499,999","$800,000 - $899,999",new,2026-10-01,true,0
Menashe Schwartz,(718) 851-4682,+17188514682,"5411 14th Ave Apt 1 Brooklyn, NY 11219","$60,000 - $69,999","$700,000 - $799,999",new,2026-10-01,true,0
Joseph Hertanu,(718) 851-4691,+17188514691,"5501 14th Ave Brooklyn, NY 11219","$300,000 - $399,999","$1,000,000+",new,2026-10-01,true,0
Marc Delaine,(202) 291-1893,+12022911893,"5604 14th St NW Washington, DC 20011","$50,000 - $59,999","$1,000,000+",new,2026-10-01,true,0
Geoffrey Delaine,(202) 829-1745,+12028291745,"5608 14th St NW Washington, DC 20011","$300,000 - $399,999","$1,000,000+",new,2026-10-01,true,0
Cassandra Briscoe,(202) 882-1678,+12028821678,"5610 14th St NW Washington, DC 20011","$50,000 - $59,999","$900,000 - $999,999",new,2026-10-01,true,0
Laura-Lee Davidson,(202) 723-8752,+12027238752,"5705 14th St NW Washington, DC 20011","$80,000 - $89,999","$900,000 - $999,999",new,2026-10-01,true,0
Marcia Finn,(202) 882-7231,+12028827231,"5707 14th St NW Washington, DC 20011","$250,000 - $299,999","$900,000 - $999,999",new,2026-10-01,true,0
Karen Werth,(202) 545-0792,+12025450792,"5708 14th St NW Washington, DC 20011","$400,000 - $499,999","$900,000 - $999,999",new,2026-10-01,true,0
Rita Cunningham,(954) 581-5061,+19545815061,"5760 SW 14th St Plantation, FL 33317","$300,000 - $399,999","$800,000 - $899,999",new,2026-10-01,true,0
Stevo Marcetic,(754) 779-7954,+17547797954,"5801 NE 14th Rd Fort Lauderdale, FL 33334","$100,000 - $124,999","$1,000,000+",new,2026-10-01,true,0
Cheryl Birmingham,(954) 938-7272,+19549387272,"5821 NE 14th Ter Fort Lauderdale, FL 33334","$100,000 - $124,999","$800,000 - $899,999",new,2026-10-01,true,0
Mary Benedetto,(954) 491-5772,+19544915772,"5840 NE 14th Rd Fort Lauderdale, FL 33334","$250,000 - $299,999","$800,000 - $899,999",new,2026-10-01,true,0
Steven Dhondt,(703) 237-4241,+17032374241,"5889 14th St N Arlington, VA 22205","$300,000 - $399,999","$1,000,000+",new,2026-10-01,true,0
Gordon Keane,(503) 232-6067,+15032326067,"5903 SE 14th Ave Portland, OR 97202","$400,000 - $499,999","$1,000,000+",new,2026-10-01,true,0
Douglas Ensminger,(703) 528-3161,+17035283161,"5922 14th St N Arlington, VA 22205","$400,000 - $499,999","$1,000,000+",new,2026-10-01,true,0
Linda Myrick,(954) 491-5931,+19544915931,"5931 NE 14th Rd Fort Lauderdale, FL 33334","$70,000 - $79,999","$700,000 - $799,999",new,2026-10-01,true,0
Rebecca Torres,(954) 909-4202,+19549094202,"5941 NE 14th Rd Fort Lauderdale, FL 33334","$125,000 - $149,999","$900,000 - $999,999",new,2026-10-01,true,0
Joy Miller,(954) 792-2673,+19547922673,"6000 SW 14th St Plantation, FL 33317","$70,000 - $79,999","$700,000 - $799,999",new,2026-10-01,true,0
Surin Namkunee,(954) 909-4467,+19549094467,"6001 NE 14th Rd Fort Lauderdale, FL 33334","$100,000 - $124,999","$800,000 - $899,999",new,2026-10-01,true,0
Mark Easton,(503) 335-1421,+15033351421,"6010 SE 14th Ave Portland, OR 97202","$300,000 - $399,999","$1,000,000+",new,2026-10-01,true,0
Andrew Miller,(602) 279-3416,+16022793416,"6117 N 14th St Phoenix, AZ 85014","$100,000 - $124,999","$700,000 - $799,999",new,2026-10-01,true,0
John Hill,(561) 681-1312,+15616811312,"6120 14th Pl S West Palm Beach, FL 33415","$90,000 - $99,999","$700,000 - $799,999",new,2026-10-01,true,0
Roger Meinershagen,(602) 266-9311,+16022669311,"6310 N 14th Pl Phoenix, AZ 85014","$80,000 - $89,999","$800,000 - $899,999",new,2026-10-01,true,0
Nancy Adolphson,(503) 232-3829,+15032323829,"6312 SE 14th Ave Portland, OR 97202","$100,000 - $124,999","$700,000 - $799,999",new,2026-10-01,true,0
Lynn Selk,(319) 442-3393,+13194423393,"6589 14th Ave Keystone, IA 52249","$300,000 - $399,999","$800,000 - $899,999",new,2026-10-01,true,0
Diane Kleve,(503) 293-1616,+15032931616,"7121 SW 14th Ave Portland, OR 97219","$90,000 - $99,999","$700,000 - $799,999",new,2026-10-01,true,0
Michael Grucky,(602) 861-3961,+16028613961,"7130 N 14th St Phoenix, AZ 85020","$80,000 - $89,999","$700,000 - $799,999",new,2026-10-01,true,0
Brett Carter,(602) 973-0048,+16029730048,"7344 N 14th Dr Phoenix, AZ 85021","$400,000 - $499,999","$900,000 - $999,999",new,2026-10-01,true,0
John Karvonen,(727) 525-6504,+17275256504,"7360 14th St NE Saint Petersburg, FL 33702","$70,000 - $79,999","$1,000,000+",new,2026-10-01,true,0
Joanne Brownrigg,(727) 865-2779,+17278652779,"7366 14th St S Saint Petersburg, FL 33705","$400,000 - $499,999","$1,000,000+",new,2026-10-01,true,0
Vito Gentile,(718) 680-6728,+17186806728,"7414 14th Ave Brooklyn, NY 11228","$400,000 - $499,999","$1,000,000+",new,2026-10-01,true,0
Leslie Rovirosa,(305) 558-7394,+13055587394,"7505 W 14th Ave Hialeah, FL 33014","$60,000 - $69,999","$800,000 - $899,999",new,2026-10-01,true,0
Steven Eversley,(202) 726-1360,+12027261360,"7509 14th St NW Washington, DC 20012","$400,000 - $499,999","$900,000 - $999,999",new,2026-10-01,true,0
Robert Mushen,(206) 527-2734,+12065272734,"7518 14th Ave NE Seattle, WA 98115","$300,000 - $399,999","$1,000,000+",new,2026-10-01,true,0
Cheryl Lieberman,(206) 523-9255,+12065239255,"7521 14th Ave NE Seattle, WA 98115","$200,000 - $249,999","$1,000,000+",new,2026-10-01,true,0
Barbara Duffy,(602) 375-7242,+16023757242,"7529 N 14th Ave Phoenix, AZ 85021","$200,000 - $249,999","$800,000 - $899,999",new,2026-10-01,true,0
Chris Steffens,(206) 784-4018,+12067844018,"7545 14th Ave NW Seattle, WA 98117","$200,000 - $249,999","$800,000 - $899,999",new,2026-10-01,true,0
Michael Quistad,(352) 291-2677,+13522912677,"7630 NW 14th St Ocala, FL 34482","$125,000 - $149,999","$800,000 - $899,999",new,2026-10-01,true,0
Emanuel Pastreich,(202) 723-1518,+12027231518,"7716 14th St NW Washington, DC 20012","$200,000 - $249,999","$1,000,000+",new,2026-10-01,true,0
Karen Doty,(202) 291-9429,+12022919429,"7720 14th St NW Washington, DC 20012","$300,000 - $399,999","$900,000 - $999,999",new,2026-10-01,true,0
Charles Deoliveira,(718) 331-3634,+17183313634,"7811 14th Ave Brooklyn, NY 11228","$70,000 - $79,999","$1,000,000+",new,2026-10-01,true,0
Jimmy Amato,(718) 259-4117,+17182594117,"7822 14th Ave Brooklyn, NY 11228","$50,000 - $59,999","$1,000,000+",new,2026-10-01,true,0
Susanne Lanigan,(718) 236-2376,+17182362376,"7908 14th Ave Brooklyn, NY 11228","$400,000 - $499,999","$1,000,000+",new,2026-10-01,true,0
Paul Ulan,(602) 957-1040,+16029571040,"8041 N 14th Ave Phoenix, AZ 85021","$200,000 - $249,999","$900,000 - $999,999",new,2026-10-01,true,0
Aj Weller,(206) 523-2205,+12065232205,"8216 14th Ave NE Seattle, WA 98115","$400,000 - $499,999","$900,000 - $999,999",new,2026-10-01,true,0
Raymond Mollica,(718) 331-4122,+17183314122,"8223 14th Ave Brooklyn, NY 11228","$50,000 - $59,999","$1,000,000+",new,2026-10-01,true,0
Vincent Owen,(954) 753-1171,+19547531171,"8248 NW 14th Ct Coral Springs, FL 33071","$150,000 - $174,999","$700,000 - $799,999",new,2026-10-01,true,0
David Yarcho,(206) 524-6418,+12065246418,"8250 14th Ave NE Seattle, WA 98115","$200,000 - $249,999","$800,000 - $899,999",new,2026-10-01,true,0
Linda Varisco,(954) 344-5431,+19543445431,"8333 NW 14th Ct Coral Springs, FL 33071","$50,000 - $59,999","$700,000 - $799,999",new,2026-10-01,true,0
Edward Scarlino,(718) 331-4070,+17183314070,"8501 14th Ave Brooklyn, NY 11228","$80,000 - $89,999","$1,000,000+",new,2026-10-01,true,0
Warlinda Teruel,(206) 763-1975,+12067631975,"8506 14th Ave SW Seattle, WA 98106","$90,000 - $99,999","$700,000 - $799,999",new,2026-10-01,true,0
Alexandra Coluccio,(718) 621-9898,+17186219898,"8509 14th Ave Brooklyn, NY 11228","$60,000 - $69,999","$1,000,000+",new,2026-10-01,true,0
Harry Brighton,(206) 783-6704,+12067836704,"8516 14th Ave NW Seattle, WA 98117","$200,000 - $249,999","$800,000 - $899,999",new,2026-10-01,true,0
Igor Spivak,(718) 621-1145,+17186211145,"8631 14th Ave Brooklyn, NY 11228","$400,000 - $499,999","$1,000,000+",new,2026-10-01,true,0
Caswell Salmon,(954) 688-6376,+19546886376,"9261 NW 14th Ct Coral Springs, FL 33071","$175,000 - $199,999","$800,000 - $899,999",new,2026-10-01,true,0
Mark Quincey,(954) 340-2073,+19543402073,"9274 NW 14th Ct Coral Springs, FL 33071","$50,000 - $59,999","$900,000 - $999,999",new,2026-10-01,true,0
Roy Bingman,(360) 730-1955,+13607301955,"9425 NE 14th St Clyde Hill, WA 98004","$300,000 - $399,999","$1,000,000+",new,2026-10-01,true,0
Karen Mc Davitt,(954) 451-5414,+19544515414,"9661 SW 14th Pl Plantation, FL 33324","$70,000 - $79,999","$700,000 - $799,999",new,2026-10-01,true,0
Laurie King,(303) 777-7435,+13037777435,"9685 W 14th Pl Lakewood, CO 80215","$200,000 - $249,999","$700,000 - $799,999",new,2026-10-01,true,0
Michael Roland,(954) 472-2389,+19544722389,"9721 SW 14th Pl Plantation, FL 33324","$80,000 - $89,999","$700,000 - $799,999",new,2026-10-01,true,0
Linda Black,(954) 752-6066,+19547526066,"9982 NW 14th Ct Coral Springs, FL 33071","$300,000 - $399,999","$900,000 - $999,999",new,2026-10-01,true,0
Thomas Ruszala,(206) 789-0941,+12067890941,"10040 14th Ave NW Seattle, WA 98177","$100,000 - $124,999","$900,000 - $999,999",new,2026-10-01,true,0
Aaron Schwartz,(954) 473-0344,+19544730344,"10040 NW 14th St Plantation, FL 33322","$300,000 - $399,999","$700,000 - $799,999",new,2026-10-01,true,0
Martin Shorb,(206) 781-1215,+12067811215,"10311 14th Ave NW Seattle, WA 98177","$150,000 - $174,999","$900,000 - $999,999",new,2026-10-01,true,0
Crystal Odum,(360) 256-8908,+13602568908,"10311 NE 14th St Vancouver, WA 98664","$90,000 - $99,999","$800,000 - $899,999",new,2026-10-01,true,0
Helene Weingarten,(754) 229-8841,+17542298841,"10370 NW 14th Pl Coral Springs, FL 33071","$80,000 - $89,999","$800,000 - $899,999",new,2026-10-01,true,0
Wendy Thrash,(206) 588-2005,+12065882005,"10719 14th Ave NE Seattle, WA 98125","$90,000 - $99,999","$700,000 - $799,999",new,2026-10-01,true,0
Zachary Albahae,(954) 753-6259,+19547536259,"10866 NW 14th St Coral Springs, FL 33071","$50,000 - $59,999","$800,000 - $899,999",new,2026-10-01,true,0
Paul Nicholson,(425) 462-0608,+14254620608,"11018 NE 14th St Bellevue, WA 98004","$250,000 - $299,999","$1,000,000+",new,2026-10-01,true,0
Laura Greco,(718) 445-9629,+17184459629,"11711 14th Rd College Point, NY 11356","$60,000 - $69,999","$900,000 - $999,999",new,2026-10-01,true,0
Paula Ridenour,(918) 209-5007,+19182095007,"12028 S 14th Ct Jenks, OK 74037","$250,000 - $299,999","$1,000,000+",new,2026-10-01,true,0
Gregory Weaver,(954) 472-3260,+19544723260,"12360 NW 14th St Plantation, FL 33323","$400,000 - $499,999","$800,000 - $899,999",new,2026-10-01,true,0
Priscilla Weems,(954) 472-3397,+19544723397,"12577 SW 14th St Davie, FL 33325","$70,000 - $79,999","$900,000 - $999,999",new,2026-10-01,true,0
Martha Ates,(718) 886-6079,+17188866079,"13002 14th Ave College Point, NY 11356","$40,000 - $49,999","$1,000,000+",new,2026-10-01,true,0
Sahibzada Nasir,(718) 321-2608,+17183212608,"13012 14th Ave College Point, NY 11356","$60,000 - $69,999","$1,000,000+",new,2026-10-01,true,0
Michael Murphy,(515) 965-3626,+15159653626,"13044 NE 14th St Alleman, IA 50007","$250,000 - $299,999","$1,000,000+",new,2026-10-01,true,0
Maria Taylor,(954) 236-9005,+19542369005,"13121 SW 14th Pl Davie, FL 33325","$150,000 - $174,999","$800,000 - $899,999",new,2026-10-01,true,0
Alison Hilton,(602) 863-7967,+16028637967,"13202 N 14th Way Phoenix, AZ 85022","$80,000 - $89,999","$800,000 - $899,999",new,2026-10-01,true,0
Maria Florian,(954) 370-0906,+19543700906,"13211 SW 14th Pl Davie, FL 33325","$50,000 - $59,999","$700,000 - $799,999",new,2026-10-01,true,0
C Viscuso,(954) 370-2038,+19543702038,"13410 SW 14th Pl Davie, FL 33325","$20,000 - $29,999","$700,000 - $799,999",new,2026-10-01,true,0
Ron Depompa,(954) 476-0986,+19544760986,"13411 SW 14th Pl Davie, FL 33325","$50,000 - $59,999","$800,000 - $899,999",new,2026-10-01,true,0
Jean Bettelli,(954) 475-4585,+19544754585,"13421 SW 14th Pl Davie, FL 33325","$30,000 - $39,999","$700,000 - $799,999",new,2026-10-01,true,0
Gertruda Bajrami,(718) 357-0311,+17183570311,"13715 14th Ave College Point, NY 11356","$200,000 - $249,999","$700,000 - $799,999",new,2026-10-01,true,0
Santiago Barraza,(918) 439-4453,+19184394453,"13737 E 14th St Tulsa, OK 74108","$100,000 - $124,999","$1,000,000+",new,2026-10-01,true,0
Lea Pappas,(718) 746-0034,+17187460034,"13810 14th Ave Flushing, NY 11357","$250,000 - $299,999","$700,000 - $799,999",new,2026-10-01,true,0
Kleopatra Kariolis,(718) 767-1016,+17187671016,"13814 14th Ave Whitestone, NY 11357","$100,000 - $124,999","$700,000 - $799,999",new,2026-10-01,true,0
Michael Badyna,(954) 432-7379,+19544327379,"13903 NW 14th St Pembroke Pines, FL 33028","$300,000 - $399,999","$800,000 - $899,999",new,2026-10-01,true,0
Clara Parra,(305) 207-5366,+13052075366,"13927 SW 14th St Miami, FL 33184","$30,000 - $39,999","$1,000,000+",new,2026-10-01,true,0
Ariel Cubides,(305) 223-4856,+13052234856,"14039 SW 14th St Miami, FL 33184","$90,000 - $99,999","$900,000 - $999,999",new,2026-10-01,true,0
Justin Zhu,(718) 445-6550,+17184456550,"14104 14th Ave Whitestone, NY 11357","$80,000 - $89,999","$1,000,000+",new,2026-10-01,true,0
Balvender Khera,(602) 993-8215,+16029938215,"14223 N 14th Dr Phoenix, AZ 85023","$250,000 - $299,999","$1,000,000+",new,2026-10-01,true,0
Richard Maxwell,(425) 641-1249,+14256411249,"14231 SE 14th St Bellevue, WA 98007","$60,000 - $69,999","$1,000,000+",new,2026-10-01,true,0
Jeanmaire Jones,(305) 685-3302,+13056853302,"14245 NW 14th Dr Miami, FL 33167","$60,000 - $69,999","$1,000,000+",new,2026-10-01,true,0
Yael Llanes,(305) 220-9630,+13052209630,"14256 SW 14th St Miami, FL 33184","$400,000 - $499,999","$700,000 - $799,999",new,2026-10-01,true,0
Jose Diaz,(305) 226-6391,+13052266391,"14300 SW 14th St Miami, FL 33184","$90,000 - $99,999","$700,000 - $799,999",new,2026-10-01,true,0
Devinder Singh,(602) 993-6848,+16029936848,"14425 N 14th Dr Phoenix, AZ 85023","$300,000 - $399,999","$1,000,000+",new,2026-10-01,true,0
Jose Ruiz,(602) 371-3469,+16023713469,"14442 N 14th St Phoenix, AZ 85022","$250,000 - $299,999","$700,000 - $799,999",new,2026-10-01,true,0
Bruce Gentile,(718) 208-9886,+17182089886,"14614 14th Ave Whitestone, NY 11357","$70,000 - $79,999","$1,000,000+",new,2026-10-01,true,0
Melvin Martin,(602) 789-0789,+16027890789,"14639 N 14th Dr Phoenix, AZ 85023","$300,000 - $399,999","$700,000 - $799,999",new,2026-10-01,true,0
Mario Masullo,(718) 767-0855,+17187670855,"14642 14th Ave Whitestone, NY 11357","$100,000 - $124,999","$800,000 - $899,999",new,2026-10-01,true,0
Louisa Bisbing,(253) 514-6781,+12535146781,"14905 14th Ave NW Gig Harbor, WA 98332","$300,000 - $399,999","$1,000,000+",new,2026-10-01,true,0
Steven Sabatino,(602) 863-2927,+16028632927,"15045 N 14th Ave Phoenix, AZ 85023","$300,000 - $399,999","$900,000 - $999,999",new,2026-10-01,true,0
Glenn Parry,(425) 316-8106,+14253168106,"15219 14th Dr SE Mill Creek, WA 98012","$400,000 - $499,999","$1,000,000+",new,2026-10-01,true,0
George Stakias,(718) 767-2504,+17187672504,"15523 14th Ave Whitestone, NY 11357","$200,000 - $249,999","$1,000,000+",new,2026-10-01,true,0
Alfredo Vitolo,(718) 767-3489,+17187673489,"15714 14th Ave Whitestone, NY 11357","$400,000 - $499,999","$1,000,000+",new,2026-10-01,true,0
William Brent,(718) 767-6746,+17187676746,"15715 14th Ave Whitestone, NY 11357","$60,000 - $69,999","$800,000 - $899,999",new,2026-10-01,true,0
Michael Gueci,(718) 357-0107,+17183570107,"15723 14th Ave Whitestone, NY 11357","$400,000 - $499,999","$1,000,000+",new,2026-10-01,true,0
Salvatore Lucchese,(718) 767-4247,+17187674247,"15801 14th Ave Whitestone, NY 11357","$400,000 - $499,999","$1,000,000+",new,2026-10-01,true,0
Salvatore Angello,(718) 767-2095,+17187672095,"15806 14th Ave Whitestone, NY 11357","$60,000 - $69,999","$1,000,000+",new,2026-10-01,true,0
Alfredo Centola,(718) 767-8016,+17187678016,"15904 14th Ave Whitestone, NY 11357","$100,000 - $124,999","$1,000,000+",new,2026-10-01,true,0
Benjamin Jones,(954) 704-8582,+19547048582,"15982 NW 14th Pl Pembroke Pines, FL 33028","$300,000 - $399,999","$800,000 - $899,999",new,2026-10-01,true,0
Anna Panopoulos,(718) 767-2447,+17187672447,"16004 14th Ave Whitestone, NY 11357","$400,000 - $499,999","$1,000,000+",new,2026-10-01,true,0
Randy Dunton,(480) 460-3349,+14804603349,"16026 S 14th Dr Phoenix, AZ 85045","$400,000 - $499,999","$700,000 - $799,999",new,2026-10-01,true,0
Roger Portaro,(954) 430-2974,+19544302974,"16253 NW 14th Ct Pembroke Pines, FL 33028","$175,000 - $199,999","$700,000 - $799,999",new,2026-10-01,true,0
Nadia Riccoboni,(718) 767-8640,+17187678640,"16270 14th Ave Whitestone, NY 11357","$100,000 - $124,999","$1,000,000+",new,2026-10-01,true,0
Edith Hall,(954) 438-6262,+19544386262,"16280 SW 14th St Pembroke Pines, FL 33027","$400,000 - $499,999","$800,000 - $899,999",new,2026-10-01,true,0
Eleftherios Lagos,(718) 767-0195,+17187670195,"16616 14th Ave Whitestone, NY 11357","$300,000 - $399,999","$1,000,000+",new,2026-10-01,true,0
Steven Pressman,(954) 441-0150,+19544410150,"16728 NW 14th Ct Pembroke Pines, FL 33028","$400,000 - $499,999","$700,000 - $799,999",new,2026-10-01,true,0
Miguel Moleiro,(954) 704-4924,+19547044924,"16783 NW 14th Ct Pembroke Pines, FL 33028","$80,000 - $89,999","$700,000 - $799,999",new,2026-10-01,true,0
Larry Matter,(425) 643-1536,+14256431536,"16820 NE 14th St Bellevue, WA 98008","$250,000 - $299,999","$1,000,000+",new,2026-10-01,true,0
William Truss,(954) 438-4710,+19544384710,"17800 NW 14th St Pembroke Pines, FL 33029","$250,000 - $299,999","$800,000 - $899,999",new,2026-10-01,true,0
Susan Nestor,(954) 436-8873,+19544368873,"17890 NW 14th St Pembroke Pines, FL 33029","$300,000 - $399,999","$800,000 - $899,999",new,2026-10-01,true,0
Pablo Uriarte,(954) 437-3033,+19544373033,"19321 SW 14th St Pembroke Pines, FL 33029","$300,000 - $399,999","$700,000 - $799,999",new,2026-10-01,true,0
Jaime Alonso,(954) 450-8366,+19544508366,"19421 SW 14th St Pembroke Pines, FL 33029","$400,000 - $499,999","$800,000 - $899,999",new,2026-10-01,true,0
Hector Abreu,(954) 430-8676,+19544308676,"19435 SW 14th St Pembroke Pines, FL 33029","$150,000 - $174,999","$700,000 - $799,999",new,2026-10-01,true,0
John Thielke,(206) 542-3641,+12065423641,"19518 14th Ave NW Shoreline, WA 98177","$300,000 - $399,999","$800,000 - $899,999",new,2026-10-01,true,0
Mary Cantu,(206) 542-0624,+12065420624,"19524 14th Ave NW Shoreline, WA 98177","$30,000 - $39,999","$800,000 - $899,999",new,2026-10-01,true,0
Theresa O'Toole,(206) 546-7907,+12065467907,"20420 14th Ave NW Shoreline, WA 98177","$60,000 - $69,999","$700,000 - $799,999",new,2026-10-01,true,0
Julie Ambory,(303) 938-0601,+13039380601,"792 14th St Boulder, CO 80302","$300,000 - $399,999","$1,000,000+",new,2026-10-01,true,0
Stephen Wofford,(386) 402-7877,+13864027877,"819 E 14th Ave New Smyrna Beach, FL 32169","$400,000 - $499,999","$700,000 - $799,999",new,2026-10-01,true,0
Luyen Nguyen,(408) 298-8831,+14082988831,"820 N 14th St San Jose, CA 95112","$250,000 - $299,999","$1,000,000+",new,2026-10-01,true,0
Tim Hassan,(650) 322-3457,+16503223457,"831 14th Ave Menlo Park, CA 94025","$40,000 - $49,999","$1,000,000+",new,2026-10-01,true,0
Benay Moore,(714) 374-9172,+17143749172,"845 14th St Huntington Beach, CA 92648","$300,000 - $399,999","$900,000 - $999,999",new,2026-10-01,true,0
Frank Lucas,(415) 552-4145,+14155524145,"847 14th St San Francisco, CA 94114","$200,000 - $249,999","$1,000,000+",new,2026-10-01,true,0
Rishi Raj,(303) 447-8831,+13034478831,"863 14th St Boulder, CO 80302","$50,000 - $59,999","$700,000 - $799,999",new,2026-10-01,true,0
Guy Thomas,(415) 431-4333,+14154314333,"865 14th St San Francisco, CA 94114","$250,000 - $299,999","$1,000,000+",new,2026-10-01,true,0
Heshy Nemetsky,(718) 377-7985,+17183777985,"866 E 14th St Brooklyn, NY 11230","$30,000 - $39,999","$1,000,000+",new,2026-10-01,true,0
David Koffman,(650) 473-6808,+16504736808,"868 14th Ave Menlo Park, CA 94025","$250,000 - $299,999","$800,000 - $899,999",new,2026-10-01,true,0
Jeffrey Reichman,(718) 253-2660,+17182532660,"873 E 14th St Brooklyn, NY 11230","$100,000 - $124,999","$900,000 - $999,999",new,2026-10-01,true,0
Al Akbar,(718) 659-2154,+17186592154,"12002 149th Ave South Ozone Park, NY 11420","$100,000 - $124,999","$800,000 - $899,999",new,2026-10-01,true,0
Jo Digiorgi,(718) 641-2832,+17186412832,"12010 149th Ave South Ozone Park, NY 11420","$60,000 - $69,999","$800,000 - $899,999",new,2026-10-01,true,0
Denise Butler,(718) 322-6833,+17183226833,"12015 149th Ave South Ozone Park, NY 11420","$60,000 - $69,999","$800,000 - $899,999",new,2026-10-01,true,0
Richard Donovan,(718) 528-2509,+17185282509,"13335 149th St South Ozone Park, NY 11436","$50,000 - $59,999","$700,000 - $799,999",new,2026-10-01,true,0
Ismael Leon,(305) 232-0031,+13052320031,"15521 SW 149th Ct Miami, FL 33187","$50,000 - $59,999","$700,000 - $799,999",new,2026-10-01,true,0
Brock Coleman,(503) 590-0220,+15035900220,"15672 SW 149th Pl Portland, OR 97224","$175,000 - $199,999","$700,000 - $799,999",new,2026-10-01,true,0
Leone Crawford,(425) 271-7391,+14252717391,"16319 SE 149th St Renton, WA 98059","$250,000 - $299,999","$1,000,000+",new,2026-10-01,true,0
Janice Musga,(425) 226-7811,+14252267811,"17109 SE 149th St Renton, WA 98059","$90,000 - $99,999","$900,000 - $999,999",new,2026-10-01,true,0
Morgan Osterday,(360) 794-8089,+13607948089,"25318 149th Pl SE Monroe, WA 98272","$300,000 - $399,999","$900,000 - $999,999",new,2026-10-01,true,0
Gary Bizjak,(425) 844-9314,+14258449314,"27515 NE 149th Ln Duvall, WA 98019","$300,000 - $399,999","$800,000 - $899,999",new,2026-10-01,true,0
Cameron Bellamy,(425) 788-4985,+14257884985,"27916 NE 149th Ct Duvall, WA 98019","$400,000 - $499,999","$800,000 - $899,999",new,2026-10-01,true,0
Robin Kingma,(480) 471-3750,+14804713750,"29019 N 149th St Scottsdale, AZ 85262","$400,000 - $499,999","$700,000 - $799,999",new,2026-10-01,true,0
John Kriske,(303) 659-8560,+13036598560,"29950 E 149th Ct Brighton, CO 80603","$300,000 - $399,999","$1,000,000+",new,2026-10-01,true,0
Doris Huffman,(303) 659-8155,+13036598155,"37859 E 149th Pl Keenesburg, CO 80643","$175,000 - $199,999","$800,000 - $899,999",new,2026-10-01,true,0
Duane Folk,(360) 263-0449,+13602630449,"41000 NE 149th Ave Amboy, WA 98601","$175,000 - $199,999","$700,000 - $799,999",new,2026-10-01,true,0
Richard Drozd,(201) 222-8752,+12012228752,"2 14th St Apt 407 Hoboken, NJ 07030","$250,000 - $299,999","$900,000 - $999,999",new,2026-10-01,true,0
David Birnbaum,(732) 961-0666,+17329610666,"6 14th St Lakewood, NJ 08701","$200,000 - $249,999","$1,000,000+",new,2026-10-01,true,0
Lisa Demichiel,(646) 882-5078,+16468825078,"7 E 14th St Apt 19p New York, NY 10003","$200,000 - $249,999","$800,000 - $899,999",new,2026-10-01,true,0
Peter Noah,(212) 924-5792,+12129245792,"7 E 14th St Apt 206 New York, NY 10003","$200,000 - $249,999","$1,000,000+",new,2026-10-01,true,0
Debra Mattiello,(201) 339-1771,+12013391771,"13 E 14th St Apt 2 Bayonne, NJ 07002","$200,000 - $249,999","$800,000 - $899,999",new,2026-10-01,true,0
Tovia Horowitz,(732) 370-3098,+17323703098,"22 14th St Lakewood, NJ 08701","$70,000 - $79,999","$1,000,000+",new,2026-10-01,true,0
Rosalio Sigua,(631) 267-0775,+16312670775,"27 14th St East Hampton, NY 11937","$100,000 - $124,999","$1,000,000+",new,2026-10-01,true,0
Tariq Munir,(718) 728-4621,+17187284621,"30 W 14th Rd Broad Channel, NY 11693","$100,000 - $124,999","$700,000 - $799,999",new,2026-10-01,true,0
Nancy Chen,(650) 573-0633,+16505730633,"31 14th Ave San Mateo, CA 94402","$70,000 - $79,999","$700,000 - $799,999",new,2026-10-01,true,0
Daniel Smith,(561) 361-8894,+15613618894,"40 SW 14th Ave Boca Raton, FL 33486","$100,000 - $124,999","$700,000 - $799,999",new,2026-10-01,true,0
Teresa Gindi,(212) 741-2364,+12127412364,"55 W 14th St Apt 8l New York, NY 10011","$60,000 - $69,999","$1,000,000+",new,2026-10-01,true,0
Adnan Morshed,(202) 544-3701,+12025443701,"55 14th St NE Washington, DC 20002","$250,000 - $299,999","$700,000 - $799,999",new,2026-10-01,true,0
James Follender,(516) 414-0554,+15164140554,"89 14th St Garden City, NY 11530","$250,000 - $299,999","$900,000 - $999,999",new,2026-10-01,true,0
James Mesloh,(516) 741-4870,+15167414870,"93 14th St Garden City, NY 11530","$400,000 - $499,999","$800,000 - $899,999",new,2026-10-01,true,0
Kenneth Aneser,(516) 746-1068,+15167461068,"109 14th St Garden City, NY 11530","$300,000 - $399,999","$800,000 - $899,999",new,2026-10-01,true,0
Kevin Hearle,(650) 571-6390,+16505716390,"137 14th Ave San Mateo, CA 94402","$300,000 - $399,999","$700,000 - $799,999",new,2026-10-01,true,0
Felix Fudge,(727) 623-0091,+17276230091,"201 14th Ave N Saint Petersburg, FL 33701","$300,000 - $399,999","$1,000,000+",new,2026-10-01,true,0
Ravi Asnani,(310) 395-7501,+13103957501,"202 14th St Santa Monica, CA 90402","$250,000 - $299,999","$1,000,000+",new,2026-10-01,true,0
Ed Aniski,(609) 494-5101,+16094945101,"206 W 14th St Ship Bottom, NJ 08008","$150,000 - $174,999","$800,000 - $899,999",new,2026-10-01,true,0
Michael Palfreyman,(727) 914-4637,+17279144637,"206 14th Ave NE Saint Petersburg, FL 33701","$100,000 - $124,999","$800,000 - $899,999",new,2026-10-01,true,0
Larry Plathe,(515) 259-4048,+15152594048,"209 NW 14th St Grimes, IA 50111","$400,000 - $499,999","$700,000 - $799,999",new,2026-10-01,true,0
Jonathan Toppe,(727) 823-7848,+17278237848,"210 14th Ave N Saint Petersburg, FL 33701","$50,000 - $59,999","$1,000,000+",new,2026-10-01,true,0
Marc Dilorenzo,(310) 395-8580,+13103958580,"213 14th St Santa Monica, CA 90402","$300,000 - $399,999","$1,000,000+",new,2026-10-01,true,0
Patrick Feuz,(305) 349-4977,+13053494977,"218 SE 14th St Apt 2301 Miami, FL 33131","$200,000 - $249,999","$800,000 - $899,999",new,2026-10-01,true,0
Colleen Eilbert,(408) 320-2472,+14083202472,"222 S 14th St San Jose, CA 95112","$400,000 - $499,999","$900,000 - $999,999",new,2026-10-01,true,0
Charles Harty,(561) 278-5751,+15612785751,"225 NE 14th St Delray Beach, FL 33444","Under $20,000","$800,000 - $899,999",new,2026-10-01,true,0
Phung Alldis,(408) 286-2194,+14082862194,"251 S 14th St San Jose, CA 95112","$30,000 - $39,999","$1,000,000+",new,2026-10-01,true,0
Kirkwood Rough,(408) 294-8662,+14082948662,"264 S 14th St San Jose, CA 95112","$60,000 - $69,999","$900,000 - $999,999",new,2026-10-01,true,0
Gary Berger,(415) 221-5711,+14152215711,"279 14th Ave San Francisco, CA 94118","$175,000 - $199,999","$1,000,000+",new,2026-10-01,true,0
Oleg Taran,(415) 702-6353,+14157026353,"287 14th Ave San Francisco, CA 94118","$300,000 - $399,999","$1,000,000+",new,2026-10-01,true,0
Christine Lanni,(609) 361-8743,+16093618743,"289 14th St Surf City, NJ 08008","$250,000 - $299,999","$1,000,000+",new,2026-10-01,true,0
Gerard Labrie,(562) 434-4707,+15624344707,"308 14th St Seal Beach, CA 90740","$250,000 - $299,999","$800,000 - $899,999",new,2026-10-01,true,0
Frank Lahtinen,(714) 960-2909,+17149602909,"308 14th St Huntington Beach, CA 92648","$300,000 - $399,999","$900,000 - $999,999",new,2026-10-01,true,0
Queta Dregely,(954) 760-4571,+19547604571,"311 NE 14th Ave Fort Lauderdale, FL 33301","$50,000 - $59,999","$1,000,000+",new,2026-10-01,true,0
Eleanor Dunai,(714) 960-7019,+17149607019,"315 14th St Huntington Beach, CA 92648","$80,000 - $89,999","$900,000 - $999,999",new,2026-10-01,true,0
Furard Tate,(202) 397-7757,+12023977757,"317 14th Pl NE Washington, DC 20002","$400,000 - $499,999","$800,000 - $899,999",new,2026-10-01,true,0
Michele Musson,(408) 947-0258,+14089470258,"320 S 14th St San Jose, CA 95112","$300,000 - $399,999","$900,000 - $999,999",new,2026-10-01,true,0
Helen Szodfridt,(732) 681-6741,+17326816741,"325 14th Ave Belmar, NJ 07719","$100,000 - $124,999","$800,000 - $899,999",new,2026-10-01,true,0
Sean Adams,(609) 494-1315,+16094941315,"328 W 14th St Ship Bottom, NJ 08008","$150,000 - $174,999","$1,000,000+",new,2026-10-01,true,0
Jon Kean,(310) 451-8849,+13104518849,"329 14th St Santa Monica, CA 90402","$300,000 - $399,999","$1,000,000+",new,2026-10-01,true,0
Meg Gray,(727) 823-1210,+17278231210,"335 14th Ave NE Saint Petersburg, FL 33701","$60,000 - $69,999","$1,000,000+",new,2026-10-01,true,0
John Lamacchia,(310) 451-5767,+13104515767,"336 14th St Santa Monica, CA 90402","$250,000 - $299,999","$1,000,000+",new,2026-10-01,true,0
Sam Finazzo,(954) 942-3169,+19549423169,"340 SE 14th Ave Pompano Beach, FL 33060","$400,000 - $499,999","$800,000 - $899,999",new,2026-10-01,true,0
John Sowles,(503) 263-2285,+15032632285,"347 SE 14th Pl Canby, OR 97013","$200,000 - $249,999","$700,000 - $799,999",new,2026-10-01,true,0
Michael Dubin,(310) 395-3844,+13103953844,"348 14th St Santa Monica, CA 90402","$400,000 - $499,999","$1,000,000+",new,2026-10-01,true,0
Mariko Numaguchi,(718) 788-8495,+17187888495,"367 14th St Brooklyn, NY 11215","$300,000 - $399,999","$1,000,000+",new,2026-10-01,true,0
Yong Cho,(201) 660-8930,+12016608930,"371 14th St Norwood, NJ 07648","$200,000 - $249,999","$1,000,000+",new,2026-10-01,true,0
Philip Renna,(631) 225-2074,+16312252074,"385 S 14th St Lindenhurst, NY 11757","$400,000 - $499,999","$700,000 - $799,999",new,2026-10-01,true,0
Robert Baker,(813) 641-1278,+18136411278,"408 14th St SW Ruskin, FL 33570","$70,000 - $79,999","$900,000 - $999,999",new,2026-10-01,true,0
James Spear,(310) 458-0955,+13104580955,"417 14th St Santa Monica, CA 90402","$250,000 - $299,999","$900,000 - $999,999",new,2026-10-01,true,0
William Dooley,(405) 319-1880,+14053191880,"419 NW 14th St Oklahoma City, OK 73103","$300,000 - $399,999","$800,000 - $899,999",new,2026-10-01,true,0
Benjamin Spira,(732) 905-5282,+17329055282,"422 14th St Lakewood, NJ 08701","$250,000 - $299,999","$1,000,000+",new,2026-10-01,true,0
Kenneth Tejatanalert,(904) 241-5791,+19042415791,"424 14th Ave N Jacksonville Beach, FL 32250","$300,000 - $399,999","$800,000 - $899,999",new,2026-10-01,true,0
Melissa Baldwin,(310) 917-1952,+13109171952,"443 14th St Santa Monica, CA 90402","$250,000 - $299,999","$1,000,000+",new,2026-10-01,true,0
Beverlyn Devine,(415) 387-0810,+14153870810,"449 14th Ave San Francisco, CA 94118","$50,000 - $59,999","$700,000 - $799,999",new,2026-10-01,true,0
Selena Reyes,(754) 212-5728,+17542125728,"1107 SE 14th Ter Deerfield Beach, FL 33441","$250,000 - $299,999","$700,000 - $799,999",new,2026-10-01,true,0
Thomas Kelaher,(954) 360-9628,+19543609628,"1108 SE 14th Ter Deerfield Beach, FL 33441","$300,000 - $399,999","$1,000,000+",new,2026-10-01,true,0
Reina Arellano,(201) 863-1421,+12018631421,"1115 14th St Apt 4 North Bergen, NJ 07047","$70,000 - $79,999","$800,000 - $899,999",new,2026-10-01,true,0
Elizabeth Mead,(954) 426-1318,+19544261318,"1115 SE 14th Ave Deerfield Beach, FL 33441","$90,000 - $99,999","$1,000,000+",new,2026-10-01,true,0
Dee Miyashiro,(808) 734-4808,+18087344808,"1123 14th Ave Honolulu, HI 96816","$50,000 - $59,999","$1,000,000+",new,2026-10-01,true,0
Barry Berlin,(303) 781-0158,+13037810158,"1133 14th St Unit 3800 Denver, CO 80202","$400,000 - $499,999","$1,000,000+",new,2026-10-01,true,0
Martha Beachem,(954) 698-0371,+19546980371,"1134 SE 14th Ter Deerfield Beach, FL 33441","$90,000 - $99,999","$1,000,000+",new,2026-10-01,true,0
Joseph Eisen,(718) 951-6645,+17189516645,"1138 E 14th St Brooklyn, NY 11230","$100,000 - $124,999","$1,000,000+",new,2026-10-01,true,0
David Aquino,(808) 734-6193,+18087346193,"1207 14th Ave Honolulu, HI 96816","$300,000 - $399,999","$1,000,000+",new,2026-10-01,true,0
Eliyahu Bak,(732) 367-0475,+17323670475,"1217 14th St Lakewood, NJ 08701","$200,000 - $249,999","$1,000,000+",new,2026-10-01,true,0
Javad Seyedzadeh,(310) 451-1081,+13104511081,"453 14th St Santa Monica, CA 90402","$400,000 - $499,999","$1,000,000+",new,2026-10-01,true,0
Darin Lindgren,(954) 782-3625,+19547823625,"460 SE 14th Ave Pompano Beach, FL 33060","$300,000 - $399,999","$1,000,000+",new,2026-10-01,true,0
Jack Reynolds,(352) 795-5718,+13527955718,"461 NW 14th Pl Crystal River, FL 34428","$80,000 - $89,999","$700,000 - $799,999",new,2026-10-01,true,0
Karen Wolfe,(718) 788-0414,+17187880414,"468 14th St Brooklyn, NY 11215","$175,000 - $199,999","$800,000 - $899,999",new,2026-10-01,true,0
Sandra Poza,(415) 386-1059,+14153861059,"477 14th Ave San Francisco, CA 94118","$30,000 - $39,999","$800,000 - $899,999",new,2026-10-01,true,0
Johnny Davis,(561) 278-2559,+15612782559,"502 NW 14th St Delray Beach, FL 33444","$400,000 - $499,999","$1,000,000+",new,2026-10-01,true,0
Ara Gureghian,(310) 393-5770,+13103935770,"504 14th St Santa Monica, CA 90402","$300,000 - $399,999","$1,000,000+",new,2026-10-01,true,0
Daniel Rosen,(425) 576-2620,+14255762620,"518 14th Ave W Kirkland, WA 98033","$400,000 - $499,999","$1,000,000+",new,2026-10-01,true,0
Richard Wohlfarth,(561) 276-1157,+15612761157,"524 NW 14th St Delray Beach, FL 33444","$400,000 - $499,999","$1,000,000+",new,2026-10-01,true,0
Donna Vecchione,(954) 767-9016,+19547679016,"531 NE 14th Ave Fort Lauderdale, FL 33301","$100,000 - $124,999","$1,000,000+",new,2026-10-01,true,0
Rock Nordness,(425) 827-4014,+14258274014,"535 14th Ave W Kirkland, WA 98033","$300,000 - $399,999","$1,000,000+",new,2026-10-01,true,0
Manuel Bustamante,(310) 458-1272,+13104581272,"544 14th St Santa Monica, CA 90402","$250,000 - $299,999","$1,000,000+",new,2026-10-01,true,0
Stephen Strano,(202) 675-6912,+12026756912,"548 14th St SE Washington, DC 20003","$300,000 - $399,999","$700,000 - $799,999",new,2026-10-01,true,0
Joseph Elam,(831) 475-1744,+18314751744,"560 14th Ave Santa Cruz, CA 95062","$300,000 - $399,999","$700,000 - $799,999",new,2026-10-01,true,0
Paul Katz,(310) 394-2932,+13103942932,"560 14th St Santa Monica, CA 90402","$200,000 - $249,999","$1,000,000+",new,2026-10-01,true,0
Wallace Britten,(408) 293-3847,+14082933847,"585 S 14th St San Jose, CA 95112","$400,000 - $499,999","$1,000,000+",new,2026-10-01,true,0
Deborah Busby,(310) 546-4235,+13105464235,"603 14th St Manhattan Beach, CA 90266","$300,000 - $399,999","$1,000,000+",new,2026-10-01,true,0
Sandra Eisensee,(650) 368-9661,+16503689661,"606 14th Ave Menlo Park, CA 94025","$50,000 - $59,999","$700,000 - $799,999",new,2026-10-01,true,0
Saiid Kohanim,(424) 252-9599,+14242529599,"638 14th St Santa Monica, CA 90402","$250,000 - $299,999","$800,000 - $899,999",new,2026-10-01,true,0
Edward Shevchuk,(954) 920-4338,+19549204338,"714 NW 14th Ave Dania, FL 33004","$70,000 - $79,999","$800,000 - $899,999",new,2026-10-01,true,0
Hope Blue,(973) 523-6537,+19735236537,"718 14th Ave # 1 Paterson, NJ 07504","$30,000 - $39,999","$700,000 - $799,999",new,2026-10-01,true,0
Steven Kelle,(580) 765-2391,+15807652391,"735 N 14th St Ponca City, OK 74601","$50,000 - $59,999","$800,000 - $899,999",new,2026-10-01,true,0
David Soffa,(415) 668-0855,+14156680855,"735 14th Ave San Francisco, CA 94118","$175,000 - $199,999","$800,000 - $899,999",new,2026-10-01,true,0
David Coons,(310) 546-6170,+13105466170,"756 14th St Manhattan Beach, CA 90266","$300,000 - $399,999","$1,000,000+",new,2026-10-01,true,0
Franklin Calvert,(561) 417-7862,+15614177862,"1222 NW 14th St Boca Raton, FL 33486","$70,000 - $79,999","$700,000 - $799,999",new,2026-10-01,true,0
David Gordon,(732) 901-7452,+17329017452,"1229 14th St Lakewood, NJ 08701","$400,000 - $499,999","$800,000 - $899,999",new,2026-10-01,true,0
Michael Wong,(415) 759-0699,+14157590699,"1243 14th Ave San Francisco, CA 94122","$300,000 - $399,999","$800,000 - $899,999",new,2026-10-01,true,0
Milly Robayna,(305) 854-5809,+13058545809,"1251 SW 14th St Miami, FL 33145","$125,000 - $149,999","$900,000 - $999,999",new,2026-10-01,true,0
Carol Doyel,(424) 772-6235,+14247726235,"1265 W 14th St San Pedro, CA 90731","$400,000 - $499,999","$800,000 - $899,999",new,2026-10-01,true,0
Harold Frankel,(732) 905-9286,+17329059286,"1302 14th St Lakewood, NJ 08701","$200,000 - $249,999","$1,000,000+",new,2026-10-01,true,0
Gary Fernaays,(954) 427-1873,+19544271873,"1306 SE 14th Ave Deerfield Beach, FL 33441","$90,000 - $99,999","$1,000,000+",new,2026-10-01,true,0
James Mathie,(954) 427-0673,+19544270673,"1307 SE 14th Ave Deerfield Beach, FL 33441","$90,000 - $99,999","$1,000,000+",new,2026-10-01,true,0
Lisa Mauer,(954) 428-8934,+19544288934,"1310 SE 14th St Deerfield Beach, FL 33441","$100,000 - $124,999","$700,000 - $799,999",new,2026-10-01,true,0
Jonathan Metcalfe,(703) 465-9478,+17034659478,"1311 14th St N Arlington, VA 22209","$250,000 - $299,999","$1,000,000+",new,2026-10-01,true,0
Judith Ueltzen,(954) 426-1607,+19544261607,"1319 SE 14th Ter Deerfield Beach, FL 33441","$100,000 - $124,999","$700,000 - $799,999",new,2026-10-01,true,0
Jennifer Eis,(415) 564-5505,+14155645505,"1391 14th Ave San Francisco, CA 94122","$400,000 - $499,999","$900,000 - $999,999",new,2026-10-01,true,0
William Dawson,(561) 362-0404,+15613620404,"1400 SW 14th Dr Boca Raton, FL 33486","$300,000 - $399,999","$900,000 - $999,999",new,2026-10-01,true,0
Zachary Novoseller,(732) 370-0834,+17323700834,"1404 14th St Lakewood, NJ 08701","$300,000 - $399,999","$1,000,000+",new,2026-10-01,true,0
Eliezer Neumann,(718) 376-6011,+17183766011,"1417 E 14th St Brooklyn, NY 11230","$400,000 - $499,999","$1,000,000+",new,2026-10-01,true,0
Howard Katzenstein,(718) 645-4278,+17186454278,"1419 E 14th St Brooklyn, NY 11230","$100,000 - $124,999","$1,000,000+",new,2026-10-01,true,0
David Tenenbaum,(732) 363-6322,+17323636322,"1420 14th St Lakewood, NJ 08701","$250,000 - $299,999","$800,000 - $899,999",new,2026-10-01,true,0
Benjamin Gamss,(718) 376-0025,+17183760025,"1421 E 14th St Brooklyn, NY 11230","$50,000 - $59,999","$1,000,000+",new,2026-10-01,true,0
Zhicheng Pan,(201) 941-6918,+12019416918,"1423 14th St Fort Lee, NJ 07024","$200,000 - $249,999","$1,000,000+",new,2026-10-01,true,0
Catherine Seeley,(954) 427-2384,+19544272384,"1424 SE 14th Ave Deerfield Beach, FL 33441","$100,000 - $124,999","$1,000,000+",new,2026-10-01,true,0
Randolf Damron,(415) 664-4005,+14156644005,"1439 14th Ave San Francisco, CA 94122","$40,000 - $49,999","$1,000,000+",new,2026-10-01,true,0
Avrum Kahn,(718) 645-9807,+17186459807,"1441 E 14th St Brooklyn, NY 11230","$70,000 - $79,999","$1,000,000+",new,2026-10-01,true,0
Wes Baker,(561) 395-6499,+15613956499,"1441 NW 14th Ave Boca Raton, FL 33486","$400,000 - $499,999","$700,000 - $799,999",new,2026-10-01,true,0
Jan Oliver,(954) 573-7557,+19545737557,"1459 SE 14th Dr Deerfield Beach, FL 33441","$100,000 - $124,999","$800,000 - $899,999",new,2026-10-01,true,0
Moshe Weiner,(718) 375-0505,+17183750505,"1466 E 14th St Brooklyn, NY 11230","$50,000 - $59,999","$900,000 - $999,999",new,2026-10-01,true,0
Farzad Moradi,(718) 645-8277,+17186458277,"1483 E 14th St Brooklyn, NY 11230","$90,000 - $99,999","$1,000,000+",new,2026-10-01,true,0
Jean Doyle,(415) 242-1250,+14152421250,"1488 14th Ave San Francisco, CA 94122","$400,000 - $499,999","$800,000 - $899,999",new,2026-10-01,true,0
Victor Betancourt,(305) 858-2456,+13058582456,"1512 SW 14th Ter Miami, FL 33145","$60,000 - $69,999","$900,000 - $999,999",new,2026-10-01,true,0
Alberto Benamu,(347) 312-3060,+13473123060,"1513 E 14th St Brooklyn, NY 11230","$400,000 - $499,999","$1,000,000+",new,2026-10-01,true,0
Jean Carlson,(954) 725-9360,+19547259360,"1525 SE 14th St Deerfield Beach, FL 33441","$80,000 - $89,999","$700,000 - $799,999",new,2026-10-01,true,0
Milton Itzkowitz,(718) 339-0765,+17183390765,"1534 E 14th St Brooklyn, NY 11230","$60,000 - $69,999","$1,000,000+",new,2026-10-01,true,0
Pamela Wall,(954) 522-8141,+19545228141,"1537 SE 14th St Fort Lauderdale, FL 33316","$100,000 - $124,999","$1,000,000+",new,2026-10-01,true,0
Vernon Franke,(954) 524-8969,+19545248969,"1601 SE 14th St Fort Lauderdale, FL 33316","$300,000 - $399,999","$1,000,000+",new,2026-10-01,true,0
Ezra Choai,(718) 336-2554,+17183362554,"1617 E 14th St Brooklyn, NY 11229","$80,000 - $89,999","$700,000 - $799,999",new,2026-10-01,true,0
Robert Meli,(415) 661-8575,+14156618575,"1620 14th Ave San Francisco, CA 94122","$60,000 - $69,999","$900,000 - $999,999",new,2026-10-01,true,0
Edward Noland,(850) 432-9149,+18504329149,"1719 N 14th Ave Pensacola, FL 32503","$300,000 - $399,999","$700,000 - $799,999",new,2026-10-01,true,0
Gerald Cheng,(415) 681-5687,+14156815687,"1745 14th Ave San Francisco, CA 94122","$400,000 - $499,999","$900,000 - $999,999",new,2026-10-01,true,0
Paula Fiscal,(415) 665-8494,+14156658494,"1890 14th Ave San Francisco, CA 94122","$50,000 - $59,999","$900,000 - $999,999",new,2026-10-01,true,0
Sergei Rebrik,(415) 681-7061,+14156817061,"1977 14th Ave San Francisco, CA 94116","$300,000 - $399,999","$800,000 - $899,999",new,2026-10-01,true,0
Travis Allen,(713) 864-2263,+17138642263,"2001 W 14th St Unit B Houston, TX 77008","$400,000 - $499,999","$1,000,000+",new,2026-10-01,true,0
Gene Wissinger,(713) 426-4271,+17134264271,"2004 W 14th St Unit D Houston, TX 77008","$300,000 - $399,999","$900,000 - $999,999",new,2026-10-01,true,0
Edward Andrews,(760) 944-1974,+17609441974,"2010 14th St Encinitas, CA 92024","$400,000 - $499,999","$900,000 - $999,999",new,2026-10-01,true,0
Illia Song,(415) 753-3846,+14157533846,"2016 14th Ave San Francisco, CA 94116","$300,000 - $399,999","$1,000,000+",new,2026-10-01,true,0
Michael Stern,(415) 522-1904,+14155221904,"875 14th St San Francisco, CA 94114","$400,000 - $499,999","$900,000 - $999,999",new,2026-10-01,true,0
Paul Isaacs,(415) 621-3069,+14156213069,"877 14th St San Francisco, CA 94114","$400,000 - $499,999","$800,000 - $899,999",new,2026-10-01,true,0
Melissa Krempp,(812) 482-3600,+18124823600,"880 W 14th St Jasper, IN 47546","$300,000 - $399,999","$700,000 - $799,999",new,2026-10-01,true,0
David Evans,(954) 428-0028,+19544280028,"906 SE 14th St Deerfield Beach, FL 33441","$100,000 - $124,999","$700,000 - $799,999",new,2026-10-01,true,0
Mark Lekowski,(202) 546-9347,+12025469347,"907 14th St SE Washington, DC 20003","$300,000 - $399,999","$800,000 - $899,999",new,2026-10-01,true,0
Joanne Fitzgerald,(202) 795-9628,+12027959628,"920 14th St SE Washington, DC 20003","$300,000 - $399,999","$900,000 - $999,999",new,2026-10-01,true,0
Larry Krikorian,(310) 545-9491,+13105459491,"920 14th St Manhattan Beach, CA 90266","$50,000 - $59,999","$1,000,000+",new,2026-10-01,true,0
So Gaeta,(310) 899-0627,+13108990627,"925 14th St Apt 25 Santa Monica, CA 90403","$400,000 - $499,999","$800,000 - $899,999",new,2026-10-01,true,0
Lila Louie,(415) 487-8699,+14154878699,"933 14th St San Francisco, CA 94114","$400,000 - $499,999","$900,000 - $999,999",new,2026-10-01,true,0
Gary Roney,(713) 869-3568,+17138693568,"938 E 14th St Houston, TX 77009","$100,000 - $124,999","$700,000 - $799,999",new,2026-10-01,true,0
Katherine Grincewich,(202) 332-6392,+12023326392,"944 14th St SE Washington, DC 20003","$400,000 - $499,999","$800,000 - $899,999",new,2026-10-01,true,0
Clifford Lum,(808) 735-1953,+18087351953,"945 14th Ave Honolulu, HI 96816","$300,000 - $399,999","$1,000,000+",new,2026-10-01,true,0
Joanna Vaughn,(512) 469-0029,+15124690029,"1008 E 14th St Austin, TX 78702","$100,000 - $124,999","$700,000 - $799,999",new,2026-10-01,true,0
Angela Spera,(754) 227-7133,+17542277133,"1008 SE 14th Ter Deerfield Beach, FL 33441","$175,000 - $199,999","$1,000,000+",new,2026-10-01,true,0
Cary Lazzo,(843) 525-6525,+18435256525,"1010 14th St Port Royal, SC 29935","$400,000 - $499,999","$800,000 - $899,999",new,2026-10-01,true,0
Kyley Wood,(812) 634-1746,+18126341746,"1010 W 14th St Jasper, IN 47546","$300,000 - $399,999","$800,000 - $899,999",new,2026-10-01,true,0
Gerrie Stone,(605) 882-3762,+16058823762,"1011 14th Ave NW Watertown, SD 57201","$60,000 - $69,999","$900,000 - $999,999",new,2026-10-01,true,0
Zvi Schreiber,(732) 367-8393,+17323678393,"1015 14th St Lakewood, NJ 08701","$400,000 - $499,999","$1,000,000+",new,2026-10-01,true,0
James Vanwerden,(515) 993-3573,+15159933573,"1025 S 14th St Adel, IA 50003","$80,000 - $89,999","$700,000 - $799,999",new,2026-10-01,true,0
Batsheva Schochet,(305) 672-8675,+13056728675,"1035 14th St Miami Beach, FL 33139","$70,000 - $79,999","$700,000 - $799,999",new,2026-10-01,true,0
Charles Hammer,(805) 489-2439,+18054892439,"1040 S 14th St Grover Beach, CA 93433","$70,000 - $79,999","$800,000 - $899,999",new,2026-10-01,true,0
Louise Gutgsell,(812) 482-2700,+18124822700,"1050 W 14th St Jasper, IN 47546","$50,000 - $59,999","$800,000 - $899,999",new,2026-10-01,true,0
Neil Knop,(763) 355-9733,+17633559733,"1053 14th St NW Buffalo, MN 55313","$250,000 - $299,999","$1,000,000+",new,2026-10-01,true,0
Lynn Homan,(727) 823-6468,+17278236468,"1060 14th Ave N Saint Petersburg, FL 33705","$90,000 - $99,999","$800,000 - $899,999",new,2026-10-01,true,0
Gerald Alfred,(718) 258-3379,+17182583379,"1063 E 14th St Apt 2 Brooklyn, NY 11230","$30,000 - $39,999","$700,000 - $799,999",new,2026-10-01,true,0
Jose Troncoso,(415) 487-1331,+14154871331,"1068 14th St Apt A San Francisco, CA 94114","$250,000 - $299,999","$900,000 - $999,999",new,2026-10-01,true,0
Bradley Debusk,(806) 855-4566,+18068554566,"1106 N 14th St Wolfforth, TX 79382","$400,000 - $499,999","$700,000 - $799,999",new,2026-10-01,true,0
Susan Shirley,(253) 848-3294,+12538483294,"9315 147th St E Puyallup, WA 98375","$150,000 - $174,999","$800,000 - $899,999",new,2026-10-01,true,0
Carlos Hoyo,(305) 254-2731,+13052542731,"9511 SW 147th St Miami, FL 33176","$200,000 - $249,999","$1,000,000+",new,2026-10-01,true,0
Slav Kovalenko,(360) 882-7363,+13608827363,"9704 NE 147th Ave Vancouver, WA 98682","$300,000 - $399,999","$1,000,000+",new,2026-10-01,true,0
Ronald Kopplow,(305) 252-6078,+13052526078,"9760 SW 147th St Miami, FL 33176","$60,000 - $69,999","$800,000 - $899,999",new,2026-10-01,true,0
Roderock Saunders,(718) 529-6603,+17185296603,"11643 147th St Jamaica, NY 11436","$90,000 - $99,999","$700,000 - $799,999",new,2026-10-01,true,0
Catherine Newkirk,(718) 738-3842,+17187383842,"12821 147th St South Ozone Park, NY 11436","$60,000 - $69,999","$700,000 - $799,999",new,2026-10-01,true,0
David Baxter,(360) 893-3696,+13608933696,"15407 147th Ave E Orting, WA 98360","$300,000 - $399,999","$700,000 - $799,999",new,2026-10-01,true,0
Linda Raleigh,(425) 277-4044,+14252774044,"16541 147th Ave SE Renton, WA 98058","$100,000 - $124,999","$700,000 - $799,999",new,2026-10-01,true,0
Marlon Holford,(718) 525-3362,+17185253362,"18309 147th Ave Jamaica, NY 11413","$50,000 - $59,999","$700,000 - $799,999",new,2026-10-01,true,0
Marianne Simonson,(360) 894-0253,+13608940253,"19845 147th Ave SE Yelm, WA 98597","$100,000 - $124,999","$700,000 - $799,999",new,2026-10-01,true,0
Amy Warnke,(360) 260-5427,+13602605427,"22600 NE 147th St Brush Prairie, WA 98606","$200,000 - $249,999","$700,000 - $799,999",new,2026-10-01,true,0
Valerie Pool,(360) 256-2694,+13602562694,"22605 NE 147th St Brush Prairie, WA 98606","$400,000 - $499,999","$1,000,000+",new,2026-10-01,true,0
Reynald Perry,(718) 949-6101,+17189496101,"23204 147th Ave Springfield Gardens, NY 11413","$50,000 - $59,999","$700,000 - $799,999",new,2026-10-01,true,0
Glenn Bustrin,(718) 723-4863,+17187234863,"23505 147th Dr Rosedale, NY 11422","$60,000 - $69,999","$700,000 - $799,999",new,2026-10-01,true,0
Angela Lynch,(718) 276-1793,+17182761793,"24005 147th Ave Rosedale, NY 11422","$20,000 - $29,999","$700,000 - $799,999",new,2026-10-01,true,0
Mike Johansson,(425) 427-8713,+14254278713,"24257 SE 147th Pl Issaquah, WA 98027","$200,000 - $249,999","$1,000,000+",new,2026-10-01,true,0
Donna Maher,(253) 630-0218,+12536300218,"24528 147th Ave SE Kent, WA 98042","$300,000 - $399,999","$900,000 - $999,999",new,2026-10-01,true,0
Joan Comrie,(718) 341-8276,+17183418276,"24911 147th Rd Rosedale, NY 11422","$200,000 - $249,999","$900,000 - $999,999",new,2026-10-01,true,0
Kathleen Carr,(360) 829-4198,+13608294198,"28114 147th St E Buckley, WA 98321","$60,000 - $69,999","$1,000,000+",new,2026-10-01,true,0
John Lindquist,(218) 589-8161,+12185898161,"29807 147th St Dalton, MN 56324","$100,000 - $124,999","$900,000 - $999,999",new,2026-10-01,true,0
Michael Pemble,(425) 788-4280,+14257884280,"29913 NE 147th Pl Duvall, WA 98019","$300,000 - $399,999","$800,000 - $899,999",new,2026-10-01,true,0
Shane Paddock,(801) 253-7767,+18012537767,"2644 W 14865 S Bluffdale, UT 84065","$300,000 - $399,999","$700,000 - $799,999",new,2026-10-01,true,0
Myrl Burton,(801) 253-9308,+18012539308,"2735 W 14865 S Bluffdale, UT 84065","$300,000 - $399,999","$800,000 - $899,999",new,2026-10-01,true,0
James Hatch,(801) 254-1575,+18012541575,"2964 W 14865 S Bluffdale, UT 84065","$175,000 - $199,999","$800,000 - $899,999",new,2026-10-01,true,0
Byron Mcclellan,(801) 446-5189,+18014465189,"3064 W 14865 S Bluffdale, UT 84065","$250,000 - $299,999","$700,000 - $799,999",new,2026-10-01,true,0
Lefroy Thompson,(305) 944-1752,+13059441752,"125 NE 148th St Miami, FL 33161","Under $20,000","$700,000 - $799,999",new,2026-10-01,true,0
Jean Brodowicz,(718) 746-0416,+17187460416,"226 148th St Whitestone, NY 11357","$80,000 - $89,999","$800,000 - $899,999",new,2026-10-01,true,0
Alexander Jedynski,(718) 767-6178,+17187676178,"248 148th St Whitestone, NY 11357","$100,000 - $124,999","$1,000,000+",new,2026-10-01,true,0
Louis Dibenedetto,(718) 746-9149,+17187469149,"253 148th St Flushing, NY 11357","$300,000 - $399,999","$1,000,000+",new,2026-10-01,true,0
Benjamin Laube,(718) 224-4429,+17182244429,"312 148th St Whitestone, NY 11357","$200,000 - $249,999","$1,000,000+",new,2026-10-01,true,0
Lucia Panico,(941) 749-5749,+19417495749,"321 148th Ct NE Bradenton, FL 34212","$100,000 - $124,999","$700,000 - $799,999",new,2026-10-01,true,0
Vitalis Unaeze,(941) 896-9822,+19418969822,"325 148th Ct NE Bradenton, FL 34212","$100,000 - $124,999","$700,000 - $799,999",new,2026-10-01,true,0
Edward Prial,(718) 767-3908,+17187673908,"336 148th St Whitestone, NY 11357","$60,000 - $69,999","$1,000,000+",new,2026-10-01,true,0
Kay Throndsen,(360) 652-0745,+13606520745,"425 148th St NE Arlington, WA 98223","$90,000 - $99,999","$1,000,000+",new,2026-10-01,true,0
Pennie Dakis,(718) 746-7342,+17187467342,"911 148th St Whitestone, NY 11357","$300,000 - $399,999","$1,000,000+",new,2026-10-01,true,0
Miguel Torrellas,(718) 746-3892,+17187463892,"1011 148th St Whitestone, NY 11357","$50,000 - $59,999","$700,000 - $799,999",new,2026-10-01,true,0
Thomas Chianese,(718) 746-8810,+17187468810,"1223 148th St Whitestone, NY 11357","$400,000 - $499,999","$1,000,000+",new,2026-10-01,true,0
Dennis Couch,(425) 337-4772,+14253374772,"1525 148th Pl SE Mill Creek, WA 98012","$400,000 - $499,999","$1,000,000+",new,2026-10-01,true,0
Janusz Kozlowski,(954) 916-0996,+19549160996,"1733 SW 148th Ave Davie, FL 33325","$400,000 - $499,999","$1,000,000+",new,2026-10-01,true,0
Leszek Chudzinski,(206) 306-0269,+12063060269,"1826 N 148th St Shoreline, WA 98133","$125,000 - $149,999","$700,000 - $799,999",new,2026-10-01,true,0
Lorna Paulino,(954) 476-9686,+19544769686,"1983 SW 148th Ave Davie, FL 33325","$400,000 - $499,999","$1,000,000+",new,2026-10-01,true,0
Karsten Liljegren,(425) 316-3466,+14253163466,"2109 148th St SE Mill Creek, WA 98012","$400,000 - $499,999","$1,000,000+",new,2026-10-01,true,0
Oliver Eichstedt,(515) 809-1408,+15158091408,"2711 148th St Urbandale, IA 50323","$400,000 - $499,999","$700,000 - $799,999",new,2026-10-01,true,0
Diana Datorre,(718) 461-2328,+17184612328,"2920 148th St Flushing, NY 11354","$60,000 - $69,999","$1,000,000+",new,2026-10-01,true,0
James Allan,(303) 255-9169,+13032559169,"2992 E 148th Pl Thornton, CO 80602","$400,000 - $499,999","$900,000 - $999,999",new,2026-10-01,true,0
Cathleen Schilling,(206) 244-2536,+12062442536,"1208 SW 157th St Burien, WA 98166","$250,000 - $299,999","$1,000,000+",new,2026-10-01,true,0
Sandra Lievero,(206) 242-3060,+12062423060,"1222 SW 157th St Burien, WA 98166","$100,000 - $124,999","$1,000,000+",new,2026-10-01,true,0
Kelly Bretz,(206) 244-1784,+12062441784,"1224 SW 157th St Burien, WA 98166","$150,000 - $174,999","$800,000 - $899,999",new,2026-10-01,true,0
Monique Douyon,(954) 442-4404,+19544424404,"1448 SW 157th Ave Pembroke Pines, FL 33027","$300,000 - $399,999","$900,000 - $999,999",new,2026-10-01,true,0
Luis Torres,(954) 443-1600,+19544431600,"1452 SW 157th Ave Pembroke Pines, FL 33027","$400,000 - $499,999","$800,000 - $899,999",new,2026-10-01,true,0
Miltiades Alexiou,(718) 746-0361,+17187460361,"1473 157th St Whitestone, NY 11357","$300,000 - $399,999","$1,000,000+",new,2026-10-01,true,0
Vijaykumar Rajput,(754) 703-4517,+17547034517,"1508 SW 157th Ave Pembroke Pines, FL 33027","$200,000 - $249,999","$900,000 - $999,999",new,2026-10-01,true,0
Yury Gitelman,(954) 392-7777,+19543927777,"1518 SW 157th Ave Pembroke Pines, FL 33027","$150,000 - $174,999","$900,000 - $999,999",new,2026-10-01,true,0
Edward Garcell,(954) 441-1108,+19544411108,"1680 SW 157th Ave Pembroke Pines, FL 33027","$300,000 - $399,999","$700,000 - $799,999",new,2026-10-01,true,0
Vincenzo Pezzino,(718) 767-0728,+17187670728,"2417 157th St Whitestone, NY 11357","$400,000 - $499,999","$1,000,000+",new,2026-10-01,true,0
Cheryl Nicholas,(718) 746-7710,+17187467710,"2519 157th St Flushing, NY 11354","$400,000 - $499,999","$1,000,000+",new,2026-10-01,true,0
Brian Witty,(360) 264-2008,+13602642008,"2538 157th Ln SW Tenino, WA 98589","$150,000 - $174,999","$700,000 - $799,999",new,2026-10-01,true,0
Maria Cuzzo,(718) 762-7311,+17187627311,"2614 157th St Flushing, NY 11354","$200,000 - $249,999","$1,000,000+",new,2026-10-01,true,0
John Ervin,(913) 681-1137,+19136811137,"3002 W 157th Ter Overland Park, KS 66224","$250,000 - $299,999","$700,000 - $799,999",new,2026-10-01,true,0
Billy Alexandratos,(718) 353-2365,+17183532365,"3327 157th St Flushing, NY 11354","$300,000 - $399,999","$1,000,000+",new,2026-10-01,true,0
Rory Mccreesh,(718) 762-3769,+17187623769,"3343 157th St Flushing, NY 11354","$250,000 - $299,999","$1,000,000+",new,2026-10-01,true,0
Joseph Dilluvio,(718) 939-5954,+17189395954,"3363 157th St Flushing, NY 11354","$200,000 - $249,999","$1,000,000+",new,2026-10-01,true,0
Sylvia Freirich,(718) 353-8026,+17183538026,"3511 157th St Flushing, NY 11354","$50,000 - $59,999","$700,000 - $799,999",new,2026-10-01,true,0
Jonnie Vanasse,(718) 961-7838,+17189617838,"4022 157th St Flushing, NY 11354","$50,000 - $59,999","$1,000,000+",new,2026-10-01,true,0
Susan Sparagna,(718) 445-4286,+17184454286,"4023 157th St Flushing, NY 11354","$400,000 - $499,999","$1,000,000+",new,2026-10-01,true,0
Catherine Lange,(718) 445-1673,+17184451673,"4031 157th St Flushing, NY 11354","$30,000 - $39,999","$1,000,000+",new,2026-10-01,true,0
Suresh Viswanathan,(718) 353-2491,+17183532491,"4550 157th St Flushing, NY 11355","$300,000 - $399,999","$1,000,000+",new,2026-10-01,true,0
Norma Chin,(718) 961-1808,+17189611808,"4655 157th St Flushing, NY 11355","$60,000 - $69,999","$1,000,000+",new,2026-10-01,true,0
Ali Sweeney,(253) 884-0585,+12538840585,"5021 157th Ave NW Lakebay, WA 98349","$60,000 - $69,999","$1,000,000+",new,2026-10-01,true,0
Nurun Yusuf,(718) 461-1805,+17184611805,"5704 157th St Flushing, NY 11355","$100,000 - $124,999","$1,000,000+",new,2026-10-01,true,0
Chia Lee,(718) 359-8059,+17183598059,"5728 157th St Flushing, NY 11355","$40,000 - $49,999","$900,000 - $999,999",new,2026-10-01,true,0
Marcos Esquenazi,(786) 242-5212,+17862425212,"7345 SW 157th Ter Village Of Palmetto Bay, FL 33157","$200,000 - $249,999","$1,000,000+",new,2026-10-01,true,0
Jeremy Larkin,(305) 278-9202,+13052789202,"7440 SW 157th Ter Village Of Palmetto Bay, FL 33157","$400,000 - $499,999","$1,000,000+",new,2026-10-01,true,0
David Tilghman,(305) 251-5734,+13052515734,"7790 SW 157th Ter Village Of Palmetto Bay, FL 33157","$100,000 - $124,999","$800,000 - $899,999",new,2026-10-01,true,0
Michael Baker,(305) 255-8398,+13052558398,"7955 SW 157th St Village Of Palmetto Bay, FL 33157","$400,000 - $499,999","$1,000,000+",new,2026-10-01,true,0
Jacques Gurdjian,(305) 232-0955,+13052320955,"8050 SW 157th St Village Of Palmetto Bay, FL 33157","$300,000 - $399,999","$1,000,000+",new,2026-10-01,true,0
Luis Nasiff,(305) 362-7650,+13053627650,"8250 NW 157th Ter Miami Lakes, FL 33016","$400,000 - $499,999","$1,000,000+",new,2026-10-01,true,0
Humberto Gallego,(305) 822-1272,+13058221272,"8305 NW 157th Ter Miami Lakes, FL 33016","$125,000 - $149,999","$1,000,000+",new,2026-10-01,true,0
Dennis Raia,(718) 835-3939,+17188353939,"8717 157th Ave Howard Beach, NY 11414","$70,000 - $79,999","$900,000 - $999,999",new,2026-10-01,true,0
Marva Williams,(305) 408-6287,+13054086287,"9020 SW 157th Pl Miami, FL 33196","$80,000 - $89,999","$800,000 - $899,999",new,2026-10-01,true,0
Elisa Bevilacqua,(718) 848-2304,+17188482304,"9607 157th Ave Howard Beach, NY 11414","$40,000 - $49,999","$900,000 - $999,999",new,2026-10-01,true,0
Gary Ek,(360) 256-9858,+13602569858,"10408 NE 157th Ave Vancouver, WA 98682","$300,000 - $399,999","$800,000 - $899,999",new,2026-10-01,true,0
Kalpana Gilroy,(425) 885-0969,+14258850969,"10635 157th Ave NE Redmond, WA 98052","$400,000 - $499,999","$1,000,000+",new,2026-10-01,true,0
Diane Woods,(718) 659-4555,+17186594555,"10948 157th St Jamaica, NY 11433","$70,000 - $79,999","$700,000 - $799,999",new,2026-10-01,true,0
Guillermina Herrera,(305) 964-5098,+13059645098,"14831 SW 157th Ct Miami, FL 33196","$100,000 - $124,999","$700,000 - $799,999",new,2026-10-01,true,0
Carol Suehiro,(425) 271-1350,+14252711350,"16904 157th Pl SE Renton, WA 98058","$70,000 - $79,999","$700,000 - $799,999",new,2026-10-01,true,0
Andrew Miller,(425) 485-6130,+14254856130,"19560 157th Pl NE Woodinville, WA 98072","$400,000 - $499,999","$1,000,000+",new,2026-10-01,true,0
Judith Anderson,(360) 805-4361,+13608054361,"20727 157th Ave SE Monroe, WA 98272","$300,000 - $399,999","$1,000,000+",new,2026-10-01,true,0
Feliks Shostak,(425) 788-2038,+14257882038,"22520 157th Ave SE Snohomish, WA 98296","$300,000 - $399,999","$1,000,000+",new,2026-10-01,true,0
Blanca Cano,(305) 248-0103,+13052480103,"23355 SW 157th Ave Homestead, FL 33031","$40,000 - $49,999","$800,000 - $899,999",new,2026-10-01,true,0
Michael Dahlem,(360) 897-6199,+13608976199,"25712 157th St E Buckley, WA 98321","$150,000 - $174,999","$700,000 - $799,999",new,2026-10-01,true,0
Jerry Metallo,(305) 247-0800,+13052470800,"27233 SW 157th Ave Homestead, FL 33031","$150,000 - $174,999","$800,000 - $899,999",new,2026-10-01,true,0
Micheal Richotte,(253) 630-4329,+12536304329,"30811 157th Pl SE Kent, WA 98042","$400,000 - $499,999","$1,000,000+",new,2026-10-01,true,0
Vincent Mims,(918) 272-2079,+19182722079,"9797 N 157th East Ave Owasso, OK 74055","$150,000 - $174,999","$800,000 - $899,999",new,2026-10-01,true,0
William Bowen,(435) 635-9393,+14356359393,"150 N 1580 W Hurricane, UT 84737","$100,000 - $124,999","$700,000 - $799,999",new,2026-10-01,true,0
George Heinold,(305) 947-8005,+13059478005,"54 NW 158th St Miami, FL 33169","$40,000 - $49,999","$700,000 - $799,999",new,2026-10-01,true,0
Emmett Soffey,(425) 643-5029,+14256435029,"411 158th Pl SE Bellevue, WA 98008","$300,000 - $399,999","$1,000,000+",new,2026-10-01,true,0
Steven Lorras,(718) 767-2924,+17187672924,"641 158th St Whitestone, NY 11357","$400,000 - $499,999","$1,000,000+",new,2026-10-01,true,0
Bessie Currie,(718) 767-1864,+17187671864,"657 158th St Whitestone, NY 11357","$400,000 - $499,999","$1,000,000+",new,2026-10-01,true,0
Edmand Oas,(360) 652-9785,+13606529785,"910 158th Pl NW Arlington, WA 98223","$100,000 - $124,999","$800,000 - $899,999",new,2026-10-01,true,0
Benjamin Ralston,(425) 641-4017,+14256414017,"1021 158th Pl SE Bellevue, WA 98008","$300,000 - $399,999","$1,000,000+",new,2026-10-01,true,0
Frederick Liening,(425) 643-9728,+14256439728,"1037 158th Pl SE Bellevue, WA 98008","$250,000 - $299,999","$1,000,000+",new,2026-10-01,true,0
Daniel Conces,(425) 644-6838,+14256446838,"1215 158th Ave SE Bellevue, WA 98008","$400,000 - $499,999","$1,000,000+",new,2026-10-01,true,0
Michael Dorotik,(425) 401-9859,+14254019859,"1313 158th Pl SE Bellevue, WA 98008","$400,000 - $499,999","$1,000,000+",new,2026-10-01,true,0
Timothy Fazzio,(954) 432-5647,+19544325647,"1422 NW 158th Ave Pembroke Pines, FL 33028","$100,000 - $124,999","$700,000 - $799,999",new,2026-10-01,true,0
Eddy Vazquez,(718) 767-2701,+17187672701,"1427 158th St Whitestone, NY 11357","$300,000 - $399,999","$1,000,000+",new,2026-10-01,true,0
Xing Lai,(718) 225-3657,+17182253657,"1431 158th St Whitestone, NY 11357","$400,000 - $499,999","$1,000,000+",new,2026-10-01,true,0
Debra Winkler,(405) 330-3906,+14053303906,"1509 NW 158th St Edmond, OK 73013","$100,000 - $124,999","$900,000 - $999,999",new,2026-10-01,true,0
Lorry Nelsen,(763) 757-7668,+17637577668,"2290 158th Ave NW Andover, MN 55304","$300,000 - $399,999","$700,000 - $799,999",new,2026-10-01,true,0
Shams Pirbhai,(425) 867-0961,+14258670961,"2462 158th Pl NE Bellevue, WA 98008","$250,000 - $299,999","$1,000,000+",new,2026-10-01,true,0
Manuel Carrillo,(425) 316-9876,+14253169876,"2721 158th Pl SE Mill Creek, WA 98012","$400,000 - $499,999","$1,000,000+",new,2026-10-01,true,0
Dahlia Benaroya,(718) 746-0659,+17187460659,"2808 158th St Flushing, NY 11358","$40,000 - $49,999","$1,000,000+",new,2026-10-01,true,0
William Sorice,(718) 463-1850,+17184631850,"3334 158th St Flushing, NY 11358","$50,000 - $59,999","$1,000,000+",new,2026-10-01,true,0
Filomena Gonzalez,(718) 939-6778,+17189396778,"3335 158th St Flushing, NY 11358","$300,000 - $399,999","$1,000,000+",new,2026-10-01,true,0
Deborah Dilello,(718) 886-5989,+17188865989,"3347 158th St Flushing, NY 11358","$100,000 - $124,999","$1,000,000+",new,2026-10-01,true,0
Frank Tortorella,(718) 358-2141,+17183582141,"3372 158th St Flushing, NY 11358","$400,000 - $499,999","$1,000,000+",new,2026-10-01,true,0
J Gallinger,(425) 379-5628,+14253795628,"3605 158th Pl SE Bothell, WA 98012","$300,000 - $399,999","$1,000,000+",new,2026-10-01,true,0
Paula Whitley,(806) 408-0321,+18064080321,"3718 158th St Lubbock, TX 79423","$400,000 - $499,999","$800,000 - $899,999",new,2026-10-01,true,0
Cristian Stefanescu,(718) 358-5947,+17183585947,"4036 158th St Flushing, NY 11358","$100,000 - $124,999","$800,000 - $899,999",new,2026-10-01,true,0
Virginia Haase,(718) 463-9071,+17184639071,"4312 158th St Flushing, NY 11358","$30,000 - $39,999","$800,000 - $899,999",new,2026-10-01,true,0
Sandra Hollingsworth,(206) 433-4431,+12064334431,"4442 S 158th St Tukwila, WA 98188","$70,000 - $79,999","$700,000 - $799,999",new,2026-10-01,true,0
Clara Tzivelos,(718) 358-8165,+17183588165,"4633 158th St Flushing, NY 11358","$60,000 - $69,999","$1,000,000+",new,2026-10-01,true,0
Tony Prokos,(718) 886-1521,+17188861521,"4634 158th St Flushing, NY 11358","$30,000 - $39,999","$800,000 - $899,999",new,2026-10-01,true,0
Pete Cohen,(954) 447-3371,+19544473371,"4913 SW 158th Way Miramar, FL 33027","$300,000 - $399,999","$700,000 - $799,999",new,2026-10-01,true,0
Andre Chin,(954) 517-1890,+19545171890,"4980 SW 158th Ave Miramar, FL 33027","$80,000 - $89,999","$800,000 - $899,999",new,2026-10-01,true,0
Richard Herges,(480) 988-9281,+14809889281,"5028 S 158th St Gilbert, AZ 85298","$100,000 - $124,999","$900,000 - $999,999",new,2026-10-01,true,0
Guy Drab,(954) 404-8997,+19544048997,"5120 SW 158th Ave Miramar, FL 33027","$175,000 - $199,999","$800,000 - $899,999",new,2026-10-01,true,0
Gloria Patino,(954) 438-3127,+19544383127,"5322 SW 158th Ave Miramar, FL 33027","$175,000 - $199,999","$700,000 - $799,999",new,2026-10-01,true,0
Xavier Lepe,(425) 742-2391,+14257422391,"5509 158th Pl SW Edmonds, WA 98026","$150,000 - $174,999","$700,000 - $799,999",new,2026-10-01,true,0
Troy Cichos,(425) 562-3152,+14255623152,"6125 158th Ave SE Bellevue, WA 98006","$300,000 - $399,999","$1,000,000+",new,2026-10-01,true,0
Robert Bart,(954) 252-5731,+19542525731,"6160 SW 158th Way Davie, FL 33331","$60,000 - $69,999","$700,000 - $799,999",new,2026-10-01,true,0
Steven Klages,(425) 357-6978,+14253576978,"6913 158th St SE Snohomish, WA 98296","$400,000 - $499,999","$1,000,000+",new,2026-10-01,true,0
Lisa Schweitzer,(425) 481-6252,+14254816252,"7018 NE 158th St Kenmore, WA 98028","$200,000 - $249,999","$800,000 - $899,999",new,2026-10-01,true,0
Angele Arnason,(305) 278-7272,+13052787272,"7400 SW 158th Ter Village Of Palmetto Bay, FL 33157","$300,000 - $399,999","$1,000,000+",new,2026-10-01,true,0
Roy Kelly,(305) 232-0570,+13052320570,"7421 SW 158th Ter Village Of Palmetto Bay, FL 33157","$100,000 - $124,999","$800,000 - $899,999",new,2026-10-01,true,0
Robert Morrison,(305) 378-1343,+13053781343,"7480 SW 158th Ter Village Of Palmetto Bay, FL 33157","$50,000 - $59,999","$800,000 - $899,999",new,2026-10-01,true,0
Fernando Vila,(305) 254-4565,+13052544565,"7500 SW 158th Ter Village Of Palmetto Bay, FL 33157","$100,000 - $124,999","$900,000 - $999,999",new,2026-10-01,true,0
Sharon Baune,(360) 604-8710,+13606048710,"7812 NE 158th Ave Vancouver, WA 98682","$300,000 - $399,999","$700,000 - $799,999",new,2026-10-01,true,0
Francis Crespo,(305) 823-7263,+13058237263,"7923 NW 158th Ter Miami Lakes, FL 33016","$250,000 - $299,999","$800,000 - $899,999",new,2026-10-01,true,0
Catalina Pastor,(305) 819-2189,+13058192189,"8012 NW 158th Ter Miami Lakes, FL 33016","$400,000 - $499,999","$700,000 - $799,999",new,2026-10-01,true,0
Joan Deriso,(718) 848-9173,+17188489173,"8110 158th Ave Howard Beach, NY 11414","$100,000 - $124,999","$1,000,000+",new,2026-10-01,true,0
Guy Losito,(718) 835-1821,+17188351821,"8212 158th Ave Howard Beach, NY 11414","$400,000 - $499,999","$800,000 - $899,999",new,2026-10-01,true,0
Pedro Rodriguez,(786) 592-2558,+17865922558,"8340 SW 158th St Village Of Palmetto Bay, FL 33157","$250,000 - $299,999","$900,000 - $999,999",new,2026-10-01,true,0
Olga Marquez,(305) 827-0310,+13058270310,"8345 NW 158th Ter Miami Lakes, FL 33016","$100,000 - $124,999","$900,000 - $999,999",new,2026-10-01,true,0
Helene Nameth,(305) 254-9983,+13052549983,"8385 SW 158th St Village Of Palmetto Bay, FL 33157","$100,000 - $124,999","$700,000 - $799,999",new,2026-10-01,true,0
Kristine Coraci,(718) 843-4051,+17188434051,"8408 158th Ave Howard Beach, NY 11414","$100,000 - $124,999","$1,000,000+",new,2026-10-01,true,0
Maria Elrose,(718) 843-9557,+17188439557,"8411 158th Ave Howard Beach, NY 11414","$100,000 - $124,999","$800,000 - $899,999",new,2026-10-01,true,0
Salvatore Rainone,(718) 323-8372,+17183238372,"8511 158th Ave Howard Beach, NY 11414","$250,000 - $299,999","$900,000 - $999,999",new,2026-10-01,true,0
Louis Galeno,(718) 835-7932,+17188357932,"8615 158th Ave Howard Beach, NY 11414","$30,000 - $39,999","$800,000 - $899,999",new,2026-10-01,true,0
Tanya Matson,(360) 944-8967,+13609448967,"12132 NE 152nd Ave Brush Prairie, WA 98606","$175,000 - $199,999","$700,000 - $799,999",new,2026-10-01,true,0
James Bernier,(715) 723-9725,+17157239725,"9755 152nd St Chippewa Falls, WI 54729","$70,000 - $79,999","$800,000 - $899,999",new,2026-10-01,true,0
Bonny Fetterman,(718) 739-1057,+17187391057,"8565 152nd St Jamaica, NY 11432","$70,000 - $79,999","$1,000,000+",new,2026-10-01,true,0
Kristin Murray,(952) 440-5137,+19524405137,"8339 152nd Pl Savage, MN 55378","$200,000 - $249,999","$700,000 - $799,999",new,2026-10-01,true,0
Dick Hedges,(303) 567-2700,+13035672700,"8070 E 152nd Dr Thornton, CO 80602","$400,000 - $499,999","$700,000 - $799,999",new,2026-10-01,true,0
Fabiola Burbano,(305) 252-2602,+13052522602,"7401 SW 152nd St Village Of Palmetto Bay, FL 33157","$400,000 - $499,999","$1,000,000+",new,2026-10-01,true,0
Steven Leupold,(425) 562-0943,+14255620943,"6528 152nd Ave SE Bellevue, WA 98006","$200,000 - $249,999","$1,000,000+",new,2026-10-01,true,0
Julie Willis,(425) 861-8919,+14258618919,"6321 152nd Ave NE Redmond, WA 98052","$400,000 - $499,999","$1,000,000+",new,2026-10-01,true,0
Kristopher Gould,(425) 643-7924,+14256437924,"5837 152nd Ave SE Bellevue, WA 98006","$300,000 - $399,999","$1,000,000+",new,2026-10-01,true,0
James Nelson,(425) 747-2888,+14257472888,"5506 152nd Pl SE Bellevue, WA 98006","$200,000 - $249,999","$1,000,000+",new,2026-10-01,true,0
Michelle Pantoya,(806) 687-7843,+18066877843,"5402 152nd St Lubbock, TX 79424","$300,000 - $399,999","$800,000 - $899,999",new,2026-10-01,true,0
Jack Oldenburg,(425) 338-7736,+14253387736,"5317 152nd Pl SE Everett, WA 98208","$300,000 - $399,999","$800,000 - $899,999",new,2026-10-01,true,0
Santiago Matos,(954) 437-3238,+19544373238,"5268 SW 152nd Ave Miramar, FL 33027","$400,000 - $499,999","$700,000 - $799,999",new,2026-10-01,true,0
Marilu Nodarse,(954) 436-6197,+19544366197,"4665 SW 152nd Ave Miramar, FL 33027","$80,000 - $89,999","$700,000 - $799,999",new,2026-10-01,true,0
Eric Pantaleon,(954) 433-0460,+19544330460,"4505 SW 152nd Ave Miramar, FL 33027","$300,000 - $399,999","$700,000 - $799,999",new,2026-10-01,true,0
Carol Erbs,(954) 435-0055,+19544350055,"4275 SW 152nd Ave Miramar, FL 33027","$400,000 - $499,999","$1,000,000+",new,2026-10-01,true,0
Alan Underwood,(806) 863-2121,+18068632121,"3727 152nd St Lubbock, TX 79423","$250,000 - $299,999","$900,000 - $999,999",new,2026-10-01,true,0
Bobby Singh,(718) 886-3340,+17188863340,"3225 152nd St Flushing, NY 11354","$50,000 - $59,999","$1,000,000+",new,2026-10-01,true,0
Daniel Clute,(515) 987-1356,+15159871356,"3012 152nd St Urbandale, IA 50323","$300,000 - $399,999","$700,000 - $799,999",new,2026-10-01,true,0
Richard Schappert,(515) 261-4674,+15152614674,"2911 152nd St Urbandale, IA 50323","$400,000 - $499,999","$800,000 - $899,999",new,2026-10-01,true,0
James Rolstad,(253) 531-8071,+12535318071,"2807 152nd St E Tacoma, WA 98445","$30,000 - $39,999","$900,000 - $999,999",new,2026-10-01,true,0
Margarita Lermo,(786) 534-8810,+17865348810,"2631 SW 152nd Ct Miami, FL 33185","$90,000 - $99,999","$700,000 - $799,999",new,2026-10-01,true,0
Peter Enwall,(352) 377-2969,+13523772969,"2523 NW 152nd Ct Newberry, FL 32669","$300,000 - $399,999","$1,000,000+",new,2026-10-01,true,0
Scott Hohnstein,(303) 450-0378,+13034500378,"1954 W 152nd Pl Broomfield, CO 80023","$300,000 - $399,999","$1,000,000+",new,2026-10-01,true,0
Ivan Popchoi,(425) 957-0615,+14259570615,"1839 152nd Ave SE Bellevue, WA 98007","$300,000 - $399,999","$1,000,000+",new,2026-10-01,true,0
Jose Diehs,(305) 480-7881,+13054807881,"1803 SW 152nd Path Miami, FL 33185","$150,000 - $174,999","$700,000 - $799,999",new,2026-10-01,true,0
Mary Schramm,(206) 248-3235,+12062483235,"1603 SW 152nd St Burien, WA 98166","$200,000 - $249,999","$1,000,000+",new,2026-10-01,true,0
George Stakias,(718) 767-4025,+17187674025,"1254 152nd St Whitestone, NY 11357","$30,000 - $39,999","$1,000,000+",new,2026-10-01,true,0
Patricia Trotta,(718) 767-6925,+17187676925,"1243 152nd St Whitestone, NY 11357","$100,000 - $124,999","$800,000 - $899,999",new,2026-10-01,true,0
Mark Leggett,(206) 244-2072,+12062442072,"1232 SW 152nd St Burien, WA 98166","$70,000 - $79,999","$800,000 - $899,999",new,2026-10-01,true,0
Jamshed Romani,(425) 745-1138,+14257451138,"1020 152nd Pl SW Lynnwood, WA 98087","$175,000 - $199,999","$700,000 - $799,999",new,2026-10-01,true,0
Laura Arce,(718) 767-0338,+17187670338,"1016 152nd St Whitestone, NY 11357","$400,000 - $499,999","$800,000 - $899,999",new,2026-10-01,true,0
Chad Rigby,(801) 253-9960,+18012539960,"2843 W 15250 S Bluffdale, UT 84065","$300,000 - $399,999","$1,000,000+",new,2026-10-01,true,0
Gabriel Pace,(801) 451-6503,+18014516503,"260 S 1525 W Farmington, UT 84025","$400,000 - $499,999","$700,000 - $799,999",new,2026-10-01,true,0
Vince Strojan,(253) 804-9828,+12538049828,"37929 151st Ave SE Auburn, WA 98092","$400,000 - $499,999","$1,000,000+",new,2026-10-01,true,0
Danny Tacker,(303) 659-6522,+13036596522,"31088 E 151st Ave Brighton, CO 80603","$150,000 - $174,999","$800,000 - $899,999",new,2026-10-01,true,0
Brenda Kruse,(425) 788-9646,+14257889646,"28214 NE 151st St Duvall, WA 98019","$400,000 - $499,999","$900,000 - $999,999",new,2026-10-01,true,0
Craig Emerick,(425) 489-9891,+14254899891,"17827 151st Way NE Woodinville, WA 98072","$400,000 - $499,999","$1,000,000+",new,2026-10-01,true,0
Samuel Cappas,(219) 696-9881,+12196969881,"13605 W 151st Ave Cedar Lake, IN 46303","$400,000 - $499,999","$900,000 - $999,999",new,2026-10-01,true,0
Kelly Gust,(708) 403-8979,+17084038979,"11250 W 151st St Orland Park, IL 60467","$250,000 - $299,999","$1,000,000+",new,2026-10-01,true,0
James Ploegman,(425) 255-2433,+14252552433,"10722 151st Ave SE Renton, WA 98059","$100,000 - $124,999","$700,000 - $799,999",new,2026-10-01,true,0
Helen Eberhard,(360) 563-2317,+13605632317,"9822 151st Ave SE Snohomish, WA 98290","$300,000 - $399,999","$1,000,000+",new,2026-10-01,true,0
David Agy,(360) 568-2372,+13605682372,"9710 151st Ave SE Snohomish, WA 98290","$60,000 - $69,999","$800,000 - $899,999",new,2026-10-01,true,0
Radica Rosenkilde,(718) 297-7464,+17182977464,"8512 151st St Jamaica, NY 11432","$100,000 - $124,999","$700,000 - $799,999",new,2026-10-01,true,0
Carmen Wierman,(305) 235-7037,+13052357037,"8400 SW 151st St Village Of Palmetto Bay, FL 33158","$90,000 - $99,999","$800,000 - $899,999",new,2026-10-01,true,0
Gustavo Martinez,(305) 254-6640,+13052546640,"8360 SW 151st St Village Of Palmetto Bay, FL 33158","$300,000 - $399,999","$900,000 - $999,999",new,2026-10-01,true,0
Leonard Sandow,(305) 259-4341,+13052594341,"8260 SW 151st St Village Of Palmetto Bay, FL 33158","$100,000 - $124,999","$800,000 - $899,999",new,2026-10-01,true,0
Penny Freedman,(305) 255-5566,+13052555566,"8220 SW 151st St Village Of Palmetto Bay, FL 33158","$100,000 - $124,999","$800,000 - $899,999",new,2026-10-01,true,0
Caryl Johnson,(305) 233-8165,+13052338165,"8000 SW 151st St Village Of Palmetto Bay, FL 33158","$250,000 - $299,999","$900,000 - $999,999",new,2026-10-01,true,0
Stephen Bard,(425) 883-0332,+14258830332,"7521 151st Ave NE Redmond, WA 98052","$100,000 - $124,999","$1,000,000+",new,2026-10-01,true,0
Daniel Hixon,(305) 251-7397,+13052517397,"7201 SW 151st St Village Of Palmetto Bay, FL 33158","$300,000 - $399,999","$1,000,000+",new,2026-10-01,true,0
Nelly Lacayo,(786) 732-7024,+17867327024,"6973 SW 151st St Village Of Palmetto Bay, FL 33158","$300,000 - $399,999","$1,000,000+",new,2026-10-01,true,0
Anil Rupela,(425) 861-3475,+14258613475,"6709 151st Ave NE Redmond, WA 98052","$200,000 - $249,999","$1,000,000+",new,2026-10-01,true,0
John Schwartz,(425) 641-0744,+14256410744,"6306 151st Ave SE Bellevue, WA 98006","$300,000 - $399,999","$1,000,000+",new,2026-10-01,true,0
Gregg Chavez,(425) 316-8194,+14253168194,"5301 151st Pl SE Everett, WA 98208","$400,000 - $499,999","$700,000 - $799,999",new,2026-10-01,true,0
Alden Metcalf,(425) 746-1155,+14257461155,"5050 151st Ave SE Bellevue, WA 98006","$400,000 - $499,999","$1,000,000+",new,2026-10-01,true,0
Rosella Picado,(425) 614-0669,+14256140669,"4841 151st Pl SE Bellevue, WA 98006","$250,000 - $299,999","$1,000,000+",new,2026-10-01,true,0
Stuart Bender,(360) 573-5654,+13605735654,"4817 NW 151st St Vancouver, WA 98685","$300,000 - $399,999","$1,000,000+",new,2026-10-01,true,0
Makhdoom Khan,(515) 330-1113,+15153301113,"4615 151st St Urbandale, IA 50323","$300,000 - $399,999","$700,000 - $799,999",new,2026-10-01,true,0
Dennis Greer,(360) 573-7600,+13605737600,"4214 NW 151st St Vancouver, WA 98685","$200,000 - $249,999","$800,000 - $899,999",new,2026-10-01,true,0
Terry O'Connor,(360) 573-7344,+13605737344,"4213 NW 151st St Vancouver, WA 98685","$100,000 - $124,999","$900,000 - $999,999",new,2026-10-01,true,0
Daisy Quizon,(425) 357-0435,+14253570435,"4202 151st St SE Mill Creek, WA 98012","$90,000 - $99,999","$700,000 - $799,999",new,2026-10-01,true,0
Tuyen Nguyen,(954) 442-0742,+19544420742,"4165 SW 151st Ter Miramar, FL 33027","$100,000 - $124,999","$800,000 - $899,999",new,2026-10-01,true,0
Mario Canahuati,(954) 432-6153,+19544326153,"4065 SW 151st Ter Miramar, FL 33027","$400,000 - $499,999","$800,000 - $899,999",new,2026-10-01,true,0
Carol Bosshardt,(352) 332-5871,+13523325871,"3925 NW 151st Way Newberry, FL 32669","$400,000 - $499,999","$1,000,000+",new,2026-10-01,true,0
Darrel Aardahl,(425) 316-1961,+14253161961,"3002 151st Pl SE Mill Creek, WA 98012","$400,000 - $499,999","$900,000 - $999,999",new,2026-10-01,true,0
Rhoda Kyle,(303) 254-6867,+13032546867,"2997 E 151st Pl Thornton, CO 80602","$250,000 - $299,999","$700,000 - $799,999",new,2026-10-01,true,0
Philip Renner,(503) 690-6609,+15036906609,"2965 NW 151st Pl Beaverton, OR 97006","$150,000 - $174,999","$700,000 - $799,999",new,2026-10-01,true,0
Caroline Sanders,(206) 244-2446,+12062442446,"2685 SW 151st Pl Burien, WA 98166","$250,000 - $299,999","$1,000,000+",new,2026-10-01,true,0
Jonathan Tolton,(206) 444-0062,+12064440062,"2430 SW 151st St Burien, WA 98166","$300,000 - $399,999","$1,000,000+",new,2026-10-01,true,0
Alex Lin,(425) 316-8111,+14253168111,"1908 151st St SE Mill Creek, WA 98012","$400,000 - $499,999","$1,000,000+",new,2026-10-01,true,0
Jorge Gamboa,(425) 643-9265,+14256439265,"1412 151st Pl NE Bellevue, WA 98007","$200,000 - $249,999","$1,000,000+",new,2026-10-01,true,0
Nora Osman,(718) 274-7687,+17182747687,"1218 151st Pl Whitestone, NY 11357","$250,000 - $299,999","$700,000 - $799,999",new,2026-10-01,true,0
Konstantinos Skandalakis,(718) 204-7864,+17182047864,"904 151st Pl Whitestone, NY 11357","$250,000 - $299,999","$1,000,000+",new,2026-10-01,true,0
Daniel Welsh,(507) 528-2866,+15075282866,"64170 150th Ave Claremont, MN 55924","$400,000 - $499,999","$1,000,000+",new,2026-10-01,true,0
Steven Huper,(507) 553-5292,+15075535292,"58338 150th St Wells, MN 56097","$70,000 - $79,999","$1,000,000+",new,2026-10-01,true,0
William Daubendiek,(712) 786-2800,+17127862800,"45837 150th St Remsen, IA 51050","$250,000 - $299,999","$700,000 - $799,999",new,2026-10-01,true,0
Larry Tack,(218) 773-1033,+12187731033,"44930 150th St SW East Grand Forks, MN 56721","$50,000 - $59,999","$700,000 - $799,999",new,2026-10-01,true,0
James Todahl,(218) 945-6427,+12189456427,"42170 150th Ave SW Fertile, MN 56540","$50,000 - $59,999","$700,000 - $799,999",new,2026-10-01,true,0
Lori Wrolson,(320) 283-5928,+13202835928,"37568 150th St Farwell, MN 56327","$90,000 - $99,999","$1,000,000+",new,2026-10-01,true,0
Matthew Potter,(507) 833-8638,+15078338638,"36532 150th St Waseca, MN 56093","$200,000 - $249,999","$800,000 - $899,999",new,2026-10-01,true,0
Deborah Burham,(303) 637-0957,+13036370957,"30550 E 150th Ave Brighton, CO 80603","$300,000 - $399,999","$800,000 - $899,999",new,2026-10-01,true,0
Robert Moerke,(218) 747-2882,+12187472882,"30336 150th Ave Ashby, MN 56309","$70,000 - $79,999","$700,000 - $799,999",new,2026-10-01,true,0
James Thulin,(360) 893-4212,+13608934212,"25421 150th Ave E Graham, WA 98338","$400,000 - $499,999","$700,000 - $799,999",new,2026-10-01,true,0
Kevin Clark,(480) 895-9625,+14808959625,"23808 S 150th St Chandler, AZ 85249","$300,000 - $399,999","$900,000 - $999,999",new,2026-10-01,true,0
Kelly Boyd,(425) 788-9747,+14257889747,"22726 NE 150th St Woodinville, WA 98077","$250,000 - $299,999","$1,000,000+",new,2026-10-01,true,0
Anthony Ubl,(507) 359-9717,+15073599717,"16323 150th Ave New Ulm, MN 56073","$80,000 - $89,999","$900,000 - $999,999",new,2026-10-01,true,0
Aden Larson,(360) 944-5482,+13609445482,"16200 NE 150th Pl Brush Prairie, WA 98606","$150,000 - $174,999","$800,000 - $899,999",new,2026-10-01,true,0
Flora Bofill,(305) 232-3673,+13052323673,"15425 SW 150th St Miami, FL 33196","$80,000 - $89,999","$700,000 - $799,999",new,2026-10-01,true,0
Ronald Molitor,(320) 764-6605,+13207646605,"15234 150th St Watkins, MN 55389","$200,000 - $249,999","$700,000 - $799,999",new,2026-10-01,true,0
John Hedrick,(503) 590-6705,+15035906705,"14225 SW 150th Ave Tigard, OR 97224","$70,000 - $79,999","$1,000,000+",new,2026-10-01,true,0
Stacy Giacopelli,(561) 575-2338,+15615752338,"13636 150th Ct N Jupiter, FL 33478","$400,000 - $499,999","$800,000 - $899,999",new,2026-10-01,true,0
Thomas Finnel,(561) 746-1943,+15617461943,"13312 150th Ct N Jupiter, FL 33478","$300,000 - $399,999","$800,000 - $899,999",new,2026-10-01,true,0
Martin Mroczek,(561) 744-4775,+15617444775,"13106 150th Ct N Jupiter, FL 33478","$300,000 - $399,999","$800,000 - $899,999",new,2026-10-01,true,0
Ken Ramjeet,(718) 835-2660,+17188352660,"12608 150th Ave South Ozone Park, NY 11420","$100,000 - $124,999","$800,000 - $899,999",new,2026-10-01,true,0
James Lombardo,(651) 433-4432,+16514334432,"12540 150th St N Marine On Saint Croix, MN 55047","$300,000 - $399,999","$1,000,000+",new,2026-10-01,true,0
John Walkup,(218) 739-2580,+12187392580,"11301 150th Ave Campbell, MN 56522","$90,000 - $99,999","$1,000,000+",new,2026-10-01,true,0
Ronnie Rivetts,(320) 632-5500,+13206325500,"11226 150th Ave Little Falls, MN 56345","$250,000 - $299,999","$800,000 - $899,999",new,2026-10-01,true,0
Don Allen,(303) 659-4892,+13036594892,"10103 E 150th Ave Brighton, CO 80602","$400,000 - $499,999","$900,000 - $999,999",new,2026-10-01,true,0
Andre Damiano,(561) 743-3469,+15617433469,"9955 150th Ct N Jupiter, FL 33478","$300,000 - $399,999","$900,000 - $999,999",new,2026-10-01,true,0
Kenneth Conley,(360) 668-6080,+13606686080,"9513 150th St SE Snohomish, WA 98296","$400,000 - $499,999","$1,000,000+",new,2026-10-01,true,0
Alberto Li,(305) 233-1354,+13052331354,"9401 SW 150th St Miami, FL 33176","$400,000 - $499,999","$800,000 - $899,999",new,2026-10-01,true,0
Yamile Hodgins,(305) 969-3393,+13059693393,"9351 SW 150th St Miami, FL 33176","$250,000 - $299,999","$700,000 - $799,999",new,2026-10-01,true,0
Aaron Krieger,(305) 251-6299,+13052516299,"8825 SW 150th St Village Of Palmetto Bay, FL 33176","$100,000 - $124,999","$800,000 - $899,999",new,2026-10-01,true,0
Anthony Mcinerney,(786) 250-3812,+17862503812,"8805 SW 150th St Village Of Palmetto Bay, FL 33176","$100,000 - $124,999","$800,000 - $899,999",new,2026-10-01,true,0
Lorenzo Cosio,(305) 254-7775,+13052547775,"8705 SW 150th Ter Village Of Palmetto Bay, FL 33176","$300,000 - $399,999","$800,000 - $899,999",new,2026-10-01,true,0
Peter Kayworth,(305) 969-6937,+13059696937,"8541 SW 150th Ter Village Of Palmetto Bay, FL 33158","$250,000 - $299,999","$800,000 - $899,999",new,2026-10-01,true,0
Jose Goncalves,(718) 297-8013,+17182978013,"8455 150th St Jamaica, NY 11435","$100,000 - $124,999","$800,000 - $899,999",new,2026-10-01,true,0
Bonnie Good,(425) 488-6713,+14254886713,"8149 NE 150th St Kenmore, WA 98028","$90,000 - $99,999","$800,000 - $899,999",new,2026-10-01,true,0
Sandra Sturgis,(360) 668-0504,+13606680504,"7922 150th St SE Snohomish, WA 98296","$250,000 - $299,999","$1,000,000+",new,2026-10-01,true,0
Zach Werner,(651) 437-6192,+16514376192,"7158 150th St E Hastings, MN 55033","$400,000 - $499,999","$900,000 - $999,999",new,2026-10-01,true,0
Ronald Gibson,(561) 406-5389,+15614065389,"7128 150th Ct N West Palm Beach, FL 33418","$100,000 - $124,999","$800,000 - $899,999",new,2026-10-01,true,0
Terry Gowen,(425) 385-8084,+14253858084,"7012 150th Pl SE Snohomish, WA 98296","$400,000 - $499,999","$800,000 - $899,999",new,2026-10-01,true,0
Charles Beckmeier,(425) 883-4575,+14258834575,"6306 150th Ave NE Redmond, WA 98052","$60,000 - $69,999","$1,000,000+",new,2026-10-01,true,0
Yvonne Vowell,(425) 743-1776,+14257431776,"5921 150th Pl SW Edmonds, WA 98026","$100,000 - $124,999","$700,000 - $799,999",new,2026-10-01,true,0
Trevor Holsinger,(913) 685-3962,+19136853962,"5650 W 150th St Overland Park, KS 66223","$300,000 - $399,999","$900,000 - $999,999",new,2026-10-01,true,0
Bradley Harrington,(425) 337-0235,+14253370235,"5622 150th St SE Everett, WA 98208","$175,000 - $199,999","$700,000 - $799,999",new,2026-10-01,true,0
David Wilkins,(806) 687-8952,+18066878952,"5504 150th St Lubbock, TX 79424","$150,000 - $174,999","$700,000 - $799,999",new,2026-10-01,true,0
Deborah Brown,(806) 687-8994,+18066878994,"5503 150th St Lubbock, TX 79424","$175,000 - $199,999","$700,000 - $799,999",new,2026-10-01,true,0
Laurie Delzotto,(352) 840-0185,+13528400185,"4950 NW 150th Ave Morriston, FL 32668","Under $20,000","$1,000,000+",new,2026-10-01,true,0
Jana Nishi,(425) 644-3024,+14256443024,"4703 150th Pl SE Bellevue, WA 98006","$200,000 - $249,999","$1,000,000+",new,2026-10-01,true,0
Yuth Ngeth,(206) 248-0575,+12062480575,"4416 S 150th St Tukwila, WA 98188","$90,000 - $99,999","$700,000 - $799,999",new,2026-10-01,true,0
Renness Lonning,(515) 367-7852,+15153677852,"3990 NE 150th Ave Cambridge, IA 50046","$300,000 - $399,999","$700,000 - $799,999",new,2026-10-01,true,0
Nancy Ranich,(219) 696-6895,+12196966895,"3840 W 150th Ct Crown Point, IN 46307","$400,000 - $499,999","$800,000 - $899,999",new,2026-10-01,true,0
Jeffrey Bradbury,(303) 465-4461,+13034654461,"3510 W 150th Ct Broomfield, CO 80023","$400,000 - $499,999","$1,000,000+",new,2026-10-01,true,0
Laurel Salem,(515) 216-1184,+15152161184,"3404 150th St Urbandale, IA 50323","$400,000 - $499,999","$800,000 - $899,999",new,2026-10-01,true,0
Lata Mulchandani,(718) 359-7776,+17183597776,"3338 150th Pl Flushing, NY 11354","$50,000 - $59,999","$1,000,000+",new,2026-10-01,true,0
Christine Astrinidis,(718) 939-9589,+17189399589,"3336 150th St Flushing, NY 11354","$100,000 - $124,999","$1,000,000+",new,2026-10-01,true,0
Nirmala Brand,(718) 762-7092,+17187627092,"3325 150th Pl Flushing, NY 11354","$70,000 - $79,999","$1,000,000+",new,2026-10-01,true,0
David Fishell,(303) 439-9261,+13034399261,"3324 W 150th Ct Broomfield, CO 80023","$300,000 - $399,999","$1,000,000+",new,2026-10-01,true,0
Derek Mohr,(515) 987-3122,+15159873122,"3202 150th St Urbandale, IA 50323","$250,000 - $299,999","$700,000 - $799,999",new,2026-10-01,true,0
Daniel Hartzer,(515) 367-4845,+15153674845,"3109 NE 150th Ave Cambridge, IA 50046","$250,000 - $299,999","$800,000 - $899,999",new,2026-10-01,true,0
Gerry Wiese,(718) 539-4544,+17185394544,"3022 150th Pl Flushing, NY 11354","$50,000 - $59,999","$1,000,000+",new,2026-10-01,true,0
Jude Cozzolino,(718) 539-9588,+17185399588,"2620 150th St Flushing, NY 11354","$100,000 - $124,999","$900,000 - $999,999",new,2026-10-01,true,0
William Karkow,(563) 927-4842,+15639274842,"2582 150th Ave Manchester, IA 52057","$250,000 - $299,999","$1,000,000+",new,2026-10-01,true,0
Leonardo Mariani,(718) 961-7567,+17189617567,"2546 150th St Flushing, NY 11354","$90,000 - $99,999","$800,000 - $899,999",new,2026-10-01,true,0
Patrick Doherty,(425) 745-9024,+14257459024,"2529 150th Pl SW Lynnwood, WA 98087","$400,000 - $499,999","$700,000 - $799,999",new,2026-10-01,true,0
Anita Bacchia,(718) 463-3881,+17184633881,"2431 150th St Whitestone, NY 11357","$50,000 - $59,999","$1,000,000+",new,2026-10-01,true,0
Francina Santiago,(347) 506-0075,+13475060075,"2310 150th St Whitestone, NY 11357","$70,000 - $79,999","$1,000,000+",new,2026-10-01,true,0
Theresa Zazzi,(718) 353-0794,+17183530794,"2208 150th St Whitestone, NY 11357","$60,000 - $69,999","$1,000,000+",new,2026-10-01,true,0
Debra Plant,(303) 404-9861,+13034049861,"1990 W 150th Ave Broomfield, CO 80023","$300,000 - $399,999","$800,000 - $899,999",new,2026-10-01,true,0
Steven Gerend,(425) 747-4018,+14257474018,"1848 150th Ave SE Bellevue, WA 98007","$300,000 - $399,999","$900,000 - $999,999",new,2026-10-01,true,0
Elden Lei,(310) 538-9168,+13105389168,"1721 W 150th St Apt C Gardena, CA 90247","$250,000 - $299,999","$700,000 - $799,999",new,2026-10-01,true,0
Marie Verge,(718) 767-4089,+17187674089,"1567 150th Pl Whitestone, NY 11357","$20,000 - $29,999","$1,000,000+",new,2026-10-01,true,0
Simoni Shirland,(425) 643-8216,+14256438216,"1551 150th Ave NE Bellevue, WA 98007","$60,000 - $69,999","$1,000,000+",new,2026-10-01,true,0
Patrick Siano,(718) 357-4275,+17183574275,"1549 150th Pl Whitestone, NY 11357","$100,000 - $124,999","$800,000 - $899,999",new,2026-10-01,true,0
Eugene Daigle,(303) 452-2232,+13034522232,"1457 W 150th Pl Broomfield, CO 80023","$90,000 - $99,999","$1,000,000+",new,2026-10-01,true,0
William Storoe,(352) 332-9709,+13523329709,"1206 NW 150th Dr Newberry, FL 32669","$400,000 - $499,999","$900,000 - $999,999",new,2026-10-01,true,0
Stelios Banagos,(347) 732-9254,+13477329254,"1010 150th St Whitestone, NY 11357","$100,000 - $124,999","$1,000,000+",new,2026-10-01,true,0
Michael Andreou,(718) 767-0375,+17187670375,"1001 150th St Whitestone, NY 11357","$100,000 - $124,999","$1,000,000+",new,2026-10-01,true,0
Brien Dickey,(206) 363-1593,+12063631593,"716 N 150th St Shoreline, WA 98133","$80,000 - $89,999","$700,000 - $799,999",new,2026-10-01,true,0
Sonya Martelli,(718) 767-7041,+17187677041,"624 150th Pl Whitestone, NY 11357","$400,000 - $499,999","$1,000,000+",new,2026-10-01,true,0
Joseph Mullens,(718) 767-2930,+17187672930,"621 150th St Whitestone, NY 11357","$300,000 - $399,999","$1,000,000+",new,2026-10-01,true,0
Kathleen Schmitt,(715) 247-5706,+17152475706,"616 150th Ave Somerset, WI 54025","$400,000 - $499,999","$900,000 - $999,999",new,2026-10-01,true,0
Richard Seeto,(718) 767-4353,+17187674353,"615 150th Pl Whitestone, NY 11357","$200,000 - $249,999","$1,000,000+",new,2026-10-01,true,0
Simion Popa,(718) 357-3982,+17183573982,"607 150th Pl Whitestone, NY 11357","$175,000 - $199,999","$800,000 - $899,999",new,2026-10-01,true,0
Zahid Cheema,(405) 775-0239,+14057750239,"425 NW 150th Ct Edmond, OK 73013","$400,000 - $499,999","$800,000 - $899,999",new,2026-10-01,true,0
Yasmin Salama,(718) 357-2942,+17183572942,"354 150th St Whitestone, NY 11357","$400,000 - $499,999","$1,000,000+",new,2026-10-01,true,0
Eliahu Semo,(718) 357-4757,+17183574757,"210 150th St Whitestone, NY 11357","$60,000 - $69,999","$1,000,000+",new,2026-10-01,true,0
Carolyn Mclachlan,(305) 944-1619,+13059441619,"200 NE 150th St Miami, FL 33161","$70,000 - $79,999","$700,000 - $799,999",new,2026-10-01,true,0
Glen Lovendahl,(801) 254-1464,+18012541464,"2536 W 15000 S Bluffdale, UT 84065","$150,000 - $174,999","$700,000 - $799,999",new,2026-10-01,true,0
Max Dufford,(801) 583-5897,+18015835897,"1145 S 1500 E Salt Lake City, UT 84105","$400,000 - $499,999","$800,000 - $899,999",new,2026-10-01,true,0
Coleen Wolters,(801) 582-4108,+18015824108,"1136 S 1500 E Salt Lake City, UT 84105","$300,000 - $399,999","$1,000,000+",new,2026-10-01,true,0
Thomas Bonacci,(801) 583-3449,+18015833449,"1024 S 1500 E Salt Lake City, UT 84105","$200,000 - $249,999","$800,000 - $899,999",new,2026-10-01,true,0
David Rohovit,(801) 582-7171,+18015827171,"1017 S 1500 E Salt Lake City, UT 84105","$300,000 - $399,999","$800,000 - $899,999",new,2026-10-01,true,0
William Davis,(432) 524-3325,+14325243325,"776 NE 1500 Andrews, TX 79714","$40,000 - $49,999","$700,000 - $799,999",new,2026-10-01,true,0
Robert Rowland,(435) 674-7248,+14356747248,"1038 W 150 North Cir Saint George, UT 84770","$90,000 - $99,999","$700,000 - $799,999",new,2026-10-01,true,0
Boyd Fife,(801) 782-3155,+18017823155,"1291 N 150 W Harrisville, UT 84404","$90,000 - $99,999","$800,000 - $899,999",new,2026-10-01,true,0
Michelle Singleton,(801) 782-4321,+18017824321,"1288 N 150 W Harrisville, UT 84404","$175,000 - $199,999","$700,000 - $799,999",new,2026-10-01,true,0
Gary Saunders,(801) 782-9756,+18017829756,"1274 N 150 W Harrisville, UT 84404","$175,000 - $199,999","$700,000 - $799,999",new,2026-10-01,true,0
Alan Clark,(801) 544-7935,+18015447935,"1042 W 150 S Kaysville, UT 84037","$150,000 - $174,999","$700,000 - $799,999",new,2026-10-01,true,0
James Soria,(435) 272-2539,+14352722539,"901 W 150 S Virgin, UT 84779","$200,000 - $249,999","$800,000 - $899,999",new,2026-10-01,true,0
Stephanie Mecham,(801) 829-3431,+18018293431,"607 W 150 N Morgan, UT 84050","$400,000 - $499,999","$1,000,000+",new,2026-10-01,true,0
Bret Romrell,(801) 294-7986,+18012947986,"443 S 150 W Centerville, UT 84014","$250,000 - $299,999","$700,000 - $799,999",new,2026-10-01,true,0
Joe Houston,(435) 644-5427,+14356445427,"227 N 150 E Kanab, UT 84741","$100,000 - $124,999","$700,000 - $799,999",new,2026-10-01,true,0
Joseph Hertel,(503) 288-3736,+15032883736,"1832 NE 15 Ave Portland, OR 97212","$300,000 - $399,999","$700,000 - $799,999",new,2026-10-01,true,0
Judith Bullington,(954) 946-1664,+19549461664,"2880 NE 14th Street Cswy # 904 Pompano Beach, FL 33062","$60,000 - $69,999","$700,000 - $799,999",new,2026-10-01,true,0
Teryl Mcknight,(435) 986-8278,+14359868278,"5388 N 1530 W Saint George, UT 84770","$400,000 - $499,999","$800,000 - $899,999",new,2026-10-01,true,0
P Silva,(808) 689-7614,+18086897614,"91 153b Ewa Beach Rd Ewa Beach, HI 96706","$80,000 - $89,999","$800,000 - $899,999",new,2026-10-01,true,0
Jose Martinez,(786) 464-9112,+17864649112,"554 NW 153rd St Miami, FL 33169","$50,000 - $59,999","$700,000 - $799,999",new,2026-10-01,true,0
Akira Yoshida,(310) 756-6165,+13107566165,"1464 W 153rd St Gardena, CA 90247","$20,000 - $29,999","$1,000,000+",new,2026-10-01,true,0
Pauline Scelfo,(718) 359-3843,+17183593843,"3407 153rd St Flushing, NY 11354","$30,000 - $39,999","$800,000 - $899,999",new,2026-10-01,true,0
Cheryl Jonker,(425) 335-0491,+14253350491,"3427 153rd Ave SE Snohomish, WA 98290","$175,000 - $199,999","$700,000 - $799,999",new,2026-10-01,true,0
Nevada Hamaker,(425) 379-8411,+14253798411,"3828 153rd Pl SE Bothell, WA 98012","$150,000 - $174,999","$700,000 - $799,999",new,2026-10-01,true,0
Robin Callender,(425) 747-4439,+14257474439,"3962 153rd Ave SE Bellevue, WA 98006","$200,000 - $249,999","$1,000,000+",new,2026-10-01,true,0
Douglas Ahrens,(425) 747-4979,+14257474979,"4653 153rd Ave SE Bellevue, WA 98006","$400,000 - $499,999","$1,000,000+",new,2026-10-01,true,0
Charles Van Devander,(515) 300-3295,+15153003295,"4705 153rd Ct Urbandale, IA 50323","$300,000 - $399,999","$1,000,000+",new,2026-10-01,true,0
Alec Wong,(425) 643-0834,+14256430834,"4726 153rd Ave SE Bellevue, WA 98006","$400,000 - $499,999","$1,000,000+",new,2026-10-01,true,0
Mark Davis,(954) 443-2289,+19544432289,"5323 SW 153rd Ave Miramar, FL 33027","$250,000 - $299,999","$700,000 - $799,999",new,2026-10-01,true,0
Kevin Macwilliams,(425) 745-9871,+14257459871,"5503 153rd St SW Edmonds, WA 98026","$100,000 - $124,999","$700,000 - $799,999",new,2026-10-01,true,0
Lo Sun,(425) 743-1688,+14257431688,"5809 153rd Pl SW Edmonds, WA 98026","$200,000 - $249,999","$1,000,000+",new,2026-10-01,true,0
Orit Kletter,(425) 702-0396,+14257020396,"7102 153rd Ave NE Redmond, WA 98052","$200,000 - $249,999","$1,000,000+",new,2026-10-01,true,0
Steven Vanpatten,(425) 867-1715,+14258671715,"7431 153rd Ct NE Redmond, WA 98052","$80,000 - $89,999","$1,000,000+",new,2026-10-01,true,0
David Osgood,(303) 655-0220,+13036550220,"9507 E 153rd Ave Brighton, CO 80602","$250,000 - $299,999","$900,000 - $999,999",new,2026-10-01,true,0
Jodie Bemrose,(503) 521-1579,+15035211579,"9725 SW 153rd Ave Beaverton, OR 97007","$150,000 - $174,999","$700,000 - $799,999",new,2026-10-01,true,0
Greg Jennings,(913) 402-8086,+19134028086,"10305 W 153rd St Overland Park, KS 66221","$300,000 - $399,999","$700,000 - $799,999",new,2026-10-01,true,0
Gordon Hale,(503) 579-5888,+15035795888,"10765 SW 153rd Pl Beaverton, OR 97007","$80,000 - $89,999","$700,000 - $799,999",new,2026-10-01,true,0
Dale Sena,(303) 659-1857,+13036591857,"11100 E 153rd Dr Brighton, CO 80602","$200,000 - $249,999","$900,000 - $999,999",new,2026-10-01,true,0
Benita Sherman,(718) 322-7606,+17183227606,"11936 153rd St Jamaica, NY 11434","$60,000 - $69,999","$700,000 - $799,999",new,2026-10-01,true,0
Veronica Goss,(718) 848-0169,+17188480169,"12006 153rd St Jamaica, NY 11434","$60,000 - $69,999","$700,000 - $799,999",new,2026-10-01,true,0
Kimberly Cobb,(561) 746-9317,+15617469317,"12257 153rd Ct N Jupiter, FL 33478","$400,000 - $499,999","$700,000 - $799,999",new,2026-10-01,true,0
Maria Vidal,(305) 378-9370,+13053789370,"15139 SW 153rd Ct Miami, FL 33196","$400,000 - $499,999","$800,000 - $899,999",new,2026-10-01,true,0
Berntena Rumph,(305) 252-4025,+13052524025,"16504 SW 153rd Ct Miami, FL 33187","$60,000 - $69,999","$700,000 - $799,999",new,2026-10-01,true,0
Dina Olsen,(305) 247-1089,+13052471089,"23400 SW 153rd Ave Homestead, FL 33032","$40,000 - $49,999","$800,000 - $899,999",new,2026-10-01,true,0
Jorge Ruiz,(305) 245-7955,+13052457955,"25105 SW 153rd Ave Homestead, FL 33032","$70,000 - $79,999","$800,000 - $899,999",new,2026-10-01,true,0
Darby Savery,(253) 630-2455,+12536302455,"25205 153rd Ave SE Covington, WA 98042","$250,000 - $299,999","$1,000,000+",new,2026-10-01,true,0
David Telschow,(952) 226-5565,+19522265565,"8515 153rd Bay Savage, MN 55378","$200,000 - $249,999","$700,000 - $799,999",new,2026-10-01,true,0
Anita Allen,(360) 652-5731,+13606525731,"1214 154th St NW Marysville, WA 98271","$300,000 - $399,999","$700,000 - $799,999",new,2026-10-01,true,0
John Mucera,(718) 767-5374,+17187675374,"1410 154th St Whitestone, NY 11357","$80,000 - $89,999","$1,000,000+",new,2026-10-01,true,0
Paul Dellova,(347) 506-0457,+13475060457,"1419 154th St Whitestone, NY 11357","$200,000 - $249,999","$900,000 - $999,999",new,2026-10-01,true,0
Carlos Bonilla,(954) 436-6874,+19544366874,"1888 SW 154th Ave Miramar, FL 33027","$400,000 - $499,999","$700,000 - $799,999",new,2026-10-01,true,0
Joann Johnston,(303) 450-8226,+13034508226,"2041 W 154th Pl Broomfield, CO 80023","$400,000 - $499,999","$1,000,000+",new,2026-10-01,true,0
David Rawson,(503) 372-6025,+15033726025,"2325 NW 154th Pl Beaverton, OR 97006","$60,000 - $69,999","$700,000 - $799,999",new,2026-10-01,true,0
Nicholas Catechis,(718) 358-6647,+17183586647,"2438 154th St Flushing, NY 11357","$100,000 - $124,999","$700,000 - $799,999",new,2026-10-01,true,0
Edward Sniadecki,(718) 321-0752,+17183210752,"2448 154th St Whitestone, NY 11357","$300,000 - $399,999","$700,000 - $799,999",new,2026-10-01,true,0
Dawn Shevlin,(954) 474-9472,+19544749472,"2600 SW 154th Ln Davie, FL 33331","$200,000 - $249,999","$1,000,000+",new,2026-10-01,true,0
Francesca Hammer,(718) 460-3731,+17184603731,"3011 154th St Flushing, NY 11354","$250,000 - $299,999","$1,000,000+",new,2026-10-01,true,0
William Head,(913) 681-1034,+19136811034,"3100 W 154th St Overland Park, KS 66224","$250,000 - $299,999","$900,000 - $999,999",new,2026-10-01,true,0
Scott Franklin,(515) 207-1545,+15152071545,"3202 154th St Urbandale, IA 50323","$500,000 Plus","$1,000,000+",new,2026-10-01,true,0
Srecka Grando,(718) 762-1372,+17187621372,"3211 154th St Flushing, NY 11354","$30,000 - $39,999","$1,000,000+",new,2026-10-01,true,0
Tommy Chang,(718) 939-4765,+17189394765,"3334 154th St Flushing, NY 11354","$80,000 - $89,999","$1,000,000+",new,2026-10-01,true,0
Owen Chen,(718) 359-4251,+17183594251,"3344 154th St Flushing, NY 11354","$70,000 - $79,999","$1,000,000+",new,2026-10-01,true,0
Johnny Mosser,(806) 863-2454,+18068632454,"3713 154th St Lubbock, TX 79423","$400,000 - $499,999","$900,000 - $999,999",new,2026-10-01,true,0
Mark Burke,(425) 649-9882,+14256499882,"4643 154th Pl SE Bellevue, WA 98006","$400,000 - $499,999","$1,000,000+",new,2026-10-01,true,0
Marsha Wilkes,(806) 863-4129,+18068634129,"5328 154th Pl Lubbock, TX 79424","$300,000 - $399,999","$700,000 - $799,999",new,2026-10-01,true,0
Nelly Pamonag,(425) 741-9303,+14257419303,"5713 154th Pl SW Edmonds, WA 98026","$300,000 - $399,999","$700,000 - $799,999",new,2026-10-01,true,0
William Slater,(561) 741-1633,+15617411633,"6920 154th Ct N Palm Beach Gardens, FL 33418","$250,000 - $299,999","$900,000 - $999,999",new,2026-10-01,true,0
Lisa West,(952) 440-7206,+19524407206,"7171 154th St W Prior Lake, MN 55372","$300,000 - $399,999","$900,000 - $999,999",new,2026-10-01,true,0
Neal Lewis,(305) 238-2632,+13052382632,"7370 SW 154th Ter Village Of Palmetto Bay, FL 33157","$250,000 - $299,999","$1,000,000+",new,2026-10-01,true,0
Jack Woodard,(305) 378-9993,+13053789993,"7395 SW 154th Ter Village Of Palmetto Bay, FL 33157","$250,000 - $299,999","$1,000,000+",new,2026-10-01,true,0
Loly Roiz,(305) 233-5885,+13052335885,"7520 SW 154th Ter Village Of Palmetto Bay, FL 33157","$100,000 - $124,999","$1,000,000+",new,2026-10-01,true,0
Gary Bradshaw,(561) 575-9451,+15615759451,"7548 154th Ct N West Palm Beach, FL 33418","$175,000 - $199,999","$700,000 - $799,999",new,2026-10-01,true,0
Gilles Degreling,(561) 746-1493,+15617461493,"7759 154th Ct N West Palm Beach, FL 33418","$400,000 - $499,999","$800,000 - $899,999",new,2026-10-01,true,0
Richard Smith,(561) 972-7784,+15619727784,"7885 154th Ct N West Palm Beach, FL 33418","$300,000 - $399,999","$900,000 - $999,999",new,2026-10-01,true,0
Michael Mc Glannan,(305) 232-0270,+13052320270,"7910 SW 154th Ter Village Of Palmetto Bay, FL 33157","$100,000 - $124,999","$800,000 - $899,999",new,2026-10-01,true,0
Luz Correa,(718) 969-3289,+17189693289,"7911 154th St Flushing, NY 11367","$100,000 - $124,999","$800,000 - $899,999",new,2026-10-01,true,0
Mildred Deiulio,(718) 380-0602,+17183800602,"7912 154th St Flushing, NY 11367","$100,000 - $124,999","$700,000 - $799,999",new,2026-10-01,true,0
William Lopez,(305) 964-5734,+13059645734,"7920 SW 154th Ter Village Of Palmetto Bay, FL 33157","$150,000 - $174,999","$900,000 - $999,999",new,2026-10-01,true,0
Monica Rommel,(952) 226-4658,+19522264658,"8648 W 154th St Savage, MN 55378","$300,000 - $399,999","$1,000,000+",new,2026-10-01,true,0
Jose Basagoitia,(305) 255-2160,+13052552160,"8870 SW 154th Ter Village Of Palmetto Bay, FL 33157","$400,000 - $499,999","$800,000 - $899,999",new,2026-10-01,true,0
Gowri Purighalla,(309) 795-1087,+13097951087,"9500 154th St W Taylor Ridge, IL 61284","$150,000 - $174,999","$700,000 - $799,999",new,2026-10-01,true,0
Charles Eno,(561) 748-7197,+15617487197,"10065 154th Rd N Jupiter, FL 33478","$250,000 - $299,999","$700,000 - $799,999",new,2026-10-01,true,0
James Walsh,(561) 746-4190,+15617464190,"11891 154th Rd N Jupiter, FL 33478","$150,000 - $174,999","$700,000 - $799,999",new,2026-10-01,true,0
Steven Miklos,(561) 747-1123,+15617471123,"12557 154th Rd N Jupiter, FL 33478","$300,000 - $399,999","$1,000,000+",new,2026-10-01,true,0
David Tally,(480) 963-4864,+14809634864,"13905 S 154th St Gilbert, AZ 85296","$300,000 - $399,999","$700,000 - $799,999",new,2026-10-01,true,0
Tammle Swan,(219) 690-0943,+12196900943,"14185 W 154th Pl Cedar Lake, IN 46303","$300,000 - $399,999","$700,000 - $799,999",new,2026-10-01,true,0
Beverly Cruise,(386) 418-0066,+13864180066,"14606 NW 154th Ter Alachua, FL 32615","$175,000 - $199,999","$700,000 - $799,999",new,2026-10-01,true,0
Michelle Meyer,(425) 255-2391,+14252552391,"14840 154th Pl SE Renton, WA 98058","$50,000 - $59,999","$700,000 - $799,999",new,2026-10-01,true,0
Melissa Holmes,(425) 483-2721,+14254832721,"15131 NE 154th St Woodinville, WA 98072","$400,000 - $499,999","$1,000,000+",new,2026-10-01,true,0
Heather Rutledge,(425) 235-4995,+14252354995,"18200 154th Pl SE Renton, WA 98058","$175,000 - $199,999","$700,000 - $799,999",new,2026-10-01,true,0
Nelly Espinel,(305) 238-9998,+13052389998,"18201 SW 154th St Miami, FL 33187","$90,000 - $99,999","$1,000,000+",new,2026-10-01,true,0
Tony Forte,(305) 255-9008,+13052559008,"18377 SW 154th St Miami, FL 33187","$100,000 - $124,999","$1,000,000+",new,2026-10-01,true,0
John Strickland,(386) 454-5175,+13864545175,"21546 NW 154th Pl High Springs, FL 32643","$50,000 - $59,999","$700,000 - $799,999",new,2026-10-01,true,0
David Typinski,(386) 201-0157,+13862010157,"21762 NW 154th Pl High Springs, FL 32643","$300,000 - $399,999","$700,000 - $799,999",new,2026-10-01,true,0
Glendon Blau,(480) 895-6763,+14808956763,"25828 S 154th St Gilbert, AZ 85298","$250,000 - $299,999","$900,000 - $999,999",new,2026-10-01,true,0
Susan Kenfield,(425) 391-5862,+14253915862,"26068 SE 154th St Issaquah, WA 98027","$300,000 - $399,999","$800,000 - $899,999",new,2026-10-01,true,0
David Less,(425) 391-8227,+14253918227,"26921 SE 154th Pl Issaquah, WA 98027","$300,000 - $399,999","$700,000 - $799,999",new,2026-10-01,true,0
Merlin Mcintire,(425) 392-2906,+14253922906,"27027 SE 154th Pl Issaquah, WA 98027","$300,000 - $399,999","$1,000,000+",new,2026-10-01,true,0
Brett Gehmlich,(801) 299-0740,+18012990740,"229 S 1550 E Bountiful, UT 84010","$400,000 - $499,999","$900,000 - $999,999",new,2026-10-01,true,0
Thang Nguyen,(425) 957-4581,+14259574581,"473 155th Ave SE Bellevue, WA 98007","$80,000 - $89,999","$1,000,000+",new,2026-10-01,true,0
Suzanne Clark,(425) 643-9716,+14256439716,"476 155th Ave SE Bellevue, WA 98007","$250,000 - $299,999","$1,000,000+",new,2026-10-01,true,0
Montserrat Rodriguez,(954) 589-5975,+19545895975,"649 NW 155th Ter Pembroke Pines, FL 33028","$150,000 - $174,999","$700,000 - $799,999",new,2026-10-01,true,0
Teri Connolly,(309) 787-9626,+13097879626,"1116 155th Ave W Milan, IL 61264","$400,000 - $499,999","$1,000,000+",new,2026-10-01,true,0
Cathy Conway,(319) 646-3777,+13196463777,"1281 155th St Wellman, IA 52356","$50,000 - $59,999","$700,000 - $799,999",new,2026-10-01,true,0
Bradd Schwartz,(405) 340-7750,+14053407750,"1300 NW 155th Ter Edmond, OK 73013","$400,000 - $499,999","$800,000 - $899,999",new,2026-10-01,true,0
Linda Dabate,(718) 767-2324,+17187672324,"1414 155th St Whitestone, NY 11357","$30,000 - $39,999","$900,000 - $999,999",new,2026-10-01,true,0
Richard Schiano,(718) 767-2528,+17187672528,"1419 155th St Whitestone, NY 11357","$50,000 - $59,999","$800,000 - $899,999",new,2026-10-01,true,0
Raoul Camus,(718) 767-9684,+17187679684,"1434 155th St Whitestone, NY 11357","$60,000 - $69,999","$1,000,000+",new,2026-10-01,true,0
Paul Pluchino,(718) 767-7599,+17187677599,"1454 155th St Whitestone, NY 11357","$30,000 - $39,999","$1,000,000+",new,2026-10-01,true,0
Alexander Zedlovich,(718) 767-7057,+17187677057,"1455 155th St Whitestone, NY 11357","$30,000 - $39,999","$800,000 - $899,999",new,2026-10-01,true,0
Dora Somma,(954) 370-9367,+19543709367,"1690 SW 155th Ave Weston, FL 33326","$400,000 - $499,999","$1,000,000+",new,2026-10-01,true,0
Carlos Gomez,(954) 430-7557,+19544307557,"1839 SW 155th Ave Miramar, FL 33027","$400,000 - $499,999","$700,000 - $799,999",new,2026-10-01,true,0
Eddie Berry,(253) 857-2377,+12538572377,"2718 155th St NW Gig Harbor, WA 98332","$80,000 - $89,999","$800,000 - $899,999",new,2026-10-01,true,0
Roberta Liss,(954) 474-6451,+19544746451,"2981 SW 155th Ln Davie, FL 33331","$100,000 - $124,999","$700,000 - $799,999",new,2026-10-01,true,0
Xuyen Pham,(503) 257-7321,+15032577321,"3138 NE 155th Ave Portland, OR 97230","$80,000 - $89,999","$900,000 - $999,999",new,2026-10-01,true,0
Ider Jeng,(718) 461-7283,+17184617283,"3217 155th St Flushing, NY 11354","$90,000 - $99,999","$900,000 - $999,999",new,2026-10-01,true,0
Russ Peltzman,(718) 445-8160,+17184458160,"3314 155th St Flushing, NY 11354","$100,000 - $124,999","$900,000 - $999,999",new,2026-10-01,true,0
Leo Seto,(718) 321-2515,+17183212515,"3322 155th St Flushing, NY 11354","$200,000 - $249,999","$900,000 - $999,999",new,2026-10-01,true,0
Martha Pirone,(718) 961-7425,+17189617425,"3379 155th St Flushing, NY 11354","$400,000 - $499,999","$1,000,000+",new,2026-10-01,true,0
Linda Castanza,(718) 353-1922,+17183531922,"3531 155th St Flushing, NY 11354","$70,000 - $79,999","$900,000 - $999,999",new,2026-10-01,true,0
Nina Snyder,(425) 746-9586,+14257469586,"3909 155th Ave SE Bellevue, WA 98006","$40,000 - $49,999","$1,000,000+",new,2026-10-01,true,0
Stelios Maratheftis,(718) 445-1160,+17184451160,"4018 155th St Flushing, NY 11354","$50,000 - $59,999","$1,000,000+",new,2026-10-01,true,0
William Mccormick,(806) 792-8594,+18067928594,"5637 155th St Lubbock, TX 79424","$250,000 - $299,999","$700,000 - $799,999",new,2026-10-01,true,0
Tesen Wang,(718) 463-7678,+17184637678,"5702 155th St Flushing, NY 11355","$100,000 - $124,999","$900,000 - $999,999",new,2026-10-01,true,0
Kam Hou,(718) 463-8876,+17184638876,"5815 155th St Flushing, NY 11355","$50,000 - $59,999","$900,000 - $999,999",new,2026-10-01,true,0
Kirit Patel,(718) 961-3956,+17189613956,"5930 155th St Flushing, NY 11355","$70,000 - $79,999","$800,000 - $899,999",new,2026-10-01,true,0
Adam Geisser,(425) 653-2220,+14256532220,"6717 155th Pl SE Bellevue, WA 98006","$300,000 - $399,999","$1,000,000+",new,2026-10-01,true,0
Donna Cronin,(561) 744-2563,+15617442563,"7464 155th Pl N West Palm Beach, FL 33418","$250,000 - $299,999","$700,000 - $799,999",new,2026-10-01,true,0
Jesus Quintero,(305) 254-7210,+13052547210,"7685 SW 155th St Village Of Palmetto Bay, FL 33157","$250,000 - $299,999","$1,000,000+",new,2026-10-01,true,0
Diane Annesser,(305) 251-2262,+13052512262,"7750 SW 155th St Village Of Palmetto Bay, FL 33157","$250,000 - $299,999","$900,000 - $999,999",new,2026-10-01,true,0
Robert Verna,(305) 254-1646,+13052541646,"7995 SW 155th St Village Of Palmetto Bay, FL 33157","$70,000 - $79,999","$800,000 - $899,999",new,2026-10-01,true,0
Dan Shorter,(561) 741-3900,+15617413900,"8306 155th Pl N West Palm Beach, FL 33418","$300,000 - $399,999","$700,000 - $799,999",new,2026-10-01,true,0
Lawrence Kuenzli,(651) 483-0644,+16514830644,"8383 155th St N Hugo, MN 55038","$250,000 - $299,999","$900,000 - $999,999",new,2026-10-01,true,0
Brian Tannebaum,(305) 278-3618,+13052783618,"8740 SW 155th Ter Village Of Palmetto Bay, FL 33157","$400,000 - $499,999","$1,000,000+",new,2026-10-01,true,0
Jan Haukos,(320) 864-6274,+13208646274,"9234 155th St Glencoe, MN 55336","$20,000 - $29,999","$800,000 - $899,999",new,2026-10-01,true,0
Kenneth Posusta,(320) 864-3708,+13208643708,"9364 155th St Glencoe, MN 55336","$400,000 - $499,999","$1,000,000+",new,2026-10-01,true,0
Massenet Toussaint,(718) 659-4337,+17186594337,"10919 155th St Jamaica, NY 11433","$50,000 - $59,999","$700,000 - $799,999",new,2026-10-01,true,0
Melissa Anderson,(913) 258-5743,+19132585743,"11919 W 155th Ter Overland Park, KS 66221","$200,000 - $249,999","$1,000,000+",new,2026-10-01,true,0
Ronald Drummond,(561) 744-0218,+15617440218,"13966 155th Pl N Jupiter, FL 33478","$50,000 - $59,999","$700,000 - $799,999",new,2026-10-01,true,0
Scott Reed,(561) 747-8010,+15617478010,"13971 155th Pl N Jupiter, FL 33478","$400,000 - $499,999","$700,000 - $799,999",new,2026-10-01,true,0
Karl Schulze,(786) 250-3046,+17862503046,"15331 SW 155th Ct Miami, FL 33187","$175,000 - $199,999","$800,000 - $899,999",new,2026-10-01,true,0
Marilyn Clise,(425) 788-5655,+14257885655,"19810 NE 155th Pl Woodinville, WA 98077","$250,000 - $299,999","$900,000 - $999,999",new,2026-10-01,true,0
Curtis Green,(425) 277-1856,+14252771856,"20924 SE 155th Pl Renton, WA 98059","$90,000 - $99,999","$1,000,000+",new,2026-10-01,true,0
Janet Dobrowolski,(425) 226-3914,+14252263914,"21003 SE 155th Pl Renton, WA 98059","$400,000 - $499,999","$1,000,000+",new,2026-10-01,true,0
Kevin Dolan,(720) 685-9657,+17206859657,"23451 E 155th Way Brighton, CO 80603","$400,000 - $499,999","$700,000 - $799,999",new,2026-10-01,true,0
Michelle Ford,(480) 471-7872,+14804717872,"31226 N 155th St Scottsdale, AZ 85262","$300,000 - $399,999","$1,000,000+",new,2026-10-01,true,0
Janet Kranz,(305) 940-2935,+13059402935,"365 NE 156th St Miami, FL 33162","$50,000 - $59,999","$700,000 - $799,999",new,2026-10-01,true,0
Peter Young,(305) 945-0002,+13059450002,"390 NE 156th St Miami, FL 33162","Under $20,000","$700,000 - $799,999",new,2026-10-01,true,0
Daniel Ferris,(402) 334-3321,+14023343321,"649 N 156th Ave Omaha, NE 68118","$400,000 - $499,999","$900,000 - $999,999",new,2026-10-01,true,0
Kathleen Maiuri,(954) 447-5306,+19544475306,"1052 SW 156th Ave Pembroke Pines, FL 33027","$100,000 - $124,999","$800,000 - $899,999",new,2026-10-01,true,0
Stefano Quilli,(954) 239-7001,+19542397001,"1063 SW 156th Ter Pembroke Pines, FL 33027","$400,000 - $499,999","$800,000 - $899,999",new,2026-10-01,true,0
Howard Umansky,(954) 431-9153,+19544319153,"1071 SW 156th Ave Pembroke Pines, FL 33027","$60,000 - $69,999","$800,000 - $899,999",new,2026-10-01,true,0
David Goldin,(754) 400-4883,+17544004883,"1121 SW 156th Ave Pembroke Pines, FL 33027","$400,000 - $499,999","$800,000 - $899,999",new,2026-10-01,true,0
James Givens,(310) 635-3167,+13106353167,"1414 W 156th St Compton, CA 90220","$40,000 - $49,999","$700,000 - $799,999",new,2026-10-01,true,0
Michael Sakellaridis,(718) 767-6475,+17187676475,"1416 156th St Whitestone, NY 11357","$100,000 - $124,999","$800,000 - $899,999",new,2026-10-01,true,0
Benito Blaskovic,(718) 357-4795,+17183574795,"1442 156th St Whitestone, NY 11357","$60,000 - $69,999","$1,000,000+",new,2026-10-01,true,0
Mireya Padron,(954) 441-5110,+19544415110,"1493 SW 156th Way Pembroke Pines, FL 33027","$80,000 - $89,999","$900,000 - $999,999",new,2026-10-01,true,0
Beth Crespo,(954) 432-1399,+19544321399,"1802 SW 156th Ave Miramar, FL 33027","$70,000 - $79,999","$700,000 - $799,999",new,2026-10-01,true,0
Juan Rivas,(954) 916-1673,+19549161673,"2641 SW 156th Ave Davie, FL 33331","$100,000 - $124,999","$800,000 - $899,999",new,2026-10-01,true,0
Maryanne Dinatale,(718) 353-2811,+17183532811,"2811 156th St Flushing, NY 11354","$90,000 - $99,999","$1,000,000+",new,2026-10-01,true,0
Michael Maibach,(941) 776-3454,+19417763454,"3028 156th Ter E Parrish, FL 34219","$300,000 - $399,999","$700,000 - $799,999",new,2026-10-01,true,0
Wilfredo Lao,(718) 461-1280,+17184611280,"3304 156th St Flushing, NY 11354","$300,000 - $399,999","$1,000,000+",new,2026-10-01,true,0
Timothy O'Sullivan,(718) 746-0094,+17187460094,"3311 156th St Flushing, NY 11354","$50,000 - $59,999","$1,000,000+",new,2026-10-01,true,0
Mahmuda Karabay,(718) 445-2819,+17184452819,"3346 156th St Flushing, NY 11354","$250,000 - $299,999","$1,000,000+",new,2026-10-01,true,0
Kyuong Paek,(718) 359-3680,+17183593680,"3375 156th St Flushing, NY 11354","$50,000 - $59,999","$1,000,000+",new,2026-10-01,true,0
Franklin Wong,(718) 445-3958,+17184453958,"4234 156th St Flushing, NY 11355","$100,000 - $124,999","$900,000 - $999,999",new,2026-10-01,true,0
Vivian Tang,(718) 353-5803,+17183535803,"4259 156th St Flushing, NY 11355","$30,000 - $39,999","$1,000,000+",new,2026-10-01,true,0
Ronald Weizenblut,(305) 225-8856,+13052258856,"4260 SW 156th Pl Miami, FL 33185","$80,000 - $89,999","$800,000 - $899,999",new,2026-10-01,true,0
Isabel Ortiz,(305) 559-0896,+13055590896,"4330 SW 156th Pl Miami, FL 33185","$250,000 - $299,999","$900,000 - $999,999",new,2026-10-01,true,0
Robert Cree,(425) 641-4379,+14256414379,"4416 156th Pl SE Bellevue, WA 98006","$400,000 - $499,999","$1,000,000+",new,2026-10-01,true,0
David Drury,(515) 986-3148,+15159863148,"4633 156th St Urbandale, IA 50323","$60,000 - $69,999","$700,000 - $799,999",new,2026-10-01,true,0
Carsten Glaeser,(347) 732-4003,+13477324003,"4736 156th St Flushing, NY 11355","$400,000 - $499,999","$1,000,000+",new,2026-10-01,true,0
Shawn Tobin,(303) 732-9404,+13037329404,"46601 E 152nd Ave Keenesburg, CO 80643","$50,000 - $59,999","$900,000 - $999,999",new,2026-10-01,true,0
Kimberly Newbury,(480) 471-4678,+14804714678,"30807 N 152nd St Scottsdale, AZ 85262","$400,000 - $499,999","$900,000 - $999,999",new,2026-10-01,true,0
Charles Eastvedt,(360) 687-7027,+13606877027,"30610 NE 152nd Ave Battle Ground, WA 98604","$150,000 - $174,999","$800,000 - $899,999",new,2026-10-01,true,0
Edward Lockett,(360) 687-2446,+13606872446,"29500 NE 152nd Ave Battle Ground, WA 98604","$300,000 - $399,999","$700,000 - $799,999",new,2026-10-01,true,0
Todd Farrington,(360) 893-1487,+13608931487,"28111 152nd Ave E Graham, WA 98338","$250,000 - $299,999","$900,000 - $999,999",new,2026-10-01,true,0
Maria Lallas,(303) 659-9597,+13036599597,"28110 E 152nd Ave Brighton, CO 80603","$150,000 - $174,999","$1,000,000+",new,2026-10-01,true,0
Thomas Lawson,(425) 788-2400,+14257882400,"27031 NE 152nd St Duvall, WA 98019","$200,000 - $249,999","$1,000,000+",new,2026-10-01,true,0
Eilat Schmalbach,(305) 246-3304,+13052463304,"25225 SW 152nd Ave Homestead, FL 33032","$20,000 - $29,999","$900,000 - $999,999",new,2026-10-01,true,0
Patricia Bullis,(305) 247-2123,+13052472123,"24580 SW 152nd Ave Homestead, FL 33032","$400,000 - $499,999","$800,000 - $899,999",new,2026-10-01,true,0
Marc Barbour,(425) 788-2966,+14257882966,"22809 NE 152nd Pl Woodinville, WA 98077","$300,000 - $399,999","$900,000 - $999,999",new,2026-10-01,true,0
Pedro Acosta,(305) 246-1582,+13052461582,"22701 SW 152nd Ave Miami, FL 33170","$90,000 - $99,999","$1,000,000+",new,2026-10-01,true,0
Jack Christensen,(305) 247-3172,+13052473172,"22201 SW 152nd Ave Miami, FL 33170","$90,000 - $99,999","$1,000,000+",new,2026-10-01,true,0
Margaret Ramsey,(305) 248-5371,+13052485371,"21800 SW 152nd Ave Miami, FL 33170","$20,000 - $29,999","$1,000,000+",new,2026-10-01,true,0
John O'Day,(425) 255-3290,+14252553290,"20504 SE 152nd St Renton, WA 98059","$60,000 - $69,999","$700,000 - $799,999",new,2026-10-01,true,0
Steven Pugh,(425) 485-9377,+14254859377,"18711 152nd Ave NE Woodinville, WA 98072","$300,000 - $399,999","$1,000,000+",new,2026-10-01,true,0
Kevin Fuglseth,(616) 844-1857,+16168441857,"14848 152nd Ave Grand Haven, MI 49417","$200,000 - $249,999","$1,000,000+",new,2026-10-01,true,0
Goverdhan Rupani,(305) 254-7283,+13052547283,"14760 SW 152nd Ct Miami, FL 33196","$90,000 - $99,999","$700,000 - $799,999",new,2026-10-01,true,0
Brian Vanderkamp,(616) 842-6698,+16168426698,"13720 152nd Ave Grand Haven, MI 49417","$250,000 - $299,999","$900,000 - $999,999",new,2026-10-01,true,0
Enrico Silvestri,(718) 641-7768,+17186417768,"12719 152nd Ave South Ozone Park, NY 11420","$40,000 - $49,999","$700,000 - $799,999",new,2026-10-01,true,0
Marvin Gjerde,(360) 568-7177,+13605687177,"12217 152nd Pl SE Snohomish, WA 98290","$250,000 - $299,999","$1,000,000+",new,2026-10-01,true,0
Susan Lee,(425) 641-1094,+14256411094,"5019 156th Ave SE Bellevue, WA 98006","$300,000 - $399,999","$1,000,000+",new,2026-10-01,true,0
Jeffrey Lind,(425) 338-9484,+14253389484,"5019 156th St SE Bothell, WA 98012","$400,000 - $499,999","$1,000,000+",new,2026-10-01,true,0
Michele Steel,(425) 861-4272,+14258614272,"5208 156th Ave NE Redmond, WA 98052","$300,000 - $399,999","$1,000,000+",new,2026-10-01,true,0
Joe Sanpedro,(305) 485-8475,+13054858475,"5320 SW 156th Pl Miami, FL 33185","$80,000 - $89,999","$800,000 - $899,999",new,2026-10-01,true,0
Michael Napoli,(425) 746-9413,+14257469413,"5432 156th Ave SE Bellevue, WA 98006","$250,000 - $299,999","$1,000,000+",new,2026-10-01,true,0
Charles Chu,(425) 562-0270,+14255620270,"5456 156th Ave SE Bellevue, WA 98006","$300,000 - $399,999","$1,000,000+",new,2026-10-01,true,0
Judy Supersad,(718) 939-1962,+17189391962,"5749 156th St Flushing, NY 11355","$30,000 - $39,999","$800,000 - $899,999",new,2026-10-01,true,0
Thomas Walzer,(425) 742-5384,+14257425384,"5821 156th St SW Edmonds, WA 98026","$300,000 - $399,999","$700,000 - $799,999",new,2026-10-01,true,0
Boris Redkin,(718) 445-4365,+17184454365,"5916 156th St Flushing, NY 11355","$50,000 - $59,999","$800,000 - $899,999",new,2026-10-01,true,0
Gabriel Bifano,(305) 238-2664,+13052382664,"7371 SW 156th St Village Of Palmetto Bay, FL 33157","$250,000 - $299,999","$1,000,000+",new,2026-10-01,true,0
Per Hillerstrom,(425) 488-0166,+14254880166,"7455 NE 156th St Kenmore, WA 98028","$200,000 - $249,999","$700,000 - $799,999",new,2026-10-01,true,0
Raymond Martinez,(305) 253-1335,+13052531335,"7484 SW 156th St Village Of Palmetto Bay, FL 33157","$200,000 - $249,999","$700,000 - $799,999",new,2026-10-01,true,0
Israel Kreps,(305) 234-4131,+13052344131,"7685 SW 156th St Village Of Palmetto Bay, FL 33157","$300,000 - $399,999","$1,000,000+",new,2026-10-01,true,0
Margarita Montemar,(305) 255-0303,+13052550303,"7800 SW 156th St Village Of Palmetto Bay, FL 33157","$100,000 - $124,999","$900,000 - $999,999",new,2026-10-01,true,0
Jerri Galvin,(425) 488-8720,+14254888720,"7817 NE 156th St Kenmore, WA 98028","$400,000 - $499,999","$700,000 - $799,999",new,2026-10-01,true,0
Glenn Falk,(305) 378-1254,+13053781254,"7890 SW 156th St Village Of Palmetto Bay, FL 33157","$400,000 - $499,999","$1,000,000+",new,2026-10-01,true,0
Mariano Santos,(305) 558-2320,+13055582320,"8110 NW 156th Ter Miami Lakes, FL 33016","$100,000 - $124,999","$700,000 - $799,999",new,2026-10-01,true,0
John Hicks,(303) 655-0916,+13036550916,"8171 E 156th Ct Thornton, CO 80602","$150,000 - $174,999","$1,000,000+",new,2026-10-01,true,0
Tania Meza,(305) 557-2244,+13055572244,"8265 NW 156th Ter Miami Lakes, FL 33016","$100,000 - $124,999","$900,000 - $999,999",new,2026-10-01,true,0
Cynthia Langdon,(305) 259-1961,+13052591961,"8440 SW 156th St Village Of Palmetto Bay, FL 33157","$175,000 - $199,999","$800,000 - $899,999",new,2026-10-01,true,0
Jeffrey Peck,(305) 969-3060,+13059693060,"8805 SW 156th Ter Village Of Palmetto Bay, FL 33157","$80,000 - $89,999","$700,000 - $799,999",new,2026-10-01,true,0
John Neff,(402) 238-2811,+14022382811,"10015 N 156th St Bennington, NE 68007","$400,000 - $499,999","$1,000,000+",new,2026-10-01,true,0
Shawn Mcilnay,(402) 445-4048,+14024454048,"10225 N 156th St Bennington, NE 68007","$250,000 - $299,999","$1,000,000+",new,2026-10-01,true,0
Tanya Angelova,(425) 558-4566,+14255584566,"11151 156th Pl NE Redmond, WA 98052","$200,000 - $249,999","$900,000 - $999,999",new,2026-10-01,true,0
Guillermo Moreno,(305) 383-3610,+13053833610,"11270 SW 156th Ave Miami, FL 33196","$100,000 - $124,999","$700,000 - $799,999",new,2026-10-01,true,0
Michael Eby,(913) 681-6919,+19136816919,"11920 W 156th Ter Overland Park, KS 66221","$300,000 - $399,999","$1,000,000+",new,2026-10-01,true,0
Gary Stander,(402) 234-4112,+14022344112,"12912 156th St Louisville, NE 68037","$400,000 - $499,999","$1,000,000+",new,2026-10-01,true,0
Charmaine Leslie,(718) 527-4737,+17185274737,"13231 156th St Jamaica, NY 11434","$70,000 - $79,999","$700,000 - $799,999",new,2026-10-01,true,0
Furman Overby,(561) 972-7258,+15619727258,"13967 156th St N Jupiter, FL 33478","$400,000 - $499,999","$700,000 - $799,999",new,2026-10-01,true,0
Jean Beuslinch,(425) 485-3903,+14254853903,"14037 156th Pl NE Woodinville, WA 98072","$300,000 - $399,999","$1,000,000+",new,2026-10-01,true,0
Susan Crowder,(425) 402-3903,+14254023903,"14038 156th Pl NE Woodinville, WA 98072","$300,000 - $399,999","$1,000,000+",new,2026-10-01,true,0
Prabhat Varma,(425) 487-3396,+14254873396,"14435 156th Ave NE Woodinville, WA 98072","$300,000 - $399,999","$1,000,000+",new,2026-10-01,true,0
Rony Loarca,(786) 293-1999,+17862931999,"15420 SW 156th Ave Miami, FL 33187","$100,000 - $124,999","$800,000 - $899,999",new,2026-10-01,true,0
Lazaro Santos,(305) 252-1357,+13052521357,"17122 SW 156th Ct Miami, FL 33187","$300,000 - $399,999","$1,000,000+",new,2026-10-01,true,0
Larry Ramsey,(480) 988-1880,+14809881880,"21231 S 156th St Gilbert, AZ 85298","$90,000 - $99,999","$1,000,000+",new,2026-10-01,true,0
Pat Miceli,(253) 630-4495,+12536304495,"24216 156th Ave SE Kent, WA 98042","$200,000 - $249,999","$1,000,000+",new,2026-10-01,true,0
Kristi Schnittker,(425) 427-1992,+14254271992,"24410 SE 156th St Issaquah, WA 98027","$400,000 - $499,999","$1,000,000+",new,2026-10-01,true,0
Steve Skiba,(480) 471-3149,+14804713149,"27609 N 156th St Scottsdale, AZ 85262","$200,000 - $249,999","$700,000 - $799,999",new,2026-10-01,true,0
Laurie Trepanier,(253) 833-6140,+12538336140,"36925 156th Ave SE Auburn, WA 98092","$300,000 - $399,999","$1,000,000+",new,2026-10-01,true,0
Richard Anyamele,(305) 948-9019,+13059489019,"255 NW 157th St Miami, FL 33169","$100,000 - $124,999","$900,000 - $999,999",new,2026-10-01,true,0
Pete Mullen,(402) 493-8708,+14024938708,"639 N 157th Cir Omaha, NE 68118","$400,000 - $499,999","$900,000 - $999,999",new,2026-10-01,true,0
Lydia Aguinaldo,(954) 438-0491,+19544380491,"1091 NW 157th Ave Pembroke Pines, FL 33028","$400,000 - $499,999","$700,000 - $799,999",new,2026-10-01,true,0
Aurel Crisan,(503) 262-6653,+15032626653,"1132 NE 157th Ave Portland, OR 97230","Under $20,000","$800,000 - $899,999",new,2026-10-01,true,0
George Lolis,(718) 533-6505,+17185336505,"1211 157th St Whitestone, NY 11357","$300,000 - $399,999","$800,000 - $899,999",new,2026-10-01,true,0
Lucy Wilkerson,(202) 234-8718,+12022348718,"1914 15th St NW Washington, DC 20009","$175,000 - $199,999","$1,000,000+",new,2026-10-01,true,0
Penelope Brown,(202) 387-8571,+12023878571,"1912 15th St NW Washington, DC 20009","$80,000 - $89,999","$1,000,000+",new,2026-10-01,true,0
Mark Bamsey,(415) 564-1713,+14155641713,"1837 15th Ave San Francisco, CA 94122","$200,000 - $249,999","$900,000 - $999,999",new,2026-10-01,true,0
Rick Maldonado,(202) 265-6081,+12022656081,"1836 15th St NW Washington, DC 20009","$400,000 - $499,999","$1,000,000+",new,2026-10-01,true,0
Joseph Esses,(718) 998-7331,+17189987331,"1831 E 15th St Brooklyn, NY 11229","$200,000 - $249,999","$1,000,000+",new,2026-10-01,true,0
Neal Mcgeehan,(415) 564-4510,+14155644510,"1800 15th Ave San Francisco, CA 94122","$250,000 - $299,999","$900,000 - $999,999",new,2026-10-01,true,0
Robert Spigel,(718) 376-2641,+17183762641,"1799 E 15th St Brooklyn, NY 11229","$300,000 - $399,999","$1,000,000+",new,2026-10-01,true,0
Sriram Bala,(425) 427-0618,+14254270618,"1771 15th Ave NE Issaquah, WA 98029","$400,000 - $499,999","$1,000,000+",new,2026-10-01,true,0
Morris Weiss,(718) 998-8350,+17189988350,"1745 E 15th St Brooklyn, NY 11229","$50,000 - $59,999","$900,000 - $999,999",new,2026-10-01,true,0
Diane Quinn,(202) 234-7565,+12022347565,"1708 15th St NW Washington, DC 20009","$300,000 - $399,999","$1,000,000+",new,2026-10-01,true,0
Roberta Kimmel,(415) 681-0674,+14156810674,"1607 15th Ave San Francisco, CA 94122","$150,000 - $174,999","$900,000 - $999,999",new,2026-10-01,true,0
Terry Preece,(561) 750-2018,+15617502018,"1599 SW 15th St Boca Raton, FL 33486","$200,000 - $249,999","$800,000 - $899,999",new,2026-10-01,true,0
Yanfei Yang,(415) 753-6894,+14157536894,"1578 15th Ave San Francisco, CA 94122","$200,000 - $249,999","$1,000,000+",new,2026-10-01,true,0
Michael Tomasso,(561) 394-0060,+15613940060,"1561 SW 15th St Boca Raton, FL 33486","$300,000 - $399,999","$900,000 - $999,999",new,2026-10-01,true,0
David Kipper,(718) 339-3106,+17183393106,"1548 E 15th St Brooklyn, NY 11230","$100,000 - $124,999","$1,000,000+",new,2026-10-01,true,0
John Pollaro,(310) 548-9485,+13105489485,"1528 W 15th St San Pedro, CA 90732","$400,000 - $499,999","$700,000 - $799,999",new,2026-10-01,true,0
Kathy Elbaz,(718) 375-7002,+17183757002,"1526 E 15th St Brooklyn, NY 11230","$60,000 - $69,999","$1,000,000+",new,2026-10-01,true,0
Paul Todd,(303) 436-0460,+13034360460,"1523 15th St Apt 100 Denver, CO 80202","$200,000 - $249,999","$1,000,000+",new,2026-10-01,true,0
Robert Banister,(954) 522-1917,+19545221917,"1517 SE 15th St Fort Lauderdale, FL 33316","$300,000 - $399,999","$1,000,000+",new,2026-10-01,true,0
Donald Marks,(954) 463-4026,+19544634026,"1515 SW 15th Ave Fort Lauderdale, FL 33312","$250,000 - $299,999","$1,000,000+",new,2026-10-01,true,0
Deberah Rockwell,(561) 372-9033,+15613729033,"1498 SW 15th St Boca Raton, FL 33486","$400,000 - $499,999","$800,000 - $899,999",new,2026-10-01,true,0
Cynthia Chassan,(561) 391-9764,+15613919764,"1481 SW 15th St Boca Raton, FL 33486","$400,000 - $499,999","$900,000 - $999,999",new,2026-10-01,true,0
Tommy Herr,(561) 347-5047,+15613475047,"1480 SW 15th St Boca Raton, FL 33486","$400,000 - $499,999","$800,000 - $899,999",new,2026-10-01,true,0
Joseph Aron,(718) 376-0372,+17183760372,"1463 E 15th St Brooklyn, NY 11230","$100,000 - $124,999","$1,000,000+",new,2026-10-01,true,0
David Hettick,(415) 661-2003,+14156612003,"1446 15th Ave San Francisco, CA 94122","$100,000 - $124,999","$800,000 - $899,999",new,2026-10-01,true,0
Kwok Chan,(415) 759-8480,+14157598480,"1422 15th Ave San Francisco, CA 94122","$200,000 - $249,999","$800,000 - $899,999",new,2026-10-01,true,0
Peggy Sergio,(269) 687-3096,+12696873096,"1415 S 15th St Niles, MI 49120","$300,000 - $399,999","$1,000,000+",new,2026-10-01,true,0
Don Kuroyama,(310) 545-1930,+13105451930,"1401 15th St Manhattan Beach, CA 90266","$300,000 - $399,999","$700,000 - $799,999",new,2026-10-01,true,0
Patricia Ciccone,(201) 585-0181,+12015850181,"1390 15th St Fort Lee, NJ 07024","$150,000 - $174,999","$800,000 - $899,999",new,2026-10-01,true,0
Christopher Klein,(561) 368-4318,+15613684318,"1380 SW 15th St Boca Raton, FL 33486","$100,000 - $124,999","$800,000 - $899,999",new,2026-10-01,true,0
Connie Harmon,(541) 396-3157,+15413963157,"1335 E 15th St Coquille, OR 97423","$70,000 - $79,999","$1,000,000+",new,2026-10-01,true,0
David Takahashi,(808) 732-0938,+18087320938,"1322 15th Ave Honolulu, HI 96816","$70,000 - $79,999","$1,000,000+",new,2026-10-01,true,0
Thomas Robertson,(561) 393-2888,+15613932888,"1320 SW 15th St Boca Raton, FL 33486","$300,000 - $399,999","$1,000,000+",new,2026-10-01,true,0
Mitch Morse,(503) 263-1315,+15032631315,"1315 NE 15th Ave Canby, OR 97013","$300,000 - $399,999","$800,000 - $899,999",new,2026-10-01,true,0
Jeffrey Winter,(561) 416-9904,+15614169904,"1300 SW 15th St Boca Raton, FL 33486","$400,000 - $499,999","$800,000 - $899,999",new,2026-10-01,true,0
Tsz Chow,(415) 731-1296,+14157311296,"1267 15th Ave San Francisco, CA 94122","$400,000 - $499,999","$900,000 - $999,999",new,2026-10-01,true,0
Charlene Young,(310) 376-6253,+13103766253,"1252 15th St Hermosa Beach, CA 90254","$400,000 - $499,999","$1,000,000+",new,2026-10-01,true,0
Jorge Braceras,(305) 854-8902,+13058548902,"1246 SW 15th St Miami, FL 33145","$60,000 - $69,999","$900,000 - $999,999",new,2026-10-01,true,0
Alfredo Pineiro,(305) 858-8473,+13058588473,"1220 SW 15th Ter Miami, FL 33145","$70,000 - $79,999","$700,000 - $799,999",new,2026-10-01,true,0
Andrew Griffiths,(707) 528-7066,+17075287066,"1215 15th St Santa Rosa, CA 95404","$200,000 - $249,999","$1,000,000+",new,2026-10-01,true,0
Marty Galindo,(727) 851-9220,+17278519220,"1205 15th Ave N Saint Petersburg, FL 33704","$300,000 - $399,999","$900,000 - $999,999",new,2026-10-01,true,0
Malka Coleman,(718) 377-6709,+17183776709,"1188 E 15th St Brooklyn, NY 11230","$100,000 - $124,999","$900,000 - $999,999",new,2026-10-01,true,0
Albert Hakakian,(718) 677-0271,+17186770271,"1185 E 15th St Brooklyn, NY 11230","$100,000 - $124,999","$900,000 - $999,999",new,2026-10-01,true,0
Jack Gamss,(718) 377-5346,+17183775346,"1177 E 15th St Brooklyn, NY 11230","$100,000 - $124,999","$900,000 - $999,999",new,2026-10-01,true,0
Gershon Greenberg,(718) 377-3728,+17183773728,"1162 E 15th St Brooklyn, NY 11230","$100,000 - $124,999","$900,000 - $999,999",new,2026-10-01,true,0
Mark Cellotti,(715) 269-5307,+17152695307,"1155 15th Ave Deer Park, WI 54007","$60,000 - $69,999","$700,000 - $799,999",new,2026-10-01,true,0
Anthony Palermo,(561) 392-7029,+15613927029,"1151 SW 15th St Boca Raton, FL 33486","$200,000 - $249,999","$1,000,000+",new,2026-10-01,true,0
Richard Reed,(561) 392-5423,+15613925423,"1150 SW 15th St Boca Raton, FL 33486","$300,000 - $399,999","$800,000 - $899,999",new,2026-10-01,true,0
David Mercure,(561) 961-0929,+15619610929,"1141 SW 15th St Boca Raton, FL 33486","$250,000 - $299,999","$700,000 - $799,999",new,2026-10-01,true,0
Lynne Koen,(561) 368-5411,+15613685411,"1140 SW 15th St Boca Raton, FL 33486","$300,000 - $399,999","$900,000 - $999,999",new,2026-10-01,true,0
Anwar Khan,(718) 377-2035,+17183772035,"1132 E 15th St Brooklyn, NY 11230","$100,000 - $124,999","$700,000 - $799,999",new,2026-10-01,true,0
Cristian Costache,(310) 394-9495,+13103949495,"1128 15th St Apt 4 Santa Monica, CA 90403","$60,000 - $69,999","$700,000 - $799,999",new,2026-10-01,true,0
Yuk Mak,(808) 735-5255,+18087355255,"1128 15th Ave Honolulu, HI 96816","$175,000 - $199,999","$700,000 - $799,999",new,2026-10-01,true,0
Avner Bashary,(718) 421-3297,+17184213297,"1124 E 15th St Brooklyn, NY 11230","$40,000 - $49,999","$700,000 - $799,999",new,2026-10-01,true,0
Jeffrey Kesten,(718) 338-8660,+17183388660,"1116 E 15th St Brooklyn, NY 11230","$100,000 - $124,999","$700,000 - $799,999",new,2026-10-01,true,0
Paul Tilley,(954) 698-0307,+19546980307,"1101 SE 15th Ave Deerfield Beach, FL 33441","$100,000 - $124,999","$1,000,000+",new,2026-10-01,true,0
Timothy Mclean,(561) 362-4331,+15613624331,"1031 SW 15th St Boca Raton, FL 33486","$200,000 - $249,999","$700,000 - $799,999",new,2026-10-01,true,0
Georgiana Kam,(808) 841-1824,+18088411824,"1029 15th Ave Honolulu, HI 96816","$200,000 - $249,999","$1,000,000+",new,2026-10-01,true,0
Mark Gentry,(808) 396-6555,+18083966555,"1023 15th Ave Honolulu, HI 96816","$400,000 - $499,999","$1,000,000+",new,2026-10-01,true,0
Alison Marer,(310) 374-1673,+13103741673,"1015 15th Pl Hermosa Beach, CA 90254","$400,000 - $499,999","$900,000 - $999,999",new,2026-10-01,true,0
Anita Seele,(303) 469-0807,+13034690807,"1011 W 15th Ave Broomfield, CO 80020","$300,000 - $399,999","$800,000 - $899,999",new,2026-10-01,true,0
Stanley Gardner,(303) 465-2678,+13034652678,"1010 E 15th Ave Broomfield, CO 80020","$300,000 - $399,999","$1,000,000+",new,2026-10-01,true,0
Barry Smith,(512) 524-0272,+15125240272,"1009 E 15th St Austin, TX 78702","$400,000 - $499,999","$1,000,000+",new,2026-10-01,true,0
Sheryl Mcgough,(954) 421-0256,+19544210256,"1008 SE 15th Ave Deerfield Beach, FL 33441","$90,000 - $99,999","$1,000,000+",new,2026-10-01,true,0
Richard Mcbride,(760) 746-0222,+17607460222,"965 W 15th Ave Escondido, CA 92025","$60,000 - $69,999","$700,000 - $799,999",new,2026-10-01,true,0
Willoughb Henshaw,(310) 372-7868,+13103727868,"930 15th Pl Hermosa Beach, CA 90254","$100,000 - $124,999","$800,000 - $899,999",new,2026-10-01,true,0
Donald Demott,(561) 620-0718,+15616200718,"930 SW 15th St Boca Raton, FL 33486","$300,000 - $399,999","$900,000 - $999,999",new,2026-10-01,true,0
Christine Jefson,(206) 720-6384,+12067206384,"927 15th Ave Seattle, WA 98122","$300,000 - $399,999","$1,000,000+",new,2026-10-01,true,0
Karen Izuo,(808) 734-5361,+18087345361,"926 15th Ave Honolulu, HI 96816","$300,000 - $399,999","$1,000,000+",new,2026-10-01,true,0
Maxine Joe,(808) 737-8848,+18087378848,"923 15th Ave Honolulu, HI 96816","$200,000 - $249,999","$1,000,000+",new,2026-10-01,true,0
Grant Takasaki,(808) 737-3118,+18087373118,"910 15th Ave Honolulu, HI 96816","$80,000 - $89,999","$1,000,000+",new,2026-10-01,true,0
David Zoller,(206) 329-8703,+12063298703,"905 15th Ave E Seattle, WA 98112","$400,000 - $499,999","$1,000,000+",new,2026-10-01,true,0
Bente Martinez,(310) 379-8449,+13103798449,"902 15th Pl Hermosa Beach, CA 90254","$300,000 - $399,999","$800,000 - $899,999",new,2026-10-01,true,0
Nancy Hageman,(561) 416-9925,+15614169925,"899 SW 15th St Boca Raton, FL 33486","$175,000 - $199,999","$800,000 - $899,999",new,2026-10-01,true,0
Christine Boeddiker,(650) 325-8948,+16503258948,"891 15th Ave Menlo Park, CA 94025","$175,000 - $199,999","$800,000 - $899,999",new,2026-10-01,true,0
Gregory Klopp,(305) 643-0035,+13056430035,"859 NW 15th Ave Miami, FL 33125","$50,000 - $59,999","$1,000,000+",new,2026-10-01,true,0
Rima Jubran,(310) 379-3684,+13103793684,"844 15th St Hermosa Beach, CA 90254","$400,000 - $499,999","$700,000 - $799,999",new,2026-10-01,true,0
Carol Engberg,(650) 462-9549,+16504629549,"843 15th Ave Menlo Park, CA 94025","$400,000 - $499,999","$1,000,000+",new,2026-10-01,true,0
Douglas Shanefield,(808) 735-8540,+18087358540,"840 15th Ave Honolulu, HI 96816","$300,000 - $399,999","$1,000,000+",new,2026-10-01,true,0
Antone Poche,(808) 732-5740,+18087325740,"836 15th Ave Honolulu, HI 96816","$400,000 - $499,999","$1,000,000+",new,2026-10-01,true,0
Suzette Hatfield,(405) 557-1649,+14055571649,"833 NW 15th St Oklahoma City, OK 73106","$300,000 - $399,999","$1,000,000+",new,2026-10-01,true,0
Wade Hamby,(727) 823-3416,+17278233416,"826 15th Ave NE Saint Petersburg, FL 33704","$100,000 - $124,999","$1,000,000+",new,2026-10-01,true,0
Alan Taylor,(303) 581-4172,+13035814172,"821 15th St Boulder, CO 80302","$400,000 - $499,999","$1,000,000+",new,2026-10-01,true,0
Rosaria Trimboli,(718) 434-9811,+17184349811,"815 E 15th St Brooklyn, NY 11230","$300,000 - $399,999","$1,000,000+",new,2026-10-01,true,0
Joan Samuels,(718) 421-9369,+17184219369,"813 E 15th St Brooklyn, NY 11230","$40,000 - $49,999","$1,000,000+",new,2026-10-01,true,0
Wallace Gee,(415) 386-1550,+14153861550,"797 15th Ave San Francisco, CA 94118","$300,000 - $399,999","$900,000 - $999,999",new,2026-10-01,true,0
Jack Wong,(650) 324-4836,+16503244836,"784 15th Ave Menlo Park, CA 94025","$60,000 - $69,999","$800,000 - $899,999",new,2026-10-01,true,0
Emelina Quintanilla,(650) 752-6728,+16507526728,"775 15th Ave Menlo Park, CA 94025","$50,000 - $59,999","$800,000 - $899,999",new,2026-10-01,true,0
Patricia Limerick,(303) 443-3266,+13034433266,"752 15th St Boulder, CO 80302","$50,000 - $59,999","$1,000,000+",new,2026-10-01,true,0
John Griffin,(561) 368-8633,+15613688633,"751 SW 15th St Boca Raton, FL 33486","$400,000 - $499,999","$1,000,000+",new,2026-10-01,true,0
Gregory Schneider,(786) 534-9451,+17865349451,"737 NW 15th Ave Miami, FL 33125","$50,000 - $59,999","$700,000 - $799,999",new,2026-10-01,true,0
Anthony Cavalier,(303) 651-6932,+13036516932,"722 15th Ave Longmont, CO 80501","$100,000 - $124,999","$900,000 - $999,999",new,2026-10-01,true,0
Joseph Mok,(202) 544-1382,+12025441382,"719 15th St SE Washington, DC 20003","$250,000 - $299,999","$1,000,000+",new,2026-10-01,true,0
Juan Martin,(954) 922-8692,+19549228692,"719 S 15th Ave Hollywood, FL 33020","$100,000 - $124,999","$700,000 - $799,999",new,2026-10-01,true,0
Tai Chan,(415) 933-8123,+14159338123,"708 15th Ave San Francisco, CA 94118","$60,000 - $69,999","$800,000 - $899,999",new,2026-10-01,true,0
William Gurfield,(310) 394-1308,+13103941308,"707 15th St Santa Monica, CA 90402","$50,000 - $59,999","$1,000,000+",new,2026-10-01,true,0
Steven Redrick,(352) 291-8696,+13522918696,"705 SE 15th Ter Ocala, FL 34471","$400,000 - $499,999","$1,000,000+",new,2026-10-01,true,0
John Alvaroe,(561) 738-9579,+15617389579,"680 NE 15th Pl Boynton Beach, FL 33435","$30,000 - $39,999","$1,000,000+",new,2026-10-01,true,0
Stuart Chandler,(408) 295-2994,+14082952994,"670 S 15th St San Jose, CA 95112","$40,000 - $49,999","$1,000,000+",new,2026-10-01,true,0
Judy Yee,(415) 386-2985,+14153862985,"662 15th Ave San Francisco, CA 94118","$300,000 - $399,999","$900,000 - $999,999",new,2026-10-01,true,0
Jeannie Mauck,(954) 429-0753,+19544290753,"654 SE 15th Ave Deerfield Beach, FL 33441","$80,000 - $89,999","$1,000,000+",new,2026-10-01,true,0
Waclaw Pelc,(239) 434-0982,+12394340982,"650 15th Ave S Naples, FL 34102","$400,000 - $499,999","$1,000,000+",new,2026-10-01,true,0
Megan Prelinger,(415) 750-0445,+14157500445,"649 15th Ave San Francisco, CA 94118","$300,000 - $399,999","$900,000 - $999,999",new,2026-10-01,true,0
Felde Zum,(239) 262-4991,+12392624991,"635 15th Ave S Naples, FL 34102","$100,000 - $124,999","$1,000,000+",new,2026-10-01,true,0
Ronald Taylor,(858) 259-0387,+18582590387,"628 15th St Del Mar, CA 92014","$200,000 - $249,999","$1,000,000+",new,2026-10-01,true,0
Ellen Gould,(714) 536-7422,+17145367422,"613 15th St Huntington Beach, CA 92648","$400,000 - $499,999","$700,000 - $799,999",new,2026-10-01,true,0
Gary Cox,(714) 594-3427,+17145943427,"611 15th St Huntington Beach, CA 92648","$300,000 - $399,999","$900,000 - $999,999",new,2026-10-01,true,0
Janelle Tanner,(310) 545-7097,+13105457097,"604 15th St Manhattan Beach, CA 90266","$200,000 - $249,999","$1,000,000+",new,2026-10-01,true,0
Renee French,(415) 831-0978,+14158310978,"591 15th Ave San Francisco, CA 94118","$250,000 - $299,999","$1,000,000+",new,2026-10-01,true,0
Barbara Mullen,(858) 755-7751,+18587557751,"589 15th St Del Mar, CA 92014","$200,000 - $249,999","$1,000,000+",new,2026-10-01,true,0
Alan Mengel,(239) 262-2526,+12392622526,"580 15th Ave S Naples, FL 34102","$250,000 - $299,999","$1,000,000+",new,2026-10-01,true,0
David Martin,(408) 352-5531,+14083525531,"575 S 15th St San Jose, CA 95112","$200,000 - $249,999","$900,000 - $999,999",new,2026-10-01,true,0
Andrew Liss,(954) 725-2656,+19547252656,"574 SE 15th Ave Deerfield Beach, FL 33441","$90,000 - $99,999","$1,000,000+",new,2026-10-01,true,0
William Engel,(858) 461-0117,+18584610117,"565 15th St Del Mar, CA 92014","$200,000 - $249,999","$1,000,000+",new,2026-10-01,true,0
Jamshid Shafai,(310) 454-9927,+13104549927,"557 15th St Santa Monica, CA 90402","$300,000 - $399,999","$1,000,000+",new,2026-10-01,true,0
Kelly Ware,(727) 896-9273,+17278969273,"556 15th Ave NE Saint Petersburg, FL 33704","$300,000 - $399,999","$1,000,000+",new,2026-10-01,true,0
Sharon Hannon,(202) 547-7839,+12025477839,"555 15th St SE Washington, DC 20003","$200,000 - $249,999","$800,000 - $899,999",new,2026-10-01,true,0
H Berggruen,(707) 963-9065,+17079639065,"550 15th Ave San Francisco, CA 94118","$70,000 - $79,999","$1,000,000+",new,2026-10-01,true,0
Vondella Mclaughlin,(202) 544-3048,+12025443048,"522 15th St SE Washington, DC 20003","$400,000 - $499,999","$800,000 - $899,999",new,2026-10-01,true,0
Matthew Westendorf,(712) 433-3132,+17124333132,"520 15th St Onawa, IA 51040","$400,000 - $499,999","$900,000 - $999,999",new,2026-10-01,true,0
Meri Barash,(954) 452-4755,+19544524755,"500 NE 15th Ave Fort Lauderdale, FL 33301","$300,000 - $399,999","$1,000,000+",new,2026-10-01,true,0
Takashi Okazaki,(415) 752-5053,+14157525053,"482 15th Ave San Francisco, CA 94118","$90,000 - $99,999","$900,000 - $999,999",new,2026-10-01,true,0
Erica Ogdon,(858) 259-8174,+18582598174,"482 15th St Del Mar, CA 92014","$400,000 - $499,999","$1,000,000+",new,2026-10-01,true,0
Karen Austin,(202) 396-1182,+12023961182,"453 15th St NE Washington, DC 20002","$90,000 - $99,999","$700,000 - $799,999",new,2026-10-01,true,0
James Hartung,(310) 394-3696,+13103943696,"444 15th St Santa Monica, CA 90402","$150,000 - $174,999","$1,000,000+",new,2026-10-01,true,0
William Thornbury,(310) 393-4682,+13103934682,"443 15th St Santa Monica, CA 90402","$60,000 - $69,999","$1,000,000+",new,2026-10-01,true,0
Alice Robinson,(202) 543-2879,+12025432879,"435 15th St SE Washington, DC 20003","$400,000 - $499,999","$800,000 - $899,999",new,2026-10-01,true,0
Calvin Grayton,(202) 399-1252,+12023991252,"434 15th St NE Washington, DC 20002","$60,000 - $69,999","$700,000 - $799,999",new,2026-10-01,true,0
Sterling Stalder,(405) 604-5209,+14056045209,"433 NW 15th St Oklahoma City, OK 73103","$300,000 - $399,999","$1,000,000+",new,2026-10-01,true,0
Jeffrey Fernbach,(732) 905-2946,+17329052946,"424 15th St Lakewood, NJ 08701","$300,000 - $399,999","$1,000,000+",new,2026-10-01,true,0
Tracy Lisewsky,(713) 864-7812,+17138647812,"420 W 15th St Houston, TX 77008","$400,000 - $499,999","$900,000 - $999,999",new,2026-10-01,true,0
Jack Cannon,(408) 280-5370,+14082805370,"418 S 15th St San Jose, CA 95112","$200,000 - $249,999","$900,000 - $999,999",new,2026-10-01,true,0
Vincent Haskell,(202) 544-4989,+12025444989,"416 15th St SE Washington, DC 20003","$400,000 - $499,999","$800,000 - $899,999",new,2026-10-01,true,0
Norine Fuller,(424) 247-7073,+14242477073,"412 15th Pl Manhattan Beach, CA 90266","$30,000 - $39,999","$1,000,000+",new,2026-10-01,true,0
Frank Lewis,(727) 954-7416,+17279547416,"406 15th Ave NE Saint Petersburg, FL 33704","$100,000 - $124,999","$900,000 - $999,999",new,2026-10-01,true,0
Jacques Ford,(352) 622-9165,+13526229165,"405 SE 15th Ave Ocala, FL 34471","$250,000 - $299,999","$1,000,000+",new,2026-10-01,true,0
Catherine Townsend,(949) 650-5711,+19496505711,"396 E 15th St Costa Mesa, CA 92627","$50,000 - $59,999","$800,000 - $899,999",new,2026-10-01,true,0
Brent Fardette,(954) 943-4113,+19549434113,"390 SE 15th Ave Pompano Beach, FL 33060","$400,000 - $499,999","$800,000 - $899,999",new,2026-10-01,true,0
Daniel Goode,(408) 294-3064,+14082943064,"380 S 15th St San Jose, CA 95112","$250,000 - $299,999","$900,000 - $999,999",new,2026-10-01,true,0
Marci Briskin,(415) 668-4741,+14156684741,"366 15th Ave San Francisco, CA 94118","$300,000 - $399,999","$1,000,000+",new,2026-10-01,true,0
Daniel Mcdonald,(310) 394-4948,+13103944948,"333 15th St Santa Monica, CA 90402","$400,000 - $499,999","$1,000,000+",new,2026-10-01,true,0
Riki Austin,(562) 799-8425,+15627998425,"327 15th St Seal Beach, CA 90740","$70,000 - $79,999","$800,000 - $899,999",new,2026-10-01,true,0
Tom Caldwell,(480) 829-1408,+14808291408,"325 E 15th St Tempe, AZ 85281","$80,000 - $89,999","$800,000 - $899,999",new,2026-10-01,true,0
Tonya Fisher,(202) 399-0989,+12023990989,"316 15th St NE Washington, DC 20002","$300,000 - $399,999","$800,000 - $899,999",new,2026-10-01,true,0
Kyle Shutt,(405) 524-0504,+14055240504,"315 NW 15th St Oklahoma City, OK 73103","$400,000 - $499,999","$1,000,000+",new,2026-10-01,true,0
Jonathan Gillan,(480) 968-6833,+14809686833,"306 E 15th St Tempe, AZ 85281","$300,000 - $399,999","$900,000 - $999,999",new,2026-10-01,true,0
William Huguet,(727) 822-6422,+17278226422,"303 15th Ave N Saint Petersburg, FL 33704","$100,000 - $124,999","$700,000 - $799,999",new,2026-10-01,true,0
Samantha Lehan,(562) 493-5867,+15624935867,"301 15th St Seal Beach, CA 90740","$250,000 - $299,999","$800,000 - $899,999",new,2026-10-01,true,0
Debra White-Cholak,(561) 361-9599,+15613619599,"301 SW 15th Ave Boca Raton, FL 33486","$60,000 - $69,999","$800,000 - $899,999",new,2026-10-01,true,0
Robert Mcgrath,(715) 325-5960,+17153255960,"294 15th Ave Nekoosa, WI 54457","$100,000 - $124,999","$900,000 - $999,999",new,2026-10-01,true,0
Dina Casanova,(408) 287-5830,+14082875830,"286 S 15th St San Jose, CA 95112","$400,000 - $499,999","$900,000 - $999,999",new,2026-10-01,true,0
Robert Rein,(310) 260-9613,+13102609613,"256 15th St Santa Monica, CA 90402","$400,000 - $499,999","$1,000,000+",new,2026-10-01,true,0
Larry Kaufer,(202) 543-4582,+12025434582,"246 15th St SE Washington, DC 20003","$60,000 - $69,999","$700,000 - $799,999",new,2026-10-01,true,0
Ronald Majors,(404) 892-4679,+14048924679,"238 15th St NE Unit 20 Atlanta, GA 30309","$250,000 - $299,999","$1,000,000+",new,2026-10-01,true,0
Carol Versaggi,(609) 522-2710,+16095222710,"235 E 15th Ave North Wildwood, NJ 08260","$30,000 - $39,999","$800,000 - $899,999",new,2026-10-01,true,0
Robbie Levenberry,(202) 546-8058,+12025468058,"224 15th St NE Washington, DC 20002","$250,000 - $299,999","$900,000 - $999,999",new,2026-10-01,true,0
Christopher White,(910) 250-1201,+19102501201,"222 SW 15th St Oak Island, NC 28465","$250,000 - $299,999","$700,000 - $799,999",new,2026-10-01,true,0
Charles Cutler,(954) 314-7654,+19543147654,"220 NE 15th Ave Fort Lauderdale, FL 33301","$200,000 - $249,999","$1,000,000+",new,2026-10-01,true,0
Lawrence Brown,(985) 892-0598,+19858920598,"213 E 15th Ave Covington, LA 70433","$40,000 - $49,999","$800,000 - $899,999",new,2026-10-01,true,0
James Tourje,(310) 394-2821,+13103942821,"210 15th St Santa Monica, CA 90402","$60,000 - $69,999","$1,000,000+",new,2026-10-01,true,0
Maureen Cotton,(949) 675-9935,+19496759935,"206 15th St Newport Beach, CA 92663","$50,000 - $59,999","$1,000,000+",new,2026-10-01,true,0
Cecil Howard,(561) 276-5110,+15612765110,"201 NW 15th St Delray Beach, FL 33444","$70,000 - $79,999","$1,000,000+",new,2026-10-01,true,0
David Perlstein,(415) 752-1431,+14157521431,"167 15th Ave San Francisco, CA 94118","$300,000 - $399,999","$1,000,000+",new,2026-10-01,true,0
Frances Herndon,(415) 387-5244,+14153875244,"162 15th Ave San Francisco, CA 94118","$60,000 - $69,999","$1,000,000+",new,2026-10-01,true,0
Michael Sporn,(212) 988-3456,+12129883456,"161 W 15th St Apt 5h New York, NY 10011","$250,000 - $299,999","$1,000,000+",new,2026-10-01,true,0
Betty Sharer,(646) 869-7813,+16468697813,"155 W 15th St Apt 3e New York, NY 10011","$300,000 - $399,999","$800,000 - $899,999",new,2026-10-01,true,0
Thomas Ciarletta,(561) 391-8045,+15613918045,"151 SW 15th Ave Boca Raton, FL 33486","$400,000 - $499,999","$700,000 - $799,999",new,2026-10-01,true,0
Rosthema Kastin,(404) 255-6692,+14042556692,"147 15th St NE Apt 16a Atlanta, GA 30309","$400,000 - $499,999","$1,000,000+",new,2026-10-01,true,0
Andrew Hendrycks,(650) 345-3180,+16503453180,"145 15th Ave San Mateo, CA 94402","$300,000 - $399,999","$700,000 - $799,999",new,2026-10-01,true,0
Alan Rosenstein,(415) 751-6064,+14157516064,"139 15th Ave San Francisco, CA 94118","$60,000 - $69,999","$1,000,000+",new,2026-10-01,true,0
Ursela Cameron,(805) 286-4988,+18052864988,"138 15th St Paso Robles, CA 93446","$100,000 - $124,999","$700,000 - $799,999",new,2026-10-01,true,0
Yvonne Gomez,(415) 221-4955,+14152214955,"127 15th Ave San Francisco, CA 94118","$200,000 - $249,999","$900,000 - $999,999",new,2026-10-01,true,0
Sterling Wilson,(904) 247-1443,+19042471443,"123 15th Ave S Jacksonville Beach, FL 32250","$40,000 - $49,999","$900,000 - $999,999",new,2026-10-01,true,0
Neil Mackinnon,(408) 490-4195,+14084904195,"120 S 15th St San Jose, CA 95112","$400,000 - $499,999","$900,000 - $999,999",new,2026-10-01,true,0
Francisca Klocke,(714) 960-1094,+17149601094,"112 15th St Huntington Beach, CA 92648","$400,000 - $499,999","$900,000 - $999,999",new,2026-10-01,true,0
Janice Batter,(858) 755-4662,+18587554662,"110 15th St Del Mar, CA 92014","$60,000 - $69,999","$1,000,000+",new,2026-10-01,true,0
Claudia Hamann,(985) 276-4279,+19852764279,"108 E 15th Ave Covington, LA 70433","$400,000 - $499,999","$800,000 - $899,999",new,2026-10-01,true,0
Vanesse Cognard,(516) 741-4808,+15167414808,"106 15th St Garden City, NY 11530","$250,000 - $299,999","$800,000 - $899,999",new,2026-10-01,true,0
Larry Donathan,(202) 547-2279,+12025472279,"105 15th St SE Washington, DC 20003","$300,000 - $399,999","$800,000 - $899,999",new,2026-10-01,true,0
Dave Williams,(609) 848-9520,+16098489520,"104 W 15th St Long Beach Township, NJ 08008","$100,000 - $124,999","$900,000 - $999,999",new,2026-10-01,true,0
Russell Scuteri,(910) 762-5150,+19107625150,"101 N 15th St Wilmington, NC 28401","$30,000 - $39,999","$700,000 - $799,999",new,2026-10-01,true,0
Sebastian Cina,(732) 681-3572,+17326813572,"96 15th Ave Belmar, NJ 07719","$200,000 - $249,999","$1,000,000+",new,2026-10-01,true,0
Stephen Springs,(561) 392-2318,+15613922318,"91 SW 15th Ave Boca Raton, FL 33486","$60,000 - $69,999","$700,000 - $799,999",new,2026-10-01,true,0
Holly Moore,(561) 393-0494,+15613930494,"81 SW 15th Ct Boca Raton, FL 33486","$70,000 - $79,999","$800,000 - $899,999",new,2026-10-01,true,0
R Moshief,(212) 924-6718,+12129246718,"77 W 15th St Apt 6k New York, NY 10011","$400,000 - $499,999","$1,000,000+",new,2026-10-01,true,0
Karen Tancer,(212) 633-1951,+12126331951,"77 W 15th St Apt 4j New York, NY 10011","$250,000 - $299,999","$1,000,000+",new,2026-10-01,true,0
Helen Bogart,(561) 750-1899,+15617501899,"56 SW 15th Ct Boca Raton, FL 33486","$90,000 - $99,999","$700,000 - $799,999",new,2026-10-01,true,0
Louis Boksenbaum,(310) 372-9021,+13103729021,"55 15th St Hermosa Beach, CA 90254","$400,000 - $499,999","$1,000,000+",new,2026-10-01,true,0
Fazli Qadir,(312) 674-9786,+13126749786,"49 W 15th St Apt A Chicago, IL 60605","$400,000 - $499,999","$800,000 - $899,999",new,2026-10-01,true,0
David Goddard,(609) 494-0415,+16094940415,"36 15th St Surf City, NJ 08008","$100,000 - $124,999","$1,000,000+",new,2026-10-01,true,0
Peter Chernik,(415) 387-7200,+14153877200,"28 15th Ave San Francisco, CA 94118","$250,000 - $299,999","$1,000,000+",new,2026-10-01,true,0
Lynne Bamford,(312) 225-0853,+13122250853,"27 W 15th St Apt A Chicago, IL 60605","$250,000 - $299,999","$1,000,000+",new,2026-10-01,true,0
Colleen Prince,(415) 876-6200,+14158766200,"11 15th Ave San Francisco, CA 94118","$300,000 - $399,999","$1,000,000+",new,2026-10-01,true,0
Barbara Aloi,(516) 628-1260,+15166281260,"5 15th St Bayville, NY 11709","$175,000 - $199,999","$700,000 - $799,999",new,2026-10-01,true,0
Michael Brody,(646) 861-1251,+16468611251,"3 W 15th St New York, NY 10011","$200,000 - $249,999","$1,000,000+",new,2026-10-01,true,0
Stephen Neuman,(360) 263-0005,+13602630005,"33705 NE 159th Ave Yacolt, WA 98675","$150,000 - $174,999","$800,000 - $899,999",new,2026-10-01,true,0
Gary Wright,(425) 788-6075,+14257886075,"18634 NE 159th St Woodinville, WA 98072","$300,000 - $399,999","$700,000 - $799,999",new,2026-10-01,true,0
Todd Bennett,(360) 894-7295,+13608947295,"16200 159th Ln SE Yelm, WA 98597","$300,000 - $399,999","$800,000 - $899,999",new,2026-10-01,true,0
John Waters,(425) 228-9459,+14252289459,"15614 159th Ave SE Renton, WA 98058","$70,000 - $79,999","$700,000 - $799,999",new,2026-10-01,true,0
Samuel Eisenback,(561) 747-1198,+15617471198,"12265 159th Ct N Jupiter, FL 33478","$90,000 - $99,999","$700,000 - $799,999",new,2026-10-01,true,0
Sheron Amos,(718) 322-1073,+17183221073,"11535 159th St Jamaica, NY 11434","$400,000 - $499,999","$700,000 - $799,999",new,2026-10-01,true,0
Andrew Logan,(561) 406-5295,+15614065295,"11095 159th Ct N Jupiter, FL 33478","$400,000 - $499,999","$800,000 - $899,999",new,2026-10-01,true,0
Gary Ackley,(360) 568-0790,+13605680790,"11031 159th Ave SE Snohomish, WA 98290","$70,000 - $79,999","$800,000 - $899,999",new,2026-10-01,true,0
Pamela O'Dell,(360) 862-1999,+13608621999,"11003 159th Ave SE Snohomish, WA 98290","$300,000 - $399,999","$900,000 - $999,999",new,2026-10-01,true,0
Scott Tenold,(715) 288-6700,+17152886700,"10897 159th St Chippewa Falls, WI 54729","$200,000 - $249,999","$1,000,000+",new,2026-10-01,true,0
Colleen Mccabe,(718) 848-6847,+17188486847,"9905 159th Ave Howard Beach, NY 11414","$30,000 - $39,999","$700,000 - $799,999",new,2026-10-01,true,0
Margarita Babun,(305) 386-1020,+13053861020,"9801 SW 159th Ct Miami, FL 33196","$100,000 - $124,999","$700,000 - $799,999",new,2026-10-01,true,0
Dionne Hew,(305) 386-1731,+13053861731,"9603 SW 159th Ave Miami, FL 33196","$50,000 - $59,999","$700,000 - $799,999",new,2026-10-01,true,0
Patricia Minor,(718) 641-2511,+17186412511,"9205 159th Ave Howard Beach, NY 11414","$100,000 - $124,999","$700,000 - $799,999",new,2026-10-01,true,0
Steven Bongiovanni,(917) 300-6107,+19173006107,"9115 159th Ave Howard Beach, NY 11414","$200,000 - $249,999","$800,000 - $899,999",new,2026-10-01,true,0
Lesli Radcliffe,(305) 232-1281,+13052321281,"8760 SW 159th St Village Of Palmetto Bay, FL 33157","$400,000 - $499,999","$900,000 - $999,999",new,2026-10-01,true,0
Joan Bemben,(718) 659-8573,+17186598573,"8616 159th Ave Howard Beach, NY 11414","$100,000 - $124,999","$800,000 - $899,999",new,2026-10-01,true,0
Donna Bordo,(718) 738-2336,+17187382336,"8611 159th Ave Howard Beach, NY 11414","$60,000 - $69,999","$900,000 - $999,999",new,2026-10-01,true,0
Mary Gallagher,(718) 845-5927,+17188455927,"8407 159th Ave Howard Beach, NY 11414","$100,000 - $124,999","$1,000,000+",new,2026-10-01,true,0
Mary Carlo,(561) 743-7893,+15617437893,"8353 159th Ct N West Palm Beach, FL 33418","$150,000 - $174,999","$700,000 - $799,999",new,2026-10-01,true,0
Gina Grillo,(718) 843-3607,+17188433607,"8103 159th Ave Howard Beach, NY 11414","$300,000 - $399,999","$900,000 - $999,999",new,2026-10-01,true,0
Carlos Sierra,(305) 362-2358,+13053622358,"8041 NW 159th Ter Miami Lakes, FL 33016","$300,000 - $399,999","$800,000 - $899,999",new,2026-10-01,true,0
Sandra Dua,(718) 380-6045,+17183806045,"8040 159th St Jamaica, NY 11432","$100,000 - $124,999","$800,000 - $899,999",new,2026-10-01,true,0
Mohammad Salek,(718) 380-8334,+17183808334,"8018 159th St Jamaica, NY 11432","$100,000 - $124,999","$700,000 - $799,999",new,2026-10-01,true,0
Harold Rosenbaum,(718) 835-0835,+17188350835,"8008 159th Ave Howard Beach, NY 11414","$100,000 - $124,999","$700,000 - $799,999",new,2026-10-01,true,0
John Jones,(561) 747-9988,+15617479988,"7757 159th Ct N West Palm Beach, FL 33418","$80,000 - $89,999","$800,000 - $899,999",new,2026-10-01,true,0
Bernadette Dalia,(360) 576-3858,+13605763858,"7715 NE 159th St Vancouver, WA 98662","$200,000 - $249,999","$900,000 - $999,999",new,2026-10-01,true,0
Dennis Dorsey,(305) 255-2632,+13052552632,"7600 SW 159th Ter Village Of Palmetto Bay, FL 33157","$400,000 - $499,999","$1,000,000+",new,2026-10-01,true,0
Rhett Cili,(305) 971-2059,+13059712059,"7505 SW 159th Ter Village Of Palmetto Bay, FL 33157","$300,000 - $399,999","$900,000 - $999,999",new,2026-10-01,true,0
Dale Palomino,(786) 250-3401,+17862503401,"7445 SW 159th Ter Village Of Palmetto Bay, FL 33157","$300,000 - $399,999","$900,000 - $999,999",new,2026-10-01,true,0
Ruben Diaz,(305) 382-5808,+13053825808,"6973 SW 159th Ct Miami, FL 33193","$150,000 - $174,999","$700,000 - $799,999",new,2026-10-01,true,0
Jason Smith,(425) 745-9198,+14257459198,"5909 159th St SW Edmonds, WA 98026","$200,000 - $249,999","$800,000 - $899,999",new,2026-10-01,true,0
Julie Torsen,(425) 746-1081,+14257461081,"5427 159th Pl SE Bellevue, WA 98006","$300,000 - $399,999","$1,000,000+",new,2026-10-01,true,0
Andrew Wilfork,(954) 704-2859,+19547042859,"5264 SW 159th Ave Miramar, FL 33027","$200,000 - $249,999","$1,000,000+",new,2026-10-01,true,0
Kael Sherrard,(425) 649-9388,+14256499388,"5033 159th Pl SE Bellevue, WA 98006","$300,000 - $399,999","$1,000,000+",new,2026-10-01,true,0
Raymond Raece,(425) 562-7137,+14255627137,"5013 159th Pl SE Bellevue, WA 98006","$250,000 - $299,999","$1,000,000+",new,2026-10-01,true,0
Rkelly Prey,(515) 440-1072,+15154401072,"4844 159th St Urbandale, IA 50323","$400,000 - $499,999","$900,000 - $999,999",new,2026-10-01,true,0
Sharon Walia,(262) 790-5201,+12627905201,"4725 N 159th St Brookfield, WI 53005","$300,000 - $399,999","$700,000 - $799,999",new,2026-10-01,true,0
David Bennett,(425) 641-0871,+14256410871,"4663 159th Ave SE Bellevue, WA 98006","$300,000 - $399,999","$1,000,000+",new,2026-10-01,true,0
Zivko Penzar,(425) 643-2135,+14256432135,"4648 159th Ave SE Bellevue, WA 98006","$200,000 - $249,999","$1,000,000+",new,2026-10-01,true,0
Cheryl Lyn,(718) 359-2744,+17183592744,"4528 159th St Flushing, NY 11358","$70,000 - $79,999","$1,000,000+",new,2026-10-01,true,0
Raymond Spooner,(352) 331-5313,+13523315313,"4071 NW 159th Dr Newberry, FL 32669","$250,000 - $299,999","$1,000,000+",new,2026-10-01,true,0
Teresa Wilke,(480) 988-7194,+14809887194,"3543 S 159th St Gilbert, AZ 85297","$100,000 - $124,999","$700,000 - $799,999",new,2026-10-01,true,0
Eung Shin,(718) 445-2931,+17184452931,"3515 159th St Flushing, NY 11358","$100,000 - $124,999","$1,000,000+",new,2026-10-01,true,0
Laura Cohen,(718) 888-9452,+17188889452,"3333 159th St Flushing, NY 11358","$300,000 - $399,999","$1,000,000+",new,2026-10-01,true,0
George Spanolios,(718) 539-6849,+17185396849,"3228 159th St Flushing, NY 11358","$100,000 - $124,999","$1,000,000+",new,2026-10-01,true,0
George Stratigakos,(917) 285-2002,+19172852002,"3219 159th St Flushing, NY 11358","$90,000 - $99,999","$700,000 - $799,999",new,2026-10-01,true,0
Annette Ferraro,(941) 776-9270,+19417769270,"2916 159th Ter E Parrish, FL 34219","$300,000 - $399,999","$700,000 - $799,999",new,2026-10-01,true,0
Claudia Dimaggio,(718) 767-4117,+17187674117,"2823 159th St Flushing, NY 11358","$30,000 - $39,999","$1,000,000+",new,2026-10-01,true,0
Vernon Miller,(954) 450-2523,+19544502523,"1565 NW 159th Ave Pembroke Pines, FL 33028","$150,000 - $174,999","$700,000 - $799,999",new,2026-10-01,true,0
Michael Fragioudakis,(718) 746-9354,+17187469354,"1424 159th St Whitestone, NY 11357","$400,000 - $499,999","$1,000,000+",new,2026-10-01,true,0
Adam Bresko,(425) 747-7050,+14257477050,"1418 159th Ave SE Bellevue, WA 98008","$250,000 - $299,999","$1,000,000+",new,2026-10-01,true,0
Bradford Eberhard,(954) 433-2933,+19544332933,"1359 SW 159th Ter Pembroke Pines, FL 33027","$300,000 - $399,999","$800,000 - $899,999",new,2026-10-01,true,0
Alex Augustine,(954) 430-6074,+19544306074,"1334 SW 159th Ln Pembroke Pines, FL 33027","$125,000 - $149,999","$700,000 - $799,999",new,2026-10-01,true,0
Joseph Kirwin,(954) 436-4903,+19544364903,"1065 SW 159th Ln Pembroke Pines, FL 33027","$250,000 - $299,999","$800,000 - $899,999",new,2026-10-01,true,0
Dave Josiah,(954) 447-6907,+19544476907,"942 SW 159th Dr Pembroke Pines, FL 33027","$300,000 - $399,999","$800,000 - $899,999",new,2026-10-01,true,0
Yvokia Davidson,(954) 447-2081,+19544472081,"935 SW 159th Ln Pembroke Pines, FL 33027","$300,000 - $399,999","$900,000 - $999,999",new,2026-10-01,true,0
Wilman Ferrer,(954) 435-0595,+19544350595,"895 SW 159th Ln Pembroke Pines, FL 33027","$150,000 - $174,999","$800,000 - $899,999",new,2026-10-01,true,0
Beulah Shaw,(954) 602-5559,+19546025559,"836 SW 159th Way Pembroke Pines, FL 33027","$100,000 - $124,999","$800,000 - $899,999",new,2026-10-01,true,0
Bruce Knepple,(718) 767-6625,+17187676625,"631 159th St Whitestone, NY 11357","$100,000 - $124,999","$800,000 - $899,999",new,2026-10-01,true,0
Lindsey Johnson,(954) 885-8688,+19548858688,"534 SW 159th Ln Pembroke Pines, FL 33027","$100,000 - $124,999","$700,000 - $799,999",new,2026-10-01,true,0
Arselia Caldwell,(954) 704-4605,+19547044605,"532 SW 159th Dr Pembroke Pines, FL 33027","$300,000 - $399,999","$900,000 - $999,999",new,2026-10-01,true,0
Richard Harada,(310) 323-4431,+13103234431,"516 W 159th Pl Gardena, CA 90248","$60,000 - $69,999","$700,000 - $799,999",new,2026-10-01,true,0
Elsie Diez,(954) 450-4790,+19544504790,"472 SW 159th Dr Pembroke Pines, FL 33027","$100,000 - $124,999","$900,000 - $999,999",new,2026-10-01,true,0
Wayne Sutter,(954) 431-8438,+19544318438,"452 SW 159th Dr Pembroke Pines, FL 33027","$60,000 - $69,999","$800,000 - $899,999",new,2026-10-01,true,0
Jerome Mostek,(480) 633-0668,+14806330668,"451 N 159th Pl Gilbert, AZ 85234","$175,000 - $199,999","$800,000 - $899,999",new,2026-10-01,true,0
Clara Faya,(954) 443-1992,+19544431992,"389 SW 159th Ter Pembroke Pines, FL 33027","$100,000 - $124,999","$800,000 - $899,999",new,2026-10-01,true,0
Mary O'Banner,(954) 431-3324,+19544313324,"322 SW 159th Dr Pembroke Pines, FL 33027","$60,000 - $69,999","$700,000 - $799,999",new,2026-10-01,true,0
Dannie Imbert,(954) 443-8474,+19544438474,"321 SW 159th Dr Pembroke Pines, FL 33027","$100,000 - $124,999","$900,000 - $999,999",new,2026-10-01,true,0
John Craddock,(425) 641-4969,+14256414969,"164 159th Ave SE Bellevue, WA 98008","$300,000 - $399,999","$1,000,000+",new,2026-10-01,true,0
Chuck Walle,(253) 535-2554,+12535352554,"3123 158th Street Ct E Tacoma, WA 98446","$200,000 - $249,999","$800,000 - $899,999",new,2026-10-01,true,0
Charles Phillips,(360) 879-2528,+13608792528,"29101 158th Ave E Graham, WA 98338","$400,000 - $499,999","$1,000,000+",new,2026-10-01,true,0
Darleen Stone,(360) 879-5001,+13608795001,"29029 158th Ave E Graham, WA 98338","$400,000 - $499,999","$1,000,000+",new,2026-10-01,true,0
Jeffrey Smiley,(360) 893-2955,+13608932955,"26727 158th Ave E Graham, WA 98338","$400,000 - $499,999","$800,000 - $899,999",new,2026-10-01,true,0
Alexis Lodde,(305) 235-5935,+13052355935,"18451 SW 158th St Miami, FL 33187","$200,000 - $249,999","$1,000,000+",new,2026-10-01,true,0
Isidro Lopez,(305) 259-1661,+13052591661,"18396 SW 158th St Miami, FL 33187","$250,000 - $299,999","$1,000,000+",new,2026-10-01,true,0
Sandra Lobue,(305) 251-8813,+13052518813,"18200 SW 158th St Miami, FL 33187","$300,000 - $399,999","$1,000,000+",new,2026-10-01,true,0
James Murray,(718) 978-3956,+17189783956,"13411 158th St Jamaica, NY 11434","$30,000 - $39,999","$700,000 - $799,999",new,2026-10-01,true,0
Joseph Legare,(360) 435-4249,+13604354249,"13204 158th Pl NE Arlington, WA 98223","$90,000 - $99,999","$700,000 - $799,999",new,2026-10-01,true,0
Steven Bannister,(360) 403-3376,+13604033376,"13031 158th Pl NE Arlington, WA 98223","$175,000 - $199,999","$700,000 - $799,999",new,2026-10-01,true,0
Lucille Spivey,(718) 978-3865,+17189783865,"13027 158th St Jamaica, NY 11434","$30,000 - $39,999","$700,000 - $799,999",new,2026-10-01,true,0
Keisha Miller,(718) 528-4013,+17185284013,"12911 158th St Jamaica, NY 11434","$40,000 - $49,999","$700,000 - $799,999",new,2026-10-01,true,0
Andrea Robinson,(718) 848-8781,+17188488781,"11420 158th St Jamaica, NY 11434","$30,000 - $39,999","$700,000 - $799,999",new,2026-10-01,true,0
Gayle Elam,(425) 867-9002,+14258679002,"10551 158th Ave NE Redmond, WA 98052","$250,000 - $299,999","$1,000,000+",new,2026-10-01,true,0
Stephen Misuraca,(718) 641-1307,+17186411307,"10105 158th Ave Howard Beach, NY 11414","$60,000 - $69,999","$800,000 - $899,999",new,2026-10-01,true,0
Ralph Quarto,(718) 835-6184,+17188356184,"9709 158th Ave Howard Beach, NY 11414","$40,000 - $49,999","$900,000 - $999,999",new,2026-10-01,true,0
Michael Goodman,(718) 961-9259,+17189619259,"3212 160th St Flushing, NY 11358","$40,000 - $49,999","$1,000,000+",new,2026-10-01,true,0
Jacqueline Cutaia,(718) 359-2303,+17183592303,"3230 160th St Flushing, NY 11358","$400,000 - $499,999","$1,000,000+",new,2026-10-01,true,0
Melani Zaharis,(718) 357-4844,+17183574844,"3327 160th St Flushing, NY 11358","$300,000 - $399,999","$1,000,000+",new,2026-10-01,true,0
Alan Gellerman,(718) 886-1834,+17188861834,"3334 160th St Flushing, NY 11358","$300,000 - $399,999","$1,000,000+",new,2026-10-01,true,0
Ansell Horn,(718) 463-1375,+17184631375,"3356 160th St Flushing, NY 11358","$100,000 - $124,999","$1,000,000+",new,2026-10-01,true,0
Joyce Kowpak,(718) 463-0877,+17184630877,"3547 160th St Flushing, NY 11358","$100,000 - $124,999","$1,000,000+",new,2026-10-01,true,0
Teresa Woodward,(206) 366-8100,+12063668100,"4013 NE 160th St Lake Forest Park, WA 98155","$250,000 - $299,999","$1,000,000+",new,2026-10-01,true,0
Koon Fungng,(718) 961-9194,+17189619194,"4530 160th St Flushing, NY 11358","$40,000 - $49,999","$700,000 - $799,999",new,2026-10-01,true,0
Evangeline Uong,(718) 539-2457,+17185392457,"4627 160th St Flushing, NY 11358","$50,000 - $59,999","$900,000 - $999,999",new,2026-10-01,true,0
Mary Descovich,(718) 359-1612,+17183591612,"4718 160th St Flushing, NY 11358","$50,000 - $59,999","$800,000 - $899,999",new,2026-10-01,true,0
Carrie Blanton,(425) 562-0420,+14255620420,"4991 160th Ct SE Bellevue, WA 98006","$400,000 - $499,999","$1,000,000+",new,2026-10-01,true,0
Sebastian Parisi,(718) 353-0813,+17183530813,"2940 160th St Flushing, NY 11358","$50,000 - $59,999","$1,000,000+",new,2026-10-01,true,0
Rocco Bova,(718) 461-2127,+17184612127,"2933 160th St Flushing, NY 11358","$200,000 - $249,999","$1,000,000+",new,2026-10-01,true,0
Robert Burmeister,(515) 369-9910,+15153699910,"2928 160th St Urbandale, IA 50323","$200,000 - $249,999","$1,000,000+",new,2026-10-01,true,0
James Ballard,(515) 987-7656,+15159877656,"2925 160th St Urbandale, IA 50323","$200,000 - $249,999","$700,000 - $799,999",new,2026-10-01,true,0
Mai Mazzie,(718) 886-2824,+17188862824,"2922 160th St Flushing, NY 11358","$300,000 - $399,999","$900,000 - $999,999",new,2026-10-01,true,0
Tyrone Petsche,(515) 978-6911,+15159786911,"2916 160th St Urbandale, IA 50323","$200,000 - $249,999","$700,000 - $799,999",new,2026-10-01,true,0
Kraig Kuhlers,(515) 369-8061,+15153698061,"2912 160th St Urbandale, IA 50323","$400,000 - $499,999","$700,000 - $799,999",new,2026-10-01,true,0
Swana Cheng,(515) 987-2289,+15159872289,"2803 160th St Urbandale, IA 50323","$200,000 - $249,999","$700,000 - $799,999",new,2026-10-01,true,0
John Varallo,(718) 746-6453,+17187466453,"2620 160th St Flushing, NY 11358","$30,000 - $39,999","$800,000 - $899,999",new,2026-10-01,true,0
Rachel Nemeth,(310) 318-1530,+13103181530,"2615 160th St Redondo Beach, CA 90278","$300,000 - $399,999","$1,000,000+",new,2026-10-01,true,0
Stella Dawson,(718) 225-5662,+17182255662,"2612 160th St Flushing, NY 11358","$30,000 - $39,999","$700,000 - $799,999",new,2026-10-01,true,0
Antonios Samartzis,(718) 747-5377,+17187475377,"2537 160th St Flushing, NY 11358","$100,000 - $124,999","$1,000,000+",new,2026-10-01,true,0
Mike Moraitis,(718) 747-2820,+17187472820,"2512 160th St Flushing, NY 11358","$50,000 - $59,999","$1,000,000+",new,2026-10-01,true,0
Maria Codispoti,(718) 767-0937,+17187670937,"2415 160th St Whitestone, NY 11357","$250,000 - $299,999","$1,000,000+",new,2026-10-01,true,0
Diane Kierenia,(718) 746-3138,+17187463138,"2407 160th St Whitestone, NY 11357","$60,000 - $69,999","$1,000,000+",new,2026-10-01,true,0
Dayna Hennessy,(715) 265-0040,+17152650040,"2336 160th Ave Emerald, WI 54013","$100,000 - $124,999","$900,000 - $999,999",new,2026-10-01,true,0
Rosaria Vicari,(718) 767-0759,+17187670759,"2204 160th St Whitestone, NY 11357","$250,000 - $299,999","$800,000 - $899,999",new,2026-10-01,true,0
James Kemp,(206) 241-7353,+12062417353,"2121 SW 160th Pl Burien, WA 98166","$300,000 - $399,999","$1,000,000+",new,2026-10-01,true,0
Peggy Wille,(507) 776-2283,+15077762283,"2059 160th Ave Truman, MN 56088","$100,000 - $124,999","$1,000,000+",new,2026-10-01,true,0
Robert Clemons,(515) 432-7776,+15154327776,"1675 160th St Boone, IA 50036","$300,000 - $399,999","$900,000 - $999,999",new,2026-10-01,true,0
Hoin Lee,(718) 767-5265,+17187675265,"1474 160th St # 1 Whitestone, NY 11357","$60,000 - $69,999","$1,000,000+",new,2026-10-01,true,0
Antonio Lobrutto,(718) 746-1459,+17187461459,"1307 160th St Whitestone, NY 11357","$200,000 - $249,999","$1,000,000+",new,2026-10-01,true,0
Nick Restagno,(718) 746-6858,+17187466858,"1235 160th St Whitestone, NY 11357","$250,000 - $299,999","$1,000,000+",new,2026-10-01,true,0
Anastasia Gogos,(718) 746-4582,+17187464582,"1215 160th St Whitestone, NY 11357","$400,000 - $499,999","$1,000,000+",new,2026-10-01,true,0
Carmela Cerasuolo,(718) 746-5028,+17187465028,"1206 160th St Whitestone, NY 11357","$300,000 - $399,999","$1,000,000+",new,2026-10-01,true,0
Angie Takos,(718) 357-5141,+17183575141,"1103 160th St Whitestone, NY 11357","$250,000 - $299,999","$1,000,000+",new,2026-10-01,true,0
Daniel Palmer,(253) 535-9230,+12535359230,"811 160th St S Spanaway, WA 98387","$200,000 - $249,999","$900,000 - $999,999",new,2026-10-01,true,0
Jeffrey Baumann,(616) 848-7160,+16168487160,"333 N 160th Ave Holland, MI 49424","$300,000 - $399,999","$700,000 - $799,999",new,2026-10-01,true,0
Nathaniel Gibson,(305) 940-8008,+13059408008,"69 NE 160th St Miami, FL 33162","$30,000 - $39,999","$700,000 - $799,999",new,2026-10-01,true,0
Brian Cataldo,(231) 796-7706,+12317967706,"23455 16 Mile Rd Big Rapids, MI 49307","$200,000 - $249,999","$800,000 - $899,999",new,2026-10-01,true,0
Kenneth Tice,(715) 986-2201,+17159862201,"95 16 3/4 Ave Turtle Lake, WI 54889","$200,000 - $249,999","$1,000,000+",new,2026-10-01,true,0
Danny Bundy,(231) 824-9716,+12318249716,"2630 E 16 1/2 Rd Manton, MI 49663","$60,000 - $69,999","$900,000 - $999,999",new,2026-10-01,true,0
Larry Pithan,(309) 798-2926,+13097982926,"986 15th Street Ct E Andalusia, IL 61232","$300,000 - $399,999","$1,000,000+",new,2026-10-01,true,0
Gonzalo Santana,(323) 734-7361,+13237347361,"2964 1/4 W 15th St Los Angeles, CA 90006","$40,000 - $49,999","$1,000,000+",new,2026-10-01,true,0
Herbert Kellogg,(661) 942-7693,+16619427693,"42653 15th St W Lancaster, CA 93534","$40,000 - $49,999","$700,000 - $799,999",new,2026-10-01,true,0
Gary Cort,(623) 582-0274,+16235820274,"35823 N 15th Ln Phoenix, AZ 85086","$50,000 - $59,999","$1,000,000+",new,2026-10-01,true,0
Helen Kirkpatrick,(360) 835-5429,+13608355429,"33219 SE 15th St Washougal, WA 98671","$50,000 - $59,999","$700,000 - $799,999",new,2026-10-01,true,0
Brian Joubert,(360) 629-3300,+13606293300,"30724 15th Ave NE Stanwood, WA 98292","$400,000 - $499,999","$700,000 - $799,999",new,2026-10-01,true,0
Aldo Guerra,(623) 587-0765,+16235870765,"27720 N 15th Dr Phoenix, AZ 85085","$400,000 - $499,999","$1,000,000+",new,2026-10-01,true,0
Mark Mcphee,(425) 868-4943,+14258684943,"26601 NE 15th St Redmond, WA 98053","$400,000 - $499,999","$1,000,000+",new,2026-10-01,true,0
Glen Langer,(425) 391-3020,+14253913020,"23107 SE 15th St Sammamish, WA 98075","$300,000 - $399,999","$1,000,000+",new,2026-10-01,true,0
Reed Thorkildsen,(425) 836-4564,+14258364564,"20337 NE 15th Pl Sammamish, WA 98074","$400,000 - $499,999","$1,000,000+",new,2026-10-01,true,0
Charles Strawn,(206) 542-4448,+12065424448,"20325 15th Ave NW Shoreline, WA 98177","$400,000 - $499,999","$800,000 - $899,999",new,2026-10-01,true,0
Maria Fridas,(718) 352-6462,+17183526462,"20008 15th Rd # 2 Bayside, NY 11360","$300,000 - $399,999","$800,000 - $899,999",new,2026-10-01,true,0
Robert Bearman,(425) 836-8797,+14258368797,"19618 SE 15th Pl Issaquah, WA 98075","$250,000 - $299,999","$1,000,000+",new,2026-10-01,true,0
Deborah Ell,(206) 365-1384,+12063651384,"18323 15th Pl NE Shoreline, WA 98155","$300,000 - $399,999","$800,000 - $899,999",new,2026-10-01,true,0
Douglas Ressler,(954) 430-1442,+19544301442,"18302 NW 15th Ct Pembroke Pines, FL 33029","$150,000 - $174,999","$700,000 - $799,999",new,2026-10-01,true,0
Murtaza Jameer,(954) 894-9722,+19548949722,"18020 NW 15th Ct Pembroke Pines, FL 33029","$100,000 - $124,999","$700,000 - $799,999",new,2026-10-01,true,0
Robert Minnaugh,(954) 450-2990,+19544502990,"17905 NW 15th St Pembroke Pines, FL 33029","$100,000 - $124,999","$1,000,000+",new,2026-10-01,true,0
Patricia Vignau,(954) 431-3105,+19544313105,"17836 NW 15th Ct Pembroke Pines, FL 33029","$100,000 - $124,999","$800,000 - $899,999",new,2026-10-01,true,0
Alicia Abreu,(954) 432-0090,+19544320090,"17821 NW 15th St Pembroke Pines, FL 33029","$200,000 - $249,999","$1,000,000+",new,2026-10-01,true,0
Mary White,(954) 392-8168,+19543928168,"17816 NW 15th St Pembroke Pines, FL 33029","$300,000 - $399,999","$900,000 - $999,999",new,2026-10-01,true,0
George Smith,(954) 441-1166,+19544411166,"16758 NW 15th St Pembroke Pines, FL 33028","$300,000 - $399,999","$700,000 - $799,999",new,2026-10-01,true,0
Kuai Tan,(718) 225-0908,+17182250908,"16630 15th Dr Whitestone, NY 11357","$400,000 - $499,999","$800,000 - $899,999",new,2026-10-01,true,0
Theodore Matwijiw,(718) 352-0206,+17183520206,"16620 15th Dr Whitestone, NY 11357","$70,000 - $79,999","$900,000 - $999,999",new,2026-10-01,true,0
Renate Chadwick,(425) 746-9331,+14257469331,"16612 SE 15th St Bellevue, WA 98008","$200,000 - $249,999","$1,000,000+",new,2026-10-01,true,0
Amado Cabrera,(954) 433-0602,+19544330602,"16485 NW 15th St Pembroke Pines, FL 33028","$100,000 - $124,999","$700,000 - $799,999",new,2026-10-01,true,0
Herbert Blackwood,(954) 447-0654,+19544470654,"16413 NW 15th St Pembroke Pines, FL 33028","$250,000 - $299,999","$700,000 - $799,999",new,2026-10-01,true,0
Stephen Ledis,(954) 441-0454,+19544410454,"16389 NW 15th St Pembroke Pines, FL 33028","$70,000 - $79,999","$700,000 - $799,999",new,2026-10-01,true,0
Ve Luong,(954) 392-7788,+19543927788,"16352 NW 15th St Pembroke Pines, FL 33028","$100,000 - $124,999","$800,000 - $899,999",new,2026-10-01,true,0
Diane Cantatore,(718) 746-6627,+17187466627,"16328 15th Dr Beechhurst, NY 11357","$70,000 - $79,999","$1,000,000+",new,2026-10-01,true,0
Tozen Kazmierowski,(718) 746-5829,+17187465829,"16321 15th Dr Apt 1 Whitestone, NY 11357","$250,000 - $299,999","$1,000,000+",new,2026-10-01,true,0
Robert Shalhoub,(718) 746-3113,+17187463113,"16316 15th Dr Flushing, NY 11357","$200,000 - $249,999","$1,000,000+",new,2026-10-01,true,0
Manuel Muina,(954) 437-2264,+19544372264,"16137 SW 15th St Pembroke Pines, FL 33027","$400,000 - $499,999","$900,000 - $999,999",new,2026-10-01,true,0
Ilsa Armendariz,(954) 450-0010,+19544500010,"15962 NW 15th Mnr Pembroke Pines, FL 33028","$80,000 - $89,999","$700,000 - $799,999",new,2026-10-01,true,0
Paul Fluty,(954) 447-6919,+19544476919,"15955 SW 15th St Pembroke Pines, FL 33027","$400,000 - $499,999","$800,000 - $899,999",new,2026-10-01,true,0
Bennie Perdue,(954) 442-9970,+19544429970,"15953 SW 15th St Pembroke Pines, FL 33027","$100,000 - $124,999","$700,000 - $799,999",new,2026-10-01,true,0
Thomas Albano,(425) 643-9338,+14256439338,"15940 NE 15th St Bellevue, WA 98008","$100,000 - $124,999","$900,000 - $999,999",new,2026-10-01,true,0
Mark Lumsden,(954) 370-1296,+19543701296,"15901 SW 15th St Weston, FL 33326","$250,000 - $299,999","$1,000,000+",new,2026-10-01,true,0
Clare Tierney,(718) 767-0483,+17187670483,"14912 15th Rd Whitestone, NY 11357","$100,000 - $124,999","$1,000,000+",new,2026-10-01,true,0
Pedro Valdes,(305) 229-0011,+13052290011,"14910 SW 15th Ln Miami, FL 33194","$200,000 - $249,999","$800,000 - $899,999",new,2026-10-01,true,0
James Perry,(602) 564-7964,+16025647964,"14802 N 15th Ave Phoenix, AZ 85023","$400,000 - $499,999","$900,000 - $999,999",new,2026-10-01,true,0
Syed Ali,(718) 747-7581,+17187477581,"14723 15th Ave Whitestone, NY 11357","$300,000 - $399,999","$1,000,000+",new,2026-10-01,true,0
Michelle Kuss,(651) 436-8996,+16514368996,"14720 15th St S Afton, MN 55001","$250,000 - $299,999","$800,000 - $899,999",new,2026-10-01,true,0
Daniel Spitler,(602) 862-9438,+16028629438,"14662 N 15th Ave Phoenix, AZ 85023","$400,000 - $499,999","$900,000 - $999,999",new,2026-10-01,true,0
Pedro Collado,(718) 760-4835,+17187604835,"14504 15th Ave Whitestone, NY 11357","$300,000 - $399,999","$1,000,000+",new,2026-10-01,true,0
Ashwin Patel,(602) 559-4055,+16025594055,"14430 N 15th Dr Phoenix, AZ 85023","$300,000 - $399,999","$1,000,000+",new,2026-10-01,true,0
Dino Peretti,(206) 243-8627,+12062438627,"14305 15th Ave SW Burien, WA 98166","$200,000 - $249,999","$800,000 - $899,999",new,2026-10-01,true,0
Bruce Megee,(954) 472-4494,+19544724494,"14181 SW 15th Ct Davie, FL 33325","$50,000 - $59,999","$1,000,000+",new,2026-10-01,true,0
Michael Edgell,(651) 436-4428,+16514364428,"14141 15th St S Afton, MN 55001","$300,000 - $399,999","$800,000 - $899,999",new,2026-10-01,true,0
Zory Ochakovskiy,(718) 767-3736,+17187673736,"14107 15th Ave Whitestone, NY 11357","$100,000 - $124,999","$800,000 - $899,999",new,2026-10-01,true,0
David Mack,(754) 779-7505,+17547797505,"14071 SW 15th Ct Davie, FL 33325","$400,000 - $499,999","$1,000,000+",new,2026-10-01,true,0
Daris Bultena,(754) 702-8884,+17547028884,"12178 NW 15th Ct Coral Springs, FL 33071","$400,000 - $499,999","$700,000 - $799,999",new,2026-10-01,true,0
John Pennebaker,(954) 255-7417,+19542557417,"12142 NW 15th Ct Coral Springs, FL 33071","$175,000 - $199,999","$700,000 - $799,999",new,2026-10-01,true,0
Kevin Horstman,(352) 300-3259,+13523003259,"11820 SE 15th Cir Ocala, FL 34480","$50,000 - $59,999","$900,000 - $999,999",new,2026-10-01,true,0
Rosemary O'Dowd,(954) 424-6010,+19544246010,"11261 NW 15th St Plantation, FL 33323","$400,000 - $499,999","$1,000,000+",new,2026-10-01,true,0
John Bell,(954) 452-8012,+19544528012,"11240 NW 15th St Plantation, FL 33323","$250,000 - $299,999","$1,000,000+",new,2026-10-01,true,0
Dean Morrison,(954) 346-8393,+19543468393,"10392 NW 15th St Coral Springs, FL 33071","$100,000 - $124,999","$700,000 - $799,999",new,2026-10-01,true,0
Michael Carbo,(954) 752-7017,+19547527017,"9935 NW 15th Ct Coral Springs, FL 33071","$90,000 - $99,999","$700,000 - $799,999",new,2026-10-01,true,0
Bruce Salzman,(954) 370-0189,+19543700189,"9831 NW 15th St Plantation, FL 33322","$100,000 - $124,999","$700,000 - $799,999",new,2026-10-01,true,0
Gail Gowdy,(206) 782-0107,+12067820107,"9815 15th Ave NW Seattle, WA 98117","$400,000 - $499,999","$1,000,000+",new,2026-10-01,true,0
Kim Nguyen,(206) 768-2408,+12067682408,"9414 15th Ave SW Seattle, WA 98106","$80,000 - $89,999","$700,000 - $799,999",new,2026-10-01,true,0
Todd Shelton,(206) 782-1917,+12067821917,"9234 15th Ave NW Seattle, WA 98117","$250,000 - $299,999","$1,000,000+",new,2026-10-01,true,0
Eric Valgardson,(503) 208-3054,+15032083054,"9130 SW 15th Ave Portland, OR 97219","$100,000 - $124,999","$700,000 - $799,999",new,2026-10-01,true,0
Fred Harwin,(503) 246-7479,+15032467479,"9101 SW 15th Ave Portland, OR 97219","$400,000 - $499,999","$1,000,000+",new,2026-10-01,true,0
Thomas Mortillaro,(718) 259-1736,+17182591736,"8890 15th Ave Brooklyn, NY 11228","$400,000 - $499,999","$1,000,000+",new,2026-10-01,true,0
Mark Cordova,(425) 454-2411,+14254542411,"8820 NE 15th Pl Clyde Hill, WA 98004","$300,000 - $399,999","$1,000,000+",new,2026-10-01,true,0
Frank Sarrica,(718) 331-7840,+17183317840,"8747 15th Ave Fl 1 Brooklyn, NY 11228","$50,000 - $59,999","$1,000,000+",new,2026-10-01,true,0
Bruno Corry,(718) 232-5595,+17182325595,"8723 15th Ave Brooklyn, NY 11228","$70,000 - $79,999","$1,000,000+",new,2026-10-01,true,0
Robert Lee,(727) 576-0693,+17275760693,"8673 15th Way N Saint Petersburg, FL 33702","$400,000 - $499,999","$700,000 - $799,999",new,2026-10-01,true,0
Daniel Chan,(718) 236-5286,+17182365286,"8665 15th Ave Brooklyn, NY 11228","$100,000 - $124,999","$1,000,000+",new,2026-10-01,true,0
Ikam Chio,(718) 236-4802,+17182364802,"8653 15th Ave Brooklyn, NY 11228","$250,000 - $299,999","$1,000,000+",new,2026-10-01,true,0
David Stojanovich,(425) 455-3805,+14254553805,"8528 NE 15th St Clyde Hill, WA 98004","$300,000 - $399,999","$1,000,000+",new,2026-10-01,true,0
Orlando Roman,(954) 227-7276,+19542277276,"8189 NW 15th Ct Coral Springs, FL 33071","$150,000 - $174,999","$800,000 - $899,999",new,2026-10-01,true,0
Francesco Lico,(718) 232-5310,+17182325310,"8007 15th Ave Apt 1 Brooklyn, NY 11228","$70,000 - $79,999","$1,000,000+",new,2026-10-01,true,0
Ursula Sunder,(718) 259-6394,+17182596394,"7724 15th Ave Brooklyn, NY 11228","$50,000 - $59,999","$1,000,000+",new,2026-10-01,true,0
Cynthia Caporale,(718) 259-3293,+17182593293,"7421 15th Ave Brooklyn, NY 11228","$60,000 - $69,999","$1,000,000+",new,2026-10-01,true,0
Geoffrey Davis,(727) 520-0777,+17275200777,"7248 15th Ct NE Saint Petersburg, FL 33702","$400,000 - $499,999","$700,000 - $799,999",new,2026-10-01,true,0
Charles Milligan,(202) 750-7652,+12027507652,"7226 15th Pl NW Washington, DC 20012","$300,000 - $399,999","$1,000,000+",new,2026-10-01,true,0
Anthony Dileo,(718) 331-2303,+17183312303,"7122 15th Ave Apt 1 Brooklyn, NY 11228","$30,000 - $39,999","$1,000,000+",new,2026-10-01,true,0
Moeun Kang,(206) 767-2293,+12067672293,"6747 15th Ave SW Seattle, WA 98106","$60,000 - $69,999","$700,000 - $799,999",new,2026-10-01,true,0
Barry Cox,(405) 348-6938,+14053486938,"6603 E 15th St Edmond, OK 73013","$400,000 - $499,999","$800,000 - $899,999",new,2026-10-01,true,0
Barry Maglaughlin,(703) 548-0450,+17035480450,"6415 15th St Alexandria, VA 22307","$400,000 - $499,999","$1,000,000+",new,2026-10-01,true,0
Douglas Stropes,(703) 532-2829,+17035322829,"6301 15th Rd N Arlington, VA 22205","$300,000 - $399,999","$900,000 - $999,999",new,2026-10-01,true,0
Elizabeth Pinkston,(703) 533-2958,+17035332958,"6278 15th Pl N Arlington, VA 22205","$100,000 - $124,999","$700,000 - $799,999",new,2026-10-01,true,0
Elizabeth Guzzi,(703) 241-1583,+17032411583,"6272 15th Pl N Arlington, VA 22205","$400,000 - $499,999","$700,000 - $799,999",new,2026-10-01,true,0
Daniel Petrovich,(954) 581-6445,+19545816445,"6260 SW 15th St Plantation, FL 33317","$100,000 - $124,999","$800,000 - $899,999",new,2026-10-01,true,0
Curtis Criswell,(571) 431-7126,+15714317126,"6250 15th Pl N Arlington, VA 22205","$300,000 - $399,999","$1,000,000+",new,2026-10-01,true,0
Stacia Miller,(703) 241-1862,+17032411862,"5935 15th St N Arlington, VA 22205","$250,000 - $299,999","$1,000,000+",new,2026-10-01,true,0
John Hartel,(703) 534-8448,+17035348448,"5924 15th St N Arlington, VA 22205","$400,000 - $499,999","$1,000,000+",new,2026-10-01,true,0
Deirdre Sweet,(703) 538-2332,+17035382332,"5840 15th St N Arlington, VA 22205","$200,000 - $249,999","$1,000,000+",new,2026-10-01,true,0
Angelo Petreccia,(954) 771-4191,+19547714191,"5737 NE 15th Ave Fort Lauderdale, FL 33334","$175,000 - $199,999","$1,000,000+",new,2026-10-01,true,0
Philippe Kuperman,(954) 990-5734,+19549905734,"5631 NE 15th Ave Fort Lauderdale, FL 33334","$100,000 - $124,999","$800,000 - $899,999",new,2026-10-01,true,0
Adele Silber,(718) 851-5444,+17188515444,"5517 15th Ave Brooklyn, NY 11219","$70,000 - $79,999","$1,000,000+",new,2026-10-01,true,0
Marilyn Muter,(954) 772-6769,+19547726769,"5411 NE 15th Ave Fort Lauderdale, FL 33334","$100,000 - $124,999","$800,000 - $899,999",new,2026-10-01,true,0
Francis Pittinaro,(954) 581-5637,+19545815637,"5290 SW 15th Pl Plantation, FL 33317","$100,000 - $124,999","$900,000 - $999,999",new,2026-10-01,true,0
Kenneth Strand,(954) 587-2692,+19545872692,"5271 SW 15th Pl Plantation, FL 33317","$300,000 - $399,999","$700,000 - $799,999",new,2026-10-01,true,0
Henya Gottlieb,(718) 871-8981,+17188718981,"5207 15th Ave Apt 3 Brooklyn, NY 11219","$250,000 - $299,999","$1,000,000+",new,2026-10-01,true,0
Ann Seits,(703) 524-5240,+17035245240,"5151 15th St N Arlington, VA 22205","$300,000 - $399,999","$1,000,000+",new,2026-10-01,true,0
Robert Croog,(571) 312-5583,+15713125583,"5134 15th St N Arlington, VA 22205","$400,000 - $499,999","$1,000,000+",new,2026-10-01,true,0
Patrick Saccomandi,(703) 522-8376,+17035228376,"4911 15th St N Arlington, VA 22205","$200,000 - $249,999","$1,000,000+",new,2026-10-01,true,0
Donald Pedersen,(954) 771-0727,+19547710727,"4721 NE 15th Ter Oakland Park, FL 33334","$50,000 - $59,999","$700,000 - $799,999",new,2026-10-01,true,0
Ann Pfaff,(307) 234-9874,+13072349874,"4711 E 15th St Casper, WY 82609","$70,000 - $79,999","$700,000 - $799,999",new,2026-10-01,true,0
Kathryn Lasso,(202) 291-4997,+12022914997,"4706 15th St NW Washington, DC 20011","$300,000 - $399,999","$700,000 - $799,999",new,2026-10-01,true,0
Julia Elliott,(202) 722-0895,+12027220895,"4612 15th St NW Washington, DC 20011","$300,000 - $399,999","$900,000 - $999,999",new,2026-10-01,true,0
Dana Baughns,(202) 723-1242,+12027231242,"4611 15th St NW Washington, DC 20011","$250,000 - $299,999","$900,000 - $999,999",new,2026-10-01,true,0
Waldet Arciaga,(206) 763-4787,+12067634787,"4556 15th Ave S Seattle, WA 98108","$175,000 - $199,999","$700,000 - $799,999",new,2026-10-01,true,0
Julia Perkins,(202) 364-9586,+12023649586,"4521 15th St NW Washington, DC 20011","$200,000 - $249,999","$800,000 - $899,999",new,2026-10-01,true,0
Amiel Dunn,(202) 882-2679,+12028822679,"4510 15th St NW Washington, DC 20011","$60,000 - $69,999","$700,000 - $799,999",new,2026-10-01,true,0
Clyde Coble,(202) 829-0970,+12028290970,"4506 15th St NW Washington, DC 20011","$300,000 - $399,999","$700,000 - $799,999",new,2026-10-01,true,0
Dirk Smith,(202) 462-1717,+12024621717,"4500 15th St NW Washington, DC 20011","$250,000 - $299,999","$900,000 - $999,999",new,2026-10-01,true,0
James Guynn,(703) 243-0565,+17032430565,"4427 15th St N Arlington, VA 22207","$300,000 - $399,999","$900,000 - $999,999",new,2026-10-01,true,0
Stanley Dobson,(703) 528-5685,+17035285685,"4409 15th St N Arlington, VA 22207","$300,000 - $399,999","$900,000 - $999,999",new,2026-10-01,true,0
William Woods,(912) 638-3546,+19126383546,"4326 15th St Saint Simons Island, GA 31522","$300,000 - $399,999","$1,000,000+",new,2026-10-01,true,0
Wayne Singh,(954) 776-3404,+19547763404,"4310 NE 15th Way Oakland Park, FL 33334","$400,000 - $499,999","$900,000 - $999,999",new,2026-10-01,true,0
Margaret Kihara,(206) 762-6558,+12067626558,"4308 15th Ave S Seattle, WA 98108","$80,000 - $89,999","$900,000 - $999,999",new,2026-10-01,true,0
Rudolph Braccili,(954) 537-7957,+19545377957,"4230 NE 15th Ave Oakland Park, FL 33334","$100,000 - $124,999","$700,000 - $799,999",new,2026-10-01,true,0
Marilyn Keinath,(303) 447-8464,+13034478464,"4176 15th St Boulder, CO 80304","$250,000 - $299,999","$1,000,000+",new,2026-10-01,true,0
John Conill,(954) 565-8962,+19545658962,"4130 NE 15th Ter Oakland Park, FL 33334","$100,000 - $124,999","$700,000 - $799,999",new,2026-10-01,true,0
Daniel Quinn,(954) 563-9785,+19545639785,"4120 NE 15th Ter Oakland Park, FL 33334","$50,000 - $59,999","$700,000 - $799,999",new,2026-10-01,true,0
Lung Tat,(206) 768-9660,+12067689660,"4112 15th Ave S Seattle, WA 98108","$90,000 - $99,999","$700,000 - $799,999",new,2026-10-01,true,0
Richard Bosco,(954) 566-8620,+19545668620,"4110 NE 15th Ter Oakland Park, FL 33334","$250,000 - $299,999","$900,000 - $999,999",new,2026-10-01,true,0
Robert Mayfield,(360) 887-8991,+13608878991,"4012 S 15th St Ridgefield, WA 98642","$80,000 - $89,999","$700,000 - $799,999",new,2026-10-01,true,0
Sam Namba,(206) 767-3425,+12067673425,"3954 15th Ave S Seattle, WA 98108","$200,000 - $249,999","$900,000 - $999,999",new,2026-10-01,true,0
Henry Blazer,(718) 438-2889,+17184382889,"3602 15th Ave Brooklyn, NY 11218","$30,000 - $39,999","$700,000 - $799,999",new,2026-10-01,true,0
Curtis Porter,(202) 635-0868,+12026350868,"3514 15th St NE Washington, DC 20017","$400,000 - $499,999","$1,000,000+",new,2026-10-01,true,0
Coleman White,(703) 536-8254,+17035368254,"3506 15th St N Arlington, VA 22201","$400,000 - $499,999","$1,000,000+",new,2026-10-01,true,0
Kevin Osborn,(703) 524-1286,+17035241286,"3411 15th St N Arlington, VA 22201","$300,000 - $399,999","$1,000,000+",new,2026-10-01,true,0
Debi Davis,(954) 566-8245,+19545668245,"3315 NE 15th St Fort Lauderdale, FL 33304","$50,000 - $59,999","$800,000 - $899,999",new,2026-10-01,true,0
Richard Blanchar,(954) 561-0567,+19545610567,"3300 NE 15th St Fort Lauderdale, FL 33304","$100,000 - $124,999","$1,000,000+",new,2026-10-01,true,0
Roger Barranco,(954) 783-6278,+19547836278,"3262 NE 15th St Pompano Beach, FL 33062","$200,000 - $249,999","$700,000 - $799,999",new,2026-10-01,true,0
Leon Oberreuter,(360) 887-4284,+13608874284,"3011 S 15th St Ridgefield, WA 98642","$100,000 - $124,999","$1,000,000+",new,2026-10-01,true,0
Charles Dinsmore,(954) 568-5357,+19545685357,"2996 NE 15th Ter Oakland Park, FL 33334","$150,000 - $174,999","$800,000 - $899,999",new,2026-10-01,true,0
Amilcar Moscoso,(323) 730-1133,+13237301133,"2963 W 15th St Los Angeles, CA 90006","$50,000 - $59,999","$1,000,000+",new,2026-10-01,true,0
Alan Shusterman,(503) 287-6443,+15032876443,"2905 NE 15th Ave Portland, OR 97212","$150,000 - $174,999","$700,000 - $799,999",new,2026-10-01,true,0
Kenton Corum,(503) 284-6507,+15032846507,"2825 NE 15th Ave Portland, OR 97212","$150,000 - $174,999","$800,000 - $899,999",new,2026-10-01,true,0
Jaime Prendergast,(718) 996-3620,+17189963620,"2814 W 15th St Brooklyn, NY 11224","$100,000 - $124,999","$700,000 - $799,999",new,2026-10-01,true,0
Kelli Cullinan,(415) 661-8979,+14156618979,"2639 15th Ave San Francisco, CA 94127","$300,000 - $399,999","$1,000,000+",new,2026-10-01,true,0
Otohiro Suzuki,(415) 566-8967,+14155668967,"2550 15th Ave San Francisco, CA 94127","$60,000 - $69,999","$1,000,000+",new,2026-10-01,true,0
James Bennan,(415) 665-8033,+14156658033,"2541 15th Ave San Francisco, CA 94127","$200,000 - $249,999","$900,000 - $999,999",new,2026-10-01,true,0
Chark Wong,(415) 731-5229,+14157315229,"2490 15th Ave San Francisco, CA 94116","$100,000 - $124,999","$900,000 - $999,999",new,2026-10-01,true,0
Alex Malfanti,(954) 788-8088,+19547888088,"2453 SE 15th St Pompano Beach, FL 33062","$400,000 - $499,999","$1,000,000+",new,2026-10-01,true,0
Angelina Gonzalez,(305) 854-8482,+13058548482,"2450 SW 15th St Miami, FL 33145","$70,000 - $79,999","$700,000 - $799,999",new,2026-10-01,true,0
Alvin Wellington,(718) 743-2137,+17187432137,"2450 E 15th St Brooklyn, NY 11235","$60,000 - $69,999","$800,000 - $899,999",new,2026-10-01,true,0
Kathleen Trewin,(415) 558-9086,+14155589086,"2432 15th St San Francisco, CA 94114","$40,000 - $49,999","$1,000,000+",new,2026-10-01,true,0
Edward Lau,(718) 648-4655,+17186484655,"2401 E 15th St Brooklyn, NY 11235","$100,000 - $124,999","$900,000 - $999,999",new,2026-10-01,true,0
Edmond Chew,(415) 661-3645,+14156613645,"2375 15th Ave San Francisco, CA 94116","$60,000 - $69,999","$1,000,000+",new,2026-10-01,true,0
Cheryl Rich,(415) 664-4242,+14156644242,"2360 15th Ave San Francisco, CA 94116","$400,000 - $499,999","$1,000,000+",new,2026-10-01,true,0
David Batiloro,(415) 753-5930,+14157535930,"2344 15th Ave San Francisco, CA 94116","$70,000 - $79,999","$1,000,000+",new,2026-10-01,true,0
Joshua Margulies,(415) 558-9429,+14155589429,"2340 15th St San Francisco, CA 94114","$400,000 - $499,999","$1,000,000+",new,2026-10-01,true,0
James Valinzo,(954) 946-4042,+19549464042,"2321 SE 15th St Pompano Beach, FL 33062","$60,000 - $69,999","$1,000,000+",new,2026-10-01,true,0
Laura Comer,(954) 565-6628,+19545656628,"2318 NE 15th Ter Wilton Manors, FL 33305","$200,000 - $249,999","$1,000,000+",new,2026-10-01,true,0
Hooly Mcspadden,(954) 876-1042,+19548761042,"2307 SE 15th St Pompano Beach, FL 33062","$50,000 - $59,999","$1,000,000+",new,2026-10-01,true,0
Christina Sans,(718) 891-8750,+17188918750,"2305 E 15th St Brooklyn, NY 11229","$70,000 - $79,999","$900,000 - $999,999",new,2026-10-01,true,0
Christine Ferrari,(415) 934-0366,+14159340366,"2295 15th St San Francisco, CA 94114","$300,000 - $399,999","$1,000,000+",new,2026-10-01,true,0
Connie Ricca,(415) 863-5122,+14158635122,"2279 15th St San Francisco, CA 94114","$200,000 - $249,999","$900,000 - $999,999",new,2026-10-01,true,0
Emanuel Legakis,(954) 783-0688,+19547830688,"2263 SE 15th St Pompano Beach, FL 33062","$400,000 - $499,999","$900,000 - $999,999",new,2026-10-01,true,0
Guido D'Amico,(415) 864-1009,+14158641009,"2247 15th St San Francisco, CA 94114","$250,000 - $299,999","$900,000 - $999,999",new,2026-10-01,true,0
Denise Olson,(954) 564-1886,+19545641886,"2212 NE 15th Ter Wilton Manors, FL 33305","$100,000 - $124,999","$1,000,000+",new,2026-10-01,true,0
Alan Habick,(954) 567-0724,+19545670724,"2206 NE 15th Ave Wilton Manors, FL 33305","$80,000 - $89,999","$1,000,000+",new,2026-10-01,true,0
Rudy Morales,(415) 552-8776,+14155528776,"2190 15th St San Francisco, CA 94114","$500,000 Plus","$800,000 - $899,999",new,2026-10-01,true,0
Debra Gordenev,(415) 564-0580,+14155640580,"2186 15th Ave San Francisco, CA 94116","$100,000 - $124,999","$800,000 - $899,999",new,2026-10-01,true,0
Mark Barbalat,(415) 759-8777,+14157598777,"2185 15th Ave San Francisco, CA 94116","$300,000 - $399,999","$900,000 - $999,999",new,2026-10-01,true,0
Billy Lui,(415) 681-9908,+14156819908,"2179 15th Ave San Francisco, CA 94116","$400,000 - $499,999","$800,000 - $899,999",new,2026-10-01,true,0
Cornelius Lucey,(415) 664-4044,+14156644044,"2166 15th Ave San Francisco, CA 94116","$300,000 - $399,999","$700,000 - $799,999",new,2026-10-01,true,0
Lindy Yurich,(415) 504-6444,+14155046444,"2148 15th Ave San Francisco, CA 94116","$400,000 - $499,999","$1,000,000+",new,2026-10-01,true,0
Marvin Iuen,(954) 999-5871,+19549995871,"2142 NE 15th Ter Wilton Manors, FL 33305","$70,000 - $79,999","$1,000,000+",new,2026-10-01,true,0
Kyong Patterson,(415) 681-2289,+14156812289,"2135 15th Ave San Francisco, CA 94116","$125,000 - $149,999","$800,000 - $899,999",new,2026-10-01,true,0
Pauline Rusterholtz,(949) 642-8611,+19496428611,"2101 E 15th St Apt 6 Newport Beach, CA 92663","$250,000 - $299,999","$1,000,000+",new,2026-10-01,true,0
David Fisher,(415) 731-8791,+14157318791,"2065 15th Ave San Francisco, CA 94116","$300,000 - $399,999","$800,000 - $899,999",new,2026-10-01,true,0
Sharon Wong,(415) 753-3713,+14157533713,"2049 15th Ave San Francisco, CA 94116","$400,000 - $499,999","$1,000,000+",new,2026-10-01,true,0
Robert Broyles,(954) 568-1194,+19545681194,"2046 NE 15th St Fort Lauderdale, FL 33304","$150,000 - $174,999","$1,000,000+",new,2026-10-01,true,0
Jonathan Hansche,(503) 287-0324,+15032870324,"2022 NE 15th Ave Portland, OR 97212","$70,000 - $79,999","$700,000 - $799,999",new,2026-10-01,true,0
John Underwood,(703) 243-3658,+17032433658,"2001 15th St N Apt 1512 Arlington, VA 22201","$250,000 - $299,999","$1,000,000+",new,2026-10-01,true,0
Arun Sanghvi,(703) 243-5235,+17032435235,"2001 15th St N Apt 1511 Arlington, VA 22201","$250,000 - $299,999","$1,000,000+",new,2026-10-01,true,0
Sam Ng,(415) 665-5111,+14156655111,"1995 15th Ave San Francisco, CA 94116","$500,000 Plus","$800,000 - $899,999",new,2026-10-01,true,0
Leila Simms,(415) 731-7486,+14157317486,"1950 15th Ave San Francisco, CA 94116","$175,000 - $199,999","$800,000 - $899,999",new,2026-10-01,true,0
Edward Misserlian,(415) 665-8329,+14156658329,"1925 15th Ave San Francisco, CA 94116","$300,000 - $399,999","$700,000 - $799,999",new,2026-10-01,true,0
Mary Sammarco,(718) 380-0106,+17183800106,"8240 166th St Jamaica, NY 11432","$100,000 - $124,999","$800,000 - $899,999",new,2026-10-01,true,0
Victor Spence,(305) 238-0671,+13052380671,"8432 SW 163rd Ter Village Of Palmetto Bay, FL 33157","$100,000 - $124,999","$900,000 - $999,999",new,2026-10-01,true,0
Ira Rubin,(305) 234-8476,+13052348476,"8435 SW 163rd Ter Village Of Palmetto Bay, FL 33157","$100,000 - $124,999","$1,000,000+",new,2026-10-01,true,0
Amarilys Acosta,(305) 557-0588,+13055570588,"8521 NW 163rd Ter Miami Lakes, FL 33016","$175,000 - $199,999","$700,000 - $799,999",new,2026-10-01,true,0
Rodney Blunck,(303) 659-9620,+13036599620,"8559 E 163rd Ct Brighton, CO 80602","$250,000 - $299,999","$1,000,000+",new,2026-10-01,true,0
Christopher Caruso,(718) 848-1342,+17188481342,"8606 163rd Ave Howard Beach, NY 11414","$250,000 - $299,999","$700,000 - $799,999",new,2026-10-01,true,0
Susan Anselona,(718) 641-0418,+17186410418,"8915 163rd Ave Howard Beach, NY 11414","$100,000 - $124,999","$800,000 - $899,999",new,2026-10-01,true,0
David Simmen,(503) 521-0719,+15035210719,"9745 SW 163rd Ave Beaverton, OR 97007","$300,000 - $399,999","$700,000 - $799,999",new,2026-10-01,true,0
Douglas Caffarone,(718) 641-7085,+17186417085,"9802 163rd Ave Howard Beach, NY 11414","$100,000 - $124,999","$800,000 - $899,999",new,2026-10-01,true,0
Shashank Radadiya,(913) 296-7198,+19132967198,"11312 W 163rd St Overland Park, KS 66221","$400,000 - $499,999","$700,000 - $799,999",new,2026-10-01,true,0
Jonathan Armas,(305) 252-4122,+13052524122,"15369 SW 163rd St Miami, FL 33187","$90,000 - $99,999","$800,000 - $899,999",new,2026-10-01,true,0
Charlie Lemire,(425) 207-8057,+14252078057,"17310 163rd Pl SE Renton, WA 98058","$250,000 - $299,999","$700,000 - $799,999",new,2026-10-01,true,0
Steven Taylor,(425) 793-3575,+14257933575,"17404 163rd Pl SE Renton, WA 98058","$400,000 - $499,999","$700,000 - $799,999",new,2026-10-01,true,0
Jesse Dehorty,(623) 546-9764,+16235469764,"29655 N 163rd Ave Surprise, AZ 85387","$200,000 - $249,999","$800,000 - $899,999",new,2026-10-01,true,0
Ronald Skeen,(303) 659-1310,+13036591310,"29762 E 163rd Pl Brighton, CO 80603","$300,000 - $399,999","$1,000,000+",new,2026-10-01,true,0
Shaun Jordan,(720) 685-0447,+17206850447,"29922 E 163rd Pl Brighton, CO 80603","$250,000 - $299,999","$900,000 - $999,999",new,2026-10-01,true,0
Buck Benke,(303) 655-1465,+13036551465,"30002 E 163rd Pl Brighton, CO 80603","$300,000 - $399,999","$800,000 - $899,999",new,2026-10-01,true,0
John Bucknell,(303) 655-8614,+13036558614,"30061 E 163rd Pl Brighton, CO 80603","$400,000 - $499,999","$800,000 - $899,999",new,2026-10-01,true,0
Kenneth Comes,(605) 886-9138,+16058869138,"46128 163rd St Waverly, SD 57201","$40,000 - $49,999","$700,000 - $799,999",new,2026-10-01,true,0
Laurel Dollinger,(425) 746-2496,+14257462496,"22 164th Ave SE Bellevue, WA 98008","$70,000 - $79,999","$1,000,000+",new,2026-10-01,true,0
Darryl Mincey,(954) 435-2097,+19544352097,"112 SW 164th Ter Pembroke Pines, FL 33027","$400,000 - $499,999","$700,000 - $799,999",new,2026-10-01,true,0
Arsak Aru,(954) 437-1504,+19544371504,"296 NW 164th Ave Pembroke Pines, FL 33028","$300,000 - $399,999","$700,000 - $799,999",new,2026-10-01,true,0
David Mckernan,(402) 330-2595,+14023302595,"615 N 164th Cir Omaha, NE 68118","$200,000 - $249,999","$700,000 - $799,999",new,2026-10-01,true,0
Patricia Mammarelli,(954) 431-7279,+19544317279,"635 NW 164th Ave Pembroke Pines, FL 33028","$50,000 - $59,999","$700,000 - $799,999",new,2026-10-01,true,0
Shirley Erickson,(425) 746-1166,+14257461166,"1312 164th Pl NE Bellevue, WA 98008","$200,000 - $249,999","$1,000,000+",new,2026-10-01,true,0
Robert Mcdonagh,(718) 747-7570,+17187477570,"1466 164th St Whitestone, NY 11357","$400,000 - $499,999","$1,000,000+",new,2026-10-01,true,0
Almas Lakhani,(954) 447-0947,+19544470947,"1801 SW 164th Ave Miramar, FL 33027","$400,000 - $499,999","$900,000 - $999,999",new,2026-10-01,true,0
David West,(754) 201-1907,+17542011907,"1902 SW 164th Ave Miramar, FL 33027","$400,000 - $499,999","$700,000 - $799,999",new,2026-10-01,true,0
Herold Merisier,(954) 442-5690,+19544425690,"2271 SW 164th Ave Miramar, FL 33027","$150,000 - $174,999","$800,000 - $899,999",new,2026-10-01,true,0
William Hussey,(623) 322-3322,+16233223322,"2371 N 164th Dr Goodyear, AZ 85395","$50,000 - $59,999","$700,000 - $799,999",new,2026-10-01,true,0
Geri Brown,(305) 940-9844,+13059409844,"2975 NE 164th St North Miami Beach, FL 33160","$175,000 - $199,999","$1,000,000+",new,2026-10-01,true,0
Anthony Schultz,(727) 507-9111,+17275079111,"3011 164th Pl N Clearwater, FL 33760","$80,000 - $89,999","$800,000 - $899,999",new,2026-10-01,true,0
Patricia Rozas,(305) 949-3081,+13059493081,"3251 NE 164th St North Miami Beach, FL 33160","$400,000 - $499,999","$1,000,000+",new,2026-10-01,true,0
Pin Eng,(718) 463-6455,+17184636455,"3314 164th St Flushing, NY 11358","$150,000 - $174,999","$800,000 - $899,999",new,2026-10-01,true,0
Kimberly Schwarz,(718) 767-4447,+17187674447,"3319 164th St Apt 1 Flushing, NY 11358","$50,000 - $59,999","$900,000 - $999,999",new,2026-10-01,true,0
Trina Gasper-Miller,(718) 353-1259,+17183531259,"3370 164th St Flushing, NY 11358","$50,000 - $59,999","$800,000 - $899,999",new,2026-10-01,true,0
John Papastefanou,(718) 939-1084,+17189391084,"3371 164th St Flushing, NY 11358","$60,000 - $69,999","$1,000,000+",new,2026-10-01,true,0
Barbara Potter,(320) 558-5685,+13205585685,"5029 160th St NW Clearwater, MN 55320","$200,000 - $249,999","$1,000,000+",new,2026-10-01,true,0
Mary Weatherly,(651) 437-3033,+16514373033,"5124 160th St E Rosemount, MN 55068","$70,000 - $79,999","$1,000,000+",new,2026-10-01,true,0
Jerome Wolff,(507) 485-3372,+15074853372,"5277 160th Ave Wood Lake, MN 56297","$100,000 - $124,999","$1,000,000+",new,2026-10-01,true,0
Stevie Parsons,(503) 649-9070,+15036499070,"5335 SW 160th Ave Beaverton, OR 97007","$150,000 - $174,999","$700,000 - $799,999",new,2026-10-01,true,0
Barbara Potter,(320) 558-2786,+13205582786,"5395 160th St NW Clearwater, MN 55320","$80,000 - $89,999","$1,000,000+",new,2026-10-01,true,0
Colleen Blake,(425) 743-1057,+14257431057,"5510 160th St SW Edmonds, WA 98026","$400,000 - $499,999","$700,000 - $799,999",new,2026-10-01,true,0
Kenneth Burbulak,(718) 762-1193,+17187621193,"5911 160th St Fresh Meadows, NY 11365","$100,000 - $124,999","$900,000 - $999,999",new,2026-10-01,true,0
Gregg Boushek,(507) 925-4174,+15079254174,"6238 160th Ave Echo, MN 56237","$70,000 - $79,999","$1,000,000+",new,2026-10-01,true,0
Richard Dortch,(425) 590-9722,+14255909722,"6250 160th Ave SE Bellevue, WA 98006","$250,000 - $299,999","$1,000,000+",new,2026-10-01,true,0
Mary Whealdon,(651) 437-1577,+16514371577,"7145 160th St E Hastings, MN 55033","$400,000 - $499,999","$900,000 - $999,999",new,2026-10-01,true,0
Marek Kopec,(718) 969-9309,+17189699309,"7208 160th St Fresh Meadows, NY 11365","$60,000 - $69,999","$700,000 - $799,999",new,2026-10-01,true,0
Antionio Pouparina,(305) 819-4093,+13058194093,"7750 NW 160th Ter Miami Lakes, FL 33016","$200,000 - $249,999","$700,000 - $799,999",new,2026-10-01,true,0
Maria Ibarra,(305) 888-2262,+13058882262,"7760 NW 160th Ter Miami Lakes, FL 33016","$80,000 - $89,999","$700,000 - $799,999",new,2026-10-01,true,0
Jessie Burke,(718) 641-2847,+17186412847,"7802 160th Ave Howard Beach, NY 11414","$90,000 - $99,999","$900,000 - $999,999",new,2026-10-01,true,0
James Hatzipetros,(347) 644-5922,+13476445922,"7806 160th Ave Howard Beach, NY 11414","$250,000 - $299,999","$1,000,000+",new,2026-10-01,true,0
Leonarda Digiglio,(347) 644-5493,+13476445493,"7810 160th Ave Howard Beach, NY 11414","$400,000 - $499,999","$800,000 - $899,999",new,2026-10-01,true,0
William Kirsch,(317) 773-2164,+13177732164,"7825 E 160th St Noblesville, IN 46062","$300,000 - $399,999","$700,000 - $799,999",new,2026-10-01,true,0
Manuel Pingol,(718) 969-3816,+17189693816,"8042 160th St Jamaica, NY 11432","$100,000 - $124,999","$700,000 - $799,999",new,2026-10-01,true,0
Robert Genovese,(718) 641-3827,+17186413827,"8104 160th Ave Howard Beach, NY 11414","$300,000 - $399,999","$900,000 - $999,999",new,2026-10-01,true,0
Abdul Kaiyum,(718) 380-3408,+17183803408,"8269 160th St Jamaica, NY 11432","$250,000 - $299,999","$700,000 - $799,999",new,2026-10-01,true,0
David Chin,(718) 591-2346,+17185912346,"8272 160th St Jamaica, NY 11432","$30,000 - $39,999","$700,000 - $799,999",new,2026-10-01,true,0
Gerardo Castro,(305) 253-8039,+13052538039,"8325 SW 160th St Village Of Palmetto Bay, FL 33157","$60,000 - $69,999","$800,000 - $899,999",new,2026-10-01,true,0
Argyle Mclean,(305) 235-7766,+13052357766,"8380 SW 160th St Village Of Palmetto Bay, FL 33157","$100,000 - $124,999","$800,000 - $899,999",new,2026-10-01,true,0
Sam Hawkins,(786) 573-1303,+17865731303,"8395 SW 160th St Village Of Palmetto Bay, FL 33157","$300,000 - $399,999","$700,000 - $799,999",new,2026-10-01,true,0
Takashi Kanamori,(718) 206-9033,+17182069033,"8544 160th St Jamaica, NY 11432","$50,000 - $59,999","$800,000 - $899,999",new,2026-10-01,true,0
Alan Weitzel,(305) 251-7859,+13052517859,"8760 SW 160th St Village Of Palmetto Bay, FL 33157","$100,000 - $124,999","$700,000 - $799,999",new,2026-10-01,true,0
Manuel Riera,(305) 255-9032,+13052559032,"8800 SW 160th St Village Of Palmetto Bay, FL 33157","$400,000 - $499,999","$700,000 - $799,999",new,2026-10-01,true,0
Sal Barretta,(718) 323-1176,+17183231176,"9520 160th Ave Howard Beach, NY 11414","$250,000 - $299,999","$900,000 - $999,999",new,2026-10-01,true,0
Anthony Verdino,(718) 845-6690,+17188456690,"9710 160th Ave Howard Beach, NY 11414","$200,000 - $249,999","$900,000 - $999,999",new,2026-10-01,true,0
Stanislaw Chmura,(718) 845-1427,+17188451427,"9813 160th Ave Howard Beach, NY 11414","$300,000 - $399,999","$700,000 - $799,999",new,2026-10-01,true,0
John Daab,(718) 738-7002,+17187387002,"9910 160th Ave Howard Beach, NY 11414","$50,000 - $59,999","$1,000,000+",new,2026-10-01,true,0
Marc Wagenbach,(319) 985-2136,+13199852136,"10491 160th St Burlington, IA 52601","$50,000 - $59,999","$700,000 - $799,999",new,2026-10-01,true,0
Khalid Masude,(425) 885-5790,+14258855790,"10909 160th Ct NE Redmond, WA 98052","$400,000 - $499,999","$1,000,000+",new,2026-10-01,true,0
Loren Bauer,(651) 437-3579,+16514373579,"11274 160th St E Hastings, MN 55033","$300,000 - $399,999","$1,000,000+",new,2026-10-01,true,0
Scott Sanders,(718) 481-6830,+17184816830,"12910 160th St Jamaica, NY 11434","$60,000 - $69,999","$700,000 - $799,999",new,2026-10-01,true,0
Winston Burrows,(718) 528-2071,+17185282071,"13108 160th St Jamaica, NY 11434","$60,000 - $69,999","$700,000 - $799,999",new,2026-10-01,true,0
Glen Mcnamara,(651) 437-2478,+16514372478,"14740 160th St E Hastings, MN 55033","$80,000 - $89,999","$1,000,000+",new,2026-10-01,true,0
Darrel Jone,(425) 226-0082,+14252260082,"15824 SE 160th Pl Renton, WA 98058","$250,000 - $299,999","$900,000 - $999,999",new,2026-10-01,true,0
Sharon Rasmussen,(425) 228-1437,+14252281437,"16427 160th Pl SE Renton, WA 98058","$90,000 - $99,999","$800,000 - $899,999",new,2026-10-01,true,0
Ronald Nolten,(425) 228-4515,+14252284515,"16825 160th Ct SE Renton, WA 98058","$400,000 - $499,999","$700,000 - $799,999",new,2026-10-01,true,0
James Miles,(303) 659-2128,+13036592128,"18005 E 160th Ave Brighton, CO 80601","$150,000 - $174,999","$700,000 - $799,999",new,2026-10-01,true,0
Fred Drennan,(425) 486-4293,+14254864293,"18712 160th Ave NE Woodinville, WA 98072","$250,000 - $299,999","$1,000,000+",new,2026-10-01,true,0
Lynette Case,(425) 392-5266,+14253925266,"23906 SE 160th St Issaquah, WA 98027","$400,000 - $499,999","$700,000 - $799,999",new,2026-10-01,true,0
Richard Riedy,(480) 471-7597,+14804717597,"26660 N 160th St Scottsdale, AZ 85262","$100,000 - $124,999","$900,000 - $999,999",new,2026-10-01,true,0
Timothy Kelly,(303) 659-8572,+13036598572,"29260 E 160th Ct Brighton, CO 80603","$200,000 - $249,999","$800,000 - $899,999",new,2026-10-01,true,0
Rhonda Lambrecht,(303) 637-9385,+13036379385,"29500 E 160th Ct Brighton, CO 80603","$300,000 - $399,999","$700,000 - $799,999",new,2026-10-01,true,0
Gina Smith,(303) 659-2841,+13036592841,"29540 E 160th Ct Brighton, CO 80603","$200,000 - $249,999","$800,000 - $899,999",new,2026-10-01,true,0
Charles Willette,(507) 854-3635,+15078543635,"42407 160th St Delavan, MN 56023","$90,000 - $99,999","$1,000,000+",new,2026-10-01,true,0
Alan Yonkovich,(507) 854-3348,+15078543348,"44219 160th St Delavan, MN 56023","$300,000 - $399,999","$1,000,000+",new,2026-10-01,true,0
Micheal Hitchen,(218) 945-6254,+12189456254,"45691 160th Ave SE Fertile, MN 56540","$80,000 - $89,999","$700,000 - $799,999",new,2026-10-01,true,0
Maurice Schimek,(507) 854-3638,+15078543638,"46431 160th St Easton, MN 56025","$400,000 - $499,999","$1,000,000+",new,2026-10-01,true,0
Carol Snyder,(425) 745-6637,+14257456637,"220 161st St SE Bothell, WA 98012","$400,000 - $499,999","$700,000 - $799,999",new,2026-10-01,true,0
Robert Mcmahon,(425) 641-9703,+14256419703,"424 161st Pl SE Bellevue, WA 98008","$300,000 - $399,999","$1,000,000+",new,2026-10-01,true,0
Kleo Kammas,(718) 767-5525,+17187675525,"605 161st St Whitestone, NY 11357","$100,000 - $124,999","$1,000,000+",new,2026-10-01,true,0
Faustino Pattalitan,(954) 613-7851,+19546137851,"1309 NW 161st Ave Pembroke Pines, FL 33028","$250,000 - $299,999","$700,000 - $799,999",new,2026-10-01,true,0
Sharaz Haniff,(954) 704-9876,+19547049876,"1389 NW 161st Ave Pembroke Pines, FL 33028","$150,000 - $174,999","$800,000 - $899,999",new,2026-10-01,true,0
Toni Pappalardo,(718) 767-7456,+17187677456,"1428 161st St Flushing, NY 11357","$60,000 - $69,999","$1,000,000+",new,2026-10-01,true,0
Shumail Rashid,(954) 589-5115,+19545895115,"1437 NW 161st Ave Pembroke Pines, FL 33028","$100,000 - $124,999","$700,000 - $799,999",new,2026-10-01,true,0
William Capodanno,(425) 401-1425,+14254011425,"1904 161st Ave NE Bellevue, WA 98008","$300,000 - $399,999","$1,000,000+",new,2026-10-01,true,0
David Zieser,(515) 259-9673,+15152599673,"2710 NW 161st St Clive, IA 50325","$400,000 - $499,999","$700,000 - $799,999",new,2026-10-01,true,0
Alfred Sokoli,(718) 445-3463,+17184453463,"2935 161st St Flushing, NY 11358","$400,000 - $499,999","$1,000,000+",new,2026-10-01,true,0
Lou Schnegelberger,(561) 204-2104,+15612042104,"3298 161st Ter N Loxahatchee, FL 33470","$50,000 - $59,999","$800,000 - $899,999",new,2026-10-01,true,0
Anthony Brusca,(718) 762-1849,+17187621849,"3336 161st St Flushing, NY 11358","$400,000 - $499,999","$1,000,000+",new,2026-10-01,true,0
Gary Semenetz,(718) 353-8771,+17183538771,"3345 161st St Flushing, NY 11358","$300,000 - $399,999","$1,000,000+",new,2026-10-01,true,0
Dan Pizzolla,(718) 353-8685,+17183538685,"3355 161st St Flushing, NY 11358","$400,000 - $499,999","$1,000,000+",new,2026-10-01,true,0
Tommy Cha,(718) 359-1589,+17183591589,"3580 161st St Flushing, NY 11358","$50,000 - $59,999","$800,000 - $899,999",new,2026-10-01,true,0
Freddy Pertuz,(718) 359-0439,+17183590439,"4102 161st St Flushing, NY 11358","$100,000 - $124,999","$1,000,000+",new,2026-10-01,true,0
Janine Fitzgerald,(219) 696-1883,+12196961883,"4200 W 161st Ave Lowell, IN 46356","$300,000 - $399,999","$900,000 - $999,999",new,2026-10-01,true,0
Hsue Tsai,(718) 353-2620,+17183532620,"4214 161st St Flushing, NY 11358","$60,000 - $69,999","$1,000,000+",new,2026-10-01,true,0
Lan Hsueh,(718) 539-1441,+17185391441,"4331 161st St Flushing, NY 11358","$30,000 - $39,999","$900,000 - $999,999",new,2026-10-01,true,0
Eva Chu,(718) 539-3628,+17185393628,"4511 161st St Flushing, NY 11358","$30,000 - $39,999","$1,000,000+",new,2026-10-01,true,0
Mark Klein,(718) 539-4919,+17185394919,"4731 161st St Flushing, NY 11358","$70,000 - $79,999","$1,000,000+",new,2026-10-01,true,0
Ding Yang,(718) 762-2589,+17187622589,"4736 161st St Flushing, NY 11358","$400,000 - $499,999","$1,000,000+",new,2026-10-01,true,0
Kuei Lin,(718) 961-4799,+17189614799,"4738 161st St Flushing, NY 11358","$60,000 - $69,999","$1,000,000+",new,2026-10-01,true,0
Michele Mckenzie,(954) 433-5430,+19544335430,"5001 SW 161st Ave Miramar, FL 33027","$175,000 - $199,999","$800,000 - $899,999",new,2026-10-01,true,0
Michael Bush,(317) 669-2239,+13176692239,"5080 E 161st St Noblesville, IN 46062","$400,000 - $499,999","$1,000,000+",new,2026-10-01,true,0
Norman Mindrebo,(317) 571-1273,+13175711273,"5465 E 161st St Noblesville, IN 46062","$300,000 - $399,999","$700,000 - $799,999",new,2026-10-01,true,0
Glauco Puig,(305) 387-3032,+13053873032,"6266 SW 161st Pl Miami, FL 33193","$400,000 - $499,999","$800,000 - $899,999",new,2026-10-01,true,0
Teresa Herraiz,(305) 386-7903,+13053867903,"7540 SW 161st Pl Miami, FL 33193","$70,000 - $79,999","$700,000 - $799,999",new,2026-10-01,true,0
Juan Gomez,(305) 827-2627,+13058272627,"7830 NW 161st Ter Miami Lakes, FL 33016","$80,000 - $89,999","$700,000 - $799,999",new,2026-10-01,true,0
Madeline Hamburg,(305) 964-5216,+13059645216,"7865 SW 161st St Village Of Palmetto Bay, FL 33157","$300,000 - $399,999","$800,000 - $899,999",new,2026-10-01,true,0
Randolph Garcia,(305) 821-9368,+13058219368,"7933 NW 161st Ter Miami Lakes, FL 33016","$100,000 - $124,999","$800,000 - $899,999",new,2026-10-01,true,0
Rafael Sanchez,(786) 717-7740,+17867177740,"7982 NW 161st Ter Miami Lakes, FL 33016","$250,000 - $299,999","$800,000 - $899,999",new,2026-10-01,true,0
Marta Horstman,(305) 558-1589,+13055581589,"8043 NW 161st Ter Miami Lakes, FL 33016","$300,000 - $399,999","$800,000 - $899,999",new,2026-10-01,true,0
Eileen Citarrella,(718) 845-1029,+17188451029,"8107 161st Ave Jamaica, NY 11414","$50,000 - $59,999","$700,000 - $799,999",new,2026-10-01,true,0
Jennifer Cheney,(305) 259-3029,+13052593029,"8261 SW 161st St Village Of Palmetto Bay, FL 33157","$200,000 - $249,999","$1,000,000+",new,2026-10-01,true,0
Luisa Qureshi,(718) 699-1306,+17186991306,"8290 161st St Jamaica, NY 11432","$300,000 - $399,999","$900,000 - $999,999",new,2026-10-01,true,0
Sally Petrizzo,(718) 848-2119,+17188482119,"8309 161st Ave Howard Beach, NY 11414","$60,000 - $69,999","$700,000 - $799,999",new,2026-10-01,true,0
Ilene Snow,(305) 259-2060,+13052592060,"8325 SW 161st St Village Of Palmetto Bay, FL 33157","$70,000 - $79,999","$800,000 - $899,999",new,2026-10-01,true,0
Orna Nagar,(718) 322-3268,+17183223268,"8415 161st Ave Howard Beach, NY 11414","$50,000 - $59,999","$800,000 - $899,999",new,2026-10-01,true,0
Michael Mcknight,(303) 421-9334,+13034219334,"8453 E 161st Ave Brighton, CO 80602","$300,000 - $399,999","$900,000 - $999,999",new,2026-10-01,true,0
Mae Nocella,(718) 835-2234,+17188352234,"8503 161st Ave Howard Beach, NY 11414","$90,000 - $99,999","$900,000 - $999,999",new,2026-10-01,true,0
Gregory Arnold,(305) 255-6898,+13052556898,"8641 SW 161st Ter Village Of Palmetto Bay, FL 33157","$100,000 - $124,999","$700,000 - $799,999",new,2026-10-01,true,0
Lennox Jeffers,(305) 253-8458,+13052538458,"8661 SW 161st Ter Village Of Palmetto Bay, FL 33157","$90,000 - $99,999","$800,000 - $899,999",new,2026-10-01,true,0
Robert Labadie,(305) 238-0098,+13052380098,"8825 SW 161st St Village Of Palmetto Bay, FL 33157","$90,000 - $99,999","$800,000 - $899,999",new,2026-10-01,true,0
Philip Bruneau,(952) 432-2383,+19524322383,"9057 161st St W Lakeville, MN 55044","$400,000 - $499,999","$700,000 - $799,999",new,2026-10-01,true,0
Paul Allen,(503) 579-7882,+15035797882,"10500 SW 161st Ct Beaverton, OR 97007","$200,000 - $249,999","$700,000 - $799,999",new,2026-10-01,true,0
Rosario Bonafede,(503) 579-2662,+15035792662,"10560 SW 161st Ct Beaverton, OR 97007","$80,000 - $89,999","$700,000 - $799,999",new,2026-10-01,true,0
Edith Williams,(715) 382-4523,+17153824523,"10610 161st St Chippewa Falls, WI 54729","$250,000 - $299,999","$800,000 - $899,999",new,2026-10-01,true,0
Vinod Kumar,(425) 498-2157,+14254982157,"10614 161st Ct NE Redmond, WA 98052","$300,000 - $399,999","$900,000 - $999,999",new,2026-10-01,true,0
Brian Bircher,(425) 883-8727,+14258838727,"11231 161st Ct NE Redmond, WA 98052","$300,000 - $399,999","$1,000,000+",new,2026-10-01,true,0
Shawn Hernan,(425) 497-9455,+14254979455,"11339 161st Ct NE Redmond, WA 98052","$250,000 - $299,999","$1,000,000+",new,2026-10-01,true,0
Robert Ingalls,(715) 382-4757,+17153824757,"11582 161st St Chippewa Falls, WI 54729","$100,000 - $124,999","$800,000 - $899,999",new,2026-10-01,true,0
Tom Rowe,(561) 745-0942,+15617450942,"11868 161st St N Jupiter, FL 33478","$90,000 - $99,999","$900,000 - $999,999",new,2026-10-01,true,0
Bryn Dolesh,(913) 402-7694,+19134027694,"12712 W 161st St Overland Park, KS 66221","$400,000 - $499,999","$800,000 - $899,999",new,2026-10-01,true,0
Debra Hackler,(218) 631-4290,+12186314290,"14472 161st Ave Wadena, MN 56482","$50,000 - $59,999","$700,000 - $799,999",new,2026-10-01,true,0
Richard Peltzer,(425) 226-7445,+14252267445,"14640 161st Ave SE Renton, WA 98059","$300,000 - $399,999","$800,000 - $899,999",new,2026-10-01,true,0
Mohamad Bonie,(503) 579-2092,+15035792092,"14736 SW 161st Ave Portland, OR 97224","$300,000 - $399,999","$800,000 - $899,999",new,2026-10-01,true,0
Jerry Sera,(425) 271-8792,+14252718792,"17218 161st Ave SE Renton, WA 98058","$300,000 - $399,999","$800,000 - $899,999",new,2026-10-01,true,0
Jeanette Decker,(425) 793-0945,+14257930945,"17801 161st Ave SE Renton, WA 98058","$250,000 - $299,999","$700,000 - $799,999",new,2026-10-01,true,0
Jerry Stafford,(425) 788-5841,+14257885841,"18718 NE 161st Pl Woodinville, WA 98072","$80,000 - $89,999","$1,000,000+",new,2026-10-01,true,0
Lawrence Grimm,(425) 483-5233,+14254835233,"19226 161st Ave NE Woodinville, WA 98072","$400,000 - $499,999","$1,000,000+",new,2026-10-01,true,0
Benjamin Reali,(360) 794-6263,+13607946263,"21119 161st Ave SE Monroe, WA 98272","$400,000 - $499,999","$1,000,000+",new,2026-10-01,true,0
Catherine Beam,(360) 794-5081,+13607945081,"22116 161st Ave SE Monroe, WA 98272","$200,000 - $249,999","$900,000 - $999,999",new,2026-10-01,true,0
Christopher Hawkins,(253) 638-8383,+12536388383,"26436 161st Ave SE Covington, WA 98042","$400,000 - $499,999","$700,000 - $799,999",new,2026-10-01,true,0
Kurt Holman,(425) 788-0127,+14257880127,"31116 NE 161st St Duvall, WA 98019","$250,000 - $299,999","$700,000 - $799,999",new,2026-10-01,true,0
Shem Wayman,(801) 254-6861,+18012546861,"14457 S 1625 W Bluffdale, UT 84065","$150,000 - $174,999","$800,000 - $899,999",new,2026-10-01,true,0
Jesus Lorie,(954) 438-1005,+19544381005,"132 NW 162nd Ave Pembroke Pines, FL 33028","$100,000 - $124,999","$700,000 - $799,999",new,2026-10-01,true,0
Royland Jarrett,(954) 433-5193,+19544335193,"192 NW 162nd Ave Pembroke Pines, FL 33028","$50,000 - $59,999","$700,000 - $799,999",new,2026-10-01,true,0
Steven Francois,(425) 745-4570,+14257454570,"313 162nd Pl SE Bothell, WA 98012","$90,000 - $99,999","$800,000 - $899,999",new,2026-10-01,true,0
Amy Grady,(206) 297-2696,+12062972696,"601 NW 162nd St Shoreline, WA 98177","$250,000 - $299,999","$1,000,000+",new,2026-10-01,true,0
Jack Simmons,(206) 364-6128,+12063646128,"615 NW 162nd St Shoreline, WA 98177","$300,000 - $399,999","$1,000,000+",new,2026-10-01,true,0
Gautam Medhi,(402) 894-0743,+14028940743,"705 N 162nd St Omaha, NE 68118","$200,000 - $249,999","$1,000,000+",new,2026-10-01,true,0
Mikhail Briskin,(718) 767-2146,+17187672146,"1412 162nd St Whitestone, NY 11357","$300,000 - $399,999","$1,000,000+",new,2026-10-01,true,0
Santo Petruso,(718) 961-0076,+17189610076,"1414 162nd St Whitestone, NY 11357","$60,000 - $69,999","$1,000,000+",new,2026-10-01,true,0
Satish Kalva,(718) 746-8895,+17187468895,"1422 162nd St Whitestone, NY 11357","$300,000 - $399,999","$1,000,000+",new,2026-10-01,true,0
Toni Vano,(718) 746-4474,+17187464474,"1455 162nd St Whitestone, NY 11357","$250,000 - $299,999","$1,000,000+",new,2026-10-01,true,0
Rhonda Werstiuk,(425) 881-0116,+14258810116,"2427 162nd Ave NE Bellevue, WA 98008","$300,000 - $399,999","$1,000,000+",new,2026-10-01,true,0
Russell Nishikawa,(425) 644-0100,+14256440100,"3210 162nd Pl SE Bellevue, WA 98008","$250,000 - $299,999","$1,000,000+",new,2026-10-01,true,0
Sang Pahk,(718) 445-4977,+17184454977,"3375 162nd St Flushing, NY 11358","$70,000 - $79,999","$1,000,000+",new,2026-10-01,true,0
Freddy Rodriguez,(718) 939-9614,+17189399614,"3512 162nd St Flushing, NY 11358","$100,000 - $124,999","$1,000,000+",new,2026-10-01,true,0
Frederick Hetzel,(718) 539-6046,+17185396046,"3517 162nd St Flushing, NY 11358","$300,000 - $399,999","$1,000,000+",new,2026-10-01,true,0
John Millas,(718) 359-0113,+17183590113,"3557 162nd St Flushing, NY 11358","$60,000 - $69,999","$1,000,000+",new,2026-10-01,true,0
Craig Thomsen,(515) 978-4802,+15159784802,"4212 162nd St Urbandale, IA 50323","$400,000 - $499,999","$700,000 - $799,999",new,2026-10-01,true,0
James Wessels,(515) 987-3690,+15159873690,"4220 162nd St Urbandale, IA 50323","$400,000 - $499,999","$700,000 - $799,999",new,2026-10-01,true,0
Joan Allen,(402) 896-0545,+14028960545,"4417 S 162nd Ave Omaha, NE 68135","$300,000 - $399,999","$800,000 - $899,999",new,2026-10-01,true,0
James Blakemore,(402) 614-0497,+14026140497,"4525 S 162nd Ave Omaha, NE 68135","$400,000 - $499,999","$800,000 - $899,999",new,2026-10-01,true,0
Steven Decock,(402) 895-1753,+14028951753,"4629 S 162nd Ave Omaha, NE 68135","$300,000 - $399,999","$700,000 - $799,999",new,2026-10-01,true,0
Helen Colhoun,(718) 461-4988,+17184614988,"4644 162nd St Flushing, NY 11358","$400,000 - $499,999","$1,000,000+",new,2026-10-01,true,0
Larry Mcneff,(763) 421-9657,+17634219657,"4869 162nd Ln NW Andover, MN 55304","$250,000 - $299,999","$800,000 - $899,999",new,2026-10-01,true,0
Margaret Controne,(954) 435-7740,+19544357740,"5097 SW 162nd Ave Miramar, FL 33027","$200,000 - $249,999","$800,000 - $899,999",new,2026-10-01,true,0
Abdul Habib,(425) 742-4264,+14257424264,"5420 162nd St SW Edmonds, WA 98026","$250,000 - $299,999","$1,000,000+",new,2026-10-01,true,0
Youssef Hachem,(305) 382-3878,+13053823878,"6502 SW 162nd Ct Miami, FL 33193","$400,000 - $499,999","$700,000 - $799,999",new,2026-10-01,true,0
Greg Pearson,(425) 787-1107,+14257871107,"6805 162nd Pl SW Edmonds, WA 98026","$250,000 - $299,999","$1,000,000+",new,2026-10-01,true,0
Virginia Frenkel,(718) 380-7599,+17183807599,"7157 162nd St Fresh Meadows, NY 11365","$100,000 - $124,999","$800,000 - $899,999",new,2026-10-01,true,0
Muhammad Hassan,(718) 591-1367,+17185911367,"7720 162nd St Fresh Meadows, NY 11366","$100,000 - $124,999","$700,000 - $799,999",new,2026-10-01,true,0
Rosanita Rey,(305) 278-8542,+13052788542,"7841 SW 162nd St Village Of Palmetto Bay, FL 33157","$150,000 - $174,999","$700,000 - $799,999",new,2026-10-01,true,0
Keith Agress,(305) 254-7332,+13052547332,"8000 SW 162nd St Village Of Palmetto Bay, FL 33157","$175,000 - $199,999","$900,000 - $999,999",new,2026-10-01,true,0
Mark Fisher,(360) 892-8115,+13608928115,"8006 NE 162nd Ave Vancouver, WA 98682","$90,000 - $99,999","$900,000 - $999,999",new,2026-10-01,true,0
Ramiro Rojas,(718) 380-1710,+17183801710,"8009 162nd St Jamaica, NY 11432","$100,000 - $124,999","$700,000 - $799,999",new,2026-10-01,true,0
Marilou Rodulfo,(718) 969-9473,+17189699473,"8015 162nd St Jamaica, NY 11432","$70,000 - $79,999","$800,000 - $899,999",new,2026-10-01,true,0
Francisco Dumaguing,(718) 969-2829,+17189692829,"8026 162nd St Jamaica, NY 11432","$400,000 - $499,999","$700,000 - $799,999",new,2026-10-01,true,0
Marlee Shanzer,(305) 233-8299,+13052338299,"8121 SW 162nd St Village Of Palmetto Bay, FL 33157","$100,000 - $124,999","$1,000,000+",new,2026-10-01,true,0
Carlos Cruz,(305) 698-2231,+13056982231,"8340 NW 162nd St Miami Lakes, FL 33016","$100,000 - $124,999","$700,000 - $799,999",new,2026-10-01,true,0
Douglas Vasquez,(786) 502-8706,+17865028706,"8521 NW 162nd St Miami Lakes, FL 33016","$300,000 - $399,999","$1,000,000+",new,2026-10-01,true,0
Debra Rotolante,(305) 378-9424,+13053789424,"8550 SW 162nd St Village Of Palmetto Bay, FL 33157","$250,000 - $299,999","$1,000,000+",new,2026-10-01,true,0
Sandra Hagan,(305) 232-0902,+13052320902,"8600 SW 162nd St Village Of Palmetto Bay, FL 33157","$300,000 - $399,999","$800,000 - $899,999",new,2026-10-01,true,0
Edward Sinisgalli,(718) 845-3792,+17188453792,"8815 162nd Ave Howard Beach, NY 11414","$60,000 - $69,999","$800,000 - $899,999",new,2026-10-01,true,0
Jorge Cremades,(305) 826-6819,+13058266819,"8821 NW 162nd Ter Hialeah, FL 33018","$100,000 - $124,999","$700,000 - $799,999",new,2026-10-01,true,0
Lorri Forsythe,(303) 659-5166,+13036595166,"8985 E 162nd Ave Brighton, CO 80602","$100,000 - $124,999","$1,000,000+",new,2026-10-01,true,0
Kelly Hirsch,(425) 881-7691,+14258817691,"9614 162nd Ave NE Redmond, WA 98052","$300,000 - $399,999","$1,000,000+",new,2026-10-01,true,0
Iban Espinosa,(718) 845-4252,+17188454252,"9714 162nd Ave Howard Beach, NY 11414","$60,000 - $69,999","$900,000 - $999,999",new,2026-10-01,true,0
Patricia Aquilino,(718) 848-9805,+17188489805,"9806 162nd Ave Howard Beach, NY 11414","$100,000 - $124,999","$800,000 - $899,999",new,2026-10-01,true,0
Robert Zink,(402) 896-6458,+14028966458,"10315 S 162nd St Omaha, NE 68136","$300,000 - $399,999","$700,000 - $799,999",new,2026-10-01,true,0
Laurie Shaffer,(425) 277-1749,+14252771749,"11435 SE 162nd St Renton, WA 98055","$175,000 - $199,999","$700,000 - $799,999",new,2026-10-01,true,0
Donald Savoie,(561) 748-3710,+15617483710,"11870 162nd Pl N Jupiter, FL 33478","$200,000 - $249,999","$800,000 - $899,999",new,2026-10-01,true,0
Michael Johnson,(425) 235-8906,+14252358906,"16530 162nd Pl SE Renton, WA 98058","$150,000 - $174,999","$700,000 - $799,999",new,2026-10-01,true,0
Raymond Peters,(425) 228-4176,+14252284176,"17620 162nd Pl SE Renton, WA 98058","$400,000 - $499,999","$700,000 - $799,999",new,2026-10-01,true,0
Charles Buster,(305) 247-2016,+13052472016,"24050 SW 162nd Ave Homestead, FL 33031","$90,000 - $99,999","$1,000,000+",new,2026-10-01,true,0
Margaret Ames,(305) 247-0361,+13052470361,"25300 SW 162nd Ave Homestead, FL 33031","$30,000 - $39,999","$800,000 - $899,999",new,2026-10-01,true,0
Michael Gnaegy,(305) 245-3379,+13052453379,"28905 SW 162nd Ave Homestead, FL 33033","$100,000 - $124,999","$800,000 - $899,999",new,2026-10-01,true,0
Jay Schuyleman,(425) 788-6729,+14257886729,"31631 NE 162nd St Duvall, WA 98019","$200,000 - $249,999","$1,000,000+",new,2026-10-01,true,0
Vhey Stone,(425) 643-1794,+14256431794,"227 163rd Pl SE Bellevue, WA 98008","$400,000 - $499,999","$1,000,000+",new,2026-10-01,true,0
Osamu Sugisaki,(206) 546-0459,+12065460459,"534 NW 163rd St Shoreline, WA 98177","$300,000 - $399,999","$1,000,000+",new,2026-10-01,true,0
Kelly Walters,(402) 493-2499,+14024932499,"624 N 163rd St Omaha, NE 68118","$300,000 - $399,999","$700,000 - $799,999",new,2026-10-01,true,0
Thomas Megerian,(917) 563-5778,+19175635778,"1441 163rd St Whitestone, NY 11357","$400,000 - $499,999","$1,000,000+",new,2026-10-01,true,0
Luca Dipalo,(718) 746-8167,+17187468167,"1460 163rd St Whitestone, NY 11357","$100,000 - $124,999","$1,000,000+",new,2026-10-01,true,0
Debashis Dey,(425) 338-9214,+14253389214,"2114 163rd St SE Mill Creek, WA 98012","$400,000 - $499,999","$700,000 - $799,999",new,2026-10-01,true,0
Napoleon Zambelis,(718) 746-6761,+17187466761,"2310 163rd St Whitestone, NY 11357","$70,000 - $79,999","$800,000 - $899,999",new,2026-10-01,true,0
Mary Pollini,(718) 746-8305,+17187468305,"2314 163rd St Flushing, NY 11357","$60,000 - $69,999","$1,000,000+",new,2026-10-01,true,0
Jonathan Wierschke,(425) 338-0596,+14253380596,"2510 163rd Pl SE Mill Creek, WA 98012","$300,000 - $399,999","$900,000 - $999,999",new,2026-10-01,true,0
Brian Stirling,(941) 776-1664,+19417761664,"2532 163rd Ter E Parrish, FL 34219","$300,000 - $399,999","$700,000 - $799,999",new,2026-10-01,true,0
Kevin Shetler,(515) 978-4490,+15159784490,"2620 NW 163rd St Clive, IA 50325","$300,000 - $399,999","$700,000 - $799,999",new,2026-10-01,true,0
Amalia Karadimas,(718) 762-2441,+17187622441,"2901 163rd St Flushing, NY 11358","$80,000 - $89,999","$800,000 - $899,999",new,2026-10-01,true,0
Peter Venaglia,(718) 359-3528,+17183593528,"2926 163rd St Flushing, NY 11358","$300,000 - $399,999","$1,000,000+",new,2026-10-01,true,0
Andrew Chow,(347) 732-9216,+13477329216,"2931 163rd St Flushing, NY 11358","$400,000 - $499,999","$800,000 - $899,999",new,2026-10-01,true,0
Fareed Khan,(954) 441-8954,+19544418954,"3001 SW 163rd Ave Miramar, FL 33027","$300,000 - $399,999","$700,000 - $799,999",new,2026-10-01,true,0
May Ku,(718) 539-5141,+17185395141,"3207 163rd St Flushing, NY 11358","$70,000 - $79,999","$800,000 - $899,999",new,2026-10-01,true,0
James Kurdy,(206) 363-7081,+12063637081,"3310 NE 163rd St Lake Forest Park, WA 98155","$400,000 - $499,999","$900,000 - $999,999",new,2026-10-01,true,0
Thomas Veltre,(718) 961-0604,+17189610604,"3321 163rd St Flushing, NY 11358","$175,000 - $199,999","$1,000,000+",new,2026-10-01,true,0
Andreas Cosmatos,(212) 933-1630,+12129331630,"3373 163rd St Flushing, NY 11358","$150,000 - $174,999","$1,000,000+",new,2026-10-01,true,0
Jae Shon,(718) 762-8583,+17187628583,"4126 163rd St Flushing, NY 11358","$100,000 - $124,999","$1,000,000+",new,2026-10-01,true,0
Teodoro Jara,(718) 461-4902,+17184614902,"4341 163rd St Flushing, NY 11358","$50,000 - $59,999","$1,000,000+",new,2026-10-01,true,0
Victor Sletten,(425) 502-7498,+14255027498,"4450 163rd Pl SE Bellevue, WA 98006","$200,000 - $249,999","$1,000,000+",new,2026-10-01,true,0
Francisco Viteri,(718) 460-1025,+17184601025,"4544 163rd St Unit 1 Flushing, NY 11358","$40,000 - $49,999","$900,000 - $999,999",new,2026-10-01,true,0
Joseph Chmielarz,(954) 434-3442,+19544343442,"4651 SW 163rd Ave Southwest Ranches, FL 33331","$200,000 - $249,999","$1,000,000+",new,2026-10-01,true,0
Athina Kromidas,(718) 463-8811,+17184638811,"4717 163rd St Flushing, NY 11358","$200,000 - $249,999","$1,000,000+",new,2026-10-01,true,0
Thomas Dazevedo,(954) 434-2098,+19544342098,"5301 SW 163rd Ave Southwest Ranches, FL 33331","$90,000 - $99,999","$700,000 - $799,999",new,2026-10-01,true,0
Roderick Hayter,(360) 568-2798,+13605682798,"5522 163rd Ave SE Snohomish, WA 98290","$250,000 - $299,999","$1,000,000+",new,2026-10-01,true,0
Roland Gindel,(954) 434-2669,+19544342669,"5600 SW 163rd Ave Southwest Ranches, FL 33331","$400,000 - $499,999","$900,000 - $999,999",new,2026-10-01,true,0
Mark Losenbeck,(954) 434-4653,+19544344653,"5820 SW 163rd Ave Southwest Ranches, FL 33331","$400,000 - $499,999","$800,000 - $899,999",new,2026-10-01,true,0
Ronald Knight,(360) 568-8165,+13605688165,"6006 163rd Ave SE Snohomish, WA 98290","$80,000 - $89,999","$800,000 - $899,999",new,2026-10-01,true,0
Tadeusz Morys,(718) 969-9677,+17189699677,"7109 163rd St Apt 1 Fresh Meadows, NY 11365","$30,000 - $39,999","$700,000 - $799,999",new,2026-10-01,true,0
Hilario Prieto,(305) 225-5506,+13052255506,"7205 SW 163rd Pl Miami, FL 33193","$175,000 - $199,999","$800,000 - $899,999",new,2026-10-01,true,0
Luis Suarez,(305) 554-6388,+13055546388,"7220 SW 163rd Ave Miami, FL 33193","$250,000 - $299,999","$800,000 - $899,999",new,2026-10-01,true,0
Iosmel Pelegrino,(786) 254-7660,+17862547660,"7241 SW 163rd Ct Miami, FL 33193","$400,000 - $499,999","$800,000 - $899,999",new,2026-10-01,true,0
Adrian Martinez,(786) 558-4528,+17865584528,"7361 SW 163rd Ct Miami, FL 33193","$175,000 - $199,999","$900,000 - $999,999",new,2026-10-01,true,0
Raul Rufat,(305) 255-7252,+13052557252,"7565 SW 163rd St Village Of Palmetto Bay, FL 33157","$300,000 - $399,999","$900,000 - $999,999",new,2026-10-01,true,0
Juan Zuniga,(561) 746-4160,+15617464160,"7571 163rd Ct N West Palm Beach, FL 33418","$300,000 - $399,999","$700,000 - $799,999",new,2026-10-01,true,0
Sean Evans,(561) 744-7422,+15617447422,"7890 163rd Ct N West Palm Beach, FL 33418","$250,000 - $299,999","$700,000 - $799,999",new,2026-10-01,true,0
Jorge Perez,(305) 556-4535,+13055564535,"8144 NW 163rd Ter Miami Lakes, FL 33016","$300,000 - $399,999","$900,000 - $999,999",new,2026-10-01,true,0
Carlos Hernandez,(305) 969-0589,+13059690589,"8290 SW 163rd St Village Of Palmetto Bay, FL 33157","$100,000 - $124,999","$700,000 - $799,999",new,2026-10-01,true,0
Hellen Ventimiglia,(305) 233-0176,+13052330176,"8365 SW 163rd St Village Of Palmetto Bay, FL 33157","$100,000 - $124,999","$1,000,000+",new,2026-10-01,true,0
Jeffrey Darley,(715) 726-1197,+17157261197,"8375 163rd St Chippewa Falls, WI 54729","$300,000 - $399,999","$1,000,000+",new,2026-10-01,true,0
Paul Feder,(305) 234-0700,+13052340700,"8380 SW 163rd St Village Of Palmetto Bay, FL 33157","$100,000 - $124,999","$800,000 - $899,999",new,2026-10-01,true,0
Daniel Pals,(305) 233-8440,+13052338440,"8405 SW 163rd Ter Village Of Palmetto Bay, FL 33157","$400,000 - $499,999","$1,000,000+",new,2026-10-01,true,0
Julia Fara,(718) 322-4461,+17183224461,"8414 163rd Ave Howard Beach, NY 11414","$30,000 - $39,999","$900,000 - $999,999",new,2026-10-01,true,0
Helene Carneglia,(718) 738-4775,+17187384775,"8418 163rd Ave Howard Beach, NY 11414","$30,000 - $39,999","$900,000 - $999,999",new,2026-10-01,true,0
Jeffrey Archer,(305) 238-6545,+13052386545,"8425 SW 163rd Ter Village Of Palmetto Bay, FL 33157","$100,000 - $124,999","$800,000 - $899,999",new,2026-10-01,true,0
Leslie Harrison,(715) 723-0853,+17157230853,"8429 163rd St Chippewa Falls, WI 54729","$50,000 - $59,999","$1,000,000+",new,2026-10-01,true,0
Barbara Bristow,(623) 533-4059,+16235334059,"3502 N 164th Ave Goodyear, AZ 85395","$250,000 - $299,999","$700,000 - $799,999",new,2026-10-01,true,0
Jong Kim,(425) 742-0570,+14257420570,"4010 164th Pl SW Lynnwood, WA 98037","$175,000 - $199,999","$900,000 - $999,999",new,2026-10-01,true,0
Nicholas Sacoulas,(718) 445-2006,+17184452006,"4353 164th St Flushing, NY 11358","$40,000 - $49,999","$1,000,000+",new,2026-10-01,true,0
Luis Oliveros,(954) 885-4089,+19548854089,"5065 SW 164th Ave Miramar, FL 33027","$175,000 - $199,999","$700,000 - $799,999",new,2026-10-01,true,0
Robert Dickmann,(954) 434-2277,+19544342277,"5601 SW 164th Ter Southwest Ranches, FL 33331","$150,000 - $174,999","$1,000,000+",new,2026-10-01,true,0
Zoraida Orta,(305) 752-0831,+13057520831,"6051 SW 164th Ct Miami, FL 33193","$150,000 - $174,999","$700,000 - $799,999",new,2026-10-01,true,0
Karen Recasner,(425) 649-0951,+14256490951,"6159 164th Ave SE Bellevue, WA 98006","$400,000 - $499,999","$1,000,000+",new,2026-10-01,true,0
Dorothy Newton,(425) 747-4128,+14257474128,"6212 164th Ave SE Bellevue, WA 98006","$250,000 - $299,999","$1,000,000+",new,2026-10-01,true,0
John Roberts,(715) 861-3570,+17158613570,"6345 164th St Chippewa Falls, WI 54729","$250,000 - $299,999","$800,000 - $899,999",new,2026-10-01,true,0
Maximo Navarro,(305) 234-8876,+13052348876,"7330 SW 164th St Village Of Palmetto Bay, FL 33157","$300,000 - $399,999","$1,000,000+",new,2026-10-01,true,0
Sean Semper,(718) 380-1906,+17183801906,"7514 164th St Fresh Meadows, NY 11366","$300,000 - $399,999","$1,000,000+",new,2026-10-01,true,0
Patricia Etheridge,(305) 235-0146,+13052350146,"7520 SW 164th St Village Of Palmetto Bay, FL 33157","$30,000 - $39,999","$900,000 - $999,999",new,2026-10-01,true,0
Kelly Santi,(305) 255-6477,+13052556477,"7840 SW 164th St Village Of Palmetto Bay, FL 33157","$200,000 - $249,999","$800,000 - $899,999",new,2026-10-01,true,0
Roosevelt Bradley,(305) 827-5406,+13058275406,"7942 NW 164th Ter Miami Lakes, FL 33016","$400,000 - $499,999","$900,000 - $999,999",new,2026-10-01,true,0
Eliu Moliner,(786) 254-7782,+17862547782,"7955 NW 164th Ter Miami Lakes, FL 33016","$300,000 - $399,999","$900,000 - $999,999",new,2026-10-01,true,0
Reggy Rodriguez,(305) 819-7900,+13058197900,"8032 NW 164th Ter Miami Lakes, FL 33016","$400,000 - $499,999","$700,000 - $799,999",new,2026-10-01,true,0
Gaudelia Bacasnot,(718) 969-1422,+17189691422,"8124 164th Pl Jamaica, NY 11432","$50,000 - $59,999","$700,000 - $799,999",new,2026-10-01,true,0
Bridget Finnerty,(718) 969-1491,+17189691491,"8127 164th Pl Jamaica, NY 11432","$20,000 - $29,999","$700,000 - $799,999",new,2026-10-01,true,0
Ruthanne Vogel,(305) 233-0861,+13052330861,"8220 SW 164th St Village Of Palmetto Bay, FL 33157","$100,000 - $124,999","$700,000 - $799,999",new,2026-10-01,true,0
Edgar Cimafranca,(718) 969-6730,+17189696730,"8232 164th Pl Jamaica, NY 11432","$100,000 - $124,999","$700,000 - $799,999",new,2026-10-01,true,0
Victorio Soliven,(718) 380-5344,+17183805344,"8243 164th Pl Jamaica, NY 11432","$100,000 - $124,999","$700,000 - $799,999",new,2026-10-01,true,0
Georgiana Hazel,(718) 380-2848,+17183802848,"8257 164th Pl Jamaica, NY 11432","$60,000 - $69,999","$700,000 - $799,999",new,2026-10-01,true,0
Charles Lauter,(305) 252-0163,+13052520163,"8280 SW 164th Ter Village Of Palmetto Bay, FL 33157","$100,000 - $124,999","$800,000 - $899,999",new,2026-10-01,true,0
Manuel Peralta,(305) 557-4732,+13055574732,"8340 NW 164th St Miami Lakes, FL 33016","$300,000 - $399,999","$800,000 - $899,999",new,2026-10-01,true,0
Rosalia Lombardo,(718) 738-6388,+17187386388,"8503 164th Ave Jamaica, NY 11414","$200,000 - $249,999","$900,000 - $999,999",new,2026-10-01,true,0
Jon Hotaky,(718) 526-5169,+17185265169,"8528 164th St Jamaica, NY 11432","$400,000 - $499,999","$700,000 - $799,999",new,2026-10-01,true,0
John Gurino,(718) 641-1125,+17186411125,"8607 164th Ave Howard Beach, NY 11414","$100,000 - $124,999","$900,000 - $999,999",new,2026-10-01,true,0
Radha Apana,(718) 523-4520,+17185234520,"8608 164th St Jamaica, NY 11432","$100,000 - $124,999","$1,000,000+",new,2026-10-01,true,0
Cynthia Facklam,(715) 723-0810,+17157230810,"8795 164th St Chippewa Falls, WI 54729","$250,000 - $299,999","$1,000,000+",new,2026-10-01,true,0
Ralph Madonia,(718) 641-4641,+17186414641,"8807 164th Ave Jamaica, NY 11414","$30,000 - $39,999","$700,000 - $799,999",new,2026-10-01,true,0
Zulia Lowery,(718) 835-5776,+17188355776,"9111 164th Ave Jamaica, NY 11414","$300,000 - $399,999","$800,000 - $899,999",new,2026-10-01,true,0
Lev Tselnik,(425) 861-7808,+14258617808,"9724 164th Ave NE Redmond, WA 98052","$400,000 - $499,999","$900,000 - $999,999",new,2026-10-01,true,0
John Yoneda,(425) 883-6848,+14258836848,"10501 164th Ave NE Redmond, WA 98052","$200,000 - $249,999","$1,000,000+",new,2026-10-01,true,0
Stephanie Phifer,(718) 297-2676,+17182972676,"10834 164th St Jamaica, NY 11433","$200,000 - $249,999","$700,000 - $799,999",new,2026-10-01,true,0
Franchesca Carroll,(718) 291-9631,+17182919631,"10926 164th St Jamaica, NY 11433","$30,000 - $39,999","$700,000 - $799,999",new,2026-10-01,true,0
Bradley Kuhlmann,(913) 685-4363,+19136854363,"11003 W 164th St Overland Park, KS 66221","$300,000 - $399,999","$1,000,000+",new,2026-10-01,true,0
Marie Follyga,(718) 527-5970,+17185275970,"11919 164th St Jamaica, NY 11434","$30,000 - $39,999","$800,000 - $899,999",new,2026-10-01,true,0
Abel Mendez,(561) 575-5523,+15615755523,"12689 164th Ct N Jupiter, FL 33478","$250,000 - $299,999","$700,000 - $799,999",new,2026-10-01,true,0
Alec Leal,(786) 732-7602,+17867327602,"14931 SW 164th Ter Miami, FL 33187","$250,000 - $299,999","$700,000 - $799,999",new,2026-10-01,true,0
Roxana Borges,(305) 254-1005,+13052541005,"14950 SW 164th Ter Miami, FL 33187","$400,000 - $499,999","$700,000 - $799,999",new,2026-10-01,true,0
Jose Ferretti,(305) 259-9589,+13052599589,"15120 SW 164th Ter Miami, FL 33187","$400,000 - $499,999","$700,000 - $799,999",new,2026-10-01,true,0
Christopher Chang,(305) 232-8384,+13052328384,"15150 SW 164th Ter Miami, FL 33187","$100,000 - $124,999","$700,000 - $799,999",new,2026-10-01,true,0
Barbara Gordon,(786) 242-4506,+17862424506,"15216 SW 164th St Miami, FL 33187","$60,000 - $69,999","$700,000 - $799,999",new,2026-10-01,true,0
Gary Hauk,(425) 486-1424,+14254861424,"15408 164th Ave NE Woodinville, WA 98072","$300,000 - $399,999","$1,000,000+",new,2026-10-01,true,0
Arlene Anderson,(253) 631-3964,+12536313964,"24646 164th Ave SE Covington, WA 98042","$90,000 - $99,999","$1,000,000+",new,2026-10-01,true,0
Brian Parker,(253) 630-1657,+12536301657,"25845 164th Ave SE Covington, WA 98042","$150,000 - $174,999","$800,000 - $899,999",new,2026-10-01,true,0
William O'Hara,(360) 893-8785,+13608938785,"28117 164th Ave E Graham, WA 98338","$175,000 - $199,999","$900,000 - $999,999",new,2026-10-01,true,0
Mike Bennett,(253) 639-5041,+12536395041,"30733 164th Ave SE Auburn, WA 98092","$300,000 - $399,999","$700,000 - $799,999",new,2026-10-01,true,0
Evan Ockey,(801) 489-5234,+18014895234,"969 S 1650 E Springville, UT 84663","$175,000 - $199,999","$800,000 - $899,999",new,2026-10-01,true,0
Graham Anderson,(941) 345-4573,+19413454573,"360 165th Ct NE Bradenton, FL 34212","$300,000 - $399,999","$700,000 - $799,999",new,2026-10-01,true,0
Steven Uhrich,(425) 746-4887,+14257464887,"405 165th Ave SE Bellevue, WA 98008","$70,000 - $79,999","$1,000,000+",new,2026-10-01,true,0
Gayle Edwards,(206) 542-7705,+12065427705,"821 NW 165th St Shoreline, WA 98177","$300,000 - $399,999","$1,000,000+",new,2026-10-01,true,0
Roger Young,(206) 542-3742,+12065423742,"845 NW 165th St Shoreline, WA 98177","$200,000 - $249,999","$1,000,000+",new,2026-10-01,true,0
Tammy Zappia,(954) 431-9643,+19544319643,"1167 NW 165th Ave Pembroke Pines, FL 33028","$150,000 - $174,999","$800,000 - $899,999",new,2026-10-01,true,0
Matthew Smith,(425) 562-3076,+14255623076,"1236 165th Ave SE Bellevue, WA 98008","$400,000 - $499,999","$1,000,000+",new,2026-10-01,true,0
James Clymer,(425) 378-2568,+14253782568,"1237 165th Ave SE Bellevue, WA 98008","$300,000 - $399,999","$800,000 - $899,999",new,2026-10-01,true,0
Troy Ward,(715) 483-2841,+17154832841,"1335 165th St Saint Croix Falls, WI 54024","$250,000 - $299,999","$800,000 - $899,999",new,2026-10-01,true,0
John Duque,(954) 435-3818,+19544353818,"1387 NW 165th Ave Pembroke Pines, FL 33028","$100,000 - $124,999","$700,000 - $799,999",new,2026-10-01,true,0
Karen Dolan,(206) 246-1932,+12062461932,"1628 SW 165th St Burien, WA 98166","$300,000 - $399,999","$700,000 - $799,999",new,2026-10-01,true,0
Gerald Aarons,(954) 392-8699,+19543928699,"3066 SW 165th Ave Miramar, FL 33027","$250,000 - $299,999","$800,000 - $899,999",new,2026-10-01,true,0
Eric Smith,(954) 436-9250,+19544369250,"3152 SW 165th Ave Miramar, FL 33027","$300,000 - $399,999","$700,000 - $799,999",new,2026-10-01,true,0
Brian Jaybush,(425) 746-2816,+14257462816,"3201 165th Ave SE Bellevue, WA 98008","$400,000 - $499,999","$1,000,000+",new,2026-10-01,true,0
Jose Oleksnianski,(305) 944-6715,+13059446715,"3261 NE 165th St North Miami Beach, FL 33160","$150,000 - $174,999","$1,000,000+",new,2026-10-01,true,0
George Fountoulis,(718) 939-4156,+17189394156,"3320 165th St Flushing, NY 11358","$250,000 - $299,999","$1,000,000+",new,2026-10-01,true,0
Albert Chu,(718) 358-8966,+17183588966,"3380 165th St Flushing, NY 11358","$200,000 - $249,999","$1,000,000+",new,2026-10-01,true,0
Marcella Vitale,(718) 321-9204,+17183219204,"3537 165th St Flushing, NY 11358","$250,000 - $299,999","$1,000,000+",new,2026-10-01,true,0
Chi Au,(425) 742-1232,+14257421232,"3622 165th Pl SW Lynnwood, WA 98037","$80,000 - $89,999","$700,000 - $799,999",new,2026-10-01,true,0
Neil Cutshall,(425) 335-1249,+14253351249,"3817 165th Ave SE Snohomish, WA 98290","$250,000 - $299,999","$800,000 - $899,999",new,2026-10-01,true,0
Peter Taska,(718) 353-2681,+17183532681,"4575 165th St Flushing, NY 11358","$50,000 - $59,999","$700,000 - $799,999",new,2026-10-01,true,0
Elsie Stewart,(954) 602-2895,+19546022895,"4901 SW 165th Ave Miramar, FL 33027","$250,000 - $299,999","$800,000 - $899,999",new,2026-10-01,true,0
Philip Chan,(718) 888-9481,+17188889481,"6548 165th St Fresh Meadows, NY 11365","$400,000 - $499,999","$1,000,000+",new,2026-10-01,true,0
Ann Gracer,(718) 463-4640,+17184634640,"6724 165th St Fresh Meadows, NY 11365","$300,000 - $399,999","$1,000,000+",new,2026-10-01,true,0
Aleksandr Fatakhov,(718) 591-3036,+17185913036,"6926 165th St Fresh Meadows, NY 11365","$200,000 - $249,999","$1,000,000+",new,2026-10-01,true,0
Kiho Hui,(718) 380-2308,+17183802308,"7006 165th St Fresh Meadows, NY 11365","$100,000 - $124,999","$800,000 - $899,999",new,2026-10-01,true,0
Gilbert Pizano,(718) 969-7924,+17189697924,"7144 165th St Fresh Meadows, NY 11365","$50,000 - $59,999","$700,000 - $799,999",new,2026-10-01,true,0
Nassa Clagett,(305) 259-5364,+13052595364,"7300 SW 165th St Village Of Palmetto Bay, FL 33157","$300,000 - $399,999","$1,000,000+",new,2026-10-01,true,0
Scott Gorman,(305) 971-5412,+13059715412,"7920 SW 165th St Village Of Palmetto Bay, FL 33157","$400,000 - $499,999","$900,000 - $999,999",new,2026-10-01,true,0
Hui Wang,(718) 380-3337,+17183803337,"8124 165th St Jamaica, NY 11432","$100,000 - $124,999","$800,000 - $899,999",new,2026-10-01,true,0
Anil Chacko,(718) 380-1265,+17183801265,"8136 165th St Jamaica, NY 11432","$400,000 - $499,999","$700,000 - $799,999",new,2026-10-01,true,0
Sonia Ferrera,(305) 698-0254,+13056980254,"8203 NW 165th St Miami Lakes, FL 33016","$125,000 - $149,999","$700,000 - $799,999",new,2026-10-01,true,0
Rafael Puente,(305) 825-3885,+13058253885,"8230 NW 165th Ter Miami Lakes, FL 33016","$400,000 - $499,999","$800,000 - $899,999",new,2026-10-01,true,0
Omar Zamora,(305) 822-8721,+13058228721,"8291 NW 165th Ter Miami Lakes, FL 33016","$400,000 - $499,999","$800,000 - $899,999",new,2026-10-01,true,0
Victor Hsiao,(718) 641-2379,+17186412379,"8311 165th Ave Howard Beach, NY 11414","$400,000 - $499,999","$700,000 - $799,999",new,2026-10-01,true,0
Sylvia Valentine,(718) 291-5269,+17182915269,"8408 165th St Jamaica, NY 11432","$100,000 - $124,999","$900,000 - $999,999",new,2026-10-01,true,0
Nasrin Reza,(718) 526-3419,+17185263419,"8446 165th St Jamaica, NY 11432","$400,000 - $499,999","$900,000 - $999,999",new,2026-10-01,true,0
Daniel Alvarez,(305) 826-6614,+13058266614,"8535 NW 165th Ter Miami Lakes, FL 33016","$60,000 - $69,999","$700,000 - $799,999",new,2026-10-01,true,0
Mauricio Behar,(305) 826-4779,+13058264779,"8565 NW 165th St Miami Lakes, FL 33016","$100,000 - $124,999","$700,000 - $799,999",new,2026-10-01,true,0
Tom Bothwell,(219) 996-2150,+12199962150,"8664 E 165th Ave Hebron, IN 46341","$50,000 - $59,999","$700,000 - $799,999",new,2026-10-01,true,0
Magdeline Mosquera,(786) 359-4639,+17863594639,"8928 NW 165th Ter Miami Lakes, FL 33018","$100,000 - $124,999","$700,000 - $799,999",new,2026-10-01,true,0
Lisa Fogelman,(718) 641-7250,+17186417250,"9009 165th Ave Howard Beach, NY 11414","$250,000 - $299,999","$700,000 - $799,999",new,2026-10-01,true,0
Sd Dicarlo,(718) 843-1923,+17188431923,"9017 165th Ave Howard Beach, NY 11414","$30,000 - $39,999","$800,000 - $899,999",new,2026-10-01,true,0
Thomas Brattain,(503) 524-4104,+15035244104,"9325 SW 165th Pl Beaverton, OR 97007","$300,000 - $399,999","$1,000,000+",new,2026-10-01,true,0
Christine Modafferi,(718) 845-4640,+17188454640,"9703 165th Ave Jamaica, NY 11414","$100,000 - $124,999","$800,000 - $899,999",new,2026-10-01,true,0
Chenell Harris,(718) 525-1379,+17185251379,"11919 165th St Jamaica, NY 11434","$90,000 - $99,999","$800,000 - $899,999",new,2026-10-01,true,0
Deirdre Huntington,(718) 712-2618,+17187122618,"12034 165th St Jamaica, NY 11434","$60,000 - $69,999","$700,000 - $799,999",new,2026-10-01,true,0
Shai Hinitz,(425) 285-9490,+14252859490,"12061 165th Pl NE Redmond, WA 98052","$300,000 - $399,999","$1,000,000+",new,2026-10-01,true,0
Robin Logan,(561) 747-3582,+15617473582,"12192 165th Rd N Jupiter, FL 33478","$200,000 - $249,999","$800,000 - $899,999",new,2026-10-01,true,0
Bruno Cecchetto,(360) 691-7638,+13606917638,"12211 165th Ave NE Arlington, WA 98223","$90,000 - $99,999","$800,000 - $899,999",new,2026-10-01,true,0
Rebecca Seitter,(913) 402-7544,+19134027544,"12701 W 165th St Overland Park, KS 66221","$250,000 - $299,999","$800,000 - $899,999",new,2026-10-01,true,0
Dianne Gratzer,(425) 228-3088,+14252283088,"14530 165th Ave SE Renton, WA 98059","$50,000 - $59,999","$700,000 - $799,999",new,2026-10-01,true,0
Alan Mckim,(425) 483-5781,+14254835781,"15525 165th Pl NE Woodinville, WA 98072","$300,000 - $399,999","$1,000,000+",new,2026-10-01,true,0
Robert Pyles,(425) 483-9244,+14254839244,"15910 165th Pl NE Woodinville, WA 98072","$200,000 - $249,999","$1,000,000+",new,2026-10-01,true,0
Lance Rolfe,(425) 228-1609,+14252281609,"16504 SE 165th Way Renton, WA 98058","$250,000 - $299,999","$800,000 - $899,999",new,2026-10-01,true,0
James Stephens,(425) 228-0455,+14252280455,"16927 165th Pl SE Renton, WA 98058","$300,000 - $399,999","$700,000 - $799,999",new,2026-10-01,true,0
Bruce Gullion,(425) 402-1887,+14254021887,"17324 NE 165th St Woodinville, WA 98072","$400,000 - $499,999","$1,000,000+",new,2026-10-01,true,0
Lisete Johnson,(425) 488-1866,+14254881866,"18810 165th Pl NE Woodinville, WA 98072","$300,000 - $399,999","$1,000,000+",new,2026-10-01,true,0
Scott Gathje,(320) 453-5719,+13204535719,"18886 165th St Richmond, MN 56368","$300,000 - $399,999","$900,000 - $999,999",new,2026-10-01,true,0
Chris Dill,(425) 788-0367,+14257880367,"22612 165th Ave SE Monroe, WA 98272","$400,000 - $499,999","$900,000 - $999,999",new,2026-10-01,true,0
Gary Hajek,(360) 794-3664,+13607943664,"23505 165th Ave SE Monroe, WA 98272","$300,000 - $399,999","$800,000 - $899,999",new,2026-10-01,true,0
Heath Strong,(360) 794-4824,+13607944824,"24232 165th Ave SE Monroe, WA 98272","$90,000 - $99,999","$1,000,000+",new,2026-10-01,true,0
John Mcnew,(303) 659-2838,+13036592838,"30164 E 165th Ave Brighton, CO 80603","$300,000 - $399,999","$800,000 - $899,999",new,2026-10-01,true,0
Paul Beatty,(360) 263-8062,+13602638062,"33401 NE 165th Ave Yacolt, WA 98675","$300,000 - $399,999","$700,000 - $799,999",new,2026-10-01,true,0
Thomas Thompson,(641) 581-2500,+16415812500,"36615 165th Ave Forest City, IA 50436","$60,000 - $69,999","$700,000 - $799,999",new,2026-10-01,true,0
William Weakland,(352) 465-0509,+13524650509,"1199 NW 165th Court Rd Dunnellon, FL 34432","$70,000 - $79,999","$1,000,000+",new,2026-10-01,true,0
Eric Muirbrook,(801) 798-6549,+18017986549,"1783 S 1660 E Spanish Fork, UT 84660","$300,000 - $399,999","$700,000 - $799,999",new,2026-10-01,true,0
Barbara Alfonso,(954) 441-1469,+19544411469,"174 SW 166th Ave Pembroke Pines, FL 33027","$100,000 - $124,999","$700,000 - $799,999",new,2026-10-01,true,0
Christina Emmino,(718) 746-4886,+17187464886,"1203 166th St Whitestone, NY 11357","$300,000 - $399,999","$1,000,000+",new,2026-10-01,true,0
Geoff Lyons,(425) 644-1582,+14256441582,"1244 166th Ave SE Bellevue, WA 98008","$400,000 - $499,999","$900,000 - $999,999",new,2026-10-01,true,0
Terrence Srikishun,(718) 746-4802,+17187464802,"1245 166th St Whitestone, NY 11357","$250,000 - $299,999","$1,000,000+",new,2026-10-01,true,0
Tad Tanino,(310) 327-8806,+13103278806,"1321 W 166th St Gardena, CA 90247","$60,000 - $69,999","$700,000 - $799,999",new,2026-10-01,true,0
Gary Kitano,(310) 324-8020,+13103248020,"1333 W 166th St Gardena, CA 90247","$40,000 - $49,999","$700,000 - $799,999",new,2026-10-01,true,0
Samuel Belilty,(754) 201-1243,+17542011243,"1350 NW 166th Ave Pembroke Pines, FL 33028","$175,000 - $199,999","$700,000 - $799,999",new,2026-10-01,true,0
Dorothy Cirelli,(425) 402-8094,+14254028094,"1510 166th Pl SE Mill Creek, WA 98012","$300,000 - $399,999","$1,000,000+",new,2026-10-01,true,0
Domenico Pinto,(718) 746-5011,+17187465011,"1516 166th St Whitestone, NY 11357","$50,000 - $59,999","$900,000 - $999,999",new,2026-10-01,true,0
Leslie Balogh,(718) 428-5313,+17184285313,"1633 166th St Whitestone, NY 11357","$50,000 - $59,999","$1,000,000+",new,2026-10-01,true,0
Janis Thor,(206) 248-0462,+12062480462,"1812 SW 166th Pl Burien, WA 98166","$300,000 - $399,999","$800,000 - $899,999",new,2026-10-01,true,0
Amari Fox,(954) 392-5209,+19543925209,"2056 SW 166th Ave Miramar, FL 33027","$250,000 - $299,999","$700,000 - $799,999",new,2026-10-01,true,0
Stan Adby,(310) 327-5717,+13103275717,"2084 W 166th St Torrance, CA 90504","$40,000 - $49,999","$900,000 - $999,999",new,2026-10-01,true,0
James Johnson,(954) 441-2864,+19544412864,"2266 SW 166th Ave Miramar, FL 33027","$300,000 - $399,999","$700,000 - $799,999",new,2026-10-01,true,0
Jin Kim,(718) 460-3620,+17184603620,"2408 166th St Whitestone, NY 11357","$300,000 - $399,999","$800,000 - $899,999",new,2026-10-01,true,0
Felisa Regoso,(718) 352-1605,+17183521605,"2412 166th St Whitestone, NY 11357","$60,000 - $69,999","$1,000,000+",new,2026-10-01,true,0
Caroline Hennessy,(718) 886-5165,+17188865165,"2616 166th St Flushing, NY 11358","$100,000 - $124,999","$1,000,000+",new,2026-10-01,true,0
Alfred Desimone,(718) 461-9148,+17184619148,"2733 166th St Flushing, NY 11358","$100,000 - $124,999","$900,000 - $999,999",new,2026-10-01,true,0
Roberto Moya,(305) 949-3111,+13059493111,"3163 NE 166th St North Miami Beach, FL 33160","$250,000 - $299,999","$1,000,000+",new,2026-10-01,true,0
Sandra Spaleta,(718) 445-6642,+17184456642,"3205 166th St Flushing, NY 11358","$60,000 - $69,999","$1,000,000+",new,2026-10-01,true,0
Dolores Chin,(718) 961-6323,+17189616323,"3346 166th St Flushing, NY 11358","$70,000 - $79,999","$1,000,000+",new,2026-10-01,true,0
Allen Carver,(305) 949-3374,+13059493374,"3483 NE 166th St North Miami Beach, FL 33160","$50,000 - $59,999","$700,000 - $799,999",new,2026-10-01,true,0
Catherine Andreucci,(718) 461-7049,+17184617049,"3506 166th St Flushing, NY 11358","$60,000 - $69,999","$1,000,000+",new,2026-10-01,true,0
Linda Matusewicz,(718) 463-2918,+17184632918,"3531 166th St Flushing, NY 11358","$300,000 - $399,999","$1,000,000+",new,2026-10-01,true,0
Dina Mascarinas,(718) 461-8545,+17184618545,"3583 166th St Flushing, NY 11358","$60,000 - $69,999","$1,000,000+",new,2026-10-01,true,0
Raul Sotolongo,(786) 320-6145,+17863206145,"3814 NE 166th St North Miami Beach, FL 33160","$60,000 - $69,999","$700,000 - $799,999",new,2026-10-01,true,0
Elizabeth Toma,(718) 539-9554,+17185399554,"4011 166th St Flushing, NY 11358","$60,000 - $69,999","$1,000,000+",new,2026-10-01,true,0
Isidro Diaz,(718) 353-5647,+17183535647,"4027 166th St Flushing, NY 11358","$200,000 - $249,999","$900,000 - $999,999",new,2026-10-01,true,0
Esat Hysa,(425) 743-9362,+14257439362,"4228 166th Pl SW Lynnwood, WA 98037","$200,000 - $249,999","$800,000 - $899,999",new,2026-10-01,true,0
Deanna Bardolf,(718) 463-7538,+17184637538,"4234 166th St Flushing, NY 11358","$40,000 - $49,999","$900,000 - $999,999",new,2026-10-01,true,0
Glenn Angliss,(425) 882-2785,+14258822785,"4541 166th Pl NE Redmond, WA 98052","$400,000 - $499,999","$1,000,000+",new,2026-10-01,true,0
Glory Andreolas,(954) 434-8053,+19544348053,"4611 SW 166th Ave Southwest Ranches, FL 33331","$90,000 - $99,999","$900,000 - $999,999",new,2026-10-01,true,0
Zachary Turner,(402) 895-3368,+14028953368,"4617 S 166th Cir Omaha, NE 68135","$250,000 - $299,999","$900,000 - $999,999",new,2026-10-01,true,0
Sandra Tackett,(402) 896-8292,+14028968292,"4623 S 166th Cir Omaha, NE 68135","$200,000 - $249,999","$900,000 - $999,999",new,2026-10-01,true,0
Carol Laino,(718) 939-2046,+17189392046,"4736 166th St Flushing, NY 11358","$70,000 - $79,999","$1,000,000+",new,2026-10-01,true,0
Daniel Campos,(754) 201-1487,+17542011487,"4933 SW 166th Ave Miramar, FL 33027","$300,000 - $399,999","$700,000 - $799,999",new,2026-10-01,true,0
Jose Lavilla,(954) 433-7689,+19544337689,"4934 SW 166th Ave Miramar, FL 33027","$300,000 - $399,999","$800,000 - $899,999",new,2026-10-01,true,0
Harold Correa,(954) 441-1989,+19544411989,"4994 SW 166th Ave Miramar, FL 33027","$250,000 - $299,999","$700,000 - $799,999",new,2026-10-01,true,0
Catherine Ferrero,(954) 680-9033,+19546809033,"5500 SW 166th Ave Southwest Ranches, FL 33331","$100,000 - $124,999","$1,000,000+",new,2026-10-01,true,0
Marilyn Romatka,(425) 603-0591,+14256030591,"5527 166th Pl SE Bellevue, WA 98006","$300,000 - $399,999","$1,000,000+",new,2026-10-01,true,0
Maricela Harth,(305) 382-3228,+13053823228,"5842 SW 166th Ct Miami, FL 33193","$400,000 - $499,999","$700,000 - $799,999",new,2026-10-01,true,0
Ronald Wolf,(715) 723-4242,+17157234242,"6181 166th St Chippewa Falls, WI 54729","$40,000 - $49,999","$900,000 - $999,999",new,2026-10-01,true,0
Kenneth Manes,(303) 655-8222,+13036558222,"6658 E 166th Pl Brighton, CO 80602","$200,000 - $249,999","$900,000 - $999,999",new,2026-10-01,true,0
Kirk Freedle,(303) 659-5183,+13036595183,"6718 E 166th Pl Brighton, CO 80602","$400,000 - $499,999","$1,000,000+",new,2026-10-01,true,0
Khibor Zirkiev,(718) 463-4123,+17184634123,"6730 166th St Fresh Meadows, NY 11365","$400,000 - $499,999","$1,000,000+",new,2026-10-01,true,0
Abe Rosenthal,(718) 353-5835,+17183535835,"6742 166th St Fresh Meadows, NY 11365","$100,000 - $124,999","$700,000 - $799,999",new,2026-10-01,true,0
Peter Slampiak,(718) 969-1490,+17189691490,"6923 166th St Fresh Meadows, NY 11365","$30,000 - $39,999","$1,000,000+",new,2026-10-01,true,0
Kathy Cibula,(305) 238-7474,+13052387474,"7365 SW 166th St Village Of Palmetto Bay, FL 33157","$100,000 - $124,999","$1,000,000+",new,2026-10-01,true,0
Annie Perez,(305) 234-9593,+13052349593,"7505 SW 166th Ter Village Of Palmetto Bay, FL 33157","$150,000 - $174,999","$900,000 - $999,999",new,2026-10-01,true,0
Dl Anderson,(718) 591-6304,+17185916304,"7513 166th St Fresh Meadows, NY 11366","$400,000 - $499,999","$900,000 - $999,999",new,2026-10-01,true,0
David Lotker,(305) 238-6284,+13052386284,"7823 SW 166th St Village Of Palmetto Bay, FL 33157","$400,000 - $499,999","$900,000 - $999,999",new,2026-10-01,true,0
Belkis Suarez,(305) 826-6650,+13058266650,"7921 NW 166th St Miami Lakes, FL 33016","$250,000 - $299,999","$900,000 - $999,999",new,2026-10-01,true,0
Julio Rodriguez,(305) 826-4668,+13058264668,"7930 NW 166th St Miami Lakes, FL 33016","$125,000 - $149,999","$700,000 - $799,999",new,2026-10-01,true,0
Carlos Jose,(305) 822-5429,+13058225429,"7940 NW 166th St Miami Lakes, FL 33016","$400,000 - $499,999","$800,000 - $899,999",new,2026-10-01,true,0
Edwin Cordero,(786) 242-1877,+17862421877,"7965 SW 166th St Village Of Palmetto Bay, FL 33157","$400,000 - $499,999","$1,000,000+",new,2026-10-01,true,0
Omar Rivero,(305) 823-5381,+13058235381,"8010 NW 166th St Miami Lakes, FL 33016","$300,000 - $399,999","$900,000 - $999,999",new,2026-10-01,true,0
George Gounaris,(718) 380-0285,+17183800285,"8019 166th St Jamaica, NY 11432","$70,000 - $79,999","$800,000 - $899,999",new,2026-10-01,true,0
Mujibur Rahman,(718) 969-6721,+17189696721,"8026 166th St Jamaica, NY 11432","$400,000 - $499,999","$1,000,000+",new,2026-10-01,true,0
Christina Malandrakis,(718) 380-0168,+17183800168,"8124 166th St Jamaica, NY 11432","$60,000 - $69,999","$800,000 - $899,999",new,2026-10-01,true,0
Cedric Morales,(718) 380-9739,+17183809739,"8290 166th St Jamaica, NY 11432","$100,000 - $124,999","$800,000 - $899,999",new,2026-10-01,true,0
Christoph Bigler,(305) 964-5165,+13059645165,"8600 SW 166th St Village Of Palmetto Bay, FL 33157","$300,000 - $399,999","$1,000,000+",new,2026-10-01,true,0
Eric Hough,(425) 881-2339,+14258812339,"8820 166th Ave NE Redmond, WA 98052","$400,000 - $499,999","$800,000 - $899,999",new,2026-10-01,true,0
Paul Ulici,(425) 861-9077,+14258619077,"9215 166th Pl NE Redmond, WA 98052","$80,000 - $89,999","$900,000 - $999,999",new,2026-10-01,true,0
Richard Readinger,(360) 546-5673,+13605465673,"9313 NE 166th Cir Battle Ground, WA 98604","$400,000 - $499,999","$800,000 - $899,999",new,2026-10-01,true,0
Ian Rinearson,(425) 558-4442,+14255584442,"11035 166th Pl NE Redmond, WA 98052","$200,000 - $249,999","$1,000,000+",new,2026-10-01,true,0
Robert Ische,(952) 466-5887,+19524665887,"13075 166th St Norwood Young America, MN 55368","$80,000 - $89,999","$1,000,000+",new,2026-10-01,true,0
Donald Mathiesen,(425) 486-3350,+14254863350,"15319 NE 166th Ln Woodinville, WA 98072","$300,000 - $399,999","$1,000,000+",new,2026-10-01,true,0
Christi Egloff,(425) 254-9190,+14252549190,"16754 166th Pl SE Renton, WA 98058","$300,000 - $399,999","$700,000 - $799,999",new,2026-10-01,true,0
Carroll Warling,(720) 685-8157,+17206858157,"29045 E 166th Ave Brighton, CO 80603","$100,000 - $124,999","$700,000 - $799,999",new,2026-10-01,true,0
Rolf Hohloch,(303) 659-2786,+13036592786,"29475 E 166th Ave Brighton, CO 80603","$100,000 - $124,999","$700,000 - $799,999",new,2026-10-01,true,0
Roman Glemba,(303) 659-0770,+13036590770,"29857 E 166th Pl Brighton, CO 80603","$90,000 - $99,999","$700,000 - $799,999",new,2026-10-01,true,0
Kathleen Jensen,(425) 888-1479,+14258881479,"44510 SE 166th St North Bend, WA 98045","$200,000 - $249,999","$900,000 - $999,999",new,2026-10-01,true,0
Glen Black,(970) 874-1225,+19708741225,"691 1675 Rd Delta, CO 81416","$125,000 - $149,999","$1,000,000+",new,2026-10-01,true,0
Ken Dunn,(801) 544-0073,+18015440073,"1377 N 1675 E Layton, UT 84040","$60,000 - $69,999","$700,000 - $799,999",new,2026-10-01,true,0
Mary Scott-Lau,(808) 259-9049,+18082599049,"41 1677b Kalanianaole Hwy Waimanalo, HI 96795","$40,000 - $49,999","$700,000 - $799,999",new,2026-10-01,true,0
Barbara Kaplan,(941) 747-8505,+19417478505,"106 167th Blvd E Bradenton, FL 34212","$200,000 - $249,999","$800,000 - $899,999",new,2026-10-01,true,0
Claudette Cannon,(954) 437-5515,+19544375515,"620 SW 167th Way Pembroke Pines, FL 33027","$100,000 - $124,999","$800,000 - $899,999",new,2026-10-01,true,0
Robert Santiago,(954) 613-7927,+19546137927,"953 SW 167th Ave Pembroke Pines, FL 33027","$200,000 - $249,999","$1,000,000+",new,2026-10-01,true,0
John Chittenden,(206) 533-9134,+12065339134,"1051 NW 167th St Shoreline, WA 98177","$300,000 - $399,999","$1,000,000+",new,2026-10-01,true,0
Gary Mauro,(954) 441-7179,+19544417179,"1451 NW 167th Ave Pembroke Pines, FL 33028","$400,000 - $499,999","$800,000 - $899,999",new,2026-10-01,true,0
Michel Eugene,(954) 437-5068,+19544375068,"1546 NW 167th Ave Pembroke Pines, FL 33028","$100,000 - $124,999","$700,000 - $799,999",new,2026-10-01,true,0
Edgar Orellano,(954) 438-3293,+19544383293,"1925 NW 167th Ter Pembroke Pines, FL 33028","$400,000 - $499,999","$800,000 - $899,999",new,2026-10-01,true,0
Melissa Gaffney,(954) 442-4980,+19544424980,"1932 NW 167th Ter Pembroke Pines, FL 33028","$400,000 - $499,999","$700,000 - $799,999",new,2026-10-01,true,0
Brian Croswhite,(954) 438-3816,+19544383816,"1951 NW 167th Ter Pembroke Pines, FL 33028","$250,000 - $299,999","$1,000,000+",new,2026-10-01,true,0
Marjorie Heyd,(954) 441-9078,+19544419078,"1963 NW 167th Ave Pembroke Pines, FL 33028","$300,000 - $399,999","$700,000 - $799,999",new,2026-10-01,true,0
John Paulus,(206) 242-0942,+12062420942,"2145 SW 167th St Burien, WA 98166","$70,000 - $79,999","$700,000 - $799,999",new,2026-10-01,true,0
Jun Ding,(425) 747-0357,+14257470357,"2231 167th Pl NE Bellevue, WA 98008","$400,000 - $499,999","$1,000,000+",new,2026-10-01,true,0
Daniel Talcott,(425) 483-9504,+14254839504,"2514 167th Pl SE Bothell, WA 98012","$80,000 - $89,999","$700,000 - $799,999",new,2026-10-01,true,0
Laurie Sirotkin,(425) 402-8190,+14254028190,"2522 167th Pl SE Bothell, WA 98012","$90,000 - $99,999","$700,000 - $799,999",new,2026-10-01,true,0
Richard Cugini,(718) 353-6857,+17183536857,"2716 167th St Flushing, NY 11358","$400,000 - $499,999","$800,000 - $899,999",new,2026-10-01,true,0
Lee Chang,(718) 460-8587,+17184608587,"2734 167th St Flushing, NY 11358","$50,000 - $59,999","$1,000,000+",new,2026-10-01,true,0
John Cicciariello,(718) 886-7073,+17188867073,"2912 167th St Flushing, NY 11358","$100,000 - $124,999","$1,000,000+",new,2026-10-01,true,0
Robert Centis,(503) 645-7440,+15036457440,"3030 NW 167th Pl Beaverton, OR 97006","$200,000 - $249,999","$700,000 - $799,999",new,2026-10-01,true,0
Sharon Hamby,(623) 533-5797,+16235335797,"3199 N 167th Dr Goodyear, AZ 85395","$60,000 - $69,999","$700,000 - $799,999",new,2026-10-01,true,0
Jane Ho,(718) 460-7848,+17184607848,"3225 167th St Flushing, NY 11358","$400,000 - $499,999","$1,000,000+",new,2026-10-01,true,0
Joanne Vitulli,(718) 762-0006,+17187620006,"3514 167th St Flushing, NY 11358","$50,000 - $59,999","$1,000,000+",new,2026-10-01,true,0
Ismael Sosa,(718) 463-2737,+17184632737,"3636 167th St Flushing, NY 11358","$100,000 - $124,999","$1,000,000+",new,2026-10-01,true,0
Gloria Phillips,(954) 442-6795,+19544426795,"3649 SW 167th Ave Miramar, FL 33027","$100,000 - $124,999","$700,000 - $799,999",new,2026-10-01,true,0
Bradley Hinton,(402) 894-1973,+14028941973,"4323 S 167th Ave Omaha, NE 68135","$200,000 - $249,999","$700,000 - $799,999",new,2026-10-01,true,0
Hiu Cheung,(718) 886-4411,+17188864411,"4352 167th St Flushing, NY 11358","$400,000 - $499,999","$1,000,000+",new,2026-10-01,true,0
Barbara Newby,(425) 641-1988,+14256411988,"4532 167th Ave SE Bellevue, WA 98006","$400,000 - $499,999","$1,000,000+",new,2026-10-01,true,0
Geraldine Fioravanti,(718) 463-8313,+17184638313,"4952 167th St Fresh Meadows, NY 11365","$30,000 - $39,999","$900,000 - $999,999",new,2026-10-01,true,0
Ulysses Howard,(954) 602-1692,+19546021692,"5097 SW 167th Ave Miramar, FL 33027","$300,000 - $399,999","$1,000,000+",new,2026-10-01,true,0
Kerlin Nogle,(425) 643-3021,+14256433021,"5634 167th Pl SE Bellevue, WA 98006","$300,000 - $399,999","$1,000,000+",new,2026-10-01,true,0
Howard Payne,(913) 681-8921,+19136818921,"6485 W 167th St Stilwell, KS 66085","$200,000 - $249,999","$700,000 - $799,999",new,2026-10-01,true,0
Giacinto Ferrari,(718) 445-2649,+17184452649,"6716 167th St Fresh Meadows, NY 11365","$100,000 - $124,999","$700,000 - $799,999",new,2026-10-01,true,0
Arie Bello,(718) 886-5616,+17188865616,"6737 167th St Fresh Meadows, NY 11365","$60,000 - $69,999","$800,000 - $899,999",new,2026-10-01,true,0
Lornie Sabio,(718) 591-5946,+17185915946,"7164 167th St Fresh Meadows, NY 11365","$150,000 - $174,999","$1,000,000+",new,2026-10-01,true,0
Leslie Seiden,(718) 591-8647,+17185918647,"7318 167th St Fresh Meadows, NY 11366","$50,000 - $59,999","$700,000 - $799,999",new,2026-10-01,true,0
Kathleen Mcconaughy,(305) 256-2296,+13052562296,"7490 SW 167th St Village Of Palmetto Bay, FL 33157","$30,000 - $39,999","$1,000,000+",new,2026-10-01,true,0
Randy Brisman,(347) 829-3669,+13478293669,"7632 167th St Fresh Meadows, NY 11366","$50,000 - $59,999","$1,000,000+",new,2026-10-01,true,0
Richard Sicking,(305) 235-8560,+13052358560,"7638 SW 167th St Village Of Palmetto Bay, FL 33157","$70,000 - $79,999","$800,000 - $899,999",new,2026-10-01,true,0
Benjamin Kirschner,(718) 380-3894,+17183803894,"7641 167th St Fresh Meadows, NY 11366","$250,000 - $299,999","$800,000 - $899,999",new,2026-10-01,true,0
C Adler,(718) 380-3511,+17183803511,"7720 167th St Fresh Meadows, NY 11366","$100,000 - $124,999","$1,000,000+",new,2026-10-01,true,0
Cesar Munoz,(305) 364-8891,+13053648891,"8010 NW 167th Ter Miami Lakes, FL 33016","$200,000 - $249,999","$800,000 - $899,999",new,2026-10-01,true,0
Rafah Jaraki,(305) 556-0007,+13055560007,"8020 NW 167th Ter Miami Lakes, FL 33016","$90,000 - $99,999","$800,000 - $899,999",new,2026-10-01,true,0
Chao Ho,(718) 969-1431,+17189691431,"8218 167th St Jamaica, NY 11432","$60,000 - $69,999","$800,000 - $899,999",new,2026-10-01,true,0
Grace Severin,(718) 380-5437,+17183805437,"8234 167th St Jamaica, NY 11432","$100,000 - $124,999","$700,000 - $799,999",new,2026-10-01,true,0
Rudolf Roxas,(718) 591-0490,+17185910490,"8242 167th St Jamaica, NY 11432","$100,000 - $124,999","$700,000 - $799,999",new,2026-10-01,true,0
Ludmila Fuzaylova,(718) 591-0520,+17185910520,"8253 167th St Jamaica, NY 11432","$200,000 - $249,999","$700,000 - $799,999",new,2026-10-01,true,0
Wei Chen,(718) 969-1327,+17189691327,"8265 167th St Jamaica, NY 11432","$300,000 - $399,999","$800,000 - $899,999",new,2026-10-01,true,0
Adrian Jones,(425) 885-0126,+14258850126,"9420 167th Ave NE Redmond, WA 98052","$400,000 - $499,999","$1,000,000+",new,2026-10-01,true,0
John Gilbert,(718) 310-4441,+17183104441,"10864 167th St Jamaica, NY 11433","$60,000 - $69,999","$800,000 - $899,999",new,2026-10-01,true,0
Thea Fortune,(425) 556-9195,+14255569195,"11314 167th Pl NE Redmond, WA 98052","$300,000 - $399,999","$1,000,000+",new,2026-10-01,true,0
Philip Prins,(360) 568-9337,+13605689337,"11505 167th Ave SE Snohomish, WA 98290","$200,000 - $249,999","$800,000 - $899,999",new,2026-10-01,true,0
Bsh Shyamsundar,(425) 883-3487,+14258833487,"11738 167th Ct NE Redmond, WA 98052","$400,000 - $499,999","$1,000,000+",new,2026-10-01,true,0
Kenneth Riley,(425) 235-0264,+14252350264,"14525 167th Pl SE Renton, WA 98059","$80,000 - $89,999","$700,000 - $799,999",new,2026-10-01,true,0
Mario Armenti,(305) 378-0694,+13053780694,"14800 SW 167th St Miami, FL 33187","$150,000 - $174,999","$800,000 - $899,999",new,2026-10-01,true,0
Tom Pichard,(425) 486-3906,+14254863906,"14929 NE 167th St Woodinville, WA 98072","$400,000 - $499,999","$1,000,000+",new,2026-10-01,true,0
Christopher Falco,(305) 233-3162,+13052333162,"15140 SW 167th St Miami, FL 33187","$150,000 - $174,999","$700,000 - $799,999",new,2026-10-01,true,0
Patricia Feldman,(425) 226-4714,+14252264714,"15718 SE 167th Pl Renton, WA 98058","$200,000 - $249,999","$700,000 - $799,999",new,2026-10-01,true,0
Bradley Vavra,(425) 486-7995,+14254867995,"16611 167th Ave NE Woodinville, WA 98072","$200,000 - $249,999","$1,000,000+",new,2026-10-01,true,0
Sara Fleeman,(360) 574-9635,+13605749635,"17500 NE 167th Ave Brush Prairie, WA 98606","$100,000 - $124,999","$1,000,000+",new,2026-10-01,true,0
Spiro Lefteratos,(718) 463-4019,+17184634019,"3364 168th St Flushing, NY 11358","$70,000 - $79,999","$1,000,000+",new,2026-10-01,true,0
Todd Ortman,(360) 891-1356,+13608911356,"18821 NE 167th Ave Brush Prairie, WA 98606","$250,000 - $299,999","$900,000 - $999,999",new,2026-10-01,true,0
Agustin Saavedra,(305) 233-0328,+13052330328,"20501 SW 167th Ave Miami, FL 33187","$80,000 - $89,999","$1,000,000+",new,2026-10-01,true,0
Eugene Epstein,(360) 794-4896,+13607944896,"21220 167th Ave SE Monroe, WA 98272","$300,000 - $399,999","$800,000 - $899,999",new,2026-10-01,true,0
Steven Rickey,(253) 631-2760,+12536312760,"23409 167th Pl SE Kent, WA 98042","$90,000 - $99,999","$800,000 - $899,999",new,2026-10-01,true,0
Scott Silver,(305) 248-7767,+13052487767,"24000 SW 167th Ave Homestead, FL 33031","$20,000 - $29,999","$1,000,000+",new,2026-10-01,true,0
Harold Arve,(305) 245-2544,+13052452544,"24355 SW 167th Ave Homestead, FL 33031","$90,000 - $99,999","$800,000 - $899,999",new,2026-10-01,true,0
Joseph Mora,(305) 245-4405,+13052454405,"24405 SW 167th Ave Homestead, FL 33031","$100,000 - $124,999","$800,000 - $899,999",new,2026-10-01,true,0
William Stockburger,(305) 246-1635,+13052461635,"27745 SW 167th Ave Homestead, FL 33031","$200,000 - $249,999","$1,000,000+",new,2026-10-01,true,0
Olga Polo,(305) 247-9583,+13052479583,"28324 SW 167th Pl Homestead, FL 33030","$250,000 - $299,999","$800,000 - $899,999",new,2026-10-01,true,0
Victor Villa,(303) 659-3547,+13036593547,"29130 E 167th Ave Brighton, CO 80603","$150,000 - $174,999","$1,000,000+",new,2026-10-01,true,0
Ronald Mayor,(303) 255-8153,+13032558153,"29550 E 167th Ave Brighton, CO 80603","$150,000 - $174,999","$700,000 - $799,999",new,2026-10-01,true,0
Loretta Ferguson,(303) 659-3342,+13036593342,"31500 E 167th Ave Hudson, CO 80642","$100,000 - $124,999","$700,000 - $799,999",new,2026-10-01,true,0
Kristina Widhalm,(303) 659-5711,+13036595711,"31550 E 167th Ave Hudson, CO 80642","$400,000 - $499,999","$700,000 - $799,999",new,2026-10-01,true,0
Tammy Hartman,(616) 499-7531,+16164997531,"21 N 168th Ave Holland, MI 49424","$300,000 - $399,999","$900,000 - $999,999",new,2026-10-01,true,0
James Lasnetski,(954) 389-9060,+19543899060,"511 SW 168th Ave Weston, FL 33326","$60,000 - $69,999","$700,000 - $799,999",new,2026-10-01,true,0
Jesus Tome,(954) 437-4173,+19544374173,"646 SW 168th Ln Pembroke Pines, FL 33027","$400,000 - $499,999","$800,000 - $899,999",new,2026-10-01,true,0
Jody Doubek,(206) 246-6052,+12062466052,"810 SW 168th Pl Normandy Park, WA 98166","$300,000 - $399,999","$1,000,000+",new,2026-10-01,true,0
Donald Masin,(425) 401-6912,+14254016912,"921 168th Pl NE Bellevue, WA 98008","$300,000 - $399,999","$1,000,000+",new,2026-10-01,true,0
Stephen Lakatos,(503) 223-5763,+15032235763,"939 NE 168th Pl Portland, OR 97230","$250,000 - $299,999","$700,000 - $799,999",new,2026-10-01,true,0
Scott Barnes,(206) 420-2824,+12064202824,"1407 SW 168th St Normandy Park, WA 98166","$250,000 - $299,999","$800,000 - $899,999",new,2026-10-01,true,0
Nanci O'Hara,(954) 322-1049,+19543221049,"1488 NW 168th Ave Pembroke Pines, FL 33028","$100,000 - $124,999","$700,000 - $799,999",new,2026-10-01,true,0
Michelle Salene,(425) 746-5113,+14257465113,"1611 168th Ave NE Bellevue, WA 98008","$150,000 - $174,999","$800,000 - $899,999",new,2026-10-01,true,0
Jay Samuels,(954) 433-5694,+19544335694,"1944 NW 168th Ave Pembroke Pines, FL 33028","$300,000 - $399,999","$700,000 - $799,999",new,2026-10-01,true,0
Jitu Zaveri,(954) 443-3088,+19544433088,"1966 NW 168th Ave Pembroke Pines, FL 33028","$175,000 - $199,999","$700,000 - $799,999",new,2026-10-01,true,0
Joseph Sorrentino,(954) 438-8284,+19544388284,"1978 NW 168th Ave Pembroke Pines, FL 33028","$400,000 - $499,999","$800,000 - $899,999",new,2026-10-01,true,0
Cesar Medina,(754) 201-1106,+17542011106,"1998 NW 168th Ave Pembroke Pines, FL 33028","$100,000 - $124,999","$800,000 - $899,999",new,2026-10-01,true,0
Gloria Kern,(425) 746-0265,+14257460265,"2002 168th Ave NE Bellevue, WA 98008","$200,000 - $249,999","$1,000,000+",new,2026-10-01,true,0
Brenda Chin,(425) 746-7531,+14257467531,"2215 168th Ave NE Bellevue, WA 98008","$300,000 - $399,999","$1,000,000+",new,2026-10-01,true,0
Evangelos Maimos,(718) 886-9217,+17188869217,"2701 168th St Flushing, NY 11358","$300,000 - $399,999","$1,000,000+",new,2026-10-01,true,0
Demetrius Catsichtis,(718) 358-1473,+17183581473,"2711 168th St Flushing, NY 11358","$400,000 - $499,999","$1,000,000+",new,2026-10-01,true,0
Lawrence Molino,(718) 358-3426,+17183583426,"2725 168th St Flushing, NY 11358","$300,000 - $399,999","$1,000,000+",new,2026-10-01,true,0
Cathy Molino,(718) 939-6747,+17189396747,"2729 168th St Flushing, NY 11358","$50,000 - $59,999","$1,000,000+",new,2026-10-01,true,0
Carmen Reale,(718) 358-1674,+17183581674,"2946 168th St Flushing, NY 11358","$70,000 - $79,999","$1,000,000+",new,2026-10-01,true,0
Yan He,(718) 886-0107,+17188860107,"2962 168th St Flushing, NY 11358","$300,000 - $399,999","$700,000 - $799,999",new,2026-10-01,true,0
Kelly Klontz,(405) 285-7676,+14052857676,"3009 NW 168th Ct Edmond, OK 73012","$400,000 - $499,999","$1,000,000+",new,2026-10-01,true,0
Laura Rossow,(425) 556-4172,+14255564172,"3034 168th Pl NE Bellevue, WA 98008","$400,000 - $499,999","$1,000,000+",new,2026-10-01,true,0
Paul Gockel,(425) 641-4059,+14256414059,"3035 168th Pl SE Bellevue, WA 98008","$400,000 - $499,999","$1,000,000+",new,2026-10-01,true,0
Wayne Galante,(718) 358-5425,+17183585425,"3214 168th St Flushing, NY 11358","$400,000 - $499,999","$800,000 - $899,999",new,2026-10-01,true,0
Sui Ri,(718) 762-3312,+17187623312,"3338 168th St Flushing, NY 11358","$20,000 - $29,999","$1,000,000+",new,2026-10-01,true,0
Ronald Fmiglietti,(718) 939-2326,+17189392326,"3342 168th St Flushing, NY 11358","$100,000 - $124,999","$900,000 - $999,999",new,2026-10-01,true,0
James Ricketts,(402) 333-6667,+14023336667,"3505 S 168th St Omaha, NE 68130","$400,000 - $499,999","$900,000 - $999,999",new,2026-10-01,true,0
Miltiadis Leptourgos,(718) 886-5105,+17188865105,"3514 168th St Flushing, NY 11358","$100,000 - $124,999","$700,000 - $799,999",new,2026-10-01,true,0
Tamar Kayserian,(718) 445-2397,+17184452397,"4023 168th St Flushing, NY 11358","$100,000 - $124,999","$1,000,000+",new,2026-10-01,true,0
Loretta Frankini,(718) 461-3207,+17184613207,"4119 168th St Flushing, NY 11358","$200,000 - $249,999","$1,000,000+",new,2026-10-01,true,0
Thomas Baetens,(616) 399-0846,+16163990846,"4229 N 168th Ave Holland, MI 49424","$80,000 - $89,999","$700,000 - $799,999",new,2026-10-01,true,0
Joselito Lirag,(718) 961-2682,+17189612682,"4318 168th St Flushing, NY 11358","$70,000 - $79,999","$1,000,000+",new,2026-10-01,true,0
Joseph Blackmore,(718) 539-9257,+17185399257,"4360 168th St Flushing, NY 11358","$80,000 - $89,999","$1,000,000+",new,2026-10-01,true,0
Alice Walsh,(718) 463-3097,+17184633097,"4533 168th St Flushing, NY 11358","$60,000 - $69,999","$1,000,000+",new,2026-10-01,true,0
Eyda Alegret,(954) 680-8658,+19546808658,"4711 SW 168th Ave Southwest Ranches, FL 33331","$100,000 - $124,999","$700,000 - $799,999",new,2026-10-01,true,0
Lawrence Gomer,(954) 434-6444,+19544346444,"4821 SW 168th Ave Southwest Ranches, FL 33331","$300,000 - $399,999","$700,000 - $799,999",new,2026-10-01,true,0
Roger Herde,(954) 581-9738,+19545819738,"4900 SW 168th Ave Southwest Ranches, FL 33331","$300,000 - $399,999","$700,000 - $799,999",new,2026-10-01,true,0
Jo Underwood,(253) 863-8516,+12538638516,"4902 168th Ave E Lake Tapps, WA 98391","$70,000 - $79,999","$1,000,000+",new,2026-10-01,true,0
Gabriel Nelson,(754) 210-6541,+17542106541,"4993 SW 168th Ave Miramar, FL 33027","$400,000 - $499,999","$700,000 - $799,999",new,2026-10-01,true,0
Cheryl Wong,(954) 923-8992,+19549238992,"5098 SW 168th Ave Miramar, FL 33027","$100,000 - $124,999","$700,000 - $799,999",new,2026-10-01,true,0
Margaret Diesman,(718) 463-3345,+17184633345,"6543 168th St Fresh Meadows, NY 11365","$60,000 - $69,999","$1,000,000+",new,2026-10-01,true,0
Merry Rosman,(718) 961-4738,+17189614738,"6714 168th St Fresh Meadows, NY 11365","$400,000 - $499,999","$1,000,000+",new,2026-10-01,true,0
Rick Bussey,(425) 641-0267,+14256410267,"6717 168th Ave SE Bellevue, WA 98006","$300,000 - $399,999","$1,000,000+",new,2026-10-01,true,0
Sibani Ghoshal,(718) 591-2052,+17185912052,"7126 168th St Flushing, NY 11365","$60,000 - $69,999","$800,000 - $899,999",new,2026-10-01,true,0
James Tunnessen,(786) 293-6506,+17862936506,"7338 SW 168th Ter Village Of Palmetto Bay, FL 33157","$200,000 - $249,999","$1,000,000+",new,2026-10-01,true,0
Kaleba Ngoie,(786) 732-7124,+17867327124,"7369 SW 168th Ter Village Of Palmetto Bay, FL 33157","$300,000 - $399,999","$1,000,000+",new,2026-10-01,true,0
Jo Kyriannis,(718) 591-2118,+17185912118,"7510 168th St Fresh Meadows, NY 11366","$300,000 - $399,999","$800,000 - $899,999",new,2026-10-01,true,0
Gary Wicklund,(360) 892-0464,+13608920464,"7810 NE 168th Ave Vancouver, WA 98682","$100,000 - $124,999","$700,000 - $799,999",new,2026-10-01,true,0
Rafael Estrada,(786) 534-7111,+17865347111,"7931 NW 168th Ter Miami Lakes, FL 33016","$400,000 - $499,999","$700,000 - $799,999",new,2026-10-01,true,0
Sergio Alonso,(786) 293-5808,+17862935808,"7935 SW 168th St Village Of Palmetto Bay, FL 33157","$300,000 - $399,999","$800,000 - $899,999",new,2026-10-01,true,0
Iris Berry,(718) 591-7633,+17185917633,"8027 168th St Jamaica, NY 11432","$50,000 - $59,999","$800,000 - $899,999",new,2026-10-01,true,0
Eunice Safos,(718) 380-4193,+17183804193,"8214 168th St Jamaica, NY 11432","$50,000 - $59,999","$700,000 - $799,999",new,2026-10-01,true,0
Mario Hernandez,(305) 819-2457,+13058192457,"8215 NW 168th St Miami Lakes, FL 33016","$70,000 - $79,999","$700,000 - $799,999",new,2026-10-01,true,0
Ahab Abuhamda,(718) 380-4034,+17183804034,"8276 168th St Jamaica, NY 11432","$70,000 - $79,999","$900,000 - $999,999",new,2026-10-01,true,0
Grace Koh,(718) 523-6910,+17185236910,"8409 168th St Jamaica, NY 11432","$40,000 - $49,999","$700,000 - $799,999",new,2026-10-01,true,0
Anthony Pou,(305) 822-1208,+13058221208,"8422 NW 168th Ter Miami Lakes, FL 33016","$250,000 - $299,999","$1,000,000+",new,2026-10-01,true,0
Eulogio Morales,(305) 825-5820,+13058255820,"8465 NW 168th Ter Miami Lakes, FL 33016","$80,000 - $89,999","$1,000,000+",new,2026-10-01,true,0
Trevor Fray,(718) 523-9262,+17185239262,"8522 168th Pl Jamaica, NY 11432","$100,000 - $124,999","$700,000 - $799,999",new,2026-10-01,true,0
Michael Villalba,(305) 254-7566,+13052547566,"8555 SW 168th Ter Village Of Palmetto Bay, FL 33157","$400,000 - $499,999","$1,000,000+",new,2026-10-01,true,0
Donald Mccartney,(305) 254-7898,+13052547898,"8595 SW 168th Ter Village Of Palmetto Bay, FL 33157","$300,000 - $399,999","$1,000,000+",new,2026-10-01,true,0
Parvez Siddiqui,(718) 459-4017,+17184594017,"8714 168th St Jamaica, NY 11432","$80,000 - $89,999","$900,000 - $999,999",new,2026-10-01,true,0
Fengyuan Ngai,(718) 658-2353,+17186582353,"8777 168th St Jamaica, NY 11432","$50,000 - $59,999","$1,000,000+",new,2026-10-01,true,0
Steven Schulte,(913) 685-0265,+19136850265,"10519 W 168th Ter Overland Park, KS 66221","$250,000 - $299,999","$700,000 - $799,999",new,2026-10-01,true,0
Gail Pellegrom,(616) 842-8055,+16168428055,"11261 168th Ave Grand Haven, MI 49417","$50,000 - $59,999","$700,000 - $799,999",new,2026-10-01,true,0
Dock Leong,(425) 486-7790,+14254867790,"11711 NE 168th Ct Bothell, WA 98011","$200,000 - $249,999","$900,000 - $999,999",new,2026-10-01,true,0
Harold Martin,(913) 608-5112,+19136085112,"12300 W 168th Pl Overland Park, KS 66221","$200,000 - $249,999","$700,000 - $799,999",new,2026-10-01,true,0
Richard Strom,(360) 403-9124,+13604039124,"12932 168th St NE Arlington, WA 98223","$400,000 - $499,999","$700,000 - $799,999",new,2026-10-01,true,0
Alberto Pereda,(305) 238-7862,+13052387862,"15360 SW 168th St Miami, FL 33187","$300,000 - $399,999","$1,000,000+",new,2026-10-01,true,0
Robert Fleck,(425) 483-2255,+14254832255,"15418 168th Ave NE Woodinville, WA 98072","$250,000 - $299,999","$1,000,000+",new,2026-10-01,true,0
Michael Grein,(303) 659-5412,+13036595412,"16800 E 168th Ave Brighton, CO 80601","$400,000 - $499,999","$900,000 - $999,999",new,2026-10-01,true,0
Benjamin Lewakowski,(616) 607-7354,+16166077354,"18612 168th Ave Spring Lake, MI 49456","$200,000 - $249,999","$700,000 - $799,999",new,2026-10-01,true,0
Todd Parker,(360) 893-4908,+13608934908,"22907 168th Ave E Graham, WA 98338","$250,000 - $299,999","$900,000 - $999,999",new,2026-10-01,true,0
Richard Klinker,(303) 637-9831,+13036379831,"25280 E 168th Ave Brighton, CO 80603","$100,000 - $124,999","$1,000,000+",new,2026-10-01,true,0
Kevin Diegel,(425) 831-7806,+14258317806,"43731 SE 168th St North Bend, WA 98045","$175,000 - $199,999","$1,000,000+",new,2026-10-01,true,0
Martin Brandenburger,(605) 623-4466,+16056234466,"48023 168th St Revillo, SD 57259","$70,000 - $79,999","$700,000 - $799,999",new,2026-10-01,true,0
Monte Wright,(206) 329-4323,+12063294323,"1612 NE 169th St Shoreline, WA 98155","$300,000 - $399,999","$700,000 - $799,999",new,2026-10-01,true,0
Juanalejandro Calles,(425) 643-2074,+14256432074,"1916 169th Ave NE Bellevue, WA 98008","$400,000 - $499,999","$1,000,000+",new,2026-10-01,true,0
Brian Grant,(425) 643-6202,+14256436202,"1921 169th Ave NE Bellevue, WA 98008","$250,000 - $299,999","$1,000,000+",new,2026-10-01,true,0
Ursula Paciullo,(718) 352-8830,+17183528830,"2011 169th St Whitestone, NY 11357","$30,000 - $39,999","$1,000,000+",new,2026-10-01,true,0
Del Sakamoto,(310) 516-0439,+13105160439,"2030 W 169th Pl Torrance, CA 90504","$60,000 - $69,999","$1,000,000+",new,2026-10-01,true,0
Daryl Kim,(310) 324-6374,+13103246374,"2139 W 169th Pl Torrance, CA 90504","$60,000 - $69,999","$1,000,000+",new,2026-10-01,true,0
Nancy Palazzo,(718) 352-9407,+17183529407,"2410 169th St Whitestone, NY 11357","$50,000 - $59,999","$1,000,000+",new,2026-10-01,true,0
Dennis Poulos,(718) 224-2764,+17182242764,"2444 169th St Whitestone, NY 11357","$400,000 - $499,999","$900,000 - $999,999",new,2026-10-01,true,0
Gerardo Lorenzo,(718) 352-0004,+17183520004,"2508 169th St Flushing, NY 11358","$60,000 - $69,999","$1,000,000+",new,2026-10-01,true,0
Dragana Micic,(347) 438-1950,+13474381950,"2604 169th St Flushing, NY 11358","$300,000 - $399,999","$1,000,000+",new,2026-10-01,true,0
David Gettys,(206) 988-1633,+12069881633,"2853 SW 169th St Burien, WA 98166","$400,000 - $499,999","$1,000,000+",new,2026-10-01,true,0
Sotiria Manikis,(718) 359-2382,+17183592382,"2911 169th St Flushing, NY 11358","$250,000 - $299,999","$1,000,000+",new,2026-10-01,true,0
Aldo Blaskovic,(718) 463-0549,+17184630549,"2929 169th St Flushing, NY 11358","$100,000 - $124,999","$1,000,000+",new,2026-10-01,true,0
Anwar Asgar,(718) 888-1149,+17188881149,"2942 169th St Flushing, NY 11358","$200,000 - $249,999","$1,000,000+",new,2026-10-01,true,0
Angelo Delianides,(718) 358-1049,+17183581049,"3232 169th St Flushing, NY 11358","$400,000 - $499,999","$1,000,000+",new,2026-10-01,true,0
Margaret Barrows,(425) 882-2643,+14258822643,"3510 169th Ave NE Bellevue, WA 98008","$400,000 - $499,999","$1,000,000+",new,2026-10-01,true,0
William Becce,(718) 762-1386,+17187621386,"3525 169th St Flushing, NY 11358","$100,000 - $124,999","$1,000,000+",new,2026-10-01,true,0
Edward Fraim,(718) 762-3221,+17187623221,"3560 169th St Flushing, NY 11358","$50,000 - $59,999","$1,000,000+",new,2026-10-01,true,0
Freddy Sanchez,(718) 353-6121,+17183536121,"3569 169th St Flushing, NY 11358","$30,000 - $39,999","$1,000,000+",new,2026-10-01,true,0
Virginia Wun,(425) 885-2474,+14258852474,"3621 169th Ave NE Bellevue, WA 98008","$400,000 - $499,999","$1,000,000+",new,2026-10-01,true,0
Mark Muse,(515) 330-2290,+15153302290,"4302 NW 169th Ct Clive, IA 50325","$400,000 - $499,999","$700,000 - $799,999",new,2026-10-01,true,0
Winnie Levano,(718) 463-5616,+17184635616,"4310 169th St Flushing, NY 11358","$400,000 - $499,999","$900,000 - $999,999",new,2026-10-01,true,0
Vincent Lapenta,(718) 888-1779,+17188881779,"4507 169th St Flushing, NY 11358","$250,000 - $299,999","$1,000,000+",new,2026-10-01,true,0
Andrew Wilkes,(425) 562-4144,+14255624144,"4537 169th Ave SE Bellevue, WA 98006","$200,000 - $249,999","$1,000,000+",new,2026-10-01,true,0
Joseph Cognard,(718) 358-7204,+17183587204,"4702 169th St Flushing, NY 11358","$100,000 - $124,999","$700,000 - $799,999",new,2026-10-01,true,0
Jeanmarie Leto,(718) 353-4956,+17183534956,"4704 169th St Flushing, NY 11358","$80,000 - $89,999","$700,000 - $799,999",new,2026-10-01,true,0
Sonja Baier,(718) 762-8749,+17187628749,"4711 169th St Flushing, NY 11358","$70,000 - $79,999","$700,000 - $799,999",new,2026-10-01,true,0
Fred Carollo,(718) 939-2834,+17189392834,"4738 169th St Flushing, NY 11358","$60,000 - $69,999","$1,000,000+",new,2026-10-01,true,0
Donna Casella,(718) 321-1128,+17183211128,"4927 169th St Fresh Meadows, NY 11365","$100,000 - $124,999","$1,000,000+",new,2026-10-01,true,0
Howard Schwab,(718) 463-2740,+17184632740,"6547 169th St Fresh Meadows, NY 11365","$400,000 - $499,999","$1,000,000+",new,2026-10-01,true,0
Bernadette Lee,(718) 888-1085,+17188881085,"6725 169th St Fresh Meadows, NY 11365","$250,000 - $299,999","$900,000 - $999,999",new,2026-10-01,true,0
Osnat Laks,(718) 886-3527,+17188863527,"6728 169th St Fresh Meadows, NY 11365","$300,000 - $399,999","$1,000,000+",new,2026-10-01,true,0
Viera Bratin,(718) 321-3931,+17183213931,"6741 169th St Fresh Meadows, NY 11365","$400,000 - $499,999","$1,000,000+",new,2026-10-01,true,0
Rose Mohamed,(718) 539-4023,+17185394023,"6749 169th St Fresh Meadows, NY 11365","$100,000 - $124,999","$700,000 - $799,999",new,2026-10-01,true,0
Arthur Katz,(718) 591-0047,+17185910047,"6919 169th St Flushing, NY 11365","$300,000 - $399,999","$1,000,000+",new,2026-10-01,true,0
Baxika Desai,(718) 380-8649,+17183808649,"6929 169th St Fresh Meadows, NY 11365","$250,000 - $299,999","$800,000 - $899,999",new,2026-10-01,true,0
Stanley Finkel,(718) 969-8197,+17189698197,"7122 169th St Fresh Meadows, NY 11365","$60,000 - $69,999","$1,000,000+",new,2026-10-01,true,0
Norman Kerman,(718) 380-2052,+17183802052,"7304 169th St Flushing, NY 11366","$70,000 - $79,999","$900,000 - $999,999",new,2026-10-01,true,0
Samir Kulkarni,(305) 234-0726,+13052340726,"7337 SW 169th Ter Village Of Palmetto Bay, FL 33157","$400,000 - $499,999","$1,000,000+",new,2026-10-01,true,0
Guillermo Perez,(305) 256-9522,+13052569522,"7369 SW 169th Ter Village Of Palmetto Bay, FL 33157","$200,000 - $249,999","$1,000,000+",new,2026-10-01,true,0
Lyudmila Shayevich,(718) 969-4341,+17189694341,"7519 169th St Fresh Meadows, NY 11366","$125,000 - $149,999","$900,000 - $999,999",new,2026-10-01,true,0
Eileen Kupfer,(718) 591-0262,+17185910262,"7521 169th St Fresh Meadows, NY 11366","$100,000 - $124,999","$900,000 - $999,999",new,2026-10-01,true,0
Giai Vuong,(718) 969-5385,+17189695385,"7522 169th St Fresh Meadows, NY 11366","$175,000 - $199,999","$1,000,000+",new,2026-10-01,true,0
Clarice Wasserman,(718) 380-3095,+17183803095,"7627 169th St Fresh Meadows, NY 11366","$100,000 - $124,999","$800,000 - $899,999",new,2026-10-01,true,0
Yefim Pinkhasov,(718) 820-0551,+17188200551,"7639 169th St Fresh Meadows, NY 11366","$50,000 - $59,999","$700,000 - $799,999",new,2026-10-01,true,0
Marcos Gutierrez,(305) 821-0496,+13058210496,"7757 NW 169th Ter Miami Lakes, FL 33016","$250,000 - $299,999","$1,000,000+",new,2026-10-01,true,0
Andrew Daniluk,(786) 242-9420,+17862429420,"7851 SW 169th St Village Of Palmetto Bay, FL 33157","$400,000 - $499,999","$800,000 - $899,999",new,2026-10-01,true,0
Sergio Penton,(305) 556-0116,+13055560116,"7891 NW 169th Ter Miami Lakes, FL 33016","$100,000 - $124,999","$700,000 - $799,999",new,2026-10-01,true,0
Avtar Tinna,(718) 969-7001,+17189697001,"8040 169th St Jamaica, NY 11432","$70,000 - $79,999","$1,000,000+",new,2026-10-01,true,0
Khabir Ahamed,(718) 591-9490,+17185919490,"8117 169th St Jamaica, NY 11432","$100,000 - $124,999","$800,000 - $899,999",new,2026-10-01,true,0
Gary Dorante,(718) 380-0278,+17183800278,"8137 169th St Jamaica, NY 11432","$100,000 - $124,999","$800,000 - $899,999",new,2026-10-01,true,0
Ileana Labrada,(305) 557-5238,+13055575238,"8495 NW 169th Ter Miami Lakes, FL 33016","$200,000 - $249,999","$700,000 - $799,999",new,2026-10-01,true,0
Bridget Allim,(718) 206-3909,+17182063909,"8543 169th St Jamaica, NY 11432","$50,000 - $59,999","$1,000,000+",new,2026-10-01,true,0
Abul Alauddin,(718) 206-3668,+17182063668,"8550 169th St Jamaica, NY 11432","$50,000 - $59,999","$700,000 - $799,999",new,2026-10-01,true,0
Amy Kaye,(305) 253-6492,+13052536492,"8553 SW 169th Ter Village Of Palmetto Bay, FL 33157","$90,000 - $99,999","$900,000 - $999,999",new,2026-10-01,true,0
Sandra Cruz,(305) 823-1858,+13058231858,"8568 NW 169th Ter Miami Lakes, FL 33016","$200,000 - $249,999","$700,000 - $799,999",new,2026-10-01,true,0
Thomas Freeman,(503) 590-4329,+15035904329,"9225 SW 169th Ave Beaverton, OR 97007","$300,000 - $399,999","$700,000 - $799,999",new,2026-10-01,true,0
Dan Gramer,(425) 558-1072,+14255581072,"11425 169th Ct NE Redmond, WA 98052","$300,000 - $399,999","$1,000,000+",new,2026-10-01,true,0
James Butler,(561) 575-3448,+15615753448,"12039 169th Ct N Jupiter, FL 33478","$100,000 - $124,999","$700,000 - $799,999",new,2026-10-01,true,0
George Dzama,(561) 748-1391,+15617481391,"12307 169th Ct N Jupiter, FL 33478","$80,000 - $89,999","$800,000 - $899,999",new,2026-10-01,true,0
Orlando Torres,(305) 254-9763,+13052549763,"15560 SW 169th Ave Miami, FL 33187","$175,000 - $199,999","$900,000 - $999,999",new,2026-10-01,true,0
Michael Vejar,(360) 944-9838,+13609449838,"16811 NE 169th St Brush Prairie, WA 98606","$300,000 - $399,999","$900,000 - $999,999",new,2026-10-01,true,0
Maria Oliver,(786) 713-5719,+17867135719,"18995 SW 169th Ave Miami, FL 33187","$30,000 - $39,999","$800,000 - $899,999",new,2026-10-01,true,0
Toni Dietel,(360) 896-4808,+13608964808,"23217 NE 169th St Brush Prairie, WA 98606","$150,000 - $174,999","$800,000 - $899,999",new,2026-10-01,true,0
Rebecca Gaskill,(712) 759-1343,+17127591343,"25817 169th St Spirit Lake, IA 51360","$300,000 - $399,999","$900,000 - $999,999",new,2026-10-01,true,0
Douglas Dau,(712) 336-0867,+17123360867,"25850 169th St Spirit Lake, IA 51360","$300,000 - $399,999","$700,000 - $799,999",new,2026-10-01,true,0
Craig Meador,(253) 833-9084,+12538339084,"32404 169th Ave SE Auburn, WA 98092","$200,000 - $249,999","$800,000 - $899,999",new,2026-10-01,true,0
Jairo Olaya,(631) 324-5584,+16313245584,"5 16th St East Hampton, NY 11937","$100,000 - $124,999","$1,000,000+",new,2026-10-01,true,0
M Campanello,(609) 492-1098,+16094921098,"6 E 16th St Long Beach Township, NJ 08008","$70,000 - $79,999","$900,000 - $999,999",new,2026-10-01,true,0
George Beasley,(239) 263-7295,+12392637295,"10 16th Ave S Naples, FL 34102","$200,000 - $249,999","$1,000,000+",new,2026-10-01,true,0
Manuel Barrios,(212) 807-1636,+12128071636,"16 W 16th St Ph En New York, NY 10011","$60,000 - $69,999","$1,000,000+",new,2026-10-01,true,0
Robert Savage,(561) 272-8043,+15612728043,"16 NE 16th Ct Delray Beach, FL 33444","$100,000 - $124,999","$1,000,000+",new,2026-10-01,true,0
Reynaldo Rivera,(212) 675-2341,+12126752341,"16 W 16th St Apt 8es New York, NY 10011","$150,000 - $174,999","$1,000,000+",new,2026-10-01,true,0
Josephine Fagan,(212) 255-6076,+12122556076,"16 W 16th St Apt 1mn New York, NY 10011","$60,000 - $69,999","$1,000,000+",new,2026-10-01,true,0
Mitchie Takeuchi,(212) 645-2974,+12126452974,"16 W 16th St Apt 14en New York, NY 10011","$30,000 - $39,999","$1,000,000+",new,2026-10-01,true,0
Marion Maneker,(212) 706-9326,+12127069326,"16 W 16th St New York, NY 10011","$250,000 - $299,999","$1,000,000+",new,2026-10-01,true,0
Nancy Parris,(202) 547-4597,+12025474597,"16 16th St SE Washington, DC 20003","$300,000 - $399,999","$700,000 - $799,999",new,2026-10-01,true,0
Daniel Maloney,(212) 620-7941,+12126207941,"18 W 16th St Apt 3f New York, NY 10011","$50,000 - $59,999","$1,000,000+",new,2026-10-01,true,0
Alfredo Enriquez,(201) 535-5619,+12015355619,"25 W 16th St # 1 Bayonne, NJ 07002","$90,000 - $99,999","$700,000 - $799,999",new,2026-10-01,true,0
Kimberly Bellestri,(239) 262-2750,+12392622750,"25 16th Ave S Naples, FL 34102","$300,000 - $399,999","$1,000,000+",new,2026-10-01,true,0
Michael Lahm,(212) 229-9142,+12122299142,"31 W 16th St Apt 4 New York, NY 10011","$250,000 - $299,999","$1,000,000+",new,2026-10-01,true,0
Joseph Venosa,(650) 574-7974,+16505747974,"36 16th Ave San Mateo, CA 94402","$150,000 - $174,999","$700,000 - $799,999",new,2026-10-01,true,0
Yefim Belenky,(408) 279-4535,+14082794535,"39 S 16th St San Jose, CA 95112","$250,000 - $299,999","$700,000 - $799,999",new,2026-10-01,true,0
Virginia Mangini,(650) 349-7085,+16503497085,"40 16th Ave San Mateo, CA 94402","$200,000 - $249,999","$700,000 - $799,999",new,2026-10-01,true,0
Ed Kushins,(310) 318-1845,+13103181845,"45 16th St Hermosa Beach, CA 90254","$300,000 - $399,999","$1,000,000+",new,2026-10-01,true,0
Rodney Fong,(415) 221-8104,+14152218104,"47 16th Ave San Francisco, CA 94118","$200,000 - $249,999","$1,000,000+",new,2026-10-01,true,0
Henry Fung,(215) 563-4768,+12155634768,"50 S 16th St Unit 4705 Philadelphia, PA 19102","$400,000 - $499,999","$1,000,000+",new,2026-10-01,true,0
Margaret Schurr,(718) 945-0235,+17189450235,"50 W 16th Rd Broad Channel, NY 11693","$100,000 - $124,999","$700,000 - $799,999",new,2026-10-01,true,0
Richard Oller,(267) 639-3775,+12676393775,"50 S 16th St Unit 4008 Philadelphia, PA 19102","$300,000 - $399,999","$1,000,000+",new,2026-10-01,true,0
Richard Unser,(310) 374-7211,+13103747211,"50 16th St Hermosa Beach, CA 90254","$150,000 - $174,999","$1,000,000+",new,2026-10-01,true,0
Stewart Early,(212) 989-8471,+12129898471,"54 W 16th St Apt 14b New York, NY 10011","$70,000 - $79,999","$1,000,000+",new,2026-10-01,true,0
Donna Glasgow,(212) 675-3188,+12126753188,"54 W 16th St Apt 5b New York, NY 10011","$300,000 - $399,999","$1,000,000+",new,2026-10-01,true,0
Alan Bloome,(212) 255-6861,+12122556861,"54 W 16th St Apt 1f New York, NY 10011","$60,000 - $69,999","$1,000,000+",new,2026-10-01,true,0
Beatrice Dias,(212) 989-2976,+12129892976,"54 W 16th St Apt 2h New York, NY 10011","$40,000 - $49,999","$900,000 - $999,999",new,2026-10-01,true,0
Joan Williams,(631) 321-4357,+16313214357,"56 16th St West Babylon, NY 11704","$250,000 - $299,999","$1,000,000+",new,2026-10-01,true,0
Mark Lim,(408) 279-6632,+14082796632,"78 S 16th St San Jose, CA 95112","$300,000 - $399,999","$700,000 - $799,999",new,2026-10-01,true,0
Benjamin Jagendorf,(718) 284-1100,+17182841100,"100 E 16th St Brooklyn, NY 11226","$60,000 - $69,999","$900,000 - $999,999",new,2026-10-01,true,0
Anthony Wash,(202) 544-4758,+12025444758,"106 16th St SE Washington, DC 20003","$400,000 - $499,999","$1,000,000+",new,2026-10-01,true,0
Alex Chen,(727) 517-3390,+17275173390,"108 16th St Belleair Beach, FL 33786","$300,000 - $399,999","$900,000 - $999,999",new,2026-10-01,true,0
Inmar Rivera,(561) 243-3693,+15612433693,"108 NE 16th Ct Delray Beach, FL 33444","$400,000 - $499,999","$1,000,000+",new,2026-10-01,true,0
James Lisko,(727) 898-2970,+17278982970,"113 16th Ave N Saint Petersburg, FL 33704","$200,000 - $249,999","$1,000,000+",new,2026-10-01,true,0
Jodie Kallas,(718) 675-7010,+17186757010,"116 E 16th St Brooklyn, NY 11226","$40,000 - $49,999","$1,000,000+",new,2026-10-01,true,0
Sandra Baker,(954) 779-1910,+19547791910,"116 NE 16th Ter Fort Lauderdale, FL 33301","$80,000 - $89,999","$1,000,000+",new,2026-10-01,true,0
Secundino Fernandez,(212) 741-2121,+12127412121,"118 W 16th St New York, NY 10011","$250,000 - $299,999","$800,000 - $899,999",new,2026-10-01,true,0
Jennifer Coloney,(954) 999-0190,+19549990190,"118 NE 16th Ter Fort Lauderdale, FL 33301","$300,000 - $399,999","$1,000,000+",new,2026-10-01,true,0
Charles Thorp,(713) 862-4404,+17138624404,"121 E 16th St Houston, TX 77008","$90,000 - $99,999","$1,000,000+",new,2026-10-01,true,0
Deirdre Desormeau,(561) 276-2359,+15612762359,"121 NE 16th St Delray Beach, FL 33444","$300,000 - $399,999","$1,000,000+",new,2026-10-01,true,0
James Bohn,(310) 545-5599,+13105455599,"124 16th St Manhattan Beach, CA 90266","$300,000 - $399,999","$1,000,000+",new,2026-10-01,true,0
Frances Van Bergen,(415) 702-6201,+14157026201,"125 16th Ave San Francisco, CA 94118","$40,000 - $49,999","$800,000 - $899,999",new,2026-10-01,true,0
Vance Howard,(631) 253-0372,+16312530372,"127 N 16th St Wheatley Heights, NY 11798","$80,000 - $89,999","$700,000 - $799,999",new,2026-10-01,true,0
Nathan Bowie,(713) 880-1403,+17138801403,"217 W 16th St Houston, TX 77008","$300,000 - $399,999","$900,000 - $999,999",new,2026-10-01,true,0
Nicholas Sterlington,(212) 727-8096,+12127278096,"130 W 16th St Apt 43 New York, NY 10011","$250,000 - $299,999","$800,000 - $899,999",new,2026-10-01,true,0
David Draper,(212) 243-0608,+12122430608,"136 W 16th St Apt 3e New York, NY 10011","$300,000 - $399,999","$800,000 - $899,999",new,2026-10-01,true,0
Kreeson Kuni,(646) 692-8535,+16466928535,"142 E 16th St Apt 12d New York, NY 10003","$300,000 - $399,999","$700,000 - $799,999",new,2026-10-01,true,0
Gilbert Mccurdy,(212) 228-6665,+12122286665,"142 E 16th St Apt 11a New York, NY 10003","$250,000 - $299,999","$900,000 - $999,999",new,2026-10-01,true,0
Lynda Sullivan,(415) 751-4304,+14157514304,"149 16th Ave San Francisco, CA 94118","$300,000 - $399,999","$700,000 - $799,999",new,2026-10-01,true,0
Irene Harris,(516) 671-0804,+15166710804,"156 16th Ave Sea Cliff, NY 11579","$300,000 - $399,999","$1,000,000+",new,2026-10-01,true,0
Jacqueline Pelaccio,(914) 737-6204,+19147376204,"159 16th St Verplanck, NY 10596","$30,000 - $39,999","$700,000 - $799,999",new,2026-10-01,true,0
F Goshow,(212) 242-6834,+12122426834,"161 W 16th St Apt 19a New York, NY 10011","$300,000 - $399,999","$1,000,000+",new,2026-10-01,true,0
Magdy Salama,(201) 339-8372,+12013398372,"185 W 16th St Bayonne, NJ 07002","$400,000 - $499,999","$700,000 - $799,999",new,2026-10-01,true,0
Jennifer Hessel,(646) 596-9255,+16465969255,"201 W 16th St Apt 3b New York, NY 10011","$250,000 - $299,999","$700,000 - $799,999",new,2026-10-01,true,0
Katherine Brandi,(910) 763-7192,+19107637192,"201 N 16th St Wilmington, NC 28401","$90,000 - $99,999","$700,000 - $799,999",new,2026-10-01,true,0
William Perry,(503) 263-2637,+15032632637,"202 SE 16th Ave Canby, OR 97013","$300,000 - $399,999","$700,000 - $799,999",new,2026-10-01,true,0
Patti Byrne,(949) 423-7507,+19494237507,"210 16th Pl Apt A Costa Mesa, CA 92627","$300,000 - $399,999","$700,000 - $799,999",new,2026-10-01,true,0
Caroline Meade,(505) 242-3323,+15052423323,"215 16th St SW Albuquerque, NM 87104","$400,000 - $499,999","$800,000 - $899,999",new,2026-10-01,true,0
Mary Haight,(727) 823-9855,+17278239855,"219 16th Ave N Saint Petersburg, FL 33704","$60,000 - $69,999","$1,000,000+",new,2026-10-01,true,0
Nikkie Tolt,(310) 545-9409,+13105459409,"221 16th St Manhattan Beach, CA 90266","$400,000 - $499,999","$1,000,000+",new,2026-10-01,true,0
Verle Walters,(503) 864-3595,+15038643595,"224 E 16th St Lafayette, OR 97127","$400,000 - $499,999","$700,000 - $799,999",new,2026-10-01,true,0
Ruth Lindner,(212) 989-1356,+12129891356,"230 W 16th St Apt 2ab New York, NY 10011","$40,000 - $49,999","$800,000 - $899,999",new,2026-10-01,true,0
Klan Von,(310) 260-4869,+13102604869,"230 16th St Santa Monica, CA 90402","$400,000 - $499,999","$1,000,000+",new,2026-10-01,true,0
Patricia Conklin,(609) 494-1082,+16094941082,"231 W 16th St Ship Bottom, NJ 08008","$300,000 - $399,999","$1,000,000+",new,2026-10-01,true,0
Bruce Oka,(415) 221-1681,+14152211681,"241 16th Ave San Francisco, CA 94118","$60,000 - $69,999","$900,000 - $999,999",new,2026-10-01,true,0
Ray Hart,(949) 791-8127,+19497918127,"250 E 16th St Apt C Costa Mesa, CA 92627","$250,000 - $299,999","$800,000 - $899,999",new,2026-10-01,true,0
Jeffrey Smith,(212) 255-4485,+12122554485,"253 W 16th St Apt 2g New York, NY 10011","$200,000 - $249,999","$1,000,000+",new,2026-10-01,true,0
Peggy Lingard,(718) 462-8963,+17184628963,"276 E 16th St Brooklyn, NY 11226","$50,000 - $59,999","$700,000 - $799,999",new,2026-10-01,true,0
Martha Gregg,(415) 752-8444,+14157528444,"281 16th Ave San Francisco, CA 94118","$300,000 - $399,999","$1,000,000+",new,2026-10-01,true,0
Steven Kirby,(631) 957-0662,+16319570662,"282 S 16th St Lindenhurst, NY 11757","$250,000 - $299,999","$700,000 - $799,999",new,2026-10-01,true,0
Robert Kenyon,(408) 293-5278,+14082935278,"284 S 16th St San Jose, CA 95112","$200,000 - $249,999","$700,000 - $799,999",new,2026-10-01,true,0
Diane Tillman,(562) 430-4711,+15624304711,"302 16th St Seal Beach, CA 90740","$90,000 - $99,999","$800,000 - $899,999",new,2026-10-01,true,0
Diane Lesky,(732) 681-7949,+17326817949,"304 16th Ave Belmar, NJ 07719","$50,000 - $59,999","$700,000 - $799,999",new,2026-10-01,true,0
Joseph Nocella,(718) 369-5028,+17183695028,"305 16th St Brooklyn, NY 11215","$150,000 - $174,999","$700,000 - $799,999",new,2026-10-01,true,0
Neelam Al-Angurli,(718) 832-6432,+17188326432,"307 16th St Brooklyn, NY 11215","$60,000 - $69,999","$1,000,000+",new,2026-10-01,true,0
Gregg Pauley,(424) 383-1979,+14243831979,"312 16th St Manhattan Beach, CA 90266","$60,000 - $69,999","$1,000,000+",new,2026-10-01,true,0
Sammy Wong,(415) 386-6505,+14153866505,"320 16th Ave San Francisco, CA 94118","$400,000 - $499,999","$1,000,000+",new,2026-10-01,true,0
Rhonda Boddie,(202) 547-0426,+12025470426,"322 16th St SE Washington, DC 20003","$50,000 - $59,999","$700,000 - $799,999",new,2026-10-01,true,0
Tommy Chan,(415) 387-4580,+14153874580,"324 16th Ave San Francisco, CA 94118","$40,000 - $49,999","$1,000,000+",new,2026-10-01,true,0
Steven Oliker,(310) 546-5594,+13105465594,"324 16th St Manhattan Beach, CA 90266","$400,000 - $499,999","$1,000,000+",new,2026-10-01,true,0
Susan Salzano,(561) 243-2413,+15612432413,"329 NW 16th St Delray Beach, FL 33444","$250,000 - $299,999","$1,000,000+",new,2026-10-01,true,0
Morris Walker,(202) 544-2742,+12025442742,"332 16th St SE Washington, DC 20003","$60,000 - $69,999","$700,000 - $799,999",new,2026-10-01,true,0
Angelina Holahan,(215) 732-4802,+12157324802,"342 S 16th St Philadelphia, PA 19102","$400,000 - $499,999","$1,000,000+",new,2026-10-01,true,0
Marsha Perluss,(949) 646-1702,+19496461702,"348 16th Pl Costa Mesa, CA 92627","$70,000 - $79,999","$800,000 - $899,999",new,2026-10-01,true,0
Kathleen Mccullagh,(718) 499-2820,+17184992820,"365 16th St Brooklyn, NY 11215","$250,000 - $299,999","$1,000,000+",new,2026-10-01,true,0
Tadeusz Torkowski,(561) 447-4360,+15614474360,"365 SW 16th St Boca Raton, FL 33432","$200,000 - $249,999","$1,000,000+",new,2026-10-01,true,0
James Bernklau,(503) 266-7138,+15032667138,"368 SE 16th Ave Canby, OR 97013","$60,000 - $69,999","$700,000 - $799,999",new,2026-10-01,true,0
Kit Kushin,(949) 548-2702,+19495482702,"368 E 16th St Apt A Costa Mesa, CA 92627","$400,000 - $499,999","$900,000 - $999,999",new,2026-10-01,true,0
Stanley Zadrozny,(718) 856-8852,+17188568852,"390 E 16th St Brooklyn, NY 11226","$60,000 - $69,999","$1,000,000+",new,2026-10-01,true,0
Shannon Marsh,(561) 391-0086,+15613910086,"395 SW 16th St Boca Raton, FL 33432","$400,000 - $499,999","$1,000,000+",new,2026-10-01,true,0
John Nowatnick,(954) 942-8226,+19549428226,"400 SE 16th Ave Pompano Beach, FL 33060","$300,000 - $399,999","$900,000 - $999,999",new,2026-10-01,true,0
Laura Rempel,(954) 788-7692,+19547887692,"401 SE 16th Ave Pompano Beach, FL 33060","$70,000 - $79,999","$800,000 - $899,999",new,2026-10-01,true,0
Merrilyn Benton,(202) 546-4714,+12025464714,"411 16th St SE Washington, DC 20003","$100,000 - $124,999","$700,000 - $799,999",new,2026-10-01,true,0
Eleanor Calabro,(732) 681-7232,+17326817232,"412 16th Ave Belmar, NJ 07719","$70,000 - $79,999","$700,000 - $799,999",new,2026-10-01,true,0
Michelle Kaylor,(949) 642-6409,+19496426409,"412 16th Pl Costa Mesa, CA 92627","$200,000 - $249,999","$800,000 - $899,999",new,2026-10-01,true,0
Alec Nedelman,(310) 576-0423,+13105760423,"414 16th St Santa Monica, CA 90402","$400,000 - $499,999","$1,000,000+",new,2026-10-01,true,0
Rene Burton,(714) 969-9967,+17149699967,"418 16th St Huntington Beach, CA 92648","$60,000 - $69,999","$700,000 - $799,999",new,2026-10-01,true,0
Angela Tickler,(415) 668-0149,+14156680149,"426 16th Ave San Francisco, CA 94118","$30,000 - $39,999","$900,000 - $999,999",new,2026-10-01,true,0
Z Yaghmai,(310) 395-1025,+13103951025,"428 16th St Santa Monica, CA 90402","$400,000 - $499,999","$1,000,000+",new,2026-10-01,true,0
Jay Gerondale,(949) 631-2088,+19496312088,"428 E 16th St Costa Mesa, CA 92627","$50,000 - $59,999","$800,000 - $899,999",new,2026-10-01,true,0
Mary Thayer,(949) 645-7726,+19496457726,"443 16th Pl Costa Mesa, CA 92627","$100,000 - $124,999","$800,000 - $899,999",new,2026-10-01,true,0
Moon Kling,(415) 750-1968,+14157501968,"454 16th Ave San Francisco, CA 94118","$300,000 - $399,999","$900,000 - $999,999",new,2026-10-01,true,0
Carrie Tapp,(727) 821-9336,+17278219336,"455 16th Ave NE Saint Petersburg, FL 33704","$250,000 - $299,999","$1,000,000+",new,2026-10-01,true,0
Frank Fish,(949) 631-7116,+19496317116,"467 16th Pl Costa Mesa, CA 92627","$80,000 - $89,999","$800,000 - $899,999",new,2026-10-01,true,0
Annie Chan,(415) 668-3607,+14156683607,"467 16th Ave San Francisco, CA 94118","$175,000 - $199,999","$900,000 - $999,999",new,2026-10-01,true,0
Julian Birnbaum,(718) 287-3050,+17182873050,"468 E 16th St Brooklyn, NY 11226","$50,000 - $59,999","$1,000,000+",new,2026-10-01,true,0
Susan Skelton,(954) 785-0675,+19547850675,"480 SE 16th Ave Pompano Beach, FL 33060","$60,000 - $69,999","$800,000 - $899,999",new,2026-10-01,true,0
Les Faludi,(949) 642-9836,+19496429836,"492 16th Pl Costa Mesa, CA 92627","$175,000 - $199,999","$800,000 - $899,999",new,2026-10-01,true,0
Louis Bickford,(718) 282-1252,+17182821252,"494 E 16th St Brooklyn, NY 11226","$400,000 - $499,999","$1,000,000+",new,2026-10-01,true,0
Steve Rifkind,(718) 826-6230,+17188266230,"495 E 16th St Brooklyn, NY 11226","$100,000 - $124,999","$1,000,000+",new,2026-10-01,true,0
Gordon Wenner,(954) 522-5649,+19545225649,"509 SW 16th St Fort Lauderdale, FL 33315","$70,000 - $79,999","$1,000,000+",new,2026-10-01,true,0
William Burtchaell,(727) 821-0992,+17278210992,"516 16th Ave NE Saint Petersburg, FL 33704","$60,000 - $69,999","$1,000,000+",new,2026-10-01,true,0
Dan Dermer,(408) 947-7444,+14089477444,"525 S 16th St San Jose, CA 95112","$200,000 - $249,999","$1,000,000+",new,2026-10-01,true,0
Freya Grice,(718) 499-3937,+17184993937,"544 16th St Brooklyn, NY 11215","$300,000 - $399,999","$1,000,000+",new,2026-10-01,true,0
Cynthia Newberry,(408) 938-0775,+14089380775,"545 S 16th St San Jose, CA 95112","$400,000 - $499,999","$1,000,000+",new,2026-10-01,true,0
Thomas Fredrickson,(347) 889-5114,+13478895114,"552 16th St Brooklyn, NY 11215","$300,000 - $399,999","$1,000,000+",new,2026-10-01,true,0
Barbara Minakakis,(718) 703-6568,+17187036568,"574 E 16th St Brooklyn, NY 11226","$40,000 - $49,999","$1,000,000+",new,2026-10-01,true,0
Iain Anderson,(415) 221-6671,+14152216671,"586 16th Ave San Francisco, CA 94118","$300,000 - $399,999","$1,000,000+",new,2026-10-01,true,0
Jasna Krmpotic,(415) 221-3534,+14152213534,"615 16th Ave San Francisco, CA 94118","$200,000 - $249,999","$1,000,000+",new,2026-10-01,true,0
Shari Teeple,(206) 328-3048,+12063283048,"617 16th Ave E Seattle, WA 98112","$250,000 - $299,999","$1,000,000+",new,2026-10-01,true,0
Frances Shewan,(954) 525-0820,+19545250820,"623 NE 16th Ter Fort Lauderdale, FL 33304","$60,000 - $69,999","$700,000 - $799,999",new,2026-10-01,true,0
Clifford Ruffner,(727) 823-5279,+17278235279,"625 16th Ave NE Saint Petersburg, FL 33704","$60,000 - $69,999","$1,000,000+",new,2026-10-01,true,0
Keh Shih,(310) 395-5979,+13103955979,"626 16th St Santa Monica, CA 90402","$200,000 - $249,999","$1,000,000+",new,2026-10-01,true,0
Sharee Robertson,(832) 968-3399,+18329683399,"627 W 16th St Houston, TX 77008","$300,000 - $399,999","$700,000 - $799,999",new,2026-10-01,true,0
Wiley John,(415) 831-0500,+14158310500,"640 16th Ave San Francisco, CA 94118","$400,000 - $499,999","$1,000,000+",new,2026-10-01,true,0
Cynthia Silvestri,(727) 551-0561,+17275510561,"646 16th Ave NE Saint Petersburg, FL 33704","$200,000 - $249,999","$1,000,000+",new,2026-10-01,true,0
Danny Yip,(415) 221-3243,+14152213243,"672 16th Ave San Francisco, CA 94118","$50,000 - $59,999","$900,000 - $999,999",new,2026-10-01,true,0
Theresia Devroom,(310) 458-0292,+13104580292,"711 16th St Santa Monica, CA 90402","$300,000 - $399,999","$1,000,000+",new,2026-10-01,true,0
Enrique Martinez,(954) 616-8367,+19546168367,"713 SE 16th St Apt 3 Fort Lauderdale, FL 33316","$20,000 - $29,999","$700,000 - $799,999",new,2026-10-01,true,0
Bin Chan,(415) 386-0879,+14153860879,"721 16th Ave San Francisco, CA 94118","$300,000 - $399,999","$800,000 - $899,999",new,2026-10-01,true,0
Sheryl Carter,(954) 524-6745,+19545246745,"730 NE 16th Ter Fort Lauderdale, FL 33304","$250,000 - $299,999","$900,000 - $999,999",new,2026-10-01,true,0
Kristine Bertness,(303) 443-7327,+13034437327,"742 16th St Boulder, CO 80302","$100,000 - $124,999","$1,000,000+",new,2026-10-01,true,0
Carmen Mcgee,(713) 864-8521,+17138648521,"745 E 16th St Houston, TX 77008","$50,000 - $59,999","$700,000 - $799,999",new,2026-10-01,true,0
Thomas Saiza,(310) 393-0565,+13103930565,"812 16th St Unit 3 Santa Monica, CA 90403","$200,000 - $249,999","$800,000 - $899,999",new,2026-10-01,true,0
Michael Mullikin,(310) 393-7200,+13103937200,"812 16th St Unit 11 Santa Monica, CA 90403","$300,000 - $399,999","$800,000 - $899,999",new,2026-10-01,true,0
Mark Hartman,(954) 761-8243,+19547618243,"819 NE 16th Ct Fort Lauderdale, FL 33305","$80,000 - $89,999","$900,000 - $999,999",new,2026-10-01,true,0
Tracey Hanes,(954) 463-0776,+19544630776,"821 NE 16th Ter Fort Lauderdale, FL 33304","$400,000 - $499,999","$700,000 - $799,999",new,2026-10-01,true,0
Catherine Chaplan,(206) 726-0880,+12067260880,"832 16th Ave Seattle, WA 98122","$400,000 - $499,999","$1,000,000+",new,2026-10-01,true,0
Agnes Jennings,(701) 734-6557,+17017346557,"851 16th Ave SW Washburn, ND 58577","$250,000 - $299,999","$1,000,000+",new,2026-10-01,true,0
Amber Debevec,(305) 294-4965,+13052944965,"910 16th Ter Key West, FL 33040","$400,000 - $499,999","$700,000 - $799,999",new,2026-10-01,true,0
Shannon Loftis,(206) 328-6614,+12063286614,"915 16th Ave E Seattle, WA 98112","$400,000 - $499,999","$1,000,000+",new,2026-10-01,true,0
Charles Stonecipher,(206) 328-7830,+12063287830,"916 16th Ave E Seattle, WA 98112","$300,000 - $399,999","$1,000,000+",new,2026-10-01,true,0
Robert Packham,(310) 828-8312,+13108288312,"947 16th St Apt 1 Santa Monica, CA 90403","$300,000 - $399,999","$800,000 - $899,999",new,2026-10-01,true,0
Kathy Nakanishi,(808) 888-7908,+18088887908,"949 16th Ave Honolulu, HI 96816","$100,000 - $124,999","$1,000,000+",new,2026-10-01,true,0
E Lopez Blanco,(310) 453-6168,+13104536168,"951 16th St Santa Monica, CA 90403","$300,000 - $399,999","$1,000,000+",new,2026-10-01,true,0
Zvi Moskowitz,(718) 252-2193,+17182522193,"956 E 16th St Brooklyn, NY 11230","$250,000 - $299,999","$1,000,000+",new,2026-10-01,true,0
John Foglesong,(561) 362-7301,+15613627301,"1001 SW 16th St Boca Raton, FL 33486","$400,000 - $499,999","$800,000 - $899,999",new,2026-10-01,true,0
Kathleen Ellis,(703) 979-2468,+17039792468,"1004 16th St S Arlington, VA 22202","$300,000 - $399,999","$800,000 - $899,999",new,2026-10-01,true,0
Deirdre Grant,(310) 372-1123,+13103721123,"1011 16th St Hermosa Beach, CA 90254","$400,000 - $499,999","$700,000 - $799,999",new,2026-10-01,true,0
David Bamdas,(561) 392-4571,+15613924571,"1033 SW 16th St Boca Raton, FL 33486","$200,000 - $249,999","$900,000 - $999,999",new,2026-10-01,true,0
Judith Ake,(561) 393-0353,+15613930353,"1050 SW 16th St Boca Raton, FL 33486","$300,000 - $399,999","$800,000 - $899,999",new,2026-10-01,true,0
Raphael Adler,(718) 252-6668,+17182526668,"1057 E 16th St Brooklyn, NY 11230","$250,000 - $299,999","$1,000,000+",new,2026-10-01,true,0
Glen Rugg,(727) 823-5682,+17278235682,"1064 16th Ave N Saint Petersburg, FL 33704","$250,000 - $299,999","$800,000 - $899,999",new,2026-10-01,true,0
Bessie Economou,(718) 252-3878,+17182523878,"1079 E 16th St Brooklyn, NY 11230","$40,000 - $49,999","$1,000,000+",new,2026-10-01,true,0
Robert Mclean,(713) 868-4947,+17138684947,"1108 E 16th St Houston, TX 77009","$90,000 - $99,999","$800,000 - $899,999",new,2026-10-01,true,0
Jonathan Stone,(808) 260-9489,+18082609489,"1108 16th Ave Honolulu, HI 96816","$200,000 - $249,999","$1,000,000+",new,2026-10-01,true,0
Keith Mccandless,(206) 324-6920,+12063246920,"1133 16th Ave Seattle, WA 98122","$400,000 - $499,999","$1,000,000+",new,2026-10-01,true,0
Stacia Baek,(808) 732-4519,+18087324519,"1141 16th Ave Honolulu, HI 96816","$400,000 - $499,999","$900,000 - $999,999",new,2026-10-01,true,0
Joell Bodnar,(310) 832-1057,+13108321057,"1164 W 16th St San Pedro, CA 90731","$50,000 - $59,999","$1,000,000+",new,2026-10-01,true,0
Lisa Shaw,(561) 961-0350,+15619610350,"1180 SW 16th St Boca Raton, FL 33486","$400,000 - $499,999","$800,000 - $899,999",new,2026-10-01,true,0
Suzanne Sousa,(954) 764-0430,+19547640430,"1209 NE 16th Ter Fort Lauderdale, FL 33304","$70,000 - $79,999","$700,000 - $799,999",new,2026-10-01,true,0
Joseph Badlissi,(409) 724-2424,+14097242424,"1212 S 16th St Nederland, TX 77627","$100,000 - $124,999","$900,000 - $999,999",new,2026-10-01,true,0
Kathy Bench,(713) 863-8777,+17138638777,"1225 W 16th St Houston, TX 77008","$300,000 - $399,999","$700,000 - $799,999",new,2026-10-01,true,0
Hans Evans,(415) 564-2265,+14155642265,"1250 16th Ave San Francisco, CA 94122","$100,000 - $124,999","$1,000,000+",new,2026-10-01,true,0
David Louie,(808) 735-8105,+18087358105,"1258 16th Ave Honolulu, HI 96816","$200,000 - $249,999","$1,000,000+",new,2026-10-01,true,0
James Nogawa,(808) 737-2430,+18087372430,"1355 16th Ave Honolulu, HI 96816","$100,000 - $124,999","$1,000,000+",new,2026-10-01,true,0
Carla Kansky,(808) 737-7296,+18087377296,"1357 16th Ave Honolulu, HI 96816","$400,000 - $499,999","$1,000,000+",new,2026-10-01,true,0
Jacob Neiman,(718) 627-8806,+17186278806,"1367 E 16th St Brooklyn, NY 11230","$100,000 - $124,999","$1,000,000+",new,2026-10-01,true,0
Mark Nigara,(415) 665-2598,+14156652598,"1382 16th Ave San Francisco, CA 94122","$200,000 - $249,999","$900,000 - $999,999",new,2026-10-01,true,0
Veronica Brocard,(561) 417-7414,+15614177414,"1400 SW 16th St Boca Raton, FL 33486","$250,000 - $299,999","$800,000 - $899,999",new,2026-10-01,true,0
Rena Kravitz,(718) 376-3676,+17183763676,"1429 E 16th St Brooklyn, NY 11230","$70,000 - $79,999","$900,000 - $999,999",new,2026-10-01,true,0
Wai Chong,(808) 737-6794,+18087376794,"1433 16th Ave Apt A Honolulu, HI 96816","$90,000 - $99,999","$1,000,000+",new,2026-10-01,true,0
Ronald Vandyck,(310) 548-1957,+13105481957,"1436 W 16th St San Pedro, CA 90732","$60,000 - $69,999","$800,000 - $899,999",new,2026-10-01,true,0
Mary Ozga,(561) 391-9132,+15613919132,"1441 SW 16th St Boca Raton, FL 33486","$400,000 - $499,999","$900,000 - $999,999",new,2026-10-01,true,0
Kelly Sullivan,(561) 620-9101,+15616209101,"1491 SW 16th St Boca Raton, FL 33486","$400,000 - $499,999","$800,000 - $899,999",new,2026-10-01,true,0
Omar Valdes,(305) 858-7710,+13058587710,"1500 SW 16th Ave Miami, FL 33145","$100,000 - $124,999","$700,000 - $799,999",new,2026-10-01,true,0
Maria Lescano,(754) 779-7982,+17547797982,"1504 NE 16th Ter Fort Lauderdale, FL 33304","$300,000 - $399,999","$800,000 - $899,999",new,2026-10-01,true,0
Elizabeth Mcloughlin,(415) 731-7944,+14157317944,"1515 16th Ave San Francisco, CA 94122","$70,000 - $79,999","$700,000 - $799,999",new,2026-10-01,true,0
On Yoo,(808) 737-7705,+18087377705,"1522 16th Ave Honolulu, HI 96816","$400,000 - $499,999","$1,000,000+",new,2026-10-01,true,0
Renee Piedra,(954) 565-2081,+19545652081,"1524 NE 16th Ave Fort Lauderdale, FL 33304","$60,000 - $69,999","$700,000 - $799,999",new,2026-10-01,true,0
Tuan Dole,(808) 734-2987,+18087342987,"1526 16th Ave Honolulu, HI 96816","$300,000 - $399,999","$900,000 - $999,999",new,2026-10-01,true,0
Craig Lindell,(239) 455-1502,+12394551502,"1580 16th St NE Naples, FL 34120","$150,000 - $174,999","$900,000 - $999,999",new,2026-10-01,true,0
Stuart Hershey,(202) 686-6089,+12026866089,"1625 16th St NW Apt 502 Washington, DC 20009","$300,000 - $399,999","$900,000 - $999,999",new,2026-10-01,true,0
James Gallagher,(415) 753-0880,+14157530880,"1671 16th Ave San Francisco, CA 94122","$200,000 - $249,999","$900,000 - $999,999",new,2026-10-01,true,0
Brian Kuehn,(703) 528-2473,+17035282473,"1701 16th St N Unit 313 Arlington, VA 22209","$200,000 - $249,999","$900,000 - $999,999",new,2026-10-01,true,0
Sailendra Pattanayak,(703) 243-6162,+17032436162,"1701 16th St N Unit 337 Arlington, VA 22209","$400,000 - $499,999","$1,000,000+",new,2026-10-01,true,0
Katherin Xiao,(703) 527-3053,+17035273053,"1701 16th St N Unit 334 Arlington, VA 22209","$250,000 - $299,999","$1,000,000+",new,2026-10-01,true,0
Marita Rigolli,(718) 375-9612,+17183759612,"1775 E 16th St Brooklyn, NY 11229","$300,000 - $399,999","$900,000 - $999,999",new,2026-10-01,true,0
Emilia Melendez,(305) 858-9833,+13058589833,"1791 SW 16th Ter Miami, FL 33145","$60,000 - $69,999","$900,000 - $999,999",new,2026-10-01,true,0
Joel Echagarrua,(305) 285-1243,+13052851243,"1815 SW 16th St Miami, FL 33145","$80,000 - $89,999","$1,000,000+",new,2026-10-01,true,0
Julia Sone,(703) 528-3168,+17035283168,"1833 16th St N Arlington, VA 22209","$300,000 - $399,999","$1,000,000+",new,2026-10-01,true,0
Eddie Hong,(415) 731-0800,+14157310800,"1837 16th Ave San Francisco, CA 94122","$300,000 - $399,999","$1,000,000+",new,2026-10-01,true,0
Walter Levinger,(415) 664-6489,+14156646489,"1860 16th Ave San Francisco, CA 94122","$150,000 - $174,999","$900,000 - $999,999",new,2026-10-01,true,0
Kevin Morgan,(415) 661-8388,+14156618388,"1871 16th Ave San Francisco, CA 94122","$400,000 - $499,999","$900,000 - $999,999",new,2026-10-01,true,0
Michael Oraze,(703) 351-7656,+17033517656,"1877 16th St N Arlington, VA 22209","$250,000 - $299,999","$900,000 - $999,999",new,2026-10-01,true,0
George Kurschner,(561) 368-3320,+15613683320,"1927 SW 16th St Boca Raton, FL 33486","$250,000 - $299,999","$1,000,000+",new,2026-10-01,true,0
Osvaldo Valdes,(305) 856-7644,+13058567644,"1950 SW 16th St Miami, FL 33145","$100,000 - $124,999","$900,000 - $999,999",new,2026-10-01,true,0
Frank Rollo,(415) 731-6627,+14157316627,"1977 16th Ave San Francisco, CA 94116","$60,000 - $69,999","$800,000 - $899,999",new,2026-10-01,true,0
Eleanore Greenberg,(415) 566-0208,+14155660208,"1982 16th Ave San Francisco, CA 94116","$30,000 - $39,999","$1,000,000+",new,2026-10-01,true,0
Kouchkovsky De,(415) 731-0354,+14157310354,"2080 16th Ave San Francisco, CA 94116","$400,000 - $499,999","$1,000,000+",new,2026-10-01,true,0
Byron Linder,(954) 584-9743,+19545849743,"2150 SW 16th Ct Fort Lauderdale, FL 33312","$100,000 - $124,999","$800,000 - $899,999",new,2026-10-01,true,0
Edith Newton,(415) 665-8020,+14156658020,"2200 16th Ave San Francisco, CA 94116","$200,000 - $249,999","$1,000,000+",new,2026-10-01,true,0
Anne Schneider,(954) 306-6313,+19543066313,"2212 SW 16th Ter Fort Lauderdale, FL 33315","$80,000 - $89,999","$900,000 - $999,999",new,2026-10-01,true,0
Daveed Snoll,(954) 908-5289,+19549085289,"2213 SW 16th Ter Fort Lauderdale, FL 33315","$200,000 - $249,999","$1,000,000+",new,2026-10-01,true,0
Alan Cohen,(954) 451-5687,+19544515687,"2218 NE 16th Ave Wilton Manors, FL 33305","$300,000 - $399,999","$900,000 - $999,999",new,2026-10-01,true,0
Sharon Owyang Lee,(415) 566-4480,+14155664480,"2225 16th Ave San Francisco, CA 94116","$50,000 - $59,999","$1,000,000+",new,2026-10-01,true,0
Da Zeng,(718) 375-1388,+17183751388,"2246 E 16th St Brooklyn, NY 11229","$90,000 - $99,999","$1,000,000+",new,2026-10-01,true,0
Antonio Andrade,(305) 285-7100,+13052857100,"2258 SW 16th Ave Miami, FL 33145","$400,000 - $499,999","$800,000 - $899,999",new,2026-10-01,true,0
Jaime Rodriguez,(305) 854-2530,+13058542530,"2300 SW 16th St Miami, FL 33145","$80,000 - $89,999","$700,000 - $799,999",new,2026-10-01,true,0
Larry Kuechle,(651) 633-0152,+16516330152,"2339 16th Ter NW New Brighton, MN 55112","$100,000 - $124,999","$700,000 - $799,999",new,2026-10-01,true,0
Silvia Sorondo,(305) 285-9721,+13052859721,"2373 SW 16th Ter Miami, FL 33145","$70,000 - $79,999","$900,000 - $999,999",new,2026-10-01,true,0
Joyce Eng,(415) 665-5002,+14156655002,"2386 16th Ave San Francisco, CA 94116","$50,000 - $59,999","$1,000,000+",new,2026-10-01,true,0
Matthew Reynen,(605) 229-4787,+16052294787,"2409 16th Ave NW Aberdeen, SD 57401","$300,000 - $399,999","$1,000,000+",new,2026-10-01,true,0
Gregory Hinckley,(503) 224-8825,+15032248825,"2417 SW 16th Ave Portland, OR 97201","$300,000 - $399,999","$1,000,000+",new,2026-10-01,true,0
Anthony Wong,(415) 681-8266,+14156818266,"2425 16th Ave San Francisco, CA 94116","$100,000 - $124,999","$900,000 - $999,999",new,2026-10-01,true,0
Kuena Diaho,(202) 986-1243,+12029861243,"2434 16th St NW Apt 302 Washington, DC 20009","$250,000 - $299,999","$700,000 - $799,999",new,2026-10-01,true,0
Precilla Cavan,(415) 731-0925,+14157310925,"2450 16th Ave San Francisco, CA 94116","$200,000 - $249,999","$1,000,000+",new,2026-10-01,true,0
Robert Lear,(949) 645-9844,+19496459844,"2501 E 16th St Apt I Newport Beach, CA 92663","$300,000 - $399,999","$1,000,000+",new,2026-10-01,true,0
Anthony Love,(941) 729-2410,+19417292410,"2504 16th Ave E Palmetto, FL 34221","$80,000 - $89,999","$900,000 - $999,999",new,2026-10-01,true,0
Sarah Babazadeh,(703) 524-0245,+17035240245,"2506 16th St N Arlington, VA 22201","$300,000 - $399,999","$1,000,000+",new,2026-10-01,true,0
Sandra Betelak,(718) 743-4750,+17187434750,"2521 E 16th St Brooklyn, NY 11235","$30,000 - $39,999","$800,000 - $899,999",new,2026-10-01,true,0
Luis Aballay,(718) 934-2894,+17189342894,"2544 E 16th St Brooklyn, NY 11235","$100,000 - $124,999","$800,000 - $899,999",new,2026-10-01,true,0
Claudia Anderson,(360) 671-8119,+13606718119,"2603 16th St Bellingham, WA 98229","$30,000 - $39,999","$700,000 - $799,999",new,2026-10-01,true,0
John Kerley,(415) 661-1548,+14156611548,"2610 16th Ave San Francisco, CA 94116","$200,000 - $249,999","$1,000,000+",new,2026-10-01,true,0
Jennifer Haugen,(954) 630-9132,+19546309132,"2619 NE 16th St Fort Lauderdale, FL 33304","$60,000 - $69,999","$1,000,000+",new,2026-10-01,true,0
Paul Hage,(754) 800-7688,+17548007688,"2630 NE 16th St Pompano Beach, FL 33062","$250,000 - $299,999","$1,000,000+",new,2026-10-01,true,0
Donald Kueller,(954) 946-5883,+19549465883,"2671 NE 16th St Pompano Beach, FL 33062","$70,000 - $79,999","$700,000 - $799,999",new,2026-10-01,true,0
Jennifer Swaney,(954) 567-3296,+19545673296,"2716 NE 16th St Fort Lauderdale, FL 33304","$400,000 - $499,999","$1,000,000+",new,2026-10-01,true,0
Valerie Vanbaren,(616) 896-7444,+16168967444,"2731 16th Ave Hudsonville, MI 49426","$300,000 - $399,999","$1,000,000+",new,2026-10-01,true,0
Anna Sottile,(718) 996-8358,+17189968358,"2736 W 16th St Brooklyn, NY 11224","$60,000 - $69,999","$800,000 - $899,999",new,2026-10-01,true,0
Sidney Miedema,(616) 896-8756,+16168968756,"2740 16th Ave Hudsonville, MI 49426","$300,000 - $399,999","$1,000,000+",new,2026-10-01,true,0
Marlene Barnes,(954) 783-3095,+19547833095,"2810 NE 16th St Pompano Beach, FL 33062","$60,000 - $69,999","$1,000,000+",new,2026-10-01,true,0
Jacquelyn Jackson,(703) 920-1794,+17039201794,"2824 16th St S Arlington, VA 22204","$400,000 - $499,999","$700,000 - $799,999",new,2026-10-01,true,0
Marika Ridgway,(503) 284-3051,+15032843051,"2825 NE 16th Ave Portland, OR 97212","$400,000 - $499,999","$900,000 - $999,999",new,2026-10-01,true,0
Robert Stolberg,(503) 493-8839,+15034938839,"2921 NE 16th Ave Portland, OR 97212","$400,000 - $499,999","$900,000 - $999,999",new,2026-10-01,true,0
Marta Vago,(310) 396-5034,+13103965034,"2929 16th St Santa Monica, CA 90405","$60,000 - $69,999","$1,000,000+",new,2026-10-01,true,0
Debora Gutierrez,(305) 633-5046,+13056335046,"3220 NW 16th Ter Miami, FL 33125","$50,000 - $59,999","$700,000 - $799,999",new,2026-10-01,true,0
Barry Dunn,(605) 693-3646,+16056933646,"3229 16th Ave W Brookings, SD 57006","$70,000 - $79,999","$1,000,000+",new,2026-10-01,true,0
Howard Greenwich,(206) 329-1529,+12063291529,"3309 16th Ave S Seattle, WA 98144","$300,000 - $399,999","$800,000 - $899,999",new,2026-10-01,true,0
Richard Jaskiewicz,(202) 462-8015,+12024628015,"3313 16th St NW Washington, DC 20010","$80,000 - $89,999","$1,000,000+",new,2026-10-01,true,0
Howard Moskow,(954) 565-6463,+19545656463,"3315 NE 16th St Fort Lauderdale, FL 33304","$80,000 - $89,999","$1,000,000+",new,2026-10-01,true,0
Edward Triangolo,(954) 566-2245,+19545662245,"3325 NE 16th Ct Fort Lauderdale, FL 33305","$90,000 - $99,999","$1,000,000+",new,2026-10-01,true,0
Alejandro Negrin,(305) 447-6506,+13054476506,"3340 SW 16th Ln Miami, FL 33145","$50,000 - $59,999","$700,000 - $799,999",new,2026-10-01,true,0
Douglas Brown,(415) 551-7948,+14155517948,"3432 16th St San Francisco, CA 94114","$400,000 - $499,999","$900,000 - $999,999",new,2026-10-01,true,0
Richard Hoekstra,(616) 896-8010,+16168968010,"3528 16th Ave Hudsonville, MI 49426","$400,000 - $499,999","$800,000 - $899,999",new,2026-10-01,true,0
Caleb Grimes,(941) 722-7029,+19417227029,"3612 16th Ave E Palmetto, FL 34221","$100,000 - $124,999","$1,000,000+",new,2026-10-01,true,0
Sarah Slaughter,(415) 431-9722,+14154319722,"3673 16th St San Francisco, CA 94114","$400,000 - $499,999","$1,000,000+",new,2026-10-01,true,0
Robert Honchell,(954) 565-8267,+19545658267,"3930 NE 16th Ave Oakland Park, FL 33334","$100,000 - $124,999","$700,000 - $799,999",new,2026-10-01,true,0
Mary Blackwell,(850) 769-7782,+18507697782,"4003 W 16th St Panama City, FL 32401","$60,000 - $69,999","$1,000,000+",new,2026-10-01,true,0
James Haas,(954) 771-5199,+19547715199,"4101 NE 16th Ave Oakland Park, FL 33334","$300,000 - $399,999","$1,000,000+",new,2026-10-01,true,0
Thomas Kelley,(954) 491-2559,+19544912559,"4211 NE 16th Ave Oakland Park, FL 33334","$80,000 - $89,999","$700,000 - $799,999",new,2026-10-01,true,0
Brian Fletcher,(703) 685-6096,+17036856096,"4223 16th St S Arlington, VA 22204","$300,000 - $399,999","$1,000,000+",new,2026-10-01,true,0
William Sears,(954) 771-5503,+19547715503,"4251 NE 16th Ave Oakland Park, FL 33334","$50,000 - $59,999","$800,000 - $899,999",new,2026-10-01,true,0
Ernest Ruberti,(912) 634-4920,+19126344920,"4315 16th St Saint Simons Island, GA 31522","$30,000 - $39,999","$900,000 - $999,999",new,2026-10-01,true,0
Rebeccah Engelhardt,(970) 669-6108,+19706696108,"4342 16th St SW Loveland, CO 80537","$80,000 - $89,999","$700,000 - $799,999",new,2026-10-01,true,0
Antonio Drumming,(202) 667-4949,+12026674949,"4400 16th St NW Washington, DC 20011","$250,000 - $299,999","$1,000,000+",new,2026-10-01,true,0
Jeanette Preniczky,(703) 522-0118,+17035220118,"4403 16th St N Arlington, VA 22207","$400,000 - $499,999","$900,000 - $999,999",new,2026-10-01,true,0
Herman Miller,(718) 853-8730,+17188538730,"4411 16th Ave Brooklyn, NY 11204","$70,000 - $79,999","$1,000,000+",new,2026-10-01,true,0
Janice Mchenry,(703) 527-4214,+17035274214,"4441 16th St N Arlington, VA 22207","$400,000 - $499,999","$1,000,000+",new,2026-10-01,true,0
Ann Covalt,(703) 243-1219,+17032431219,"4501 16th St N Arlington, VA 22207","$50,000 - $59,999","$700,000 - $799,999",new,2026-10-01,true,0
Scott Nathanson,(703) 465-0134,+17034650134,"4521 16th St N Arlington, VA 22207","$300,000 - $399,999","$1,000,000+",new,2026-10-01,true,0
David Cox,(202) 291-2632,+12022912632,"4521 16th St NW Washington, DC 20011","$250,000 - $299,999","$1,000,000+",new,2026-10-01,true,0
Robert Lewis,(239) 348-7601,+12393487601,"4590 16th Ave NE Naples, FL 34120","$200,000 - $249,999","$700,000 - $799,999",new,2026-10-01,true,0
Mark Brackett,(772) 778-3045,+17727783045,"4612 16th St Vero Beach, FL 32966","$300,000 - $399,999","$1,000,000+",new,2026-10-01,true,0
Carlos Austin,(202) 829-9562,+12028299562,"4637 16th St NW Washington, DC 20011","$250,000 - $299,999","$1,000,000+",new,2026-10-01,true,0
Karen Towles,(202) 726-4414,+12027264414,"4707 16th St NW Washington, DC 20011","$300,000 - $399,999","$700,000 - $799,999",new,2026-10-01,true,0
Michael Megargee,(703) 522-2008,+17035222008,"4719 16th St N Arlington, VA 22205","$300,000 - $399,999","$800,000 - $899,999",new,2026-10-01,true,0
Terry Young,(703) 243-8856,+17032438856,"4807 16th St N Arlington, VA 22205","$300,000 - $399,999","$800,000 - $899,999",new,2026-10-01,true,0
Michael Driggs,(703) 528-5895,+17035285895,"4812 16th St N Arlington, VA 22205","$300,000 - $399,999","$900,000 - $999,999",new,2026-10-01,true,0
William Spanos,(703) 528-4163,+17035284163,"4815 16th Rd N Arlington, VA 22207","$300,000 - $399,999","$1,000,000+",new,2026-10-01,true,0
Claudine Adamec,(703) 522-3242,+17035223242,"4819 16th Rd N Arlington, VA 22207","$250,000 - $299,999","$1,000,000+",new,2026-10-01,true,0
Daniel Dinan,(703) 528-0021,+17035280021,"4829 16th St N Arlington, VA 22205","$300,000 - $399,999","$800,000 - $899,999",new,2026-10-01,true,0
Pura Mohan,(202) 291-4706,+12022914706,"4830 16th St NW Washington, DC 20011","$250,000 - $299,999","$1,000,000+",new,2026-10-01,true,0
Arlette Harley,(202) 882-6417,+12028826417,"4915 16th St NW Washington, DC 20011","$80,000 - $89,999","$1,000,000+",new,2026-10-01,true,0
Lora Fox,(480) 671-7420,+14806717420,"5042 E 16th Ave Apache Junction, AZ 85119","$300,000 - $399,999","$800,000 - $899,999",new,2026-10-01,true,0
Brian Jenner,(509) 783-4622,+15097834622,"5310 W 16th Ave Kennewick, WA 99338","$80,000 - $89,999","$1,000,000+",new,2026-10-01,true,0
Chester Sasadu,(954) 772-8159,+19547728159,"5421 NE 16th Ter Fort Lauderdale, FL 33334","$90,000 - $99,999","$700,000 - $799,999",new,2026-10-01,true,0
Rebecca Champion,(206) 528-8003,+12065288003,"5503 16th Ave NE Seattle, WA 98105","$300,000 - $399,999","$1,000,000+",new,2026-10-01,true,0
Bernard Smith,(703) 536-6262,+17035366262,"5526 16th St N Arlington, VA 22205","$400,000 - $499,999","$1,000,000+",new,2026-10-01,true,0
Irene Szopo,(703) 237-0932,+17032370932,"5569 16th St N Arlington, VA 22205","$300,000 - $399,999","$1,000,000+",new,2026-10-01,true,0
Lynnette Haynes,(202) 291-3299,+12022913299,"5601 16th St NW Washington, DC 20011","$250,000 - $299,999","$1,000,000+",new,2026-10-01,true,0
Catherine Deighan,(703) 237-5961,+17032375961,"5617 16th St N Arlington, VA 22205","$200,000 - $249,999","$900,000 - $999,999",new,2026-10-01,true,0
Joe Celio,(954) 771-3157,+19547713157,"5640 NE 16th Ter Fort Lauderdale, FL 33334","$80,000 - $89,999","$800,000 - $899,999",new,2026-10-01,true,0
Anthony Lazzarino,(954) 771-3935,+19547713935,"5641 NE 16th Ter Fort Lauderdale, FL 33334","$90,000 - $99,999","$700,000 - $799,999",new,2026-10-01,true,0
Eileen Mulkey,(954) 772-5255,+19547725255,"5651 NE 16th Ter Fort Lauderdale, FL 33334","$100,000 - $124,999","$800,000 - $899,999",new,2026-10-01,true,0
Douglas Wear,(206) 770-3311,+12067703311,"5802 16th Ave NE Seattle, WA 98105","$400,000 - $499,999","$1,000,000+",new,2026-10-01,true,0
Tyler Folsom,(206) 522-6441,+12065226441,"5805 16th Ave NE Seattle, WA 98105","$400,000 - $499,999","$1,000,000+",new,2026-10-01,true,0
Hector Labrada,(305) 261-8127,+13052618127,"5810 SW 16th St Miami, FL 33155","$60,000 - $69,999","$700,000 - $799,999",new,2026-10-01,true,0
Kathleen Lindow,(954) 584-1847,+19545841847,"5820 SW 16th St Plantation, FL 33317","$100,000 - $124,999","$700,000 - $799,999",new,2026-10-01,true,0
Chrisinda Oliphant,(954) 908-1821,+19549081821,"5840 SW 16th St Plantation, FL 33317","$175,000 - $199,999","$800,000 - $899,999",new,2026-10-01,true,0
Alexander Sierra,(305) 265-5780,+13052655780,"5876 SW 16th St Miami, FL 33155","$400,000 - $499,999","$1,000,000+",new,2026-10-01,true,0
Guillermo Bournigal,(703) 533-2969,+17035332969,"5908 16th St N Arlington, VA 22205","$400,000 - $499,999","$700,000 - $799,999",new,2026-10-01,true,0
David Anderson,(703) 237-5968,+17032375968,"5934 16th St N Arlington, VA 22205","$400,000 - $499,999","$1,000,000+",new,2026-10-01,true,0
Phyllis Herbert,(954) 916-7979,+19549167979,"6020 SW 16th Ct Plantation, FL 33317","$100,000 - $124,999","$900,000 - $999,999",new,2026-10-01,true,0
Sharon Donaldson,(954) 587-2716,+19545872716,"6021 SW 16th Ct Plantation, FL 33317","$100,000 - $124,999","$900,000 - $999,999",new,2026-10-01,true,0
Phillipa Anderson,(202) 882-3721,+12028823721,"6213 16th St NW Washington, DC 20011","$80,000 - $89,999","$700,000 - $799,999",new,2026-10-01,true,0
Frank Tappen,(954) 584-3093,+19545843093,"6261 SW 16th St Plantation, FL 33317","$50,000 - $59,999","$700,000 - $799,999",new,2026-10-01,true,0
Lorna Coley,(202) 726-5909,+12027265909,"6402 16th St NW Washington, DC 20012","$200,000 - $249,999","$1,000,000+",new,2026-10-01,true,0
Richard Hayes,(703) 768-1710,+17037681710,"6408 16th St Alexandria, VA 22307","$200,000 - $249,999","$800,000 - $899,999",new,2026-10-01,true,0
Ken Tomcich,(703) 532-3723,+17035323723,"6411 16th St N Arlington, VA 22205","$400,000 - $499,999","$800,000 - $899,999",new,2026-10-01,true,0
Richard Washington,(202) 726-9455,+12027269455,"6423 16th St NW Washington, DC 20012","$300,000 - $399,999","$800,000 - $899,999",new,2026-10-01,true,0
Judith Bradshaw,(701) 772-6877,+17017726877,"6497 16th St SE Grand Forks, ND 58201","$100,000 - $124,999","$800,000 - $899,999",new,2026-10-01,true,0
Ellis Butler,(202) 363-2609,+12023632609,"6600 16th St NW Washington, DC 20012","$200,000 - $249,999","$1,000,000+",new,2026-10-01,true,0
Linwood Jolly,(202) 722-6609,+12027226609,"6609 16th St NW Washington, DC 20012","$300,000 - $399,999","$1,000,000+",new,2026-10-01,true,0
Warren Seto,(718) 256-2480,+17182562480,"6623 16th Ave Brooklyn, NY 11204","$300,000 - $399,999","$1,000,000+",new,2026-10-01,true,0
Judith Mcleod,(954) 792-7659,+19547927659,"6700 SW 16th St Plantation, FL 33317","$90,000 - $99,999","$700,000 - $799,999",new,2026-10-01,true,0
Gregory Jefferson,(202) 882-4448,+12028824448,"6727 16th St NW Washington, DC 20012","$400,000 - $499,999","$1,000,000+",new,2026-10-01,true,0
James Dailey,(206) 297-7985,+12062977985,"7014 16th Ave NW Seattle, WA 98117","$250,000 - $299,999","$800,000 - $899,999",new,2026-10-01,true,0
Devin Kitchel,(206) 789-8348,+12067898348,"7037 16th Ave NW Seattle, WA 98117","$250,000 - $299,999","$1,000,000+",new,2026-10-01,true,0
Grant Culverhouse,(727) 528-4279,+17275284279,"7201 16th Ct NE Saint Petersburg, FL 33702","$60,000 - $69,999","$700,000 - $799,999",new,2026-10-01,true,0
Ali Meyer,(727) 522-5032,+17275225032,"7220 16th Ct NE Saint Petersburg, FL 33702","$400,000 - $499,999","$700,000 - $799,999",new,2026-10-01,true,0
Gary Chapin,(602) 995-9098,+16029959098,"7233 N 16th Ave Phoenix, AZ 85021","$80,000 - $89,999","$700,000 - $799,999",new,2026-10-01,true,0
Paul Loughran,(954) 474-1542,+19544741542,"7410 SW 16th St Plantation, FL 33317","$150,000 - $174,999","$700,000 - $799,999",new,2026-10-01,true,0
Jack Anderson,(202) 291-6564,+12022916564,"7516 16th St NW Washington, DC 20012","$200,000 - $249,999","$1,000,000+",new,2026-10-01,true,0
Charles Gaither,(202) 829-6737,+12028296737,"7519 16th St NW Washington, DC 20012","$300,000 - $399,999","$1,000,000+",new,2026-10-01,true,0
Robert Harter,(202) 986-3680,+12029863680,"7529 16th St NW Washington, DC 20012","$200,000 - $249,999","$1,000,000+",new,2026-10-01,true,0
Amy Fingerhut,(202) 723-2069,+12027232069,"7615 16th St NW Washington, DC 20012","$300,000 - $399,999","$1,000,000+",new,2026-10-01,true,0
Christopher Degracia,(206) 782-5249,+12067825249,"7707 16th Ave NW Seattle, WA 98117","$200,000 - $249,999","$800,000 - $899,999",new,2026-10-01,true,0
Robert Kimmerer,(206) 523-0742,+12065230742,"7709 16th Ave NE Seattle, WA 98115","$250,000 - $299,999","$1,000,000+",new,2026-10-01,true,0
Raphael Pristoop,(202) 882-2759,+12028822759,"7733 16th St NW Washington, DC 20012","$300,000 - $399,999","$1,000,000+",new,2026-10-01,true,0
Michelle Hoyte,(202) 723-2021,+12027232021,"7734 16th St NW Washington, DC 20012","$300,000 - $399,999","$1,000,000+",new,2026-10-01,true,0
Lori Coca,(718) 256-5141,+17182565141,"7806 16th Ave # 1 Brooklyn, NY 11214","$50,000 - $59,999","$1,000,000+",new,2026-10-01,true,0
Zanneya Jackson,(202) 882-2901,+12028822901,"7827 16th St NW Washington, DC 20012","$200,000 - $249,999","$1,000,000+",new,2026-10-01,true,0
David Facenda,(202) 265-9420,+12022659420,"7828 16th St NW Washington, DC 20012","$200,000 - $249,999","$1,000,000+",new,2026-10-01,true,0
Lois Hopson,(202) 723-8862,+12027238862,"7835 16th St NW Washington, DC 20012","$300,000 - $399,999","$700,000 - $799,999",new,2026-10-01,true,0
Avelina Bulnes,(305) 265-4598,+13052654598,"7841 SW 16th St Miami, FL 33155","$30,000 - $39,999","$700,000 - $799,999",new,2026-10-01,true,0
Norma Krayem,(202) 829-0456,+12028290456,"7904 16th St NW Washington, DC 20012","$250,000 - $299,999","$1,000,000+",new,2026-10-01,true,0
Susanne Kersey,(202) 829-0928,+12028290928,"7908 16th St NW Washington, DC 20012","$300,000 - $399,999","$1,000,000+",new,2026-10-01,true,0
Don Carlson,(206) 789-6542,+12067896542,"8016 16th Ave NW Seattle, WA 98117","$400,000 - $499,999","$800,000 - $899,999",new,2026-10-01,true,0
Tony Popa,(202) 726-1420,+12027261420,"8019 16th St NW Washington, DC 20012","$250,000 - $299,999","$800,000 - $899,999",new,2026-10-01,true,0
Philip Olstein,(352) 237-4986,+13522374986,"8261 SW 16th Ave Ocala, FL 34476","$400,000 - $499,999","$1,000,000+",new,2026-10-01,true,0
Michael Holloway,(352) 861-1172,+13528611172,"8440 SE 16th Ter Ocala, FL 34480","$400,000 - $499,999","$1,000,000+",new,2026-10-01,true,0
Steve Stoops,(602) 870-9631,+16028709631,"8450 N 16th St Phoenix, AZ 85020","$100,000 - $124,999","$800,000 - $899,999",new,2026-10-01,true,0
Michael Sillyman,(602) 997-0757,+16029970757,"8516 N 16th St Phoenix, AZ 85020","$400,000 - $499,999","$1,000,000+",new,2026-10-01,true,0
Tyler Ellrodt,(206) 525-5096,+12065255096,"8525 16th Ave NE Seattle, WA 98115","$300,000 - $399,999","$800,000 - $899,999",new,2026-10-01,true,0
Jennifer Blackmon,(602) 840-8991,+16028408991,"8525 N 16th Pl Phoenix, AZ 85020","$400,000 - $499,999","$800,000 - $899,999",new,2026-10-01,true,0
John Demenagas,(718) 259-2146,+17182592146,"8634 16th Ave Brooklyn, NY 11214","$50,000 - $59,999","$1,000,000+",new,2026-10-01,true,0
Thomas Dunn,(352) 236-6652,+13522366652,"8655 NE 16th Ter Ocala, FL 34479","$40,000 - $49,999","$1,000,000+",new,2026-10-01,true,0
Nancy Aiello,(718) 331-0068,+17183310068,"8782 16th Ave # 2 Brooklyn, NY 11214","$50,000 - $59,999","$1,000,000+",new,2026-10-01,true,0
Julian Farfan,(718) 259-2438,+17182592438,"8838 16th Ave Brooklyn, NY 11214","$50,000 - $59,999","$1,000,000+",new,2026-10-01,true,0
Fennie Liang,(718) 837-6547,+17188376547,"8852 16th Ave Brooklyn, NY 11214","$100,000 - $124,999","$1,000,000+",new,2026-10-01,true,0
John Pellitteri,(718) 259-9531,+17182599531,"8872 16th Ave Brooklyn, NY 11214","$80,000 - $89,999","$900,000 - $999,999",new,2026-10-01,true,0
Vincent Cervasio,(718) 837-9875,+17188379875,"8898 16th Ave Brooklyn, NY 11214","$80,000 - $89,999","$1,000,000+",new,2026-10-01,true,0
Diana Chik,(718) 236-2217,+17182362217,"8912 16th Ave Brooklyn, NY 11214","$70,000 - $79,999","$1,000,000+",new,2026-10-01,true,0
Donna Nyhuis,(425) 454-7540,+14254547540,"9415 NE 16th St Clyde Hill, WA 98004","$300,000 - $399,999","$1,000,000+",new,2026-10-01,true,0
Lisa Bromschwig,(952) 881-1600,+19528811600,"9651 16th Ave S Bloomington, MN 55425","$175,000 - $199,999","$700,000 - $799,999",new,2026-10-01,true,0
Sandy Peaceman,(754) 229-8501,+17542298501,"10164 NW 16th St Coral Springs, FL 33071","$150,000 - $174,999","$700,000 - $799,999",new,2026-10-01,true,0
Edward Roberts,(954) 452-8863,+19544528863,"10422 SW 16th Mnr Davie, FL 33324","$400,000 - $499,999","$1,000,000+",new,2026-10-01,true,0
William Jorgenson,(701) 759-3460,+17017593460,"11010 16th St NW Watford City, ND 58854","$250,000 - $299,999","$1,000,000+",new,2026-10-01,true,0
Lucila Bella,(206) 363-1675,+12063631675,"11756 16th Ave NE Seattle, WA 98125","$50,000 - $59,999","$800,000 - $899,999",new,2026-10-01,true,0
Duane Chong,(954) 436-1314,+19544361314,"11910 NW 16th St Pembroke Pines, FL 33026","$100,000 - $124,999","$700,000 - $799,999",new,2026-10-01,true,0
Pasquale Sinicrope,(954) 474-1094,+19544741094,"11950 SW 16th Ct Davie, FL 33325","$300,000 - $399,999","$1,000,000+",new,2026-10-01,true,0
Mindie Baab,(918) 528-6055,+19185286055,"12111 S 16th St Jenks, OK 74037","$250,000 - $299,999","$700,000 - $799,999",new,2026-10-01,true,0
Douglas Handley,(303) 238-8488,+13032388488,"12880 W 16th Dr Golden, CO 80401","$150,000 - $174,999","$900,000 - $999,999",new,2026-10-01,true,0
Robert Palestrant,(954) 474-4314,+19544744314,"13151 SW 16th Ct Davie, FL 33325","$100,000 - $124,999","$800,000 - $899,999",new,2026-10-01,true,0
Virginia Young,(954) 472-9634,+19544729634,"13300 SW 16th Ct Davie, FL 33325","$60,000 - $69,999","$900,000 - $999,999",new,2026-10-01,true,0
Elizabeth Olafson,(954) 424-6547,+19544246547,"13301 SW 16th Ct Davie, FL 33325","$100,000 - $124,999","$900,000 - $999,999",new,2026-10-01,true,0
Joyce Voschin,(954) 472-8049,+19544728049,"13311 SW 16th Ct Davie, FL 33325","$150,000 - $174,999","$1,000,000+",new,2026-10-01,true,0
Chi Mitson,(954) 437-4345,+19544374345,"13701 NW 16th St Pembroke Pines, FL 33028","$150,000 - $174,999","$700,000 - $799,999",new,2026-10-01,true,0
Pat Moris,(206) 244-4903,+12062444903,"13723 16th Ave SW Burien, WA 98166","$90,000 - $99,999","$1,000,000+",new,2026-10-01,true,0
Sam Wen,(206) 243-7887,+12062437887,"13729 16th Ave SW Burien, WA 98166","$50,000 - $59,999","$700,000 - $799,999",new,2026-10-01,true,0
Jeffery Morgan,(954) 438-7618,+19544387618,"13842 NW 16th St Pembroke Pines, FL 33028","$175,000 - $199,999","$700,000 - $799,999",new,2026-10-01,true,0
Tony Diaz,(954) 432-4489,+19544324489,"13915 NW 16th Dr Pembroke Pines, FL 33028","$200,000 - $249,999","$800,000 - $899,999",new,2026-10-01,true,0
Ditsy Suarez,(305) 227-2580,+13052272580,"13931 SW 16th St Miami, FL 33175","$100,000 - $124,999","$1,000,000+",new,2026-10-01,true,0
Rebecca Marchese,(305) 559-6127,+13055596127,"14030 SW 16th St Miami, FL 33175","$60,000 - $69,999","$900,000 - $999,999",new,2026-10-01,true,0
James Schmuker,(616) 677-1179,+16166771179,"14095 16th Ave Marne, MI 49435","$200,000 - $249,999","$700,000 - $799,999",new,2026-10-01,true,0
Daniel Thompson,(360) 572-4472,+13605724472,"14327 16th Ave NW Marysville, WA 98271","$250,000 - $299,999","$1,000,000+",new,2026-10-01,true,0
George Arango,(305) 551-8005,+13055518005,"14641 SW 16th St Miami, FL 33175","$175,000 - $199,999","$700,000 - $799,999",new,2026-10-01,true,0
Joann Desena,(718) 746-3932,+17187463932,"14701 16th Rd Whitestone, NY 11357","$300,000 - $399,999","$1,000,000+",new,2026-10-01,true,0
Justine Zizzo,(718) 746-2564,+17187462564,"14706 16th Rd Whitestone, NY 11357","$200,000 - $249,999","$800,000 - $899,999",new,2026-10-01,true,0
Salvatore Lobosco,(718) 767-3472,+17187673472,"14927 16th Rd Whitestone, NY 11357","$300,000 - $399,999","$800,000 - $899,999",new,2026-10-01,true,0
John Sommer,(718) 767-4232,+17187674232,"14942 16th Rd Whitestone, NY 11357","$400,000 - $499,999","$1,000,000+",new,2026-10-01,true,0
Robert Rodriguez,(954) 476-2355,+19544762355,"15090 SW 16th St Weston, FL 33326","$250,000 - $299,999","$1,000,000+",new,2026-10-01,true,0
Melanie Link,(954) 236-9133,+19542369133,"15193 SW 16th St Weston, FL 33326","$400,000 - $499,999","$1,000,000+",new,2026-10-01,true,0
John Carpenter,(480) 460-8111,+14804608111,"15210 S 16th Pl Phoenix, AZ 85048","$400,000 - $499,999","$900,000 - $999,999",new,2026-10-01,true,0
James Litz,(425) 337-4668,+14253374668,"15217 16th Ave SE Mill Creek, WA 98012","$200,000 - $249,999","$1,000,000+",new,2026-10-01,true,0
Mark Mullen,(360) 574-4293,+13605744293,"15402 NW 16th Ave Vancouver, WA 98685","$300,000 - $399,999","$1,000,000+",new,2026-10-01,true,0
Marion Rogers,(954) 438-5915,+19544385915,"15680 SW 16th Ct Pembroke Pines, FL 33027","$100,000 - $124,999","$700,000 - $799,999",new,2026-10-01,true,0
Sal Ruotolo,(718) 747-0363,+17187470363,"15727 16th Rd Whitestone, NY 11357","$100,000 - $124,999","$1,000,000+",new,2026-10-01,true,0
Mojgan Kavosi,(480) 705-4705,+14807054705,"15822 S 16th Pl Phoenix, AZ 85048","$70,000 - $79,999","$700,000 - $799,999",new,2026-10-01,true,0
Ronald Geis,(954) 442-7549,+19544427549,"15860 NW 16th Ct Pembroke Pines, FL 33028","$300,000 - $399,999","$700,000 - $799,999",new,2026-10-01,true,0
Angel Rodriguez,(954) 438-6272,+19544386272,"15960 SW 16th St Pembroke Pines, FL 33027","$175,000 - $199,999","$700,000 - $799,999",new,2026-10-01,true,0
Anthony Acampa,(954) 450-2045,+19544502045,"15970 SW 16th St Pembroke Pines, FL 33027","$200,000 - $249,999","$700,000 - $799,999",new,2026-10-01,true,0
Pedro Corraliza,(954) 443-0185,+19544430185,"16155 SW 16th St Pembroke Pines, FL 33027","$150,000 - $174,999","$800,000 - $899,999",new,2026-10-01,true,0
Steven Carmody,(616) 677-3181,+16166773181,"16179 16th Ave Marne, MI 49435","$80,000 - $89,999","$700,000 - $799,999",new,2026-10-01,true,0
Nicholas Grosso,(718) 746-4099,+17187464099,"16314 16th Ave Whitestone, NY 11357","$100,000 - $124,999","$900,000 - $999,999",new,2026-10-01,true,0
Fernando Calzolaio,(718) 746-0582,+17187460582,"16315 16th Rd Whitestone, NY 11357","$100,000 - $124,999","$900,000 - $999,999",new,2026-10-01,true,0
Mark Kirkland,(954) 442-7991,+19544427991,"16326 SW 16th St Pembroke Pines, FL 33027","$90,000 - $99,999","$900,000 - $999,999",new,2026-10-01,true,0
Karen Manuel,(954) 443-9901,+19544439901,"16473 NW 16th St Pembroke Pines, FL 33028","$100,000 - $124,999","$700,000 - $799,999",new,2026-10-01,true,0
Georgia Karapatakis,(718) 352-1340,+17183521340,"16631 16th Ave Whitestone, NY 11357","$300,000 - $399,999","$1,000,000+",new,2026-10-01,true,0
Tony Krimizis,(718) 461-7026,+17184617026,"16639 16th Ave Whitestone, NY 11357","$400,000 - $499,999","$1,000,000+",new,2026-10-01,true,0
Kathy Voce,(206) 629-4008,+12066294008,"16704 16th Ave NW Shoreline, WA 98177","$400,000 - $499,999","$1,000,000+",new,2026-10-01,true,0
Thomas Doelger,(206) 546-6320,+12065466320,"16724 16th Ave NW Shoreline, WA 98177","$300,000 - $399,999","$1,000,000+",new,2026-10-01,true,0
Cynthia Jao,(954) 431-4907,+19544314907,"16749 SW 16th St Pembroke Pines, FL 33027","$400,000 - $499,999","$900,000 - $999,999",new,2026-10-01,true,0
Luis Coto,(954) 443-4932,+19544434932,"16819 SW 16th St Pembroke Pines, FL 33027","$400,000 - $499,999","$900,000 - $999,999",new,2026-10-01,true,0
Randy Grover,(425) 746-9271,+14257469271,"16827 NE 16th Pl Bellevue, WA 98008","$200,000 - $249,999","$1,000,000+",new,2026-10-01,true,0
Jean Hobeich,(954) 443-4908,+19544434908,"17029 SW 16th St Pembroke Pines, FL 33027","$300,000 - $399,999","$900,000 - $999,999",new,2026-10-01,true,0
Ben Schorr,(425) 741-6534,+14257416534,"17732 16th Pl W Lynnwood, WA 98037","$400,000 - $499,999","$1,000,000+",new,2026-10-01,true,0
Nelson Baez,(954) 436-9837,+19544369837,"18260 NW 16th St Pembroke Pines, FL 33029","$150,000 - $174,999","$700,000 - $799,999",new,2026-10-01,true,0
Samuel Wernick,(954) 430-8741,+19544308741,"18281 NW 16th St Pembroke Pines, FL 33029","$100,000 - $124,999","$800,000 - $899,999",new,2026-10-01,true,0
Byron Wicks,(425) 643-1313,+14256431313,"18618 NE 16th St Bellevue, WA 98008","$250,000 - $299,999","$1,000,000+",new,2026-10-01,true,0
Eliana Botero,(954) 450-9066,+19544509066,"19120 SW 16th St Pembroke Pines, FL 33029","$400,000 - $499,999","$700,000 - $799,999",new,2026-10-01,true,0
Ronny Schnell,(718) 352-0948,+17183520948,"19906 16th Ave Whitestone, NY 11357","$100,000 - $124,999","$800,000 - $899,999",new,2026-10-01,true,0
Celeste Schubert,(718) 352-8028,+17183528028,"19908 16th Ave Whitestone, NY 11357","$30,000 - $39,999","$900,000 - $999,999",new,2026-10-01,true,0
Kathleen Steed-Luick,(425) 868-6875,+14258686875,"21711 NE 16th St Sammamish, WA 98074","$300,000 - $399,999","$1,000,000+",new,2026-10-01,true,0
Robert Back,(206) 824-8400,+12068248400,"23840 16th Ln S Des Moines, WA 98198","$400,000 - $499,999","$700,000 - $799,999",new,2026-10-01,true,0
Teri Clark,(425) 424-3726,+14254243726,"24206 16th Pl SE Bothell, WA 98021","$300,000 - $399,999","$1,000,000+",new,2026-10-01,true,0
Gordon Kamisar,(425) 392-5252,+14253925252,"26604 SE 16th Ct Sammamish, WA 98075","$400,000 - $499,999","$1,000,000+",new,2026-10-01,true,0
Robert Mcallister,(425) 333-4655,+14253334655,"32311 NE 16th St Carnation, WA 98014","$250,000 - $299,999","$700,000 - $799,999",new,2026-10-01,true,0
Ronald Stevens,(623) 551-1634,+16235511634,"37313 N 16th St Phoenix, AZ 85086","$150,000 - $174,999","$800,000 - $899,999",new,2026-10-01,true,0
Katherine Allison,(303) 622-6740,+13036226740,"52850 E 16th Ave Strasburg, CO 80136","$100,000 - $124,999","$700,000 - $799,999",new,2026-10-01,true,0
Eileen Leach,(828) 256-3744,+18282563744,"4461 16th Street Pl NE Hickory, NC 28601","$400,000 - $499,999","$1,000,000+",new,2026-10-01,true,0
Wm Neill,(831) 372-9231,+18313729231,"65 17 Mile Dr Pacific Grove, CA 93950","$50,000 - $59,999","$800,000 - $899,999",new,2026-10-01,true,0
Marie Diez-Quinton,(831) 747-2382,+18317472382,"221 17 Mile Dr Pacific Grove, CA 93950","$150,000 - $174,999","$800,000 - $899,999",new,2026-10-01,true,0
Judith Quigley,(831) 747-1363,+18317471363,"701 17 Mile Dr Pacific Grove, CA 93950","$250,000 - $299,999","$800,000 - $899,999",new,2026-10-01,true,0
Donald Roddick,(831) 372-1095,+18313721095,"841 17 Mile Dr Pacific Grove, CA 93950","$400,000 - $499,999","$700,000 - $799,999",new,2026-10-01,true,0
Gordon Gilchrist,(616) 918-3730,+16169183730,"2075 17 Mile Rd NE Cedar Springs, MI 49319","$400,000 - $499,999","$900,000 - $999,999",new,2026-10-01,true,0
Brent King,(801) 489-4796,+18014894796,"293 E 1700 N Mapleton, UT 84664","$300,000 - $399,999","$1,000,000+",new,2026-10-01,true,0
Dane Finerfrock,(801) 485-8744,+18014858744,"1732 E 1700 S Salt Lake City, UT 84108","$300,000 - $399,999","$800,000 - $899,999",new,2026-10-01,true,0
Jed Alldredge,(435) 674-2779,+14356742779,"3736 S 1700 W Saint George, UT 84790","$400,000 - $499,999","$700,000 - $799,999",new,2026-10-01,true,0
Scott Wood,(352) 465-7131,+13524657131,"555 NW 170th Ct Dunnellon, FL 34432","$150,000 - $174,999","$700,000 - $799,999",new,2026-10-01,true,0
Brian Blomquist,(425) 743-0594,+14257430594,"724 170th St SW Lynnwood, WA 98037","$300,000 - $399,999","$800,000 - $899,999",new,2026-10-01,true,0
Deborah Mueller,(503) 531-9249,+15035319249,"964 NW 170th Dr Beaverton, OR 97006","$300,000 - $399,999","$800,000 - $899,999",new,2026-10-01,true,0
Susan Reanier,(206) 242-7817,+12062427817,"1215 SW 170th St Normandy Park, WA 98166","$60,000 - $69,999","$700,000 - $799,999",new,2026-10-01,true,0
Manjula Madhav,(425) 482-6600,+14254826600,"1530 170th Pl SE Bothell, WA 98012","$400,000 - $499,999","$1,000,000+",new,2026-10-01,true,0
Elaine Heyman,(954) 430-8086,+19544308086,"1695 NW 170th Ave Pembroke Pines, FL 33028","$300,000 - $399,999","$700,000 - $799,999",new,2026-10-01,true,0
William Deyoung,(715) 248-7983,+17152487983,"2155 170th St New Richmond, WI 54017","$175,000 - $199,999","$700,000 - $799,999",new,2026-10-01,true,0
Patrick Howell,(715) 688-6273,+17156886273,"2274 170th Ave Emerald, WI 54013","$400,000 - $499,999","$800,000 - $899,999",new,2026-10-01,true,0
Gene Normand,(715) 723-6104,+17157236104,"2354 170th St Chippewa Falls, WI 54729","$300,000 - $399,999","$700,000 - $799,999",new,2026-10-01,true,0
Michael Lampi,(425) 641-3941,+14256413941,"2667 170th Ave SE Bellevue, WA 98008","$300,000 - $399,999","$1,000,000+",new,2026-10-01,true,0
Thomas Morgan,(712) 873-3313,+17128733313,"2695 170th St Moville, IA 51039","$400,000 - $499,999","$700,000 - $799,999",new,2026-10-01,true,0
Marianne Lamburini,(718) 463-0120,+17184630120,"2743 170th St Flushing, NY 11358","$500,000 Plus","$800,000 - $899,999",new,2026-10-01,true,0
Charles Mcgregor,(206) 242-4172,+12062424172,"2842 SW 170th St Burien, WA 98166","$300,000 - $399,999","$1,000,000+",new,2026-10-01,true,0
John Fenedick,(425) 378-0691,+14253780691,"2911 170th Ave SE Bellevue, WA 98008","$400,000 - $499,999","$1,000,000+",new,2026-10-01,true,0
Peter Chiu,(425) 649-5096,+14256495096,"2917 170th Ave SE Bellevue, WA 98008","$250,000 - $299,999","$1,000,000+",new,2026-10-01,true,0
Evros Andreou,(718) 460-5509,+17184605509,"2923 170th St Flushing, NY 11358","$400,000 - $499,999","$1,000,000+",new,2026-10-01,true,0
Louis Santalesa,(718) 762-7651,+17187627651,"2935 170th St Flushing, NY 11358","$100,000 - $124,999","$700,000 - $799,999",new,2026-10-01,true,0
Richard Sando,(253) 891-3556,+12538913556,"3015 170th Ave E Lake Tapps, WA 98391","$100,000 - $124,999","$800,000 - $899,999",new,2026-10-01,true,0
Zoran Grgurovic,(718) 445-2554,+17184452554,"3311 170th St Flushing, NY 11358","$125,000 - $149,999","$1,000,000+",new,2026-10-01,true,0
William Mary,(718) 463-1635,+17184631635,"3330 170th St Flushing, NY 11358","$100,000 - $124,999","$900,000 - $999,999",new,2026-10-01,true,0
Cindy Bromberg,(305) 940-2195,+13059402195,"3441 NE 170th St North Miami Beach, FL 33160","$125,000 - $149,999","$1,000,000+",new,2026-10-01,true,0
Brendan Sullivan,(718) 358-5552,+17183585552,"3530 170th St Flushing, NY 11358","$50,000 - $59,999","$1,000,000+",new,2026-10-01,true,0
Donald Erusha,(319) 624-2537,+13196242537,"3761 170th St NE Solon, IA 52333","$250,000 - $299,999","$800,000 - $899,999",new,2026-10-01,true,0
William Griffiths,(425) 883-2098,+14258832098,"3963 170th Pl NE Bellevue, WA 98008","$200,000 - $249,999","$1,000,000+",new,2026-10-01,true,0
David Mondloch,(320) 236-3026,+13202363026,"4223 170th St South Haven, MN 55382","$400,000 - $499,999","$700,000 - $799,999",new,2026-10-01,true,0
Patricia Buchholz,(718) 445-9141,+17184459141,"4348 170th St Flushing, NY 11358","$60,000 - $69,999","$800,000 - $899,999",new,2026-10-01,true,0
Michael Griffing,(718) 463-0127,+17184630127,"4360 170th St Flushing, NY 11358","$100,000 - $124,999","$900,000 - $999,999",new,2026-10-01,true,0
John Petri,(718) 886-7482,+17188867482,"4717 170th St Flushing, NY 11358","$100,000 - $124,999","$1,000,000+",new,2026-10-01,true,0
Joseph Dykes,(954) 252-9616,+19542529616,"5020 SW 170th Ave Southwest Ranches, FL 33331","$60,000 - $69,999","$700,000 - $799,999",new,2026-10-01,true,0
Kevin Herrington,(503) 649-4947,+15036494947,"5415 SW 170th Ave Beaverton, OR 97007","$60,000 - $69,999","$700,000 - $799,999",new,2026-10-01,true,0
Shari Pyle,(952) 447-5790,+19524475790,"6285 170th St E Prior Lake, MN 55372","$300,000 - $399,999","$900,000 - $999,999",new,2026-10-01,true,0
Cheryl Bonderson,(651) 438-2312,+16514382312,"6391 170th St E Hastings, MN 55033","$80,000 - $89,999","$1,000,000+",new,2026-10-01,true,0
Jennifer Caudebec,(425) 741-5071,+14257415071,"6427 170th Pl SW Edmonds, WA 98026","$400,000 - $499,999","$700,000 - $799,999",new,2026-10-01,true,0
Ann Neuman,(718) 461-1045,+17184611045,"6717 170th St Fresh Meadows, NY 11365","$250,000 - $299,999","$900,000 - $999,999",new,2026-10-01,true,0
Uziel Aronov,(347) 368-4519,+13473684519,"6746 170th St Fresh Meadows, NY 11365","$300,000 - $399,999","$1,000,000+",new,2026-10-01,true,0
Ephraim Frenkel,(718) 358-0017,+17183580017,"6747 170th St Fresh Meadows, NY 11365","$100,000 - $124,999","$900,000 - $999,999",new,2026-10-01,true,0
Miriam Greenberg,(718) 461-9788,+17184619788,"6750 170th St Fresh Meadows, NY 11365","$200,000 - $249,999","$1,000,000+",new,2026-10-01,true,0
Frances Blair,(715) 568-5448,+17155685448,"6761 170th Ave Bloomer, WI 54724","$300,000 - $399,999","$700,000 - $799,999",new,2026-10-01,true,0
Sze Leung,(718) 969-8673,+17189698673,"6918 170th St Fresh Meadows, NY 11365","$400,000 - $499,999","$1,000,000+",new,2026-10-01,true,0
Ira Landau,(718) 969-0999,+17189690999,"7108 170th St Fresh Meadows, NY 11365","$250,000 - $299,999","$1,000,000+",new,2026-10-01,true,0
Rochelle Harary,(718) 969-5178,+17189695178,"7126 170th St Flushing, NY 11365","$50,000 - $59,999","$1,000,000+",new,2026-10-01,true,0
Christina Hudson,(305) 253-3099,+13052533099,"7330 SW 170th Ter Village Of Palmetto Bay, FL 33157","$200,000 - $249,999","$1,000,000+",new,2026-10-01,true,0
Robert Beans,(305) 235-7817,+13052357817,"7420 SW 170th Ter Village Of Palmetto Bay, FL 33157","$250,000 - $299,999","$1,000,000+",new,2026-10-01,true,0
William Bloodworth,(786) 732-7026,+17867327026,"7480 SW 170th Ter Village Of Palmetto Bay, FL 33157","$300,000 - $399,999","$1,000,000+",new,2026-10-01,true,0
Michael Bent,(425) 488-2624,+14254882624,"7509 NE 170th St Kenmore, WA 98028","$60,000 - $69,999","$700,000 - $799,999",new,2026-10-01,true,0
Matti Friedman,(718) 591-1478,+17185911478,"7532 170th St Fresh Meadows, NY 11366","$300,000 - $399,999","$1,000,000+",new,2026-10-01,true,0
Daniel Stoffel,(651) 437-9234,+16514379234,"7759 170th St E Hastings, MN 55033","$300,000 - $399,999","$1,000,000+",new,2026-10-01,true,0
Will Stuart,(305) 252-6680,+13052526680,"7841 SW 170th St Village Of Palmetto Bay, FL 33157","$200,000 - $249,999","$900,000 - $999,999",new,2026-10-01,true,0
Carol Silak,(718) 380-6872,+17183806872,"8122 170th St Jamaica, NY 11432","$30,000 - $39,999","$800,000 - $899,999",new,2026-10-01,true,0
Michael Kesti,(305) 969-2694,+13059692694,"8161 SW 170th Ter Village Of Palmetto Bay, FL 33157","$400,000 - $499,999","$1,000,000+",new,2026-10-01,true,0
Trairong Nilpradab,(718) 297-2869,+17182972869,"8258 170th St Jamaica, NY 11432","$40,000 - $49,999","$1,000,000+",new,2026-10-01,true,0
Saul Silverman,(305) 251-3446,+13052513446,"8430 SW 170th Ter Village Of Palmetto Bay, FL 33157","$50,000 - $59,999","$700,000 - $799,999",new,2026-10-01,true,0
Douglas Speedling,(651) 438-2844,+16514382844,"8580 170th St E Hastings, MN 55033","$200,000 - $249,999","$900,000 - $999,999",new,2026-10-01,true,0
Jody Vesledahl,(507) 334-3155,+15073343155,"8913 170th St E Nerstrand, MN 55053","$300,000 - $399,999","$700,000 - $799,999",new,2026-10-01,true,0
Emma Fulbright,(425) 881-2973,+14258812973,"9816 170th Pl NE Redmond, WA 98052","$250,000 - $299,999","$1,000,000+",new,2026-10-01,true,0
John Kehrli,(503) 579-5987,+15035795987,"9885 SW 170th Ave Beaverton, OR 97007","$250,000 - $299,999","$800,000 - $899,999",new,2026-10-01,true,0
Vicki Steffan,(952) 435-2945,+19524352945,"9916 170th St E Lakeville, MN 55044","$400,000 - $499,999","$700,000 - $799,999",new,2026-10-01,true,0
Suzanne Keefe,(507) 867-4043,+15078674043,"10405 170th Ave SE Chatfield, MN 55923","$250,000 - $299,999","$1,000,000+",new,2026-10-01,true,0
Jesus Moncada,(718) 658-2411,+17186582411,"11449 170th St Jamaica, NY 11434","$40,000 - $49,999","$700,000 - $799,999",new,2026-10-01,true,0
Lurlene Duncan,(718) 528-6436,+17185286436,"12061 170th St Jamaica, NY 11434","$90,000 - $99,999","$800,000 - $899,999",new,2026-10-01,true,0
Rodney Riewer,(320) 587-0645,+13205870645,"13794 170th St Hutchinson, MN 55350","$100,000 - $124,999","$800,000 - $899,999",new,2026-10-01,true,0
Michael Lewis,(218) 493-4372,+12184934372,"13886 170th St S Barnesville, MN 56514","$200,000 - $249,999","$1,000,000+",new,2026-10-01,true,0
Peter Koeck,(425) 228-6494,+14252286494,"14815 SE 170th St Renton, WA 98058","$400,000 - $499,999","$700,000 - $799,999",new,2026-10-01,true,0
Reinaldo Bravo,(305) 971-9739,+13059719739,"15021 SW 170th Ter Miami, FL 33187","$150,000 - $174,999","$800,000 - $899,999",new,2026-10-01,true,0
Roberto Gittens,(352) 821-9798,+13528219798,"15889 SE 170th Ave Weirsdale, FL 32195","$400,000 - $499,999","$900,000 - $999,999",new,2026-10-01,true,0
Todd Ronhovde,(320) 528-2286,+13205282286,"17471 170th Ave Barrett, MN 56311","$400,000 - $499,999","$1,000,000+",new,2026-10-01,true,0
Shawn Pare,(425) 483-0548,+14254830548,"17507 170th Pl NE Woodinville, WA 98072","$300,000 - $399,999","$1,000,000+",new,2026-10-01,true,0
Katsumi Masuda,(206) 772-2205,+12067722205,"18003 170th Pl SE Renton, WA 98058","$200,000 - $249,999","$700,000 - $799,999",new,2026-10-01,true,0
John Cox,(507) 465-8566,+15074658566,"20290 170th St New Richland, MN 56072","$100,000 - $124,999","$700,000 - $799,999",new,2026-10-01,true,0
Paul Hanson,(218) 281-5898,+12182815898,"22820 170th Ave SW Crookston, MN 56716","$400,000 - $499,999","$800,000 - $899,999",new,2026-10-01,true,0
Thomas Fitzgerald,(305) 246-4818,+13052464818,"23590 SW 170th Ct Homestead, FL 33031","$90,000 - $99,999","$800,000 - $899,999",new,2026-10-01,true,0
Lane Loeslie,(218) 745-5059,+12187455059,"25499 170th St NW Warren, MN 56762","$20,000 - $29,999","$700,000 - $799,999",new,2026-10-01,true,0
Dwight Hintermeister,(218) 589-8513,+12185898513,"25767 170th St Dalton, MN 56324","$100,000 - $124,999","$700,000 - $799,999",new,2026-10-01,true,0
Thomas Olson,(305) 245-6331,+13052456331,"30150 SW 170th Ave Homestead, FL 33030","$70,000 - $79,999","$1,000,000+",new,2026-10-01,true,0
William Kalis,(507) 553-5871,+15075535871,"51400 170th St Wells, MN 56097","$90,000 - $99,999","$1,000,000+",new,2026-10-01,true,0
Michael Trice,(206) 533-9481,+12065339481,"114 N 171st St Shoreline, WA 98133","$200,000 - $249,999","$700,000 - $799,999",new,2026-10-01,true,0
Nancy Vidlak,(206) 542-7733,+12065427733,"120 N 171st St Shoreline, WA 98133","$400,000 - $499,999","$700,000 - $799,999",new,2026-10-01,true,0
Christy Vassar,(360) 264-5879,+13602645879,"145 171st Ave SE Tenino, WA 98589","$40,000 - $49,999","$800,000 - $899,999",new,2026-10-01,true,0
Steve Reeve,(206) 546-4263,+12065464263,"210 N 171st St Shoreline, WA 98133","$70,000 - $79,999","$700,000 - $799,999",new,2026-10-01,true,0
Alan Carter,(425) 641-1689,+14256411689,"223 171st Pl NE Bellevue, WA 98008","$300,000 - $399,999","$1,000,000+",new,2026-10-01,true,0
Donna Popich,(206) 546-3387,+12065463387,"241 N 171st St Shoreline, WA 98133","$100,000 - $124,999","$700,000 - $799,999",new,2026-10-01,true,0
Lisa Holmgren,(715) 796-5546,+17157965546,"513 171st St Hammond, WI 54015","$200,000 - $249,999","$700,000 - $799,999",new,2026-10-01,true,0
John Tacher,(305) 654-9876,+13056549876,"1225 NE 171st Ter Miami, FL 33162","$60,000 - $69,999","$700,000 - $799,999",new,2026-10-01,true,0
Tamra Hillman,(206) 542-4703,+12065424703,"1338 N 171st St Shoreline, WA 98133","$70,000 - $79,999","$800,000 - $899,999",new,2026-10-01,true,0
Miriam Lehrfield,(305) 653-1931,+13056531931,"1345 NE 171st St Miami, FL 33162","$60,000 - $69,999","$1,000,000+",new,2026-10-01,true,0
Esther Anton,(305) 249-9368,+13052499368,"1365 NE 171st St Miami, FL 33162","$80,000 - $89,999","$900,000 - $999,999",new,2026-10-01,true,0
James Stewart,(425) 622-9633,+14256229633,"1404 171st Ave SE Snohomish, WA 98290","$300,000 - $399,999","$1,000,000+",new,2026-10-01,true,0
Yvette Perez,(206) 362-0425,+12063620425,"1577 NE 171st St Shoreline, WA 98155","$300,000 - $399,999","$900,000 - $999,999",new,2026-10-01,true,0
Glenda Weaver,(918) 366-7305,+19183667305,"2689 E 171st St S Mounds, OK 74047","$200,000 - $249,999","$800,000 - $899,999",new,2026-10-01,true,0
James Bogeatjes,(718) 762-8009,+17187628009,"2923 171st St Flushing, NY 11358","$90,000 - $99,999","$1,000,000+",new,2026-10-01,true,0
Matthew Giusto,(718) 762-6438,+17187626438,"3224 171st St Flushing, NY 11358","$100,000 - $124,999","$1,000,000+",new,2026-10-01,true,0
Raquel Borgman,(305) 974-2544,+13059742544,"3302 NE 171st St North Miami Beach, FL 33160","$20,000 - $29,999","$900,000 - $999,999",new,2026-10-01,true,0
Louis Dalessio,(718) 463-5229,+17184635229,"3333 171st St Flushing, NY 11358","$250,000 - $299,999","$1,000,000+",new,2026-10-01,true,0
Richard Laakkonen,(718) 359-4102,+17183594102,"3511 171st St Flushing, NY 11358","$60,000 - $69,999","$1,000,000+",new,2026-10-01,true,0
Silvia Brykman,(305) 354-2163,+13053542163,"3902 NE 171st St North Miami Beach, FL 33160","$125,000 - $149,999","$1,000,000+",new,2026-10-01,true,0
Takouhi Choubaralian,(718) 661-1956,+17186611956,"4008 171st St Flushing, NY 11358","$60,000 - $69,999","$700,000 - $799,999",new,2026-10-01,true,0
Donna Sbarra,(718) 358-8389,+17183588389,"4012 171st St Flushing, NY 11358","$50,000 - $59,999","$900,000 - $999,999",new,2026-10-01,true,0
Carol Sherlock,(718) 461-8597,+17184618597,"4020 171st St Flushing, NY 11358","$40,000 - $49,999","$900,000 - $999,999",new,2026-10-01,true,0
John Kaltsas,(718) 961-4562,+17189614562,"4115 171st St Flushing, NY 11358","$100,000 - $124,999","$900,000 - $999,999",new,2026-10-01,true,0
Clara Pham,(310) 214-8347,+13102148347,"4347 W 171st St Lawndale, CA 90260","$40,000 - $49,999","$800,000 - $899,999",new,2026-10-01,true,0
Enrique Naranjo,(718) 358-9778,+17183589778,"4368 171st St Flushing, NY 11358","$50,000 - $59,999","$700,000 - $799,999",new,2026-10-01,true,0
Denis Venturino,(718) 762-6528,+17187626528,"4504 171st Pl Flushing, NY 11358","$300,000 - $399,999","$1,000,000+",new,2026-10-01,true,0
Rocca Evangelista,(718) 961-9332,+17189619332,"4532 171st St Flushing, NY 11358","$50,000 - $59,999","$1,000,000+",new,2026-10-01,true,0
Brian Keating,(718) 359-0174,+17183590174,"4544 171st St Flushing, NY 11358","$50,000 - $59,999","$1,000,000+",new,2026-10-01,true,0
Leigh Benin,(718) 321-3479,+17183213479,"4547 171st Pl Flushing, NY 11358","$60,000 - $69,999","$900,000 - $999,999",new,2026-10-01,true,0
Angela Brower,(718) 461-7128,+17184617128,"4547 171st St Flushing, NY 11358","$50,000 - $59,999","$1,000,000+",new,2026-10-01,true,0
Gerald Acquavella,(718) 463-8520,+17184638520,"4563 171st St Flushing, NY 11358","$30,000 - $39,999","$900,000 - $999,999",new,2026-10-01,true,0
Daniel Chisholm,(360) 243-9235,+13602439235,"5106 171st Ave SE Snohomish, WA 98290","$400,000 - $499,999","$1,000,000+",new,2026-10-01,true,0
Safwat Aziz,(954) 447-6816,+19544476816,"5225 SW 171st Ave Miramar, FL 33027","$80,000 - $89,999","$800,000 - $899,999",new,2026-10-01,true,0
Edward Giaimo,(425) 562-1707,+14255621707,"5547 171st Ave SE Bellevue, WA 98006","$250,000 - $299,999","$1,000,000+",new,2026-10-01,true,0
Gregory Michelakis,(718) 445-1030,+17184451030,"6527 171st St Fresh Meadows, NY 11365","$70,000 - $79,999","$1,000,000+",new,2026-10-01,true,0
Shirley Pelley,(718) 463-7162,+17184637162,"6723 171st St Fresh Meadows, NY 11365","$250,000 - $299,999","$1,000,000+",new,2026-10-01,true,0
Jacob Todres,(718) 359-6286,+17183596286,"6726 171st St Fresh Meadows, NY 11365","$60,000 - $69,999","$900,000 - $999,999",new,2026-10-01,true,0
Steven Broadwater,(317) 219-7872,+13172197872,"6837 E 171st St Noblesville, IN 46062","$250,000 - $299,999","$1,000,000+",new,2026-10-01,true,0
Paul Katz,(718) 591-1845,+17185911845,"6934 171st St Fresh Meadows, NY 11365","$400,000 - $499,999","$700,000 - $799,999",new,2026-10-01,true,0
Janet Feld,(718) 591-8790,+17185918790,"7108 171st St Fresh Meadows, NY 11365","$200,000 - $249,999","$1,000,000+",new,2026-10-01,true,0
Joseph Weissman,(718) 969-3039,+17189693039,"7116 171st St Fresh Meadows, NY 11365","$60,000 - $69,999","$1,000,000+",new,2026-10-01,true,0
Ira Rabinowitz,(347) 809-9095,+13478099095,"7308 171st St Fresh Meadows, NY 11366","$250,000 - $299,999","$1,000,000+",new,2026-10-01,true,0
Ellie Samson,(718) 591-7411,+17185917411,"7334 171st St Fresh Meadows, NY 11366","$400,000 - $499,999","$1,000,000+",new,2026-10-01,true,0
Malgorzata Borkowski,(718) 805-6579,+17188056579,"7508 171st St Fresh Meadows, NY 11366","$300,000 - $399,999","$1,000,000+",new,2026-10-01,true,0
Ellen Naiman,(718) 591-7312,+17185917312,"7515 171st St Fresh Meadows, NY 11366","$400,000 - $499,999","$1,000,000+",new,2026-10-01,true,0
Dahlia Fuerst,(718) 591-0549,+17185910549,"7527 171st St Fresh Meadows, NY 11366","$300,000 - $399,999","$700,000 - $799,999",new,2026-10-01,true,0
Richard Pisco,(718) 969-4922,+17189694922,"7726 171st St Fresh Meadows, NY 11366","$150,000 - $174,999","$800,000 - $899,999",new,2026-10-01,true,0
Dorothy Andrews,(503) 649-8704,+15036498704,"8172 SW 171st Pl Aloha, OR 97007","$200,000 - $249,999","$700,000 - $799,999",new,2026-10-01,true,0
Ross Wigney,(360) 568-5660,+13605685660,"8630 171st Ave SE Snohomish, WA 98290","$175,000 - $199,999","$700,000 - $799,999",new,2026-10-01,true,0
Jorge Fernandez,(786) 573-3596,+17865733596,"9000 SW 171st Ter Village Of Palmetto Bay, FL 33157","$300,000 - $399,999","$900,000 - $999,999",new,2026-10-01,true,0
James Persons,(623) 535-1869,+16235351869,"10532 N 171st Dr Waddell, AZ 85355","$200,000 - $249,999","$700,000 - $799,999",new,2026-10-01,true,0
Bor Hsieh,(425) 497-8702,+14254978702,"11318 171st Pl NE Redmond, WA 98052","$250,000 - $299,999","$1,000,000+",new,2026-10-01,true,0
Judith Sinclair,(425) 882-0339,+14258820339,"13225 171st Ave NE Redmond, WA 98052","$300,000 - $399,999","$1,000,000+",new,2026-10-01,true,0
Charles Monah,(718) 978-0127,+17189780127,"13747 171st St Jamaica, NY 11434","$90,000 - $99,999","$800,000 - $899,999",new,2026-10-01,true,0
Karen Hollenback,(425) 228-1110,+14252281110,"15009 SE 171st St Renton, WA 98058","$70,000 - $79,999","$800,000 - $899,999",new,2026-10-01,true,0
Mariane Hermanson,(425) 235-1787,+14252351787,"15032 SE 171st St Renton, WA 98058","$90,000 - $99,999","$800,000 - $899,999",new,2026-10-01,true,0
Brian Wiegman,(425) 489-0881,+14254890881,"18516 171st Pl NE Woodinville, WA 98072","$400,000 - $499,999","$700,000 - $799,999",new,2026-10-01,true,0
Duane Karlsen,(360) 256-3921,+13602563921,"22506 NE 171st St Brush Prairie, WA 98606","$400,000 - $499,999","$800,000 - $899,999",new,2026-10-01,true,0
David Ferguson,(435) 673-5394,+14356735394,"1058 E 1720 S Saint George, UT 84790","$150,000 - $174,999","$800,000 - $899,999",new,2026-10-01,true,0
Gary Reed,(206) 241-7472,+12062417472,"249 S 172nd Pl Burien, WA 98148","$90,000 - $99,999","$700,000 - $799,999",new,2026-10-01,true,0
Jeri Durand,(715) 247-5229,+17152475229,"396 172nd Ave Somerset, WI 54025","$250,000 - $299,999","$1,000,000+",new,2026-10-01,true,0
Milton Smiley,(305) 653-5206,+13056535206,"660 NE 172nd Ter Miami, FL 33162","$50,000 - $59,999","$700,000 - $799,999",new,2026-10-01,true,0
Rosa Osborne,(954) 433-9798,+19544339798,"814 SW 172nd Ter Pembroke Pines, FL 33029","$100,000 - $124,999","$700,000 - $799,999",new,2026-10-01,true,0
Paul Volpone,(206) 546-8537,+12065468537,"1259 N 172nd St Shoreline, WA 98133","$80,000 - $89,999","$800,000 - $899,999",new,2026-10-01,true,0
Yoshiko Saheki,(206) 362-0149,+12063620149,"1573 NE 172nd St Shoreline, WA 98155","$200,000 - $249,999","$800,000 - $899,999",new,2026-10-01,true,0
Loren Hickman,(425) 641-5177,+14256415177,"1632 172nd Ave NE Bellevue, WA 98008","$200,000 - $249,999","$1,000,000+",new,2026-10-01,true,0
Brian Rasmussen,(425) 401-1549,+14254011549,"1814 172nd Pl NE Bellevue, WA 98008","$250,000 - $299,999","$1,000,000+",new,2026-10-01,true,0
Yvonne Richardson,(425) 487-9866,+14254879866,"2214 172nd Pl SE Bothell, WA 98012","$300,000 - $399,999","$800,000 - $899,999",new,2026-10-01,true,0
Patricia Blaustein,(206) 938-0914,+12069380914,"2656 SW 172nd St Burien, WA 98166","$400,000 - $499,999","$900,000 - $999,999",new,2026-10-01,true,0
Edward Raczkowski,(718) 352-5241,+17183525241,"2714 172nd St Flushing, NY 11358","$400,000 - $499,999","$900,000 - $999,999",new,2026-10-01,true,0
Michael Fosberg,(206) 243-4184,+12062434184,"2813 SW 172nd Pl Burien, WA 98166","$300,000 - $399,999","$1,000,000+",new,2026-10-01,true,0
William Wintermute,(206) 242-9290,+12062429290,"2856 SW 172nd St Burien, WA 98166","$400,000 - $499,999","$1,000,000+",new,2026-10-01,true,0
Sonia Rubinic,(718) 359-2074,+17183592074,"2924 172nd St Flushing, NY 11358","$60,000 - $69,999","$1,000,000+",new,2026-10-01,true,0
Ross Carter,(425) 881-5548,+14258815548,"3018 172nd Ct NE Redmond, WA 98052","$400,000 - $499,999","$1,000,000+",new,2026-10-01,true,0
Zhonghui Braff,(718) 359-2092,+17183592092,"3218 172nd St Flushing, NY 11358","$50,000 - $59,999","$1,000,000+",new,2026-10-01,true,0
Rory Howard,(405) 715-3430,+14057153430,"3357 NW 172nd Ter Edmond, OK 73012","$400,000 - $499,999","$1,000,000+",new,2026-10-01,true,0
Pat Dagnese,(718) 939-9022,+17189399022,"3373 172nd St Flushing, NY 11358","$50,000 - $59,999","$800,000 - $899,999",new,2026-10-01,true,0
Douglas Moreland,(206) 246-5672,+12062465672,"3560 SW 172nd St Burien, WA 98166","$300,000 - $399,999","$1,000,000+",new,2026-10-01,true,0
Ming Hsieh,(425) 883-6427,+14258836427,"3631 172nd Ave NE Bellevue, WA 98008","$300,000 - $399,999","$1,000,000+",new,2026-10-01,true,0
Tom Iliou,(718) 961-9363,+17189619363,"4015 172nd St Flushing, NY 11358","$100,000 - $124,999","$800,000 - $899,999",new,2026-10-01,true,0
Heather Burkey,(425) 867-9890,+14258679890,"4029 172nd Ave NE Redmond, WA 98052","$300,000 - $399,999","$1,000,000+",new,2026-10-01,true,0
Jack Soulier,(718) 886-6368,+17188866368,"4031 172nd St Flushing, NY 11358","$30,000 - $39,999","$800,000 - $899,999",new,2026-10-01,true,0
Susan Knors,(718) 445-4796,+17184454796,"4041 172nd St Flushing, NY 11358","$60,000 - $69,999","$800,000 - $899,999",new,2026-10-01,true,0
Dennis Larue,(310) 542-6302,+13105426302,"4175 W 172nd St Torrance, CA 90504","$50,000 - $59,999","$900,000 - $999,999",new,2026-10-01,true,0
Joseph Munro,(425) 869-6158,+14258696158,"4215 172nd Ave NE Redmond, WA 98052","$300,000 - $399,999","$1,000,000+",new,2026-10-01,true,0
Wai Shun,(718) 886-8195,+17188868195,"4231 172nd St Flushing, NY 11358","$40,000 - $49,999","$800,000 - $899,999",new,2026-10-01,true,0
Giuseppe Damico,(718) 961-6104,+17189616104,"4312 172nd St Flushing, NY 11358","$300,000 - $399,999","$1,000,000+",new,2026-10-01,true,0
Concetta Prainito,(718) 445-2911,+17184452911,"4321 172nd St Flushing, NY 11358","$400,000 - $499,999","$700,000 - $799,999",new,2026-10-01,true,0
Annette Delligatti,(718) 539-4124,+17185394124,"4325 172nd St Flushing, NY 11358","$20,000 - $29,999","$900,000 - $999,999",new,2026-10-01,true,0
Steve Tomaso,(253) 884-1925,+12538841925,"4407 172nd Ave SW Longbranch, WA 98351","$150,000 - $174,999","$800,000 - $899,999",new,2026-10-01,true,0
Adrianna Berlingerio,(718) 886-7419,+17188867419,"4517 172nd St Flushing, NY 11358","$90,000 - $99,999","$1,000,000+",new,2026-10-01,true,0
Salvatore Amato,(718) 353-9318,+17183539318,"4525 172nd St Flushing, NY 11358","$20,000 - $29,999","$1,000,000+",new,2026-10-01,true,0
Rita Mammano,(718) 445-4454,+17184454454,"4526 172nd St Flushing, NY 11358","$40,000 - $49,999","$900,000 - $999,999",new,2026-10-01,true,0
Monica Lai,(718) 886-3451,+17188863451,"4563 172nd St Flushing, NY 11358","$40,000 - $49,999","$1,000,000+",new,2026-10-01,true,0
Jay Hepler,(954) 680-7768,+19546807768,"5400 SW 172nd Ave Southwest Ranches, FL 33331","$175,000 - $199,999","$800,000 - $899,999",new,2026-10-01,true,0
Yvonne Cooley,(623) 535-9725,+16235359725,"6314 N 172nd Ln Waddell, AZ 85355","$50,000 - $59,999","$700,000 - $799,999",new,2026-10-01,true,0
Malinda Perez,(623) 878-4264,+16238784264,"6410 N 172nd Ln Waddell, AZ 85355","$100,000 - $124,999","$700,000 - $799,999",new,2026-10-01,true,0
Steve Lew,(425) 742-3026,+14257423026,"6718 172nd Pl SW Edmonds, WA 98026","$100,000 - $124,999","$800,000 - $899,999",new,2026-10-01,true,0
Cheng Tan,(718) 445-1950,+17184451950,"6719 172nd St Flushing, NY 11365","$20,000 - $29,999","$1,000,000+",new,2026-10-01,true,0
Zhi Gan,(718) 445-2326,+17184452326,"6730 172nd St Fresh Meadows, NY 11365","$300,000 - $399,999","$1,000,000+",new,2026-10-01,true,0
Moshe Faskowitz,(718) 969-8501,+17189698501,"6913 172nd St Fresh Meadows, NY 11365","$100,000 - $124,999","$1,000,000+",new,2026-10-01,true,0
Glenn Cohn,(718) 591-5866,+17185915866,"6929 172nd St Fresh Meadows, NY 11365","$100,000 - $124,999","$1,000,000+",new,2026-10-01,true,0
George Klein,(718) 591-4836,+17185914836,"7136 172nd St Fresh Meadows, NY 11365","$100,000 - $124,999","$1,000,000+",new,2026-10-01,true,0
Michael Spedalle,(718) 969-3716,+17189693716,"7308 172nd St Fresh Meadows, NY 11366","$100,000 - $124,999","$900,000 - $999,999",new,2026-10-01,true,0
Francis Kong,(305) 251-3962,+13052513962,"7400 SW 172nd St Village Of Palmetto Bay, FL 33157","$400,000 - $499,999","$1,000,000+",new,2026-10-01,true,0
Paul Liles,(718) 380-4788,+17183804788,"7609 172nd St Flushing, NY 11366","$50,000 - $59,999","$900,000 - $999,999",new,2026-10-01,true,0
Shajadi Islam,(718) 820-0553,+17188200553,"7614 172nd St Fresh Meadows, NY 11366","$175,000 - $199,999","$800,000 - $899,999",new,2026-10-01,true,0
Marik Krivitskiy,(718) 880-2267,+17188802267,"7626 172nd St Fresh Meadows, NY 11366","$300,000 - $399,999","$800,000 - $899,999",new,2026-10-01,true,0
Seymour Peller,(718) 969-1413,+17189691413,"7653 172nd St Fresh Meadows, NY 11366","$50,000 - $59,999","$800,000 - $899,999",new,2026-10-01,true,0
Bruce Eckel,(305) 233-7085,+13052337085,"8002 SW 172nd Ter Village Of Palmetto Bay, FL 33157","$300,000 - $399,999","$1,000,000+",new,2026-10-01,true,0
Winston Kong,(786) 293-0708,+17862930708,"8267 SW 172nd Ter Village Of Palmetto Bay, FL 33157","$200,000 - $249,999","$1,000,000+",new,2026-10-01,true,0
Juan Muniz,(786) 558-4531,+17865584531,"8325 SW 172nd St Village Of Palmetto Bay, FL 33157","$300,000 - $399,999","$1,000,000+",new,2026-10-01,true,0
Brian Dow,(651) 462-8168,+16514628168,"8412 172nd Ave NE Forest Lake, MN 55025","$400,000 - $499,999","$800,000 - $899,999",new,2026-10-01,true,0
Shakuntala Sukhram,(718) 297-3672,+17182973672,"8819 172nd St Jamaica, NY 11432","$70,000 - $79,999","$800,000 - $899,999",new,2026-10-01,true,0
Clemente Masson,(305) 828-8023,+13058288023,"8821 NW 172nd Ter Hialeah, FL 33018","$175,000 - $199,999","$700,000 - $799,999",new,2026-10-01,true,0
Myron Walker,(425) 869-9358,+14258699358,"9604 172nd Ave NE Redmond, WA 98052","$400,000 - $499,999","$1,000,000+",new,2026-10-01,true,0
Steven Petitpas,(425) 558-9428,+14255589428,"11002 172nd Pl NE Redmond, WA 98052","$250,000 - $299,999","$1,000,000+",new,2026-10-01,true,0
Pamela Barrington,(929) 386-0994,+19293860994,"11453 172nd St Jamaica, NY 11434","$70,000 - $79,999","$700,000 - $799,999",new,2026-10-01,true,0
Bonnie Sevcik,(952) 892-5350,+19528925350,"11713 172nd St W Lakeville, MN 55044","$60,000 - $69,999","$700,000 - $799,999",new,2026-10-01,true,0
Barry Byrne,(623) 556-1800,+16235561800,"14214 N 172nd Ave Surprise, AZ 85388","$200,000 - $249,999","$1,000,000+",new,2026-10-01,true,0
John Aviles,(305) 234-0575,+13052340575,"14453 SW 172nd Ln Miami, FL 33177","$50,000 - $59,999","$700,000 - $799,999",new,2026-10-01,true,0
Richard Groh,(305) 255-6381,+13052556381,"16200 SW 172nd Ave Miami, FL 33187","$250,000 - $299,999","$800,000 - $899,999",new,2026-10-01,true,0
Krista Smith-Larson,(763) 263-9064,+17632639064,"16800 172nd St SE Big Lake, MN 55309","$250,000 - $299,999","$800,000 - $899,999",new,2026-10-01,true,0
Raul Rodriguez,(305) 235-7136,+13052357136,"17100 SW 172nd Ave Miami, FL 33187","$300,000 - $399,999","$1,000,000+",new,2026-10-01,true,0
Raul Zamora,(360) 687-0877,+13606870877,"28216 NE 172nd Ave Battle Ground, WA 98604","$90,000 - $99,999","$800,000 - $899,999",new,2026-10-01,true,0
Dean Murray,(507) 732-4016,+15077324016,"43798 172nd Avenue Way Zumbrota, MN 55992","$100,000 - $124,999","$700,000 - $799,999",new,2026-10-01,true,0
Gaye Ray,(801) 341-0697,+18013410697,"1526 W 1730 N Provo, UT 84604","$250,000 - $299,999","$700,000 - $799,999",new,2026-10-01,true,0
David Allred,(580) 255-6121,+15802556121,"295314 E 1730 Rd Duncan, OK 73533","$300,000 - $399,999","$700,000 - $799,999",new,2026-10-01,true,0
Reynold Stein,(305) 653-4531,+13056534531,"625 NE 173rd Ter Miami, FL 33162","$150,000 - $174,999","$1,000,000+",new,2026-10-01,true,0
Michael Paritzky,(305) 651-8807,+13056518807,"955 NE 173rd St Miami, FL 33162","$175,000 - $199,999","$800,000 - $899,999",new,2026-10-01,true,0
Jay Berger,(305) 770-1746,+13057701746,"1270 NE 173rd St North Miami Beach, FL 33162","$80,000 - $89,999","$700,000 - $799,999",new,2026-10-01,true,0
Moshe Lehrfield,(305) 770-0716,+13057700716,"1310 NE 173rd St Miami, FL 33162","$300,000 - $399,999","$900,000 - $999,999",new,2026-10-01,true,0
Esther Rosner,(305) 651-0581,+13056510581,"1320 NE 173rd St Miami, FL 33162","$90,000 - $99,999","$900,000 - $999,999",new,2026-10-01,true,0
Joey Benitez,(425) 644-9853,+14256449853,"1847 173rd Ave NE Bellevue, WA 98008","$400,000 - $499,999","$1,000,000+",new,2026-10-01,true,0
Beverly Stautz,(360) 254-1497,+13602541497,"3015 NE 173rd St Ridgefield, WA 98642","$90,000 - $99,999","$700,000 - $799,999",new,2026-10-01,true,0
Valery Ivanov,(425) 376-1127,+14253761127,"3020 173rd Ct NE Redmond, WA 98052","$400,000 - $499,999","$1,000,000+",new,2026-10-01,true,0
Maria Gonzalez,(954) 437-1700,+19544371700,"3141 SW 173rd Ter Miramar, FL 33029","$300,000 - $399,999","$800,000 - $899,999",new,2026-10-01,true,0
Robin Kuhn,(954) 435-9256,+19544359256,"3291 SW 173rd Ter Miramar, FL 33029","$300,000 - $399,999","$900,000 - $999,999",new,2026-10-01,true,0
Michael Katskee,(402) 334-0430,+14023340430,"3305 S 173rd St Omaha, NE 68130","$200,000 - $249,999","$1,000,000+",new,2026-10-01,true,0
Ann Edlund,(425) 885-6413,+14258856413,"3318 173rd Pl NE Redmond, WA 98052","$400,000 - $499,999","$1,000,000+",new,2026-10-01,true,0
Brent Riley,(405) 348-4892,+14053484892,"3417 NW 173rd St Edmond, OK 73012","$400,000 - $499,999","$700,000 - $799,999",new,2026-10-01,true,0
Sanjay Sood,(954) 435-2834,+19544352834,"3556 SW 173rd Way Miramar, FL 33029","$175,000 - $199,999","$700,000 - $799,999",new,2026-10-01,true,0
Adi Weshler,(425) 882-0613,+14258820613,"3629 173rd Ct NE Redmond, WA 98052","$200,000 - $249,999","$900,000 - $999,999",new,2026-10-01,true,0
Jackie Labouff,(310) 329-7029,+13103297029,"3810 W 173rd St Torrance, CA 90504","$60,000 - $69,999","$800,000 - $899,999",new,2026-10-01,true,0
Gabriella Metzger,(425) 746-0878,+14257460878,"4073 173rd Pl SE Bellevue, WA 98008","$100,000 - $124,999","$1,000,000+",new,2026-10-01,true,0
Lynn Briody,(425) 562-7932,+14255627932,"4420 173rd Ave SE Bellevue, WA 98006","$300,000 - $399,999","$1,000,000+",new,2026-10-01,true,0
Cheryl Moore,(954) 443-0736,+19544430736,"4991 SW 173rd Ave Miramar, FL 33029","$100,000 - $124,999","$700,000 - $799,999",new,2026-10-01,true,0
Ricardo Quintero,(954) 431-4660,+19544314660,"5162 SW 173rd Ave Miramar, FL 33029","$300,000 - $399,999","$900,000 - $999,999",new,2026-10-01,true,0
Maria Schmidt,(954) 999-5682,+19549995682,"6150 SW 173rd Way Southwest Ranches, FL 33331","$250,000 - $299,999","$1,000,000+",new,2026-10-01,true,0
Selma Aaronson,(718) 939-0298,+17189390298,"6548 173rd St Fresh Meadows, NY 11365","$100,000 - $124,999","$900,000 - $999,999",new,2026-10-01,true,0
Eduard Zavlanov,(718) 969-2730,+17189692730,"6922 173rd St Fresh Meadows, NY 11365","$400,000 - $499,999","$800,000 - $899,999",new,2026-10-01,true,0
Martin Schnur,(212) 254-7955,+12122547955,"6926 173rd St Fresh Meadows, NY 11365","$100,000 - $124,999","$800,000 - $899,999",new,2026-10-01,true,0
Steven Markowitz,(718) 380-5413,+17183805413,"6927 173rd St Fresh Meadows, NY 11365","$100,000 - $124,999","$800,000 - $899,999",new,2026-10-01,true,0
David Suna,(718) 591-7743,+17185917743,"7002 173rd St Flushing, NY 11365","$60,000 - $69,999","$900,000 - $999,999",new,2026-10-01,true,0
Martin Beer,(718) 591-1440,+17185911440,"7026 173rd St Fresh Meadows, NY 11365","$60,000 - $69,999","$1,000,000+",new,2026-10-01,true,0
Martin Orenstein,(718) 969-8187,+17189698187,"7038 173rd St Fresh Meadows, NY 11365","$100,000 - $124,999","$900,000 - $999,999",new,2026-10-01,true,0
Martin Penn,(718) 969-5578,+17189695578,"7042 173rd St Fresh Meadows, NY 11365","$300,000 - $399,999","$1,000,000+",new,2026-10-01,true,0
Joshua Klapper,(718) 380-3606,+17183803606,"7058 173rd St Fresh Meadows, NY 11365","$100,000 - $124,999","$1,000,000+",new,2026-10-01,true,0
Iordanis Monocandilos,(305) 251-2961,+13052512961,"7321 SW 173rd St Village Of Palmetto Bay, FL 33157","$300,000 - $399,999","$1,000,000+",new,2026-10-01,true,0
Natalie Tittman,(718) 969-1999,+17189691999,"7336 173rd St Fresh Meadows, NY 11366","$60,000 - $69,999","$800,000 - $899,999",new,2026-10-01,true,0
Xi Grumbacher,(718) 969-1957,+17189691957,"7348 173rd St Fresh Meadows, NY 11366","$250,000 - $299,999","$900,000 - $999,999",new,2026-10-01,true,0
Susan Klein,(718) 380-7697,+17183807697,"7349 173rd St Fresh Meadows, NY 11366","$100,000 - $124,999","$900,000 - $999,999",new,2026-10-01,true,0
Judith Cohen,(718) 969-2109,+17189692109,"7526 173rd St Fresh Meadows, NY 11366","$50,000 - $59,999","$1,000,000+",new,2026-10-01,true,0
Jonathan Lewis,(718) 969-9824,+17189699824,"7610 173rd St Fresh Meadows, NY 11366","$100,000 - $124,999","$900,000 - $999,999",new,2026-10-01,true,0
Ezra Mouadeb,(718) 969-5903,+17189695903,"7663 173rd St Fresh Meadows, NY 11366","$400,000 - $499,999","$900,000 - $999,999",new,2026-10-01,true,0
Ivan Spector,(305) 235-1424,+13052351424,"7740 SW 173rd St Village Of Palmetto Bay, FL 33157","$200,000 - $249,999","$900,000 - $999,999",new,2026-10-01,true,0
Karen Sundstrom,(360) 568-0239,+13605680239,"9009 173rd Ave SE Snohomish, WA 98290","$300,000 - $399,999","$1,000,000+",new,2026-10-01,true,0
Robert Schutte,(402) 891-1075,+14028911075,"10207 S 173rd Cir Omaha, NE 68136","$200,000 - $249,999","$800,000 - $899,999",new,2026-10-01,true,0
Janice Dressler,(425) 271-8307,+14252718307,"11030 173rd Ave SE Renton, WA 98059","$300,000 - $399,999","$1,000,000+",new,2026-10-01,true,0
Richard Herman,(402) 955-1833,+14029551833,"11923 N 173rd Cir Bennington, NE 68007","$200,000 - $249,999","$700,000 - $799,999",new,2026-10-01,true,0
Joan Matthews,(347) 894-8134,+13478948134,"13704 173rd St Jamaica, NY 11434","$90,000 - $99,999","$900,000 - $999,999",new,2026-10-01,true,0
Peter Mogren,(425) 271-5258,+14252715258,"16215 SE 173rd Pl Renton, WA 98058","$150,000 - $174,999","$700,000 - $799,999",new,2026-10-01,true,0
Natalie Walker,(763) 262-9965,+17632629965,"17159 173rd St SE Big Lake, MN 55309","$400,000 - $499,999","$700,000 - $799,999",new,2026-10-01,true,0
Dennis Karnopp,(360) 687-5268,+13606875268,"19809 NE 173rd Ct Battle Ground, WA 98604","$400,000 - $499,999","$1,000,000+",new,2026-10-01,true,0
Nancy Lofton,(305) 247-2247,+13052472247,"26520 SW 173rd Pl Homestead, FL 33031","$100,000 - $124,999","$900,000 - $999,999",new,2026-10-01,true,0
Paul Staples,(305) 242-8779,+13052428779,"28221 SW 173rd Ave Homestead, FL 33030","$100,000 - $124,999","$1,000,000+",new,2026-10-01,true,0
Rene Taylor,(305) 245-2074,+13052452074,"29301 SW 173rd Ct Homestead, FL 33030","$60,000 - $69,999","$1,000,000+",new,2026-10-01,true,0
Karen Rock,(218) 574-6078,+12185746078,"39974 173rd Ave SE Erskine, MN 56535","$90,000 - $99,999","$700,000 - $799,999",new,2026-10-01,true,0
Douglas Stewart,(435) 673-4086,+14356734086,"836 S 1740 W Saint George, UT 84770","$80,000 - $89,999","$700,000 - $799,999",new,2026-10-01,true,0
Ramona Abbasian,(425) 747-9808,+14257479808,"440 174th Pl NE Bellevue, WA 98008","$400,000 - $499,999","$1,000,000+",new,2026-10-01,true,0
Charles Kalchman,(305) 655-2794,+13056552794,"970 NE 174th St Miami, FL 33162","$90,000 - $99,999","$800,000 - $899,999",new,2026-10-01,true,0
Paul Rosser,(206) 244-5357,+12062445357,"1229 SW 174th Pl Normandy Park, WA 98166","$400,000 - $499,999","$1,000,000+",new,2026-10-01,true,0
Arturo Logrono,(954) 443-3164,+19544433164,"2940 SW 174th Way Miramar, FL 33029","$200,000 - $249,999","$700,000 - $799,999",new,2026-10-01,true,0
Eve Lu,(425) 424-0206,+14254240206,"3216 174th Pl SE Bothell, WA 98012","$300,000 - $399,999","$1,000,000+",new,2026-10-01,true,0
Carol Jacob,(425) 487-9369,+14254879369,"3307 174th Pl SE Bothell, WA 98012","$250,000 - $299,999","$1,000,000+",new,2026-10-01,true,0
Paul Yasuda,(405) 844-5344,+14058445344,"3516 NW 174th St Edmond, OK 73012","$400,000 - $499,999","$1,000,000+",new,2026-10-01,true,0
Rosalind Morgan,(954) 639-7937,+19546397937,"3527 SW 174th Way Miramar, FL 33029","$300,000 - $399,999","$800,000 - $899,999",new,2026-10-01,true,0
Carl Huxley,(405) 285-2839,+14052852839,"3620 NW 174th St Edmond, OK 73012","$300,000 - $399,999","$1,000,000+",new,2026-10-01,true,0
David Wlaschin,(425) 401-0204,+14254010204,"4678 174th Ct SE Bellevue, WA 98006","$200,000 - $249,999","$1,000,000+",new,2026-10-01,true,0
Josef Flaschner,(718) 969-4717,+17189694717,"6915 174th St Fresh Meadows, NY 11365","$100,000 - $124,999","$900,000 - $999,999",new,2026-10-01,true,0
Christine Tu,(718) 380-6782,+17183806782,"7012 174th St Fresh Meadows, NY 11365","$70,000 - $79,999","$700,000 - $799,999",new,2026-10-01,true,0
Boris Pulatov,(718) 380-6052,+17183806052,"7311 174th St Fresh Meadows, NY 11366","$400,000 - $499,999","$900,000 - $999,999",new,2026-10-01,true,0
Huan Jiang,(718) 380-9601,+17183809601,"7324 174th St Fresh Meadows, NY 11366","$100,000 - $124,999","$800,000 - $899,999",new,2026-10-01,true,0
Marie Zacca,(305) 254-8166,+13052548166,"7461 SW 174th St Village Of Palmetto Bay, FL 33157","$70,000 - $79,999","$1,000,000+",new,2026-10-01,true,0
Ayaz Alwani,(718) 880-1062,+17188801062,"7667 174th St Fresh Meadows, NY 11366","$250,000 - $299,999","$1,000,000+",new,2026-10-01,true,0
Anne Naef,(305) 254-0962,+13052540962,"8224 SW 174th Ter Village Of Palmetto Bay, FL 33157","$300,000 - $399,999","$800,000 - $899,999",new,2026-10-01,true,0
David Plympton,(305) 235-5805,+13052355805,"8245 SW 174th Ter Village Of Palmetto Bay, FL 33157","$400,000 - $499,999","$800,000 - $899,999",new,2026-10-01,true,0
Wai-Ming Wong,(425) 424-9735,+14254249735,"9236 NE 174th Pl Bothell, WA 98011","$175,000 - $199,999","$900,000 - $999,999",new,2026-10-01,true,0
Marcia Esser,(425) 883-0656,+14258830656,"13815 174th Pl NE Redmond, WA 98052","$200,000 - $249,999","$1,000,000+",new,2026-10-01,true,0
Tamra Ensign,(801) 295-1735,+18012951735,"2924 S 175 E Bountiful, UT 84010","$300,000 - $399,999","$1,000,000+",new,2026-10-01,true,0
Sherilyn Nichols,(801) 292-5276,+18012925276,"148 W 1750 N Centerville, UT 84014","$100,000 - $124,999","$800,000 - $899,999",new,2026-10-01,true,0
Bruce Nakken,(435) 865-9121,+14358659121,"870 S 1750 W Cedar City, UT 84720","$70,000 - $79,999","$800,000 - $899,999",new,2026-10-01,true,0
Robert Jodts,(309) 944-6249,+13099446249,"10444 N 1750th Ave Geneseo, IL 61254","$400,000 - $499,999","$700,000 - $799,999",new,2026-10-01,true,0
Richard Hitt,(206) 546-8688,+12065468688,"114 N 175th St Shoreline, WA 98133","$400,000 - $499,999","$700,000 - $799,999",new,2026-10-01,true,0
Chaim Druin,(305) 770-1091,+13057701091,"625 NE 175th St Miami, FL 33162","$300,000 - $399,999","$1,000,000+",new,2026-10-01,true,0
Edwin Putnam,(425) 334-5588,+14253345588,"910 175th Ave NE Snohomish, WA 98290","$80,000 - $89,999","$700,000 - $799,999",new,2026-10-01,true,0
Surjit Sanghera,(425) 745-1443,+14257451443,"920 175th St SW Bothell, WA 98012","$200,000 - $249,999","$900,000 - $999,999",new,2026-10-01,true,0
Brian Volkert,(206) 243-7478,+12062437478,"1359 SW 175th St Normandy Park, WA 98166","$250,000 - $299,999","$1,000,000+",new,2026-10-01,true,0
Daniel Gettemy,(425) 397-7864,+14253977864,"1405 175th Ave NE Snohomish, WA 98290","$200,000 - $249,999","$800,000 - $899,999",new,2026-10-01,true,0
Thomas Burke,(425) 481-6195,+14254816195,"1507 175th Pl SE Bothell, WA 98012","$300,000 - $399,999","$700,000 - $799,999",new,2026-10-01,true,0
Richard Swetman,(425) 486-6826,+14254866826,"1531 175th Pl SE Bothell, WA 98012","$175,000 - $199,999","$700,000 - $799,999",new,2026-10-01,true,0
Marie Taylor,(954) 442-8569,+19544428569,"2157 SW 175th Ave Miramar, FL 33029","$400,000 - $499,999","$800,000 - $899,999",new,2026-10-01,true,0
Gustave Bayas,(954) 437-7311,+19544377311,"3213 SW 175th Ave Miramar, FL 33029","$100,000 - $124,999","$700,000 - $799,999",new,2026-10-01,true,0
Joseph Alexis,(954) 441-1590,+19544411590,"3233 SW 175th Ave Miramar, FL 33029","$300,000 - $399,999","$800,000 - $899,999",new,2026-10-01,true,0
Stacy Sage,(425) 867-0495,+14258670495,"3410 175th Ave NE Redmond, WA 98052","$500,000 Plus","$1,000,000+",new,2026-10-01,true,0
Surbjit Sandhu,(425) 741-0100,+14257410100,"3508 175th Pl SW Lynnwood, WA 98037","$175,000 - $199,999","$800,000 - $899,999",new,2026-10-01,true,0
Jae Park,(425) 741-2686,+14257412686,"3511 175th Pl SW Lynnwood, WA 98037","$100,000 - $124,999","$800,000 - $899,999",new,2026-10-01,true,0
Lourdes Formoso,(954) 433-4181,+19544334181,"3548 SW 175th Ave Miramar, FL 33029","$80,000 - $89,999","$700,000 - $799,999",new,2026-10-01,true,0
Barbara Gonzalez,(954) 441-3711,+19544413711,"3588 SW 175th Ave Miramar, FL 33029","$300,000 - $399,999","$800,000 - $899,999",new,2026-10-01,true,0
Surinder Lamba,(425) 954-2273,+14259542273,"3726 175th St SW Lynnwood, WA 98037","$250,000 - $299,999","$800,000 - $899,999",new,2026-10-01,true,0
Richard Muri,(718) 357-6887,+17183576887,"4944 175th Pl Fresh Meadows, NY 11365","$50,000 - $59,999","$1,000,000+",new,2026-10-01,true,0
Miguel Jarrin,(718) 357-8788,+17183578788,"4950 175th Pl Fresh Meadows, NY 11365","$60,000 - $69,999","$1,000,000+",new,2026-10-01,true,0
Susan Chen,(718) 357-2621,+17183572621,"4961 175th Pl Fresh Meadows, NY 11365","$400,000 - $499,999","$1,000,000+",new,2026-10-01,true,0
Patrick Barbarito,(718) 357-3040,+17183573040,"5007 175th Pl Fresh Meadows, NY 11365","$400,000 - $499,999","$1,000,000+",new,2026-10-01,true,0
Rick Chen,(718) 767-1208,+17187671208,"5015 175th St Fresh Meadows, NY 11365","$400,000 - $499,999","$1,000,000+",new,2026-10-01,true,0
Edgar Giron,(718) 767-3873,+17187673873,"5608 175th St Fresh Meadows, NY 11365","$400,000 - $499,999","$900,000 - $999,999",new,2026-10-01,true,0
Jane Ciar,(718) 357-8470,+17183578470,"5611 175th St Fresh Meadows, NY 11365","$100,000 - $124,999","$900,000 - $999,999",new,2026-10-01,true,0
Maryann Gasperetti,(718) 357-6389,+17183576389,"5620 175th St Fresh Meadows, NY 11365","$40,000 - $49,999","$900,000 - $999,999",new,2026-10-01,true,0
Mira Olic,(718) 357-4284,+17183574284,"5632 175th St Fresh Meadows, NY 11365","$50,000 - $59,999","$900,000 - $999,999",new,2026-10-01,true,0
Raymond Tom,(718) 357-3198,+17183573198,"5635 175th St Fresh Meadows, NY 11365","$100,000 - $124,999","$900,000 - $999,999",new,2026-10-01,true,0
Steve Lem,(718) 357-7859,+17183577859,"5639 175th St Fresh Meadows, NY 11365","$100,000 - $124,999","$900,000 - $999,999",new,2026-10-01,true,0
Scott Pappenfus,(320) 355-2510,+13203552510,"5998 175th St NE Royalton, MN 56373","$40,000 - $49,999","$800,000 - $899,999",new,2026-10-01,true,0
Richard Lipsky,(425) 485-0051,+14254850051,"6121 NE 175th St Apt A306 Kenmore, WA 98028","$90,000 - $99,999","$700,000 - $799,999",new,2026-10-01,true,0
Jean Octobre,(718) 961-3090,+17189613090,"6449 175th St Fresh Meadows, NY 11365","$20,000 - $29,999","$1,000,000+",new,2026-10-01,true,0
J Makolin,(718) 359-2022,+17183592022,"6547 175th St Fresh Meadows, NY 11365","$50,000 - $59,999","$700,000 - $799,999",new,2026-10-01,true,0
Joyce Tung,(718) 969-1175,+17189691175,"6927 175th St Fresh Meadows, NY 11365","$250,000 - $299,999","$900,000 - $999,999",new,2026-10-01,true,0
Elizabeth Bacharach,(718) 380-4435,+17183804435,"6928 175th St Fresh Meadows, NY 11365","$100,000 - $124,999","$900,000 - $999,999",new,2026-10-01,true,0
Malik Ip,(718) 591-5357,+17185915357,"6930 175th St Fresh Meadows, NY 11365","$400,000 - $499,999","$900,000 - $999,999",new,2026-10-01,true,0
Livia Rothman,(718) 591-4308,+17185914308,"7033 175th St Fresh Meadows, NY 11365","$30,000 - $39,999","$800,000 - $899,999",new,2026-10-01,true,0
Douglas King,(718) 591-3164,+17185913164,"7402 175th St Fresh Meadows, NY 11366","$100,000 - $124,999","$800,000 - $899,999",new,2026-10-01,true,0
Carlos Nibot,(305) 251-7522,+13052517522,"7501 SW 175th St Village Of Palmetto Bay, FL 33157","$150,000 - $174,999","$1,000,000+",new,2026-10-01,true,0
Tsae Su,(718) 969-0878,+17189690878,"7508 175th St Fresh Meadows, NY 11366","$100,000 - $124,999","$800,000 - $899,999",new,2026-10-01,true,0
Alfred Sirica,(718) 969-4834,+17189694834,"7524 175th St Fresh Meadows, NY 11366","$250,000 - $299,999","$800,000 - $899,999",new,2026-10-01,true,0
Sandra Lozowicki,(305) 971-5488,+13059715488,"7601 SW 175th St Village Of Palmetto Bay, FL 33157","$100,000 - $124,999","$900,000 - $999,999",new,2026-10-01,true,0
Aamon Buchan,(718) 969-0676,+17189690676,"7646 175th St Fresh Meadows, NY 11366","$100,000 - $124,999","$800,000 - $899,999",new,2026-10-01,true,0
Kenneth Torborg,(952) 447-3469,+19524473469,"7750 175th St E Prior Lake, MN 55372","$300,000 - $399,999","$900,000 - $999,999",new,2026-10-01,true,0
Ronald Maier,(305) 254-8717,+13052548717,"7940 SW 175th St Village Of Palmetto Bay, FL 33157","$400,000 - $499,999","$1,000,000+",new,2026-10-01,true,0
John Mcchesney,(763) 263-7238,+17632637238,"8201 175th Ave SE Becker, MN 55308","$300,000 - $399,999","$900,000 - $999,999",new,2026-10-01,true,0
Lois Linzy,(425) 488-9272,+14254889272,"8715 NE 175th St Kenmore, WA 98028","$300,000 - $399,999","$1,000,000+",new,2026-10-01,true,0
Premlall Nandkishur,(718) 526-4420,+17185264420,"9104 175th St Jamaica, NY 11432","$100,000 - $124,999","$800,000 - $899,999",new,2026-10-01,true,0
Stephen Gunther,(503) 642-7337,+15036427337,"9160 SW 175th Ave Beaverton, OR 97007","$250,000 - $299,999","$1,000,000+",new,2026-10-01,true,0
Andre Whitehurst,(718) 262-0130,+17182620130,"11225 175th Pl Jamaica, NY 11433","$50,000 - $59,999","$700,000 - $799,999",new,2026-10-01,true,0
Monica Mattis,(718) 262-8144,+17182628144,"11439 175th Pl Jamaica, NY 11434","$100,000 - $124,999","$700,000 - $799,999",new,2026-10-01,true,0
Edward Pabon,(786) 713-5072,+17867135072,"14956 SW 175th St Miami, FL 33187","$250,000 - $299,999","$700,000 - $799,999",new,2026-10-01,true,0
Frank Roche,(425) 277-3290,+14252773290,"15414 SE 175th Pl Renton, WA 98058","$90,000 - $99,999","$800,000 - $899,999",new,2026-10-01,true,0
Dionesita Lamp,(425) 226-9814,+14252269814,"16125 SE 175th St Renton, WA 98058","$100,000 - $124,999","$700,000 - $799,999",new,2026-10-01,true,0
Michael Mcdermott,(319) 465-4977,+13194654977,"21286 175th Ave Monticello, IA 52310","$300,000 - $399,999","$800,000 - $899,999",new,2026-10-01,true,0
Brian Sturlaugson,(360) 805-1359,+13608051359,"26628 175th Pl SE Monroe, WA 98272","$300,000 - $399,999","$900,000 - $999,999",new,2026-10-01,true,0
Joann Speers,(305) 247-1526,+13052471526,"28891 SW 175th Ave Homestead, FL 33030","$60,000 - $69,999","$800,000 - $899,999",new,2026-10-01,true,0
Sal Taufiq,(727) 319-9027,+17273199027,"203 176th Ave E Redington Shores, FL 33708","$100,000 - $124,999","$800,000 - $899,999",new,2026-10-01,true,0
Ann Krome,(425) 745-8413,+14257458413,"421 176th Pl SW Bothell, WA 98012","$400,000 - $499,999","$700,000 - $799,999",new,2026-10-01,true,0
Ephraim Leizerson,(305) 653-5707,+13056535707,"670 NE 176th St Miami, FL 33162","$80,000 - $89,999","$1,000,000+",new,2026-10-01,true,0
Molly Nichols,(425) 787-8338,+14257878338,"902 176th Pl SW Lynnwood, WA 98037","$175,000 - $199,999","$700,000 - $799,999",new,2026-10-01,true,0
Hollace Goldsmith,(954) 442-0032,+19544420032,"903 SW 176th Ter Pembroke Pines, FL 33029","$100,000 - $124,999","$700,000 - $799,999",new,2026-10-01,true,0
Jeffrey Tokayer,(305) 651-1517,+13056511517,"921 NE 176th St Miami, FL 33162","$400,000 - $499,999","$900,000 - $999,999",new,2026-10-01,true,0
Rachel Benzaquen,(305) 650-2634,+13056502634,"940 NE 176th St Miami, FL 33162","$150,000 - $174,999","$800,000 - $899,999",new,2026-10-01,true,0
Jack Weitz,(305) 652-5759,+13056525759,"1115 NE 176th St North Miami Beach, FL 33162","$90,000 - $99,999","$800,000 - $899,999",new,2026-10-01,true,0
Averm Yachnes,(305) 652-3447,+13056523447,"1190 NE 176th St North Miami Beach, FL 33162","$40,000 - $49,999","$700,000 - $799,999",new,2026-10-01,true,0
Darin Lang,(206) 242-9009,+12062429009,"1816 SW 176th St Burien, WA 98166","$400,000 - $499,999","$1,000,000+",new,2026-10-01,true,0
Richard Raymond,(954) 443-0099,+19544430099,"2151 SW 176th Ave Miramar, FL 33029","$300,000 - $399,999","$900,000 - $999,999",new,2026-10-01,true,0
Maria Ugando,(954) 432-6794,+19544326794,"2866 SW 176th Ter Miramar, FL 33029","$100,000 - $124,999","$700,000 - $799,999",new,2026-10-01,true,0
Max Knowles,(954) 430-4314,+19544304314,"2885 SW 176th Ter Miramar, FL 33029","$100,000 - $124,999","$700,000 - $799,999",new,2026-10-01,true,0
Patrick Noone,(425) 885-3440,+14258853440,"3220 176th Ct NE Redmond, WA 98052","$300,000 - $399,999","$1,000,000+",new,2026-10-01,true,0
Scott Williams,(425) 742-1717,+14257421717,"3833 176th St SW Lynnwood, WA 98037","$100,000 - $124,999","$700,000 - $799,999",new,2026-10-01,true,0
Bernard Mcneil,(402) 896-1222,+14028961222,"3870 S 176th Ave Omaha, NE 68130","$300,000 - $399,999","$800,000 - $899,999",new,2026-10-01,true,0
Mark Tomlin,(310) 921-8461,+13109218461,"4338 W 176th St Torrance, CA 90504","$60,000 - $69,999","$700,000 - $799,999",new,2026-10-01,true,0
Thomas Polzin,(715) 723-2422,+17157232422,"5115 176th St Chippewa Falls, WI 54729","$60,000 - $69,999","$800,000 - $899,999",new,2026-10-01,true,0
Debra Lambrecht,(715) 720-0467,+17157200467,"5341 176th St Chippewa Falls, WI 54729","$100,000 - $124,999","$900,000 - $999,999",new,2026-10-01,true,0
John Simpson,(718) 591-5782,+17185915782,"7504 176th St Fresh Meadows, NY 11366","$70,000 - $79,999","$1,000,000+",new,2026-10-01,true,0
Agnes Mccabe,(718) 969-2491,+17189692491,"7530 176th St Fresh Meadows, NY 11366","$60,000 - $69,999","$1,000,000+",new,2026-10-01,true,0
Asiya Abramov,(718) 969-3511,+17189693511,"7534 176th St Flushing, NY 11366","$100,000 - $124,999","$1,000,000+",new,2026-10-01,true,0
Joelle Torres,(786) 242-4790,+17862424790,"7541 SW 176th St Village Of Palmetto Bay, FL 33157","$400,000 - $499,999","$900,000 - $999,999",new,2026-10-01,true,0
David Kellerman,(305) 253-2177,+13052532177,"7561 SW 176th St Village Of Palmetto Bay, FL 33157","$250,000 - $299,999","$800,000 - $899,999",new,2026-10-01,true,0
Carlos Mijares,(786) 732-7649,+17867327649,"7700 SW 176th St Village Of Palmetto Bay, FL 33157","$300,000 - $399,999","$1,000,000+",new,2026-10-01,true,0
Jesus Vidueira,(786) 250-3146,+17862503146,"8009 SW 176th St Village Of Palmetto Bay, FL 33157","$200,000 - $249,999","$1,000,000+",new,2026-10-01,true,0
Omar Diaz,(305) 259-4294,+13052594294,"8049 SW 176th St Village Of Palmetto Bay, FL 33157","$250,000 - $299,999","$1,000,000+",new,2026-10-01,true,0
Peter Patterson,(305) 254-2865,+13052542865,"8109 SW 176th St Village Of Palmetto Bay, FL 33157","$250,000 - $299,999","$1,000,000+",new,2026-10-01,true,0
Peter Baloff,(305) 964-5997,+13059645997,"8224 SW 176th Ter Village Of Palmetto Bay, FL 33157","$70,000 - $79,999","$800,000 - $899,999",new,2026-10-01,true,0
David Moss,(305) 235-8787,+13052358787,"8251 SW 176th St Village Of Palmetto Bay, FL 33157","$90,000 - $99,999","$800,000 - $899,999",new,2026-10-01,true,0
Charles Scudder,(786) 713-5236,+17867135236,"8451 SW 176th St Village Of Palmetto Bay, FL 33157","$100,000 - $124,999","$700,000 - $799,999",new,2026-10-01,true,0
Christopher Yunker,(503) 591-8880,+15035918880,"8951 SW 176th Ave Aloha, OR 97007","$400,000 - $499,999","$800,000 - $899,999",new,2026-10-01,true,0
Dhanraj Gopal,(718) 523-9314,+17185239314,"9034 176th St Jamaica, NY 11432","$80,000 - $89,999","$800,000 - $899,999",new,2026-10-01,true,0
Christine Ellenberg,(305) 253-1084,+13052531084,"9300 SW 176th St Village Of Palmetto Bay, FL 33157","$100,000 - $124,999","$700,000 - $799,999",new,2026-10-01,true,0
Jack Wurn,(425) 486-6781,+14254866781,"9324 NE 176th St Bothell, WA 98011","$90,000 - $99,999","$800,000 - $899,999",new,2026-10-01,true,0
Carolyn Samuelson,(425) 497-0566,+14254970566,"10314 176th Ave NE Redmond, WA 98052","$400,000 - $499,999","$1,000,000+",new,2026-10-01,true,0
Xudong Wu,(425) 869-1762,+14258691762,"10509 176th Pl NE Redmond, WA 98052","$200,000 - $249,999","$1,000,000+",new,2026-10-01,true,0
Eileen Sanders,(718) 558-9285,+17185589285,"11025 176th St Jamaica, NY 11433","$30,000 - $39,999","$700,000 - $799,999",new,2026-10-01,true,0
Melba Butler,(347) 561-6527,+13475616527,"11226 176th St Jamaica, NY 11433","$60,000 - $69,999","$900,000 - $999,999",new,2026-10-01,true,0
Andre Noel,(718) 526-6077,+17185266077,"11236 176th St Jamaica, NY 11433","$60,000 - $69,999","$800,000 - $899,999",new,2026-10-01,true,0
Howard Nightingale,(309) 787-3617,+13097873617,"11408 176th Ave Orion, IL 61273","$50,000 - $59,999","$700,000 - $799,999",new,2026-10-01,true,0
Colleen Beck,(425) 881-5421,+14258815421,"11445 176th Pl NE Redmond, WA 98052","$400,000 - $499,999","$1,000,000+",new,2026-10-01,true,0
Mireille Sabin,(718) 291-1028,+17182911028,"11473 176th St Jamaica, NY 11434","$100,000 - $124,999","$800,000 - $899,999",new,2026-10-01,true,0
Elizabeth Pesek,(425) 882-4896,+14258824896,"13018 176th Pl NE Redmond, WA 98052","$400,000 - $499,999","$1,000,000+",new,2026-10-01,true,0
Johanna Pedre,(305) 378-6125,+13053786125,"15025 SW 176th Ln Miami, FL 33187","$300,000 - $399,999","$700,000 - $799,999",new,2026-10-01,true,0
Ruben Mirarchi,(786) 732-7253,+17867327253,"15054 SW 176th St Miami, FL 33187","$200,000 - $249,999","$700,000 - $799,999",new,2026-10-01,true,0
Christopher Ruemke,(352) 430-1295,+13524301295,"15901 SE 176th St Weirsdale, FL 32195","$250,000 - $299,999","$700,000 - $799,999",new,2026-10-01,true,0
Jacquelin Richmond,(425) 235-8022,+14252358022,"15934 SE 176th Pl Renton, WA 98058","$80,000 - $89,999","$700,000 - $799,999",new,2026-10-01,true,0
Bud Withers,(425) 486-8879,+14254868879,"16920 NE 176th St Woodinville, WA 98072","$250,000 - $299,999","$1,000,000+",new,2026-10-01,true,0
Herbert Sorg,(425) 483-0364,+14254830364,"19004 176th Ave NE Woodinville, WA 98072","$400,000 - $499,999","$1,000,000+",new,2026-10-01,true,0
Carol Johnson,(253) 630-9321,+12536309321,"25305 176th Ave SE Covington, WA 98042","$150,000 - $174,999","$700,000 - $799,999",new,2026-10-01,true,0
Aletha Clark,(253) 833-2427,+12538332427,"33008 176th Ave SE Auburn, WA 98092","$300,000 - $399,999","$1,000,000+",new,2026-10-01,true,0
Daniel Schwesinger,(253) 288-1143,+12532881143,"35110 176th Ave SE Auburn, WA 98092","$300,000 - $399,999","$800,000 - $899,999",new,2026-10-01,true,0
Gary Spivack,(727) 914-8251,+17279148251,"306 176th Avenue Cir Redington Shores, FL 33708","$300,000 - $399,999","$1,000,000+",new,2026-10-01,true,0
Carol Price,(727) 397-9111,+17273979111,"328 176th Avenue Cir Redington Shores, FL 33708","$200,000 - $249,999","$1,000,000+",new,2026-10-01,true,0
Mark Requa,(727) 391-4417,+17273914417,"218 176th Terrace Dr E Redington Shores, FL 33708","$90,000 - $99,999","$900,000 - $999,999",new,2026-10-01,true,0
Christy Koford,(801) 737-3005,+18017373005,"1855 N 1775 W Farr West, UT 84404","$150,000 - $174,999","$700,000 - $799,999",new,2026-10-01,true,0
Ajoy Bose,(425) 747-4451,+14257474451,"510 177th Ln NE Bellevue, WA 98008","$250,000 - $299,999","$1,000,000+",new,2026-10-01,true,0
Edith Frates,(206) 367-9070,+12063679070,"920 NE 177th Pl Shoreline, WA 98155","$100,000 - $124,999","$700,000 - $799,999",new,2026-10-01,true,0
Miriam Bensinger,(305) 651-7737,+13056517737,"1060 NE 177th Ter North Miami Beach, FL 33162","$60,000 - $69,999","$700,000 - $799,999",new,2026-10-01,true,0
Teresa Gash,(425) 334-1427,+14253341427,"1311 177th Ave NE Snohomish, WA 98290","$250,000 - $299,999","$800,000 - $899,999",new,2026-10-01,true,0
Kathleen Rollock,(425) 644-7307,+14256447307,"1820 177th Ave NE Bellevue, WA 98008","$300,000 - $399,999","$1,000,000+",new,2026-10-01,true,0
Henry Escobar,(954) 441-5485,+19544415485,"2868 SW 177th Ave Miramar, FL 33029","$100,000 - $124,999","$700,000 - $799,999",new,2026-10-01,true,0
Kathleen Hitchcock,(360) 892-4880,+13608924880,"3405 SE 177th Ave Vancouver, WA 98683","$300,000 - $399,999","$700,000 - $799,999",new,2026-10-01,true,0
Harolyn Morris,(954) 431-7576,+19544317576,"3472 SW 177th Ave Miramar, FL 33029","$175,000 - $199,999","$800,000 - $899,999",new,2026-10-01,true,0
Franklyn Jarman,(954) 704-3641,+19547043641,"3481 SW 177th Ave Miramar, FL 33029","$250,000 - $299,999","$800,000 - $899,999",new,2026-10-01,true,0
Alejandro Zarich,(954) 442-4948,+19544424948,"3531 SW 177th Ave Miramar, FL 33029","$150,000 - $174,999","$1,000,000+",new,2026-10-01,true,0
Kala Kumar,(503) 645-9288,+15036459288,"5154 NW 177th Ave Portland, OR 97229","$100,000 - $124,999","$700,000 - $799,999",new,2026-10-01,true,0
Kristin Texada,(623) 234-4500,+16232344500,"7040 N 177th Ave Waddell, AZ 85355","$100,000 - $124,999","$700,000 - $799,999",new,2026-10-01,true,0
Vonnette Parker,(918) 366-9170,+19183669170,"7081 E 177th St S Bixby, OK 74008","$400,000 - $499,999","$800,000 - $899,999",new,2026-10-01,true,0
Jodi Gillespie,(651) 464-6134,+16514646134,"7200 177th Ave NE Forest Lake, MN 55025","$400,000 - $499,999","$700,000 - $799,999",new,2026-10-01,true,0
Adam Goldhammer,(718) 380-7931,+17183807931,"7316 177th St Fresh Meadows, NY 11366","$300,000 - $399,999","$1,000,000+",new,2026-10-01,true,0
George Gati,(718) 380-0242,+17183800242,"7327 177th St Fresh Meadows, NY 11366","$50,000 - $59,999","$1,000,000+",new,2026-10-01,true,0
Barbara Glock,(718) 380-1333,+17183801333,"7510 177th St Fresh Meadows, NY 11366","$70,000 - $79,999","$1,000,000+",new,2026-10-01,true,0
Gail Schiller,(718) 487-3599,+17184873599,"7562 177th St Fresh Meadows, NY 11366","$300,000 - $399,999","$1,000,000+",new,2026-10-01,true,0
Samuel Bialik,(718) 969-3504,+17189693504,"7573 177th St Fresh Meadows, NY 11366","$30,000 - $39,999","$1,000,000+",new,2026-10-01,true,0
Nury Feria,(305) 378-4544,+13053784544,"7780 SW 177th St Village Of Palmetto Bay, FL 33157","$300,000 - $399,999","$1,000,000+",new,2026-10-01,true,0
Jose Alvarado,(305) 238-3877,+13052383877,"8764 SW 177th Ter Village Of Palmetto Bay, FL 33157","$150,000 - $174,999","$800,000 - $899,999",new,2026-10-01,true,0
Colin Clifford,(952) 236-8557,+19522368557,"11715 177th St W Lakeville, MN 55044","$400,000 - $499,999","$800,000 - $899,999",new,2026-10-01,true,0
Robert Segee,(718) 949-4546,+17189494546,"11931 177th Pl Jamaica, NY 11434","$100,000 - $124,999","$700,000 - $799,999",new,2026-10-01,true,0
Douglas Spier,(402) 571-9763,+14025719763,"12619 N 177th Cir Bennington, NE 68007","$400,000 - $499,999","$800,000 - $899,999",new,2026-10-01,true,0
Marvin Miller,(425) 485-3221,+14254853221,"15401 NE 177th Dr Woodinville, WA 98072","$250,000 - $299,999","$1,000,000+",new,2026-10-01,true,0
Roy Winjum,(507) 334-8778,+15073348778,"17759 177th St W Faribault, MN 55021","$100,000 - $124,999","$1,000,000+",new,2026-10-01,true,0
Jeffrey Lawrence,(425) 496-8971,+14254968971,"18932 177th Ave SE Renton, WA 98058","$300,000 - $399,999","$800,000 - $899,999",new,2026-10-01,true,0
Josephine Dufek,(305) 233-7135,+13052337135,"20285 SW 177th Ave Miami, FL 33187","$30,000 - $39,999","$800,000 - $899,999",new,2026-10-01,true,0
Edward Omland,(206) 542-6075,+12065426075,"672 NW 178th Pl Shoreline, WA 98177","$300,000 - $399,999","$900,000 - $999,999",new,2026-10-01,true,0
Emma Alberts,(305) 999-0010,+13059990010,"1170 NE 178th Ter North Miami Beach, FL 33162","$50,000 - $59,999","$700,000 - $799,999",new,2026-10-01,true,0
Elizabeth Hansen,(206) 546-8170,+12065468170,"1313 N 178th St Shoreline, WA 98133","$80,000 - $89,999","$1,000,000+",new,2026-10-01,true,0
Patrick Webster,(954) 432-8864,+19544328864,"1422 NW 178th Ter Pembroke Pines, FL 33029","$300,000 - $399,999","$700,000 - $799,999",new,2026-10-01,true,0
Aguedo Bello,(954) 322-1908,+19543221908,"1425 NW 178th Ter Pembroke Pines, FL 33029","$175,000 - $199,999","$800,000 - $899,999",new,2026-10-01,true,0
Diane Wedde,(503) 430-2527,+15034302527,"2380 SW 178th Ave Beaverton, OR 97003","$90,000 - $99,999","$700,000 - $799,999",new,2026-10-01,true,0
Allan Cube,(310) 327-7970,+13103277970,"2607 W 178th St Torrance, CA 90504","$150,000 - $174,999","$800,000 - $899,999",new,2026-10-01,true,0
Randolph Shepard,(424) 329-3370,+14243293370,"2706 W 178th St Torrance, CA 90504","$175,000 - $199,999","$700,000 - $799,999",new,2026-10-01,true,0
Rebecca Block,(563) 246-2863,+15632462863,"2754 178th Ave Calamus, IA 52729","$300,000 - $399,999","$700,000 - $799,999",new,2026-10-01,true,0
Kelly Dowd,(206) 363-6143,+12063636143,"3050 NE 178th St Lake Forest Park, WA 98155","$400,000 - $499,999","$700,000 - $799,999",new,2026-10-01,true,0
Christina Jensen,(206) 361-8249,+12063618249,"3346 NE 178th St Lake Forest Park, WA 98155","$250,000 - $299,999","$800,000 - $899,999",new,2026-10-01,true,0
Judith Groom,(425) 743-4194,+14257434194,"3524 178th Pl SW Lynnwood, WA 98037","$60,000 - $69,999","$900,000 - $999,999",new,2026-10-01,true,0
Laurie Kandel,(954) 680-5283,+19546805283,"5200 SW 178th Ave Southwest Ranches, FL 33331","$90,000 - $99,999","$1,000,000+",new,2026-10-01,true,0
Darrel Hermans,(715) 723-2460,+17157232460,"5316 178th St Chippewa Falls, WI 54729","$400,000 - $499,999","$700,000 - $799,999",new,2026-10-01,true,0
Judith Holm,(715) 861-5709,+17158615709,"5472 178th St Chippewa Falls, WI 54729","$50,000 - $59,999","$800,000 - $899,999",new,2026-10-01,true,0
Felipe Hernandez,(954) 252-8767,+19542528767,"6720 SW 178th Ave Southwest Ranches, FL 33331","$90,000 - $99,999","$1,000,000+",new,2026-10-01,true,0
Kimberly Juda,(954) 434-9181,+19544349181,"7011 SW 178th Ave Southwest Ranches, FL 33331","$300,000 - $399,999","$700,000 - $799,999",new,2026-10-01,true,0
Karen Cangelosi,(754) 779-7899,+17547797899,"7150 SW 178th Ave Southwest Ranches, FL 33331","$400,000 - $499,999","$700,000 - $799,999",new,2026-10-01,true,0
Peter Farrow,(715) 861-3356,+17158613356,"7298 178th St Chippewa Falls, WI 54729","$400,000 - $499,999","$1,000,000+",new,2026-10-01,true,0
Miriam Shatz,(718) 380-4012,+17183804012,"7305 178th St Fresh Meadows, NY 11366","$250,000 - $299,999","$1,000,000+",new,2026-10-01,true,0
John Buividas,(347) 233-4853,+13472334853,"7523 178th St Fresh Meadows, NY 11366","$50,000 - $59,999","$1,000,000+",new,2026-10-01,true,0
Alberto Behar,(718) 380-0314,+17183800314,"7555 178th St Fresh Meadows, NY 11366","$200,000 - $249,999","$1,000,000+",new,2026-10-01,true,0
Alejandra Coy,(786) 250-3320,+17862503320,"7605 SW 178th Ter Village Of Palmetto Bay, FL 33157","$175,000 - $199,999","$900,000 - $999,999",new,2026-10-01,true,0
Eugene Mower,(715) 723-7642,+17157237642,"7692 178th St Chippewa Falls, WI 54729","$60,000 - $69,999","$700,000 - $799,999",new,2026-10-01,true,0
Richard Peeples,(305) 255-7907,+13052557907,"7740 SW 178th St Village Of Palmetto Bay, FL 33157","$300,000 - $399,999","$800,000 - $899,999",new,2026-10-01,true,0
Jane Pedersen,(715) 861-5489,+17158615489,"7750 178th St Chippewa Falls, WI 54729","$200,000 - $249,999","$1,000,000+",new,2026-10-01,true,0
Earl Mazorol,(715) 720-9353,+17157209353,"7760 178th St Chippewa Falls, WI 54729","$100,000 - $124,999","$800,000 - $899,999",new,2026-10-01,true,0
Hugh Connolly,(305) 971-6688,+13059716688,"7824 SW 178th Ter Village Of Palmetto Bay, FL 33157","$300,000 - $399,999","$700,000 - $799,999",new,2026-10-01,true,0
Sonia Petrick,(786) 250-3795,+17862503795,"8540 SW 178th St Village Of Palmetto Bay, FL 33157","$400,000 - $499,999","$700,000 - $799,999",new,2026-10-01,true,0
Maria Claveria,(718) 523-1832,+17185231832,"9011 178th St Jamaica, NY 11432","$70,000 - $79,999","$700,000 - $799,999",new,2026-10-01,true,0
Raymond Rooplal,(718) 739-5686,+17187395686,"9044 178th St Jamaica, NY 11432","$100,000 - $124,999","$700,000 - $799,999",new,2026-10-01,true,0
Mukesh Patel,(718) 262-0013,+17182620013,"9048 178th St Jamaica, NY 11432","$90,000 - $99,999","$700,000 - $799,999",new,2026-10-01,true,0
Lasandra Dogan,(718) 526-2717,+17185262717,"10920 178th St Jamaica, NY 11433","$50,000 - $59,999","$700,000 - $799,999",new,2026-10-01,true,0
Suzette Maitland,(718) 523-7000,+17185237000,"11023 178th St Jamaica, NY 11433","$50,000 - $59,999","$700,000 - $799,999",new,2026-10-01,true,0
David Bluford,(718) 297-5020,+17182975020,"11226 178th Pl Jamaica, NY 11433","$20,000 - $29,999","$700,000 - $799,999",new,2026-10-01,true,0
Latifa Stephens,(718) 206-1947,+17182061947,"11437 178th Pl Jamaica, NY 11434","$100,000 - $124,999","$700,000 - $799,999",new,2026-10-01,true,0
William Briggs,(718) 658-1006,+17186581006,"11481 178th Pl Jamaica, NY 11434","$50,000 - $59,999","$700,000 - $799,999",new,2026-10-01,true,0
Amy Marasco,(425) 867-2384,+14258672384,"13224 178th Ave NE Redmond, WA 98052","$400,000 - $499,999","$1,000,000+",new,2026-10-01,true,0
Richard Metz,(425) 402-0942,+14254020942,"19802 178th Ave NE Woodinville, WA 98072","$300,000 - $399,999","$1,000,000+",new,2026-10-01,true,0
Lance Smith,(360) 794-5850,+13607945850,"20627 178th Pl SE Monroe, WA 98272","$300,000 - $399,999","$1,000,000+",new,2026-10-01,true,0
Larry Steffes,(712) 332-7651,+17123327651,"23807 178th St Okoboji, IA 51355","$90,000 - $99,999","$1,000,000+",new,2026-10-01,true,0
Robert Springman,(712) 332-8149,+17123328149,"24201 178th St Okoboji, IA 51355","$300,000 - $399,999","$1,000,000+",new,2026-10-01,true,0
Robert Beer,(712) 332-7666,+17123327666,"24385 178th St Okoboji, IA 51355","$400,000 - $499,999","$1,000,000+",new,2026-10-01,true,0
Joyce Behrends,(360) 805-1946,+13608051946,"25323 178th St SE Monroe, WA 98272","$300,000 - $399,999","$800,000 - $899,999",new,2026-10-01,true,0
Alan Bell,(360) 794-0685,+13607940685,"25519 178th St SE Monroe, WA 98272","$300,000 - $399,999","$800,000 - $899,999",new,2026-10-01,true,0
Amy Wheaton,(360) 666-6265,+13606666265,"26104 NE 178th Ct Battle Ground, WA 98604","$175,000 - $199,999","$700,000 - $799,999",new,2026-10-01,true,0
Iben Ray,(360) 573-4123,+13605734123,"114 NW 179th St Ridgefield, WA 98642","$100,000 - $124,999","$800,000 - $899,999",new,2026-10-01,true,0
Sandra Guerrero,(954) 441-1362,+19544411362,"293 SW 179th Ave Pembroke Pines, FL 33029","$50,000 - $59,999","$700,000 - $799,999",new,2026-10-01,true,0
Colette Christensen,(206) 542-9648,+12065429648,"510 N 179th Pl Shoreline, WA 98133","$400,000 - $499,999","$700,000 - $799,999",new,2026-10-01,true,0
Milton Fisher,(954) 438-4064,+19544384064,"593 SW 179th Ave Pembroke Pines, FL 33029","$100,000 - $124,999","$700,000 - $799,999",new,2026-10-01,true,0
Hiram Rahming,(954) 430-1741,+19544301741,"910 NW 179th Ave Pembroke Pines, FL 33029","$100,000 - $124,999","$800,000 - $899,999",new,2026-10-01,true,0
Geoffrey Stillman,(425) 562-0750,+14255620750,"931 179th Pl NE Bellevue, WA 98008","$300,000 - $399,999","$1,000,000+",new,2026-10-01,true,0
Robert Yourist,(206) 542-4465,+12065424465,"1027 NW 179th Pl Shoreline, WA 98177","$400,000 - $499,999","$1,000,000+",new,2026-10-01,true,0
Pamela Moshe,(305) 770-4124,+13057704124,"1100 NE 179th St North Miami Beach, FL 33162","$50,000 - $59,999","$700,000 - $799,999",new,2026-10-01,true,0
Jose Duarte,(954) 441-1922,+19544411922,"1409 NW 179th Ave Pembroke Pines, FL 33029","$200,000 - $249,999","$900,000 - $999,999",new,2026-10-01,true,0
Manuel Sarduy,(954) 438-0420,+19544380420,"1411 NW 179th Ave Pembroke Pines, FL 33029","$300,000 - $399,999","$1,000,000+",new,2026-10-01,true,0
Warren Snider,(425) 643-1550,+14256431550,"1970 179th Pl NE Bellevue, WA 98008","$300,000 - $399,999","$1,000,000+",new,2026-10-01,true,0
Jean Herod,(425) 746-9688,+14257469688,"2303 179th Ave NE Redmond, WA 98052","$250,000 - $299,999","$1,000,000+",new,2026-10-01,true,0
Karen Pollack,(954) 450-8450,+19544508450,"2781 SW 179th Ave Miramar, FL 33029","$50,000 - $59,999","$700,000 - $799,999",new,2026-10-01,true,0
Jennifer Reif,(425) 558-0128,+14255580128,"2810 179th Ave NE Redmond, WA 98052","$250,000 - $299,999","$1,000,000+",new,2026-10-01,true,0
Richard Yabuta,(310) 324-2718,+13103242718,"3139 W 179th St Torrance, CA 90504","$200,000 - $249,999","$800,000 - $899,999",new,2026-10-01,true,0
Robert Mcgill,(402) 334-7482,+14023347482,"3909 S 179th Ter Omaha, NE 68130","$400,000 - $499,999","$1,000,000+",new,2026-10-01,true,0
Fernando Maceda,(954) 399-9481,+19543999481,"4125 SW 179th Way Miramar, FL 33029","$400,000 - $499,999","$700,000 - $799,999",new,2026-10-01,true,0
Hayden Goldman,(424) 398-0082,+14243980082,"4223 W 179th St Torrance, CA 90504","$300,000 - $399,999","$800,000 - $899,999",new,2026-10-01,true,0
Oricel Diaz,(954) 885-2235,+19548852235,"4396 SW 179th Way Miramar, FL 33029","$400,000 - $499,999","$800,000 - $899,999",new,2026-10-01,true,0
Rita Schaefer,(623) 853-0374,+16238530374,"5415 N 179th Dr Litchfield Park, AZ 85340","$300,000 - $399,999","$700,000 - $799,999",new,2026-10-01,true,0
Yuri Kenmochi,(425) 641-6661,+14256416661,"5608 179th Ave SE Bellevue, WA 98006","$200,000 - $249,999","$1,000,000+",new,2026-10-01,true,0
Rodney Fung,(425) 644-4846,+14256444846,"5626 179th Ave SE Bellevue, WA 98006","$400,000 - $499,999","$1,000,000+",new,2026-10-01,true,0
Tak Mui,(718) 969-4781,+17189694781,"6942 179th St Fresh Meadows, NY 11365","$200,000 - $249,999","$1,000,000+",new,2026-10-01,true,0
Vincent Smith,(718) 380-0576,+17183800576,"6946 179th St Fresh Meadows, NY 11365","$100,000 - $124,999","$1,000,000+",new,2026-10-01,true,0
Daniel Everhart,(425) 743-6982,+14257436982,"7107 179th St SW Edmonds, WA 98026","$90,000 - $99,999","$700,000 - $799,999",new,2026-10-01,true,0
Clifford Glass,(425) 745-2354,+14257452354,"7329 179th St SW Edmonds, WA 98026","$200,000 - $249,999","$800,000 - $899,999",new,2026-10-01,true,0
Azriel Adut,(718) 969-1423,+17189691423,"7349 179th St Fresh Meadows, NY 11366","$300,000 - $399,999","$1,000,000+",new,2026-10-01,true,0
Marilynne Vogel,(718) 969-5533,+17189695533,"7350 179th St Fresh Meadows, NY 11366","$400,000 - $499,999","$1,000,000+",new,2026-10-01,true,0
Faith Pollack,(718) 969-2825,+17189692825,"7520 179th St Fresh Meadows, NY 11366","$400,000 - $499,999","$900,000 - $999,999",new,2026-10-01,true,0
Bruce Popkin,(718) 591-1746,+17185911746,"7558 179th St Fresh Meadows, NY 11366","$250,000 - $299,999","$1,000,000+",new,2026-10-01,true,0
Stephen Robbins,(305) 238-3638,+13052383638,"7644 SW 179th Ter Village Of Palmetto Bay, FL 33157","$300,000 - $399,999","$1,000,000+",new,2026-10-01,true,0
Alejandro Garcia,(305) 969-5452,+13059695452,"8041 SW 179th St Village Of Palmetto Bay, FL 33157","$200,000 - $249,999","$1,000,000+",new,2026-10-01,true,0
Louise Mercurio,(305) 253-2321,+13052532321,"8541 SW 179th St Village Of Palmetto Bay, FL 33157","$70,000 - $79,999","$700,000 - $799,999",new,2026-10-01,true,0
James Loeffelbein,(913) 814-0041,+19138140041,"10380 W 179th St Bucyrus, KS 66013","$400,000 - $499,999","$1,000,000+",new,2026-10-01,true,0
Clair Augustine,(913) 897-4089,+19138974089,"10911 W 179th Ter Bucyrus, KS 66013","$400,000 - $499,999","$700,000 - $799,999",new,2026-10-01,true,0
Philip Dula,(913) 681-6534,+19136816534,"11001 W 179th Ter Overland Park, KS 66013","$400,000 - $499,999","$700,000 - $799,999",new,2026-10-01,true,0
Vernon Hutchinson,(718) 206-1286,+17182061286,"11174 179th St Jamaica, NY 11433","$400,000 - $499,999","$700,000 - $799,999",new,2026-10-01,true,0
Cicely Brown,(718) 480-3860,+17184803860,"11214 179th St Jamaica, NY 11433","$400,000 - $499,999","$800,000 - $899,999",new,2026-10-01,true,0
Teresa Okolo,(718) 526-2025,+17185262025,"11441 179th St Jamaica, NY 11434","$70,000 - $79,999","$700,000 - $799,999",new,2026-10-01,true,0
Teresa Kennedy,(718) 658-5927,+17186585927,"11491 179th St Jamaica, NY 11434","$50,000 - $59,999","$700,000 - $799,999",new,2026-10-01,true,0
Darryl Wilson,(718) 297-2779,+17182972779,"11529 179th St Jamaica, NY 11434","$90,000 - $99,999","$800,000 - $899,999",new,2026-10-01,true,0
Lee Camenzind,(402) 571-0737,+14025710737,"12417 N 179th Cir Bennington, NE 68007","$400,000 - $499,999","$1,000,000+",new,2026-10-01,true,0
Kevin Underwood,(425) 483-2141,+14254832141,"16314 179th Pl NE Woodinville, WA 98072","$400,000 - $499,999","$800,000 - $899,999",new,2026-10-01,true,0
Robert Leach,(952) 435-2482,+19524352482,"17835 179th Trl W Lakeville, MN 55044","$150,000 - $174,999","$800,000 - $899,999",new,2026-10-01,true,0
Peter Daly,(952) 997-3582,+19529973582,"17838 179th Trl W Lakeville, MN 55044","$250,000 - $299,999","$700,000 - $799,999",new,2026-10-01,true,0
Sandra Walz,(952) 435-5426,+19524355426,"17845 179th Trl W Lakeville, MN 55044","$400,000 - $499,999","$700,000 - $799,999",new,2026-10-01,true,0
Brad Smith,(360) 794-7768,+13607947768,"20606 179th Pl SE Monroe, WA 98272","$400,000 - $499,999","$1,000,000+",new,2026-10-01,true,0
Chad Carter,(480) 507-8675,+14805078675,"22107 S 179th Way Queen Creek, AZ 85142","$400,000 - $499,999","$1,000,000+",new,2026-10-01,true,0
Jeffrey Pikus,(212) 486-4506,+12124864506,"14 W 17th St Apt 3n New York, NY 10011","$400,000 - $499,999","$1,000,000+",new,2026-10-01,true,0
Gilbert Gramson,(503) 861-1133,+15038611133,"15 NW 17th Pl Warrenton, OR 97146","$300,000 - $399,999","$1,000,000+",new,2026-10-01,true,0
Sara Stephens,(415) 386-1907,+14153861907,"16 17th Ave San Francisco, CA 94121","$300,000 - $399,999","$1,000,000+",new,2026-10-01,true,0
Anis Aqeel,(201) 339-1091,+12013391091,"31 W 17th St Apt 1 Bayonne, NJ 07002","$100,000 - $124,999","$700,000 - $799,999",new,2026-10-01,true,0
Charles Spengler,(201) 823-0302,+12018230302,"37 W 17th St Apt 2 Bayonne, NJ 07002","$100,000 - $124,999","$700,000 - $799,999",new,2026-10-01,true,0
Robert Barden,(904) 246-1565,+19042461565,"50 17th St Atlantic Beach, FL 32233","$100,000 - $124,999","$1,000,000+",new,2026-10-01,true,0
Diego Randazzo,(727) 595-4929,+17275954929,"106 17th St Belleair Beach, FL 33786","$250,000 - $299,999","$1,000,000+",new,2026-10-01,true,0
Debra Welch,(910) 250-1914,+19102501914,"110 SE 17th St Oak Island, NC 28465","$400,000 - $499,999","$800,000 - $899,999",new,2026-10-01,true,0
Edward Merriweather,(202) 547-5987,+12025475987,"110 17th St NE Washington, DC 20002","$70,000 - $79,999","$700,000 - $799,999",new,2026-10-01,true,0
Margaret Mccormick,(954) 463-0571,+19544630571,"111 SE 17th Ave Fort Lauderdale, FL 33301","$60,000 - $69,999","$800,000 - $899,999",new,2026-10-01,true,0
Monty Hamilton,(202) 547-1962,+12025471962,"116 17th St NE Washington, DC 20002","$175,000 - $199,999","$700,000 - $799,999",new,2026-10-01,true,0
Agnes Terestchenko,(212) 727-3341,+12127273341,"117 W 17th St Apt 4a New York, NY 10011","$70,000 - $79,999","$1,000,000+",new,2026-10-01,true,0
Barry Fisher,(310) 395-8905,+13103958905,"119 17th St Santa Monica, CA 90402","$50,000 - $59,999","$1,000,000+",new,2026-10-01,true,0
Albert Lewis,(727) 894-3725,+17278943725,"120 17th Ave N Saint Petersburg, FL 33704","$100,000 - $124,999","$900,000 - $999,999",new,2026-10-01,true,0
Rich Dunn,(415) 668-5382,+14156685382,"122 17th Ave San Francisco, CA 94121","$250,000 - $299,999","$1,000,000+",new,2026-10-01,true,0
Kelly Pucci,(310) 899-3020,+13108993020,"125 17th St Santa Monica, CA 90402","$300,000 - $399,999","$1,000,000+",new,2026-10-01,true,0
Steven Coll,(212) 645-7397,+12126457397,"133 W 17th St Apt 1a New York, NY 10011","$200,000 - $249,999","$1,000,000+",new,2026-10-01,true,0
Chuck Chin,(212) 989-9359,+12129899359,"133 W 17th St Apt 1c New York, NY 10011","$250,000 - $299,999","$1,000,000+",new,2026-10-01,true,0
Hilarie Murad,(310) 545-4184,+13105454184,"133 17th St Manhattan Beach, CA 90266","$300,000 - $399,999","$1,000,000+",new,2026-10-01,true,0
Richard Parr,(310) 394-0088,+13103940088,"135 17th St Santa Monica, CA 90402","$400,000 - $499,999","$1,000,000+",new,2026-10-01,true,0
Jane Stein,(212) 691-1618,+12126911618,"139 W 17th St Apt 4a New York, NY 10011","$20,000 - $29,999","$1,000,000+",new,2026-10-01,true,0
Arun Nemali,(212) 243-4807,+12122434807,"151 W 17th St Apt 7a New York, NY 10011","$400,000 - $499,999","$800,000 - $899,999",new,2026-10-01,true,0
William Levis,(212) 675-0399,+12126750399,"151 W 17th St Apt 5a New York, NY 10011","$300,000 - $399,999","$800,000 - $899,999",new,2026-10-01,true,0
Shabbir Gomes,(201) 656-5531,+12016565531,"164 W 17th St Bayonne, NJ 07002","$200,000 - $249,999","$700,000 - $799,999",new,2026-10-01,true,0
Jaroslaw Jarczewski,(201) 858-1123,+12018581123,"165 W 17th St Bayonne, NJ 07002","$175,000 - $199,999","$700,000 - $799,999",new,2026-10-01,true,0
Michael Wessel,(727) 823-1205,+17278231205,"175 17th Ave N Saint Petersburg, FL 33704","$300,000 - $399,999","$1,000,000+",new,2026-10-01,true,0
Robyn Gregory,(408) 295-8933,+14082958933,"175 S 17th St San Jose, CA 95112","$175,000 - $199,999","$700,000 - $799,999",new,2026-10-01,true,0
Charlotte Mendelaar,(718) 788-2720,+17187882720,"196 17th St Brooklyn, NY 11215","$60,000 - $69,999","$1,000,000+",new,2026-10-01,true,0
Sandra Carey,(212) 737-0332,+12127370332,"201 E 17th St Apt 7j New York, NY 10003","$300,000 - $399,999","$700,000 - $799,999",new,2026-10-01,true,0
Alexis Pederson,(212) 533-2640,+12125332640,"201 E 17th St Apt 29e New York, NY 10003","$200,000 - $249,999","$1,000,000+",new,2026-10-01,true,0
Martin Schiffer,(212) 995-5366,+12129955366,"201 E 17th St Apt 9g New York, NY 10003","$175,000 - $199,999","$1,000,000+",new,2026-10-01,true,0
Donald Shire,(212) 477-3426,+12124773426,"201 E 17th St Apt 7f New York, NY 10003","$60,000 - $69,999","$1,000,000+",new,2026-10-01,true,0
Ellen Gerstman,(212) 674-0779,+12126740779,"201 E 17th St Apt 14b New York, NY 10003","$200,000 - $249,999","$1,000,000+",new,2026-10-01,true,0
Daniel Boe,(212) 254-3416,+12122543416,"201 E 17th St Apt 27a New York, NY 10003","$60,000 - $69,999","$1,000,000+",new,2026-10-01,true,0
Donald Gilles,(212) 777-9043,+12127779043,"201 E 17th St Apt 15e New York, NY 10003","$175,000 - $199,999","$1,000,000+",new,2026-10-01,true,0
Stephen Norring,(212) 741-8816,+12127418816,"201 W 17th St Apt 5a New York, NY 10011","$400,000 - $499,999","$1,000,000+",new,2026-10-01,true,0
Shelley Shusteroff,(212) 674-8966,+12126748966,"201 E 17th St Apt 9a New York, NY 10003","$70,000 - $79,999","$1,000,000+",new,2026-10-01,true,0
Brian Kandler,(310) 586-9222,+13105869222,"201 17th St Santa Monica, CA 90402","$400,000 - $499,999","$1,000,000+",new,2026-10-01,true,0
Cheryl Kunis,(212) 675-4233,+12126754233,"214 W 17th St Apt 4a New York, NY 10011","$300,000 - $399,999","$1,000,000+",new,2026-10-01,true,0
Meredith Sharin,(732) 681-5478,+17326815478,"226 17th Ave Belmar, NJ 07719","$200,000 - $249,999","$800,000 - $899,999",new,2026-10-01,true,0
Frances Lauro,(561) 276-8675,+15612768675,"227 NE 17th St Delray Beach, FL 33444","$100,000 - $124,999","$900,000 - $999,999",new,2026-10-01,true,0
Carol Fitton,(212) 673-7186,+12126737186,"237 E 17th St Apt 230 New York, NY 10003","$50,000 - $59,999","$1,000,000+",new,2026-10-01,true,0
Marcella Rosen,(212) 777-8782,+12127778782,"241 E 17th St New York, NY 10003","$300,000 - $399,999","$1,000,000+",new,2026-10-01,true,0
Linda Paulls,(212) 929-9489,+12129299489,"248 W 17th St Apt 206 New York, NY 10011","$400,000 - $499,999","$1,000,000+",new,2026-10-01,true,0
Jean Schiffman,(415) 665-0582,+14156650582,"249 17th Ave San Francisco, CA 94121","$30,000 - $39,999","$1,000,000+",new,2026-10-01,true,0
Betty Bryan,(408) 294-1073,+14082941073,"274 S 17th St San Jose, CA 95112","$400,000 - $499,999","$900,000 - $999,999",new,2026-10-01,true,0
Debra Botulinski,(609) 494-5604,+16094945604,"279 W 17th St Ship Bottom, NJ 08008","$300,000 - $399,999","$800,000 - $899,999",new,2026-10-01,true,0
David Drakulich,(727) 894-9171,+17278949171,"305 17th Ave N Saint Petersburg, FL 33704","$100,000 - $124,999","$700,000 - $799,999",new,2026-10-01,true,0
Lori Hofer,(562) 430-9677,+15624309677,"308 17th St Seal Beach, CA 90740","$300,000 - $399,999","$800,000 - $899,999",new,2026-10-01,true,0
Mary Maginley,(202) 399-0769,+12023990769,"312 17th St NE Washington, DC 20002","$100,000 - $124,999","$700,000 - $799,999",new,2026-10-01,true,0
Jonathan Hartland,(832) 516-7056,+18325167056,"314 W 17th St Houston, TX 77008","$300,000 - $399,999","$800,000 - $899,999",new,2026-10-01,true,0
Susie Shireman,(408) 298-7344,+14082987344,"315 S 17th St San Jose, CA 95112","$300,000 - $399,999","$900,000 - $999,999",new,2026-10-01,true,0
Justin Gallmon,(202) 399-7580,+12023997580,"320 17th St NE Washington, DC 20002","$80,000 - $89,999","$700,000 - $799,999",new,2026-10-01,true,0
Harold Lauber,(310) 395-5117,+13103955117,"321 17th St Santa Monica, CA 90402","$60,000 - $69,999","$1,000,000+",new,2026-10-01,true,0
Thomas Mountsier,(408) 287-1981,+14082871981,"331 S 17th St San Jose, CA 95112","$250,000 - $299,999","$700,000 - $799,999",new,2026-10-01,true,0
Robert Blum,(415) 387-7107,+14153877107,"376 17th Ave San Francisco, CA 94121","$300,000 - $399,999","$1,000,000+",new,2026-10-01,true,0
Robert Anstatt,(908) 276-0808,+19082760808,"400 17th Ave Lake Como, NJ 07719","$400,000 - $499,999","$900,000 - $999,999",new,2026-10-01,true,0
Elizabeth Seager,(847) 251-4906,+18472514906,"400 17th St Wilmette, IL 60091","$400,000 - $499,999","$1,000,000+",new,2026-10-01,true,0
Richard Mccurdy,(954) 463-2683,+19544632683,"400 NE 17th Way Fort Lauderdale, FL 33301","$60,000 - $69,999","$1,000,000+",new,2026-10-01,true,0
Joseph Kirner,(360) 354-6852,+13603546852,"409 17th St Lynden, WA 98264","$50,000 - $59,999","$700,000 - $799,999",new,2026-10-01,true,0
Robert Caslow,(732) 681-1297,+17326811297,"416 17th Ave Lake Como, NJ 07719","$90,000 - $99,999","$1,000,000+",new,2026-10-01,true,0
Joseph Rasky,(732) 556-6933,+17325566933,"418 17th Ave Lake Como, NJ 07719","$300,000 - $399,999","$1,000,000+",new,2026-10-01,true,0
Eugenio Cefali,(954) 462-7479,+19544627479,"420 NE 17th Way Fort Lauderdale, FL 33301","$200,000 - $249,999","$1,000,000+",new,2026-10-01,true,0
James Sumislaski,(561) 347-7667,+15613477667,"420 SW 17th St Boca Raton, FL 33432","$400,000 - $499,999","$1,000,000+",new,2026-10-01,true,0
Bryan Young,(202) 543-8469,+12025438469,"422 17th St SE Washington, DC 20003","$300,000 - $399,999","$1,000,000+",new,2026-10-01,true,0
Martin Mets,(954) 421-7484,+19544217484,"440 SE 17th Ave Deerfield Beach, FL 33441","$90,000 - $99,999","$800,000 - $899,999",new,2026-10-01,true,0
Richard Boschen,(718) 693-5652,+17186935652,"443 E 17th St Brooklyn, NY 11226","$60,000 - $69,999","$1,000,000+",new,2026-10-01,true,0
Mishelle Stebbins,(727) 894-2423,+17278942423,"446 17th Ave NE Saint Petersburg, FL 33704","$80,000 - $89,999","$1,000,000+",new,2026-10-01,true,0
Glenn Cramer,(310) 395-3156,+13103953156,"457 17th St Santa Monica, CA 90402","$250,000 - $299,999","$1,000,000+",new,2026-10-01,true,0
Abby Adams,(310) 394-1552,+13103941552,"475 17th St Santa Monica, CA 90402","$300,000 - $399,999","$1,000,000+",new,2026-10-01,true,0
Carolee Shubert,(718) 826-4881,+17188264881,"480 E 17th St Brooklyn, NY 11226","$100,000 - $124,999","$1,000,000+",new,2026-10-01,true,0
Kathleen Peppard,(360) 705-2527,+13607052527,"504 17th Ave SE Olympia, WA 98501","$60,000 - $69,999","$800,000 - $899,999",new,2026-10-01,true,0
Raymond Lewis,(904) 829-9100,+19048299100,"504 17th St Saint Augustine, FL 32084","$300,000 - $399,999","$1,000,000+",new,2026-10-01,true,0
Vincent Shook,(727) 821-2467,+17278212467,"505 17th Ave NE Saint Petersburg, FL 33704","$100,000 - $124,999","$1,000,000+",new,2026-10-01,true,0
Clarke Ellison,(718) 856-2328,+17188562328,"510 E 17th St Brooklyn, NY 11226","$100,000 - $124,999","$1,000,000+",new,2026-10-01,true,0
Richard Magnuson,(310) 546-2234,+13105462234,"510 17th St Manhattan Beach, CA 90266","$300,000 - $399,999","$1,000,000+",new,2026-10-01,true,0
Michelle Bergin,(718) 369-1937,+17183691937,"516 17th St Brooklyn, NY 11215","$200,000 - $249,999","$1,000,000+",new,2026-10-01,true,0
Linda Garrett,(954) 467-0380,+19544670380,"544 NE 17th Way Fort Lauderdale, FL 33301","$70,000 - $79,999","$1,000,000+",new,2026-10-01,true,0
Paul Chew,(415) 379-1788,+14153791788,"597 17th Ave San Francisco, CA 94121","$300,000 - $399,999","$900,000 - $999,999",new,2026-10-01,true,0
William Glazer,(954) 767-8878,+19547678878,"601 NE 17th Way Fort Lauderdale, FL 33304","$50,000 - $59,999","$700,000 - $799,999",new,2026-10-01,true,0
Robert Homan,(718) 832-3618,+17188323618,"611 17th St Brooklyn, NY 11218","$60,000 - $69,999","$700,000 - $799,999",new,2026-10-01,true,0
David Jemison,(985) 892-0183,+19858920183,"617 E 17th Ave Covington, LA 70433","$100,000 - $124,999","$1,000,000+",new,2026-10-01,true,0
Leona Mackiewicz,(732) 681-2423,+17326812423,"618 17th Ave Lake Como, NJ 07719","$30,000 - $39,999","$700,000 - $799,999",new,2026-10-01,true,0
Mary Wagner,(713) 862-3380,+17138623380,"621 W 17th St Houston, TX 77008","$400,000 - $499,999","$1,000,000+",new,2026-10-01,true,0
David Berney,(215) 545-1644,+12155451644,"621 S 17th St Philadelphia, PA 19146","$400,000 - $499,999","$1,000,000+",new,2026-10-01,true,0
Randal Brand,(425) 889-8460,+14258898460,"625 17th Ave Kirkland, WA 98033","$250,000 - $299,999","$1,000,000+",new,2026-10-01,true,0
Nobuo Mihara,(415) 387-3055,+14153873055,"629 17th Ave San Francisco, CA 94121","$50,000 - $59,999","$900,000 - $999,999",new,2026-10-01,true,0
Andrea Woodburn,(954) 767-6187,+19547676187,"630 NE 17th Ave Fort Lauderdale, FL 33304","$100,000 - $124,999","$1,000,000+",new,2026-10-01,true,0
Jing Cohn,(310) 546-7212,+13105467212,"633 17th St Manhattan Beach, CA 90266","$300,000 - $399,999","$800,000 - $899,999",new,2026-10-01,true,0
Christopher Kresser,(310) 545-1053,+13105451053,"634 17th St Manhattan Beach, CA 90266","$250,000 - $299,999","$1,000,000+",new,2026-10-01,true,0
Jeffrey Maggio,(954) 764-2506,+19547642506,"639 NE 17th Way Fort Lauderdale, FL 33304","$250,000 - $299,999","$1,000,000+",new,2026-10-01,true,0
John Cran,(561) 395-0099,+15613950099,"641 SW 17th St Boca Raton, FL 33486","$300,000 - $399,999","$1,000,000+",new,2026-10-01,true,0
Peter Poon,(415) 387-8580,+14153878580,"644 17th Ave San Francisco, CA 94121","$300,000 - $399,999","$800,000 - $899,999",new,2026-10-01,true,0
Mac Morrison,(310) 545-0891,+13105450891,"645 17th St Manhattan Beach, CA 90266","$50,000 - $59,999","$1,000,000+",new,2026-10-01,true,0
Debra Dicicco,(718) 434-1656,+17184341656,"659 E 17th St Brooklyn, NY 11230","$60,000 - $69,999","$1,000,000+",new,2026-10-01,true,0
Gerald Miller,(561) 750-0663,+15617500663,"660 SW 17th St Boca Raton, FL 33486","$200,000 - $249,999","$1,000,000+",new,2026-10-01,true,0
James Hall,(425) 822-3227,+14258223227,"667 17th Ave W Kirkland, WA 98033","$400,000 - $499,999","$1,000,000+",new,2026-10-01,true,0
Pamela Overton,(310) 546-5990,+13105465990,"672 17th St Manhattan Beach, CA 90266","$300,000 - $399,999","$1,000,000+",new,2026-10-01,true,0
Ruben Osborne,(718) 421-6965,+17184216965,"690 E 17th St Brooklyn, NY 11230","$100,000 - $124,999","$1,000,000+",new,2026-10-01,true,0
Joe Pointer,(415) 221-9339,+14152219339,"690 17th Ave San Francisco, CA 94121","$60,000 - $69,999","$900,000 - $999,999",new,2026-10-01,true,0
Kathleen Rhodes,(561) 338-0540,+15613380540,"700 SW 17th St Boca Raton, FL 33486","$400,000 - $499,999","$1,000,000+",new,2026-10-01,true,0
James Clayton,(941) 721-6699,+19417216699,"701 17th Ave E Palmetto, FL 34221","$40,000 - $49,999","$700,000 - $799,999",new,2026-10-01,true,0
Steven Wong,(808) 732-7917,+18087327917,"702 17th Ave Honolulu, HI 96816","$200,000 - $249,999","$1,000,000+",new,2026-10-01,true,0
David Thompson,(202) 544-0830,+12025440830,"705 17th St SE Washington, DC 20003","$200,000 - $249,999","$700,000 - $799,999",new,2026-10-01,true,0
Valerie Lyons,(954) 761-9183,+19547619183,"706 NE 17th Ter Fort Lauderdale, FL 33304","$400,000 - $499,999","$1,000,000+",new,2026-10-01,true,0
Kermit Rosen,(206) 324-4015,+12063244015,"707 17th Ave E Seattle, WA 98112","$200,000 - $249,999","$1,000,000+",new,2026-10-01,true,0
Akihiko Washington,(310) 434-1213,+13104341213,"715 17th St Santa Monica, CA 90402","$400,000 - $499,999","$1,000,000+",new,2026-10-01,true,0
Dennis Thies,(954) 573-7460,+19545737460,"716 SE 17th Ter Deerfield Beach, FL 33441","$300,000 - $399,999","$1,000,000+",new,2026-10-01,true,0
Joseph Giovacchini,(425) 827-7261,+14258277261,"718 17th Ave Kirkland, WA 98033","$400,000 - $499,999","$1,000,000+",new,2026-10-01,true,0
Shannon Larson,(715) 263-4128,+17152634128,"720 17th Ave Clear Lake, WI 54005","$200,000 - $249,999","$1,000,000+",new,2026-10-01,true,0
Douglas Abaid,(561) 391-5743,+15613915743,"720 SW 17th St Boca Raton, FL 33486","$200,000 - $249,999","$1,000,000+",new,2026-10-01,true,0
Harry Hwang,(808) 735-5170,+18087355170,"723 17th Ave Honolulu, HI 96816","$200,000 - $249,999","$1,000,000+",new,2026-10-01,true,0
Mary Baker,(352) 622-1557,+13526221557,"730 SE 17th Ave Ocala, FL 34471","$250,000 - $299,999","$900,000 - $999,999",new,2026-10-01,true,0
Rachel Higashi,(808) 734-1334,+18087341334,"736 17th Ave Honolulu, HI 96816","$60,000 - $69,999","$1,000,000+",new,2026-10-01,true,0
Laura Gasser,(415) 751-1070,+14157511070,"746 17th Ave San Francisco, CA 94121","$300,000 - $399,999","$1,000,000+",new,2026-10-01,true,0
Arthur Gross,(718) 859-0130,+17188590130,"759 E 17th St Brooklyn, NY 11230","$100,000 - $124,999","$1,000,000+",new,2026-10-01,true,0
Leon Bijou,(718) 377-3364,+17183773364,"771 E 17th St Brooklyn, NY 11230","$175,000 - $199,999","$1,000,000+",new,2026-10-01,true,0
Cynthia Wecksler,(718) 434-6774,+17184346774,"800 E 17th St Apt 1e Brooklyn, NY 11230","$20,000 - $29,999","$800,000 - $899,999",new,2026-10-01,true,0
Steven Sibner,(561) 750-8517,+15617508517,"801 SW 17th St Boca Raton, FL 33486","$200,000 - $249,999","$1,000,000+",new,2026-10-01,true,0
Stephen Shapiro,(718) 434-4653,+17184344653,"809 E 17th St Brooklyn, NY 11230","$100,000 - $124,999","$1,000,000+",new,2026-10-01,true,0
Narayan Sastry,(310) 315-2719,+13103152719,"812 17th St Apt 1 Santa Monica, CA 90403","$300,000 - $399,999","$1,000,000+",new,2026-10-01,true,0
Jeffrey Proctor,(310) 939-9238,+13109399238,"815 17th St Manhattan Beach, CA 90266","$250,000 - $299,999","$1,000,000+",new,2026-10-01,true,0
Joannie Chan,(808) 737-0170,+18087370170,"834 17th Ave Unit A Honolulu, HI 96816","$200,000 - $249,999","$1,000,000+",new,2026-10-01,true,0
Harvey Goodman,(310) 829-1037,+13108291037,"834 17th St Apt 5 Santa Monica, CA 90403","$50,000 - $59,999","$800,000 - $899,999",new,2026-10-01,true,0
Irma Kaneshiro,(808) 735-4102,+18087354102,"837 17th Ave Honolulu, HI 96816","$90,000 - $99,999","$1,000,000+",new,2026-10-01,true,0
Donald Kessler,(808) 737-4818,+18087374818,"842 17th Ave Honolulu, HI 96816","$100,000 - $124,999","$1,000,000+",new,2026-10-01,true,0
Maria Hartington,(239) 261-9153,+12392619153,"843 17th Ave S Naples, FL 34102","$400,000 - $499,999","$1,000,000+",new,2026-10-01,true,0
Jose Pineda,(239) 455-9654,+12394559654,"860 17th St SW Naples, FL 34117","$300,000 - $399,999","$900,000 - $999,999",new,2026-10-01,true,0
Mary George,(310) 545-9531,+13105459531,"869 17th St Manhattan Beach, CA 90266","$400,000 - $499,999","$1,000,000+",new,2026-10-01,true,0
Robert Swaffar,(512) 477-7449,+15124777449,"906 W 17th St Austin, TX 78701","$400,000 - $499,999","$1,000,000+",new,2026-10-01,true,0
Robert Simpson,(703) 979-8228,+17039798228,"907 17th St S Arlington, VA 22202","$250,000 - $299,999","$800,000 - $899,999",new,2026-10-01,true,0
Irina Trajanovich,(424) 387-8114,+14243878114,"913 17th St Apt 4 Santa Monica, CA 90403","$60,000 - $69,999","$700,000 - $799,999",new,2026-10-01,true,0
Naomi Dollman,(718) 382-0137,+17183820137,"915 E 17th St Apt 205 Brooklyn, NY 11230","$300,000 - $399,999","$800,000 - $899,999",new,2026-10-01,true,0
Marlene Cooperman,(718) 434-8735,+17184348735,"915 E 17th St Apt 308 Brooklyn, NY 11230","$30,000 - $39,999","$800,000 - $899,999",new,2026-10-01,true,0
James Oliver,(703) 553-0268,+17035530268,"922 17th St S Arlington, VA 22202","$400,000 - $499,999","$1,000,000+",new,2026-10-01,true,0
Jill Simon,(954) 524-1149,+19545241149,"929 SW 17th St Fort Lauderdale, FL 33315","$300,000 - $399,999","$800,000 - $899,999",new,2026-10-01,true,0
Maria Desaba,(703) 979-2229,+17039792229,"937 17th St S Arlington, VA 22202","$300,000 - $399,999","$1,000,000+",new,2026-10-01,true,0
Dave Tamura,(808) 941-6005,+18089416005,"943 17th Ave Honolulu, HI 96816","$300,000 - $399,999","$1,000,000+",new,2026-10-01,true,0
B Vox,(718) 377-2406,+17183772406,"951 E 17th St Brooklyn, NY 11230","Under $20,000","$900,000 - $999,999",new,2026-10-01,true,0
Larry Saito,(808) 735-0993,+18087350993,"955 17th Ave Honolulu, HI 96816","$300,000 - $399,999","$1,000,000+",new,2026-10-01,true,0
Saul Goldbaum,(718) 338-0313,+17183380313,"982 E 17th St Brooklyn, NY 11230","$70,000 - $79,999","$1,000,000+",new,2026-10-01,true,0
Jacob Furman,(718) 951-6684,+17189516684,"993 E 17th St Brooklyn, NY 11230","$200,000 - $249,999","$1,000,000+",new,2026-10-01,true,0
Scott Rose,(561) 392-7274,+15613927274,"999 SW 17th St Boca Raton, FL 33486","$200,000 - $249,999","$1,000,000+",new,2026-10-01,true,0
Rose Sanchez,(305) 294-0323,+13052940323,"1010 17th Ter Key West, FL 33040","$80,000 - $89,999","$700,000 - $799,999",new,2026-10-01,true,0
Jacqueline Dugas,(424) 237-2899,+14242372899,"1022 17th St Hermosa Beach, CA 90254","$300,000 - $399,999","$900,000 - $999,999",new,2026-10-01,true,0
Richard Wada,(808) 734-7044,+18087347044,"1042 17th Ave Honolulu, HI 96816","$70,000 - $79,999","$1,000,000+",new,2026-10-01,true,0
Pui Ng,(808) 521-3521,+18085213521,"1058 17th Ave Honolulu, HI 96816","$300,000 - $399,999","$1,000,000+",new,2026-10-01,true,0
Rose Mills,(310) 831-0966,+13108310966,"1061 W 17th St San Pedro, CA 90731","$80,000 - $89,999","$800,000 - $899,999",new,2026-10-01,true,0
Ruth Weinberg,(718) 627-4403,+17186274403,"1085 E 17th St Brooklyn, NY 11230","$100,000 - $124,999","$1,000,000+",new,2026-10-01,true,0
Claire Anemer,(718) 377-9640,+17183779640,"1096 E 17th St Brooklyn, NY 11230","$100,000 - $124,999","$1,000,000+",new,2026-10-01,true,0
Andrew Furman,(561) 368-6987,+15613686987,"1100 SW 17th St Boca Raton, FL 33486","$400,000 - $499,999","$1,000,000+",new,2026-10-01,true,0
Barron Brown,(206) 525-7091,+12065257091,"1104 17th Ave E Seattle, WA 98112","$400,000 - $499,999","$1,000,000+",new,2026-10-01,true,0
Victor Kuzmovich,(940) 648-0878,+19406480878,"1104 17th St Argyle, TX 76226","$300,000 - $399,999","$700,000 - $799,999",new,2026-10-01,true,0
Timothy Henkle,(703) 920-2735,+17039202735,"1113 17th St S Arlington, VA 22202","$300,000 - $399,999","$900,000 - $999,999",new,2026-10-01,true,0
Karl Shirm,(561) 750-9923,+15617509923,"1125 SW 17th St Boca Raton, FL 33486","$80,000 - $89,999","$900,000 - $999,999",new,2026-10-01,true,0
Eric German,(310) 828-3189,+13108283189,"1135 17th St Apt E Santa Monica, CA 90403","$200,000 - $249,999","$800,000 - $899,999",new,2026-10-01,true,0
Hoy Au,(808) 732-9457,+18087329457,"1141 17th Ave Honolulu, HI 96816","$50,000 - $59,999","$900,000 - $999,999",new,2026-10-01,true,0
David Fruchthandler,(718) 376-2933,+17183762933,"1169 E 17th St Brooklyn, NY 11230","$300,000 - $399,999","$1,000,000+",new,2026-10-01,true,0
William Andrews,(352) 732-0484,+13527320484,"1202 SE 17th Ave Ocala, FL 34471","$400,000 - $499,999","$1,000,000+",new,2026-10-01,true,0
Kevin Chaney,(305) 294-7556,+13052947556,"1203 17th Ter Key West, FL 33040","$100,000 - $124,999","$800,000 - $899,999",new,2026-10-01,true,0
Helen Shweky,(718) 258-1982,+17182581982,"1207 E 17th St Brooklyn, NY 11230","$300,000 - $399,999","$1,000,000+",new,2026-10-01,true,0
Shlomo Mayer,(718) 677-9710,+17186779710,"1211 E 17th St Brooklyn, NY 11230","$100,000 - $124,999","$1,000,000+",new,2026-10-01,true,0
Edna Mcnair,(954) 451-5041,+19544515041,"1217 NW 17th St Fort Lauderdale, FL 33311","$30,000 - $39,999","$700,000 - $799,999",new,2026-10-01,true,0
Kenneth Feldman,(206) 329-9659,+12063299659,"1218 17th Ave E Seattle, WA 98112","$300,000 - $399,999","$1,000,000+",new,2026-10-01,true,0
Gregory Cates,(503) 266-6909,+15032666909,"1226 SE 17th Ave Canby, OR 97013","$300,000 - $399,999","$700,000 - $799,999",new,2026-10-01,true,0
John Schlosser,(206) 329-2931,+12063292931,"1242 17th Ave E Seattle, WA 98112","$400,000 - $499,999","$1,000,000+",new,2026-10-01,true,0
Gail Takane,(808) 734-7759,+18087347759,"1244 17th Ave Honolulu, HI 96816","$50,000 - $59,999","$1,000,000+",new,2026-10-01,true,0
Lai Yu,(415) 504-8697,+14155048697,"1268 17th Ave San Francisco, CA 94122","$300,000 - $399,999","$900,000 - $999,999",new,2026-10-01,true,0
Roger Bighouse,(503) 266-4949,+15032664949,"1318 SE 17th Ave Canby, OR 97013","$400,000 - $499,999","$700,000 - $799,999",new,2026-10-01,true,0
Karl Neering,(503) 266-5038,+15032665038,"1328 SE 17th Ave Canby, OR 97013","$400,000 - $499,999","$700,000 - $799,999",new,2026-10-01,true,0
Teresa Yee,(415) 665-3088,+14156653088,"1337 17th Ave San Francisco, CA 94122","$250,000 - $299,999","$900,000 - $999,999",new,2026-10-01,true,0
Mark Lenson,(561) 394-3696,+15613943696,"1340 SW 17th St Boca Raton, FL 33486","$400,000 - $499,999","$1,000,000+",new,2026-10-01,true,0
Alan Tusher,(718) 787-0525,+17187870525,"1360 E 17th St Brooklyn, NY 11230","$70,000 - $79,999","$800,000 - $899,999",new,2026-10-01,true,0
Noel Strock,(718) 375-8519,+17183758519,"1380 E 17th St Brooklyn, NY 11230","$60,000 - $69,999","$800,000 - $899,999",new,2026-10-01,true,0
William Farnan,(415) 665-8369,+14156658369,"1387 17th Ave San Francisco, CA 94122","$30,000 - $39,999","$900,000 - $999,999",new,2026-10-01,true,0
Ludwig Eisner,(718) 376-0254,+17183760254,"1431 E 17th St Brooklyn, NY 11230","$100,000 - $124,999","$1,000,000+",new,2026-10-01,true,0
Cynthia Moser,(415) 753-3436,+14157533436,"1447 17th Ave San Francisco, CA 94122","$50,000 - $59,999","$900,000 - $999,999",new,2026-10-01,true,0
Robert Delisi,(718) 375-8520,+17183758520,"1458 E 17th St Brooklyn, NY 11230","$60,000 - $69,999","$1,000,000+",new,2026-10-01,true,0
Chana Vashovsky,(718) 382-7604,+17183827604,"1461 E 17th St Brooklyn, NY 11230","$200,000 - $249,999","$1,000,000+",new,2026-10-01,true,0
Mariano Curat,(415) 564-1828,+14155641828,"1470 17th Ave San Francisco, CA 94122","$300,000 - $399,999","$1,000,000+",new,2026-10-01,true,0
Alex Tsatskis,(718) 336-6992,+17183366992,"1471 E 17th St Brooklyn, NY 11230","$300,000 - $399,999","$700,000 - $799,999",new,2026-10-01,true,0
Randy Iaboni,(941) 776-7778,+19417767778,"1510 17th St W Palmetto, FL 34221","$250,000 - $299,999","$1,000,000+",new,2026-10-01,true,0
Matthew Foge,(415) 731-9895,+14157319895,"1521 17th Ave San Francisco, CA 94122","$300,000 - $399,999","$900,000 - $999,999",new,2026-10-01,true,0
Mark Gilmartin,(310) 310-2644,+13103102644,"1534 17th St Unit 103 Santa Monica, CA 90404","$400,000 - $499,999","$1,000,000+",new,2026-10-01,true,0
Benjamin Bolles,(415) 665-1494,+14156651494,"1559 17th Ave San Francisco, CA 94122","$175,000 - $199,999","$900,000 - $999,999",new,2026-10-01,true,0
Hedy Falk,(718) 382-2563,+17183822563,"1576 E 17th St Brooklyn, NY 11230","$70,000 - $79,999","$700,000 - $799,999",new,2026-10-01,true,0
Diane Mcbride,(928) 428-5457,+19284285457,"1585 S 17th Ave Safford, AZ 85546","$200,000 - $249,999","$700,000 - $799,999",new,2026-10-01,true,0
Larry Rued,(941) 722-9550,+19417229550,"1604 17th St W Palmetto, FL 34221","$80,000 - $89,999","$700,000 - $799,999",new,2026-10-01,true,0
Odessa Disla,(305) 856-9354,+13058569354,"1669 SW 17th St Miami, FL 33145","$90,000 - $99,999","$700,000 - $799,999",new,2026-10-01,true,0
Christopher Purcell,(954) 566-6246,+19545666246,"1719 NE 17th St Fort Lauderdale, FL 33305","$250,000 - $299,999","$700,000 - $799,999",new,2026-10-01,true,0
Audrey Mak,(415) 731-7028,+14157317028,"1726 17th Ave San Francisco, CA 94122","$40,000 - $49,999","$900,000 - $999,999",new,2026-10-01,true,0
Tatyana Esterkina,(718) 627-9357,+17186279357,"1737 E 17th St Brooklyn, NY 11229","$400,000 - $499,999","$700,000 - $799,999",new,2026-10-01,true,0
Alfonso Peralta,(718) 998-1486,+17189981486,"1834 E 17th St Brooklyn, NY 11229","$90,000 - $99,999","$900,000 - $999,999",new,2026-10-01,true,0
Karl Morthole,(415) 759-8059,+14157598059,"1914 17th Ave San Francisco, CA 94116","$60,000 - $69,999","$800,000 - $899,999",new,2026-10-01,true,0
Nina Keren,(718) 375-6419,+17183756419,"1930 E 17th St Brooklyn, NY 11229","$100,000 - $124,999","$1,000,000+",new,2026-10-01,true,0
Howard Simon,(415) 665-3471,+14156653471,"1973 17th Ave San Francisco, CA 94116","$250,000 - $299,999","$800,000 - $899,999",new,2026-10-01,true,0
Steven Siegel,(718) 645-5616,+17186455616,"1978 E 17th St Brooklyn, NY 11229","$100,000 - $124,999","$900,000 - $999,999",new,2026-10-01,true,0
Maxwell Im,(415) 664-1371,+14156641371,"1989 17th Ave San Francisco, CA 94116","$250,000 - $299,999","$800,000 - $899,999",new,2026-10-01,true,0
Eladio Herrera,(718) 998-2765,+17189982765,"2053 E 17th St Brooklyn, NY 11229","$100,000 - $124,999","$1,000,000+",new,2026-10-01,true,0
Robert Fintak,(954) 565-5796,+19545655796,"2108 NE 17th Ter Wilton Manors, FL 33305","$100,000 - $124,999","$1,000,000+",new,2026-10-01,true,0
Sallaye Hoffman,(206) 324-0650,+12063240650,"2111 17th Ave S Seattle, WA 98144","$175,000 - $199,999","$700,000 - $799,999",new,2026-10-01,true,0
Nilso Lara,(754) 223-7202,+17542237202,"2116 NE 17th Ter Wilton Manors, FL 33305","$100,000 - $124,999","$1,000,000+",new,2026-10-01,true,0
Tami Greene,(954) 567-2701,+19545672701,"2119 NE 17th Ave Wilton Manors, FL 33305","$400,000 - $499,999","$900,000 - $999,999",new,2026-10-01,true,0
Jacob Waide,(718) 645-2135,+17186452135,"2124 E 17th St Brooklyn, NY 11229","$50,000 - $59,999","$700,000 - $799,999",new,2026-10-01,true,0
Susan Kleinrock,(718) 376-9336,+17183769336,"2129 E 17th St Brooklyn, NY 11229","$40,000 - $49,999","$800,000 - $899,999",new,2026-10-01,true,0
Y Maria,(831) 477-9245,+18314779245,"2135 17th Ave Santa Cruz, CA 95062","$150,000 - $174,999","$1,000,000+",new,2026-10-01,true,0
Adzi Kaziu,(718) 645-8093,+17186458093,"2138 E 17th St Brooklyn, NY 11229","$60,000 - $69,999","$1,000,000+",new,2026-10-01,true,0
Amy Nachman,(415) 504-6944,+14155046944,"2143 17th Ave San Francisco, CA 94116","$60,000 - $69,999","$900,000 - $999,999",new,2026-10-01,true,0
David Antar,(718) 375-3224,+17183753224,"2159 E 17th St Brooklyn, NY 11229","$100,000 - $124,999","$1,000,000+",new,2026-10-01,true,0
Kent Ruan,(415) 681-1632,+14156811632,"2181 17th Ave San Francisco, CA 94116","$400,000 - $499,999","$800,000 - $899,999",new,2026-10-01,true,0
Douglas Sonneborn,(509) 536-8128,+15095368128,"2206 E 17th Ave Spokane, WA 99203","$200,000 - $249,999","$1,000,000+",new,2026-10-01,true,0
Barbara Hansel,(954) 566-9347,+19545669347,"2216 NE 17th Ter Wilton Manors, FL 33305","$100,000 - $124,999","$1,000,000+",new,2026-10-01,true,0
Karla Metzler,(415) 702-6224,+14157026224,"2219 17th Ave San Francisco, CA 94116","$20,000 - $29,999","$1,000,000+",new,2026-10-01,true,0
Custodio Soto,(786) 542-5702,+17865425702,"2229 SW 17th Ter Miami, FL 33145","$100,000 - $124,999","$700,000 - $799,999",new,2026-10-01,true,0
Laura Folger,(415) 681-4057,+14156814057,"2245 17th Ave San Francisco, CA 94116","$80,000 - $89,999","$1,000,000+",new,2026-10-01,true,0
John Bert,(954) 564-2287,+19545642287,"2300 NE 17th Ave Wilton Manors, FL 33305","$70,000 - $79,999","$900,000 - $999,999",new,2026-10-01,true,0
Michael Dixson,(954) 731-6410,+19547316410,"2300 NE 17th Ter Wilton Manors, FL 33305","$175,000 - $199,999","$800,000 - $899,999",new,2026-10-01,true,0
Sally Riley,(954) 565-0832,+19545650832,"2309 NE 17th Ter Wilton Manors, FL 33305","$100,000 - $124,999","$900,000 - $999,999",new,2026-10-01,true,0
Kathryn Stillings,(503) 288-0581,+15032880581,"2349 NE 17th Ave Portland, OR 97212","$400,000 - $499,999","$900,000 - $999,999",new,2026-10-01,true,0
Gerald Anekwe,(202) 836-4761,+12028364761,"2402 17th St SE Washington, DC 20020","$400,000 - $499,999","$700,000 - $799,999",new,2026-10-01,true,0
Garrett Chan,(415) 682-8279,+14156828279,"2471 17th Ave San Francisco, CA 94116","$250,000 - $299,999","$1,000,000+",new,2026-10-01,true,0
Cheryl Jackson,(202) 269-1478,+12022691478,"2503 17th St NE Washington, DC 20018","$50,000 - $59,999","$700,000 - $799,999",new,2026-10-01,true,0
Francine Petrosino,(718) 373-9151,+17183739151,"2504 W 17th St Brooklyn, NY 11214","$70,000 - $79,999","$800,000 - $899,999",new,2026-10-01,true,0
John Mckeon,(415) 731-5366,+14157315366,"2526 17th Ave San Francisco, CA 94116","$125,000 - $149,999","$1,000,000+",new,2026-10-01,true,0
Donann Creedon,(415) 504-6769,+14155046769,"2542 17th Ave San Francisco, CA 94116","$400,000 - $499,999","$1,000,000+",new,2026-10-01,true,0
Louis Vitale,(718) 373-3316,+17183733316,"2545 W 17th St Brooklyn, NY 11214","$300,000 - $399,999","$800,000 - $899,999",new,2026-10-01,true,0
Frankie White,(202) 299-0495,+12022990495,"2550 17th St NW Unit 610 Washington, DC 20009","$400,000 - $499,999","$800,000 - $899,999",new,2026-10-01,true,0
Vincent Raffone,(718) 266-7877,+17182667877,"2571 W 17th St Brooklyn, NY 11214","$50,000 - $59,999","$800,000 - $899,999",new,2026-10-01,true,0
Michael Spector,(954) 566-0044,+19545660044,"2601 NE 17th St Fort Lauderdale, FL 33305","$100,000 - $124,999","$1,000,000+",new,2026-10-01,true,0
Marcy Jones,(202) 529-9373,+12025299373,"2617 17th St NE Washington, DC 20018","$250,000 - $299,999","$700,000 - $799,999",new,2026-10-01,true,0
Gary Austin,(415) 564-6633,+14155646633,"2683 17th Ave San Francisco, CA 94116","$50,000 - $59,999","$1,000,000+",new,2026-10-01,true,0
Joel Stein,(954) 390-0807,+19543900807,"2700 NE 17th St Fort Lauderdale, FL 33305","$300,000 - $399,999","$1,000,000+",new,2026-10-01,true,0
Joseph Cassin,(503) 331-0697,+15033310697,"2746 NE 17th Ave Portland, OR 97212","$200,000 - $249,999","$900,000 - $999,999",new,2026-10-01,true,0
Bruce Loewe,(954) 561-2194,+19545612194,"2757 NE 17th St Fort Lauderdale, FL 33305","$300,000 - $399,999","$1,000,000+",new,2026-10-01,true,0
Michael Kenna,(503) 493-0918,+15034930918,"2815 NE 17th Ave Portland, OR 97212","$400,000 - $499,999","$1,000,000+",new,2026-10-01,true,0
Michael Pierce,(954) 564-3821,+19545643821,"2845 NE 17th Ave Wilton Manors, FL 33334","$90,000 - $99,999","$900,000 - $999,999",new,2026-10-01,true,0
Christopher Young,(310) 450-8819,+13104508819,"3003 17th St Santa Monica, CA 90405","$200,000 - $249,999","$1,000,000+",new,2026-10-01,true,0
Lisa Nakamura,(206) 322-9244,+12063229244,"3011 17th Ave S Seattle, WA 98144","$300,000 - $399,999","$900,000 - $999,999",new,2026-10-01,true,0
Gwendolynn Lewis,(206) 323-3555,+12063233555,"3012 17th Ave S Unit B Seattle, WA 98144","$200,000 - $249,999","$1,000,000+",new,2026-10-01,true,0
Bobby Bolden,(512) 220-0303,+15122200303,"3012 E 17th St Austin, TX 78702","Under $20,000","$1,000,000+",new,2026-10-01,true,0
Jose Falla,(305) 634-5486,+13056345486,"3086 NW 17th St Miami, FL 33125","Under $20,000","$900,000 - $999,999",new,2026-10-01,true,0
Joey Mullen,(206) 322-3336,+12063223336,"3105 17th Ave S Seattle, WA 98144","$90,000 - $99,999","$700,000 - $799,999",new,2026-10-01,true,0
Susan Munford,(703) 522-5315,+17035225315,"3119 17th St N Arlington, VA 22201","$200,000 - $249,999","$1,000,000+",new,2026-10-01,true,0
Wanda Pierce,(703) 979-9237,+17039799237,"3120 17th St S Arlington, VA 22204","$400,000 - $499,999","$700,000 - $799,999",new,2026-10-01,true,0
Timothy May,(703) 465-9501,+17034659501,"3136 17th St N Arlington, VA 22201","$400,000 - $499,999","$1,000,000+",new,2026-10-01,true,0
Frank Brooks,(703) 527-1338,+17035271338,"3153 17th St N Arlington, VA 22201","$300,000 - $399,999","$1,000,000+",new,2026-10-01,true,0
Alan Cullison,(202) 234-0397,+12022340397,"3166 17th St NW Washington, DC 20010","$400,000 - $499,999","$1,000,000+",new,2026-10-01,true,0
Ajay Bhatla,(310) 452-3477,+13104523477,"3202 17th St Santa Monica, CA 90405","$400,000 - $499,999","$1,000,000+",new,2026-10-01,true,0
Maria Cienfuegos,(305) 448-2286,+13054482286,"3270 SW 17th St Miami, FL 33145","$300,000 - $399,999","$800,000 - $899,999",new,2026-10-01,true,0
Wayne Harper,(352) 854-2357,+13528542357,"3302 SE 17th Ter Ocala, FL 34471","$300,000 - $399,999","$1,000,000+",new,2026-10-01,true,0
John Zerkie,(239) 549-7701,+12395497701,"3311 SE 17th Pl Cape Coral, FL 33904","$200,000 - $249,999","$800,000 - $899,999",new,2026-10-01,true,0
Steven Isakson,(415) 552-6185,+14155526185,"3321 17th St Apt 18 San Francisco, CA 94110","$80,000 - $89,999","$800,000 - $899,999",new,2026-10-01,true,0
Alice Doyel,(206) 323-0399,+12063230399,"3409 17th Ave S Seattle, WA 98144","$400,000 - $499,999","$900,000 - $999,999",new,2026-10-01,true,0
Glen Schroeder,(202) 232-0772,+12022320772,"3416 17th St NW Washington, DC 20010","$400,000 - $499,999","$1,000,000+",new,2026-10-01,true,0
Arnold Hill,(206) 325-8491,+12063258491,"3428 17th Ave S Seattle, WA 98144","$300,000 - $399,999","$700,000 - $799,999",new,2026-10-01,true,0
Ronald Boender,(954) 563-7925,+19545637925,"3431 NE 17th Ter Oakland Park, FL 33334","$90,000 - $99,999","$800,000 - $899,999",new,2026-10-01,true,0
Susan Englander,(415) 621-6654,+14156216654,"3456 17th St San Francisco, CA 94110","$70,000 - $79,999","$1,000,000+",new,2026-10-01,true,0
Paul Todaro,(954) 564-0511,+19545640511,"3497 NE 17th Ave Oakland Park, FL 33334","$150,000 - $174,999","$700,000 - $799,999",new,2026-10-01,true,0
Jeffrey Sauey,(352) 840-0008,+13528400008,"3504 SE 17th Ct Ocala, FL 34471","$250,000 - $299,999","$800,000 - $899,999",new,2026-10-01,true,0
Steven Pim,(415) 255-1454,+14152551454,"3535 17th St San Francisco, CA 94110","$150,000 - $174,999","$900,000 - $999,999",new,2026-10-01,true,0
Guevara Janett,(415) 552-2484,+14155522484,"3576 17th St San Francisco, CA 94110","$400,000 - $499,999","$1,000,000+",new,2026-10-01,true,0
Erik Gleibermann,(415) 241-9132,+14152419132,"3615 17th St San Francisco, CA 94114","$400,000 - $499,999","$1,000,000+",new,2026-10-01,true,0
Robert Owen,(415) 626-5439,+14156265439,"3878 17th St San Francisco, CA 94114","$60,000 - $69,999","$700,000 - $799,999",new,2026-10-01,true,0
Francis Manning,(202) 269-0246,+12022690246,"3919 17th St NE Washington, DC 20018","$175,000 - $199,999","$900,000 - $999,999",new,2026-10-01,true,0
Gigi Hart,(202) 635-7187,+12026357187,"3920 17th St NE Washington, DC 20018","$400,000 - $499,999","$800,000 - $899,999",new,2026-10-01,true,0
Kevin Donnelly,(561) 961-0304,+15619610304,"4041 NW 17th Ave Boca Raton, FL 33431","$300,000 - $399,999","$800,000 - $899,999",new,2026-10-01,true,0
Karl Amsler,(954) 563-1750,+19545631750,"4051 NE 17th Ave Oakland Park, FL 33334","$100,000 - $124,999","$700,000 - $799,999",new,2026-10-01,true,0
Jay Cowan,(415) 551-1515,+14155511515,"4066 17th St San Francisco, CA 94114","$300,000 - $399,999","$1,000,000+",new,2026-10-01,true,0
Kotaro Sugimoto,(415) 551-7799,+14155517799,"4068 17th St San Francisco, CA 94114","$250,000 - $299,999","$900,000 - $999,999",new,2026-10-01,true,0
Andreas Weigend,(415) 864-5906,+14158645906,"4150 17th St Apt 12 San Francisco, CA 94114","$400,000 - $499,999","$900,000 - $999,999",new,2026-10-01,true,0
Mary Jackman,(415) 861-3135,+14158613135,"4179 17th St San Francisco, CA 94114","$400,000 - $499,999","$1,000,000+",new,2026-10-01,true,0
Andrew Schwartz,(415) 863-5725,+14158635725,"4212 17th St San Francisco, CA 94114","$300,000 - $399,999","$700,000 - $799,999",new,2026-10-01,true,0
Gail Pearson,(202) 291-4868,+12022914868,"4312 17th St NW Washington, DC 20011","$200,000 - $249,999","$1,000,000+",new,2026-10-01,true,0
Corey Scruggs,(202) 265-2721,+12022652721,"4314 17th St NW Washington, DC 20011","$400,000 - $499,999","$900,000 - $999,999",new,2026-10-01,true,0
Lea Rosenberg,(718) 853-3041,+17188533041,"4321 17th Ave Brooklyn, NY 11204","$300,000 - $399,999","$1,000,000+",new,2026-10-01,true,0
Ira Tau,(954) 493-8358,+19544938358,"4321 NE 17th Ave Oakland Park, FL 33334","$100,000 - $124,999","$700,000 - $799,999",new,2026-10-01,true,0
Alisa Tanaka-Dodge,(703) 812-8128,+17038128128,"4324 17th St N Arlington, VA 22207","$250,000 - $299,999","$1,000,000+",new,2026-10-01,true,0
Rebecca Longsworth,(703) 524-4423,+17035244423,"4329 17th St N Arlington, VA 22207","$400,000 - $499,999","$1,000,000+",new,2026-10-01,true,0
Theodore Teipel,(415) 565-7325,+14155657325,"4373 17th St San Francisco, CA 94114","$200,000 - $249,999","$900,000 - $999,999",new,2026-10-01,true,0
Chris Caldeira,(415) 621-0662,+14156210662,"4380 17th St San Francisco, CA 94114","$250,000 - $299,999","$1,000,000+",new,2026-10-01,true,0
Tammy Hulva,(415) 626-2477,+14156262477,"4398 17th St San Francisco, CA 94114","$200,000 - $249,999","$900,000 - $999,999",new,2026-10-01,true,0
Merilyn Hanowell,(703) 525-6454,+17035256454,"4408 17th St N Arlington, VA 22207","$300,000 - $399,999","$900,000 - $999,999",new,2026-10-01,true,0
Sarah Shortall,(703) 243-1729,+17032431729,"4423 17th St N Arlington, VA 22207","$300,000 - $399,999","$1,000,000+",new,2026-10-01,true,0
Dorothy Helfenstein,(703) 527-7933,+17035277933,"4428 17th St N Arlington, VA 22207","$300,000 - $399,999","$1,000,000+",new,2026-10-01,true,0
Sharon Foote,(703) 525-2707,+17035252707,"4512 17th St N Arlington, VA 22207","$50,000 - $59,999","$900,000 - $999,999",new,2026-10-01,true,0
Joseph Walker,(202) 250-5652,+12022505652,"4520 17th St NW Washington, DC 20011","$400,000 - $499,999","$1,000,000+",new,2026-10-01,true,0
Alexander Mcphail,(202) 726-3145,+12027263145,"4524 17th St NW Washington, DC 20011","$250,000 - $299,999","$1,000,000+",new,2026-10-01,true,0
Malke Fasten,(718) 851-6785,+17188516785,"4606 17th Ave Brooklyn, NY 11204","$70,000 - $79,999","$1,000,000+",new,2026-10-01,true,0
Mary Collier,(806) 317-1234,+18063171234,"4608 17th St Lubbock, TX 79416","$100,000 - $124,999","$1,000,000+",new,2026-10-01,true,0
Peter Fronimakis,(718) 871-2115,+17188712115,"4624 17th Ave Apt 4a Brooklyn, NY 11204","$70,000 - $79,999","$1,000,000+",new,2026-10-01,true,0
Joseph Geles,(703) 465-0295,+17034650295,"4643 17th St N Arlington, VA 22207","$300,000 - $399,999","$1,000,000+",new,2026-10-01,true,0
Edward Johnston,(806) 317-1420,+18063171420,"4708 17th St Lubbock, TX 79416","$300,000 - $399,999","$700,000 - $799,999",new,2026-10-01,true,0
Ezra Mercy,(415) 564-3778,+14155643778,"4718 17th St San Francisco, CA 94117","$300,000 - $399,999","$1,000,000+",new,2026-10-01,true,0
Jeffrey Menkin,(703) 525-7153,+17035257153,"4739 17th St N Arlington, VA 22207","$200,000 - $249,999","$900,000 - $999,999",new,2026-10-01,true,0
Naftali Brachfeld,(718) 972-8704,+17189728704,"4903 17th Ave Brooklyn, NY 11204","$300,000 - $399,999","$1,000,000+",new,2026-10-01,true,0
Efraim Wasserman,(718) 435-3883,+17184353883,"5004 17th Ave Brooklyn, NY 11204","$60,000 - $69,999","$1,000,000+",new,2026-10-01,true,0
Meier Rosenbaum,(718) 438-1751,+17184381751,"5012 17th Ave Brooklyn, NY 11204","$70,000 - $79,999","$1,000,000+",new,2026-10-01,true,0
Sandra Breier,(718) 851-6271,+17188516271,"5115 17th Ave Brooklyn, NY 11204","$300,000 - $399,999","$1,000,000+",new,2026-10-01,true,0
Yehudith Lieber,(718) 851-7040,+17188517040,"5124 17th Ave Brooklyn, NY 11204","$60,000 - $69,999","$1,000,000+",new,2026-10-01,true,0
Susan Cooper,(954) 491-5999,+19544915999,"5201 NE 17th Ave Fort Lauderdale, FL 33334","$175,000 - $199,999","$800,000 - $899,999",new,2026-10-01,true,0
Darlene Swaringer,(703) 241-4529,+17032414529,"5206 17th St N Arlington, VA 22205","$400,000 - $499,999","$1,000,000+",new,2026-10-01,true,0
Pete Brown,(954) 999-5772,+19549995772,"5221 NE 17th Ter Fort Lauderdale, FL 33334","$50,000 - $59,999","$700,000 - $799,999",new,2026-10-01,true,0
Alan Burke,(703) 237-3564,+17032373564,"5225 17th St N Arlington, VA 22205","$400,000 - $499,999","$1,000,000+",new,2026-10-01,true,0
Thomas Garren,(206) 524-8336,+12065248336,"5251 17th Ave NE Seattle, WA 98105","$150,000 - $174,999","$1,000,000+",new,2026-10-01,true,0
Moshe Silver,(718) 851-3035,+17188513035,"5304 17th Ave Brooklyn, NY 11204","$300,000 - $399,999","$1,000,000+",new,2026-10-01,true,0
Jacob Marmurstein,(718) 438-1008,+17184381008,"5307 17th Ave Brooklyn, NY 11204","$70,000 - $79,999","$1,000,000+",new,2026-10-01,true,0
Horacio Ferrea,(954) 491-4821,+19544914821,"5320 NE 17th Ter Fort Lauderdale, FL 33334","$80,000 - $89,999","$800,000 - $899,999",new,2026-10-01,true,0
Yitz Rosenberg,(718) 972-9195,+17189729195,"5414 17th Ave Brooklyn, NY 11204","$250,000 - $299,999","$1,000,000+",new,2026-10-01,true,0
Gary Morgans,(703) 536-2824,+17035362824,"5416 17th St N Arlington, VA 22205","$300,000 - $399,999","$1,000,000+",new,2026-10-01,true,0
Estee Weiss,(718) 851-5420,+17188515420,"5510 17th Ave Brooklyn, NY 11204","$70,000 - $79,999","$1,000,000+",new,2026-10-01,true,0
Paul Nolan,(703) 534-5509,+17035345509,"5515 17th St N Arlington, VA 22205","$400,000 - $499,999","$1,000,000+",new,2026-10-01,true,0
Judith Deane,(703) 533-0584,+17035330584,"5533 17th St N Arlington, VA 22205","$400,000 - $499,999","$1,000,000+",new,2026-10-01,true,0
Steven Goldstein,(718) 837-0135,+17188370135,"5612 17th Ave Brooklyn, NY 11204","$60,000 - $69,999","$1,000,000+",new,2026-10-01,true,0
Tina Fournaris,(718) 234-6845,+17182346845,"5617 17th Ave Brooklyn, NY 11204","$50,000 - $59,999","$1,000,000+",new,2026-10-01,true,0
Muriel Freund,(954) 581-1241,+19545811241,"5740 SW 17th St Plantation, FL 33317","$90,000 - $99,999","$1,000,000+",new,2026-10-01,true,0
George Vanderslice,(954) 491-8112,+19544918112,"5785 NE 17th Ave Fort Lauderdale, FL 33334","$100,000 - $124,999","$700,000 - $799,999",new,2026-10-01,true,0
Daniel Siciliano,(954) 772-7479,+19547727479,"5797 NE 17th Ave Fort Lauderdale, FL 33334","$250,000 - $299,999","$700,000 - $799,999",new,2026-10-01,true,0
Ramon Fernandez,(786) 899-0022,+17868990022,"5801 SW 17th St Miami, FL 33155","$100,000 - $124,999","$1,000,000+",new,2026-10-01,true,0
Moshe Sirkis,(718) 234-0095,+17182340095,"5814 17th Ave Brooklyn, NY 11204","$60,000 - $69,999","$1,000,000+",new,2026-10-01,true,0
Jeffrey Andrews,(954) 584-2474,+19545842474,"5821 SW 17th St Plantation, FL 33317","$175,000 - $199,999","$700,000 - $799,999",new,2026-10-01,true,0
Kathleen Tweed,(954) 584-7939,+19545847939,"6040 SW 17th Ct Plantation, FL 33317","$250,000 - $299,999","$800,000 - $899,999",new,2026-10-01,true,0
Jennifer Hallenbeck,(206) 402-4101,+12064024101,"6534 17th Ave NE Seattle, WA 98115","$400,000 - $499,999","$1,000,000+",new,2026-10-01,true,0
Shek Louie,(718) 256-9268,+17182569268,"6624 17th Ave Brooklyn, NY 11204","$70,000 - $79,999","$1,000,000+",new,2026-10-01,true,0
Gain Wong,(718) 259-3409,+17182593409,"6636 17th Ave Brooklyn, NY 11204","$50,000 - $59,999","$900,000 - $999,999",new,2026-10-01,true,0
Lisa Rauliuk,(206) 789-2887,+12067892887,"6746 17th Ave NW Seattle, WA 98117","$250,000 - $299,999","$800,000 - $899,999",new,2026-10-01,true,0
Adam Berger,(206) 522-6969,+12065226969,"6827 17th Ave NE Seattle, WA 98115","$300,000 - $399,999","$1,000,000+",new,2026-10-01,true,0
Eberhard Riedel,(206) 525-0530,+12065250530,"6828 17th Ave NE Seattle, WA 98115","$250,000 - $299,999","$900,000 - $999,999",new,2026-10-01,true,0
Carolyn Bowman,(206) 524-5714,+12065245714,"6857 17th Ave NE Seattle, WA 98115","$300,000 - $399,999","$1,000,000+",new,2026-10-01,true,0
Anne Peterson,(206) 784-9079,+12067849079,"7006 17th Ave NW Seattle, WA 98117","$250,000 - $299,999","$900,000 - $999,999",new,2026-10-01,true,0
Nicoletta Esposito,(718) 259-5725,+17182595725,"7024 17th Ave Brooklyn, NY 11204","$60,000 - $69,999","$900,000 - $999,999",new,2026-10-01,true,0
Terry Froggatt,(206) 789-1808,+12067891808,"7031 17th Ave NW Seattle, WA 98117","$300,000 - $399,999","$800,000 - $899,999",new,2026-10-01,true,0
Keith Mears,(206) 784-0762,+12067840762,"7038 17th Ave NW Seattle, WA 98117","$400,000 - $499,999","$800,000 - $899,999",new,2026-10-01,true,0
Alvaro Aguilar,(305) 456-0498,+13054560498,"7170 SW 17th Ter Miami, FL 33155","$100,000 - $124,999","$700,000 - $799,999",new,2026-10-01,true,0
Deena Grossman,(503) 235-5468,+15032355468,"7234 SE 17th Ave Portland, OR 97202","$50,000 - $59,999","$700,000 - $799,999",new,2026-10-01,true,0
Andreas Enderlein,(206) 524-0357,+12065240357,"7328 17th Ave NE Seattle, WA 98115","$400,000 - $499,999","$800,000 - $899,999",new,2026-10-01,true,0
Valerie Vozza,(206) 781-7087,+12067817087,"7525 17th Ave NW Seattle, WA 98117","$400,000 - $499,999","$800,000 - $899,999",new,2026-10-01,true,0
Lori Colbert,(503) 236-2232,+15032362232,"7535 SE 17th Ave Portland, OR 97202","$70,000 - $79,999","$700,000 - $799,999",new,2026-10-01,true,0
Frank Jasmine,(202) 726-3008,+12027263008,"7711 17th St NW Washington, DC 20012","$400,000 - $499,999","$1,000,000+",new,2026-10-01,true,0
Gerald Pollet,(206) 528-0078,+12065280078,"7750 17th Ave NE Seattle, WA 98115","$200,000 - $249,999","$1,000,000+",new,2026-10-01,true,0
Wayne Meyers,(206) 906-9058,+12069069058,"7902 17th Ave SW Seattle, WA 98106","$70,000 - $79,999","$700,000 - $799,999",new,2026-10-01,true,0
Melynn Clark,(206) 522-8477,+12065228477,"8027 17th Ave NE Seattle, WA 98115","$400,000 - $499,999","$800,000 - $899,999",new,2026-10-01,true,0
Bernice Loken,(206) 784-0283,+12067840283,"8052 17th Ave NW Seattle, WA 98117","$300,000 - $399,999","$900,000 - $999,999",new,2026-10-01,true,0
Frank Buccafusco,(718) 232-1061,+17182321061,"8123 17th Ave Brooklyn, NY 11214","$30,000 - $39,999","$900,000 - $999,999",new,2026-10-01,true,0
Andre Ferrer,(206) 789-7875,+12067897875,"8318 17th Ave NW Seattle, WA 98117","$400,000 - $499,999","$800,000 - $899,999",new,2026-10-01,true,0
Alan Dashen,(425) 455-9691,+14254559691,"8430 NE 17th Pl Clyde Hill, WA 98004","$250,000 - $299,999","$1,000,000+",new,2026-10-01,true,0
Myron Olsoe,(206) 784-1893,+12067841893,"8542 17th Ave NW Seattle, WA 98117","$200,000 - $249,999","$1,000,000+",new,2026-10-01,true,0
Richard Sponza,(718) 331-7483,+17183317483,"8810 17th Ave Brooklyn, NY 11214","$50,000 - $59,999","$1,000,000+",new,2026-10-01,true,0
Barbara Draheim,(206) 297-3057,+12062973057,"8815 17th Ave NE Seattle, WA 98115","$250,000 - $299,999","$900,000 - $999,999",new,2026-10-01,true,0
Hugo Farfan,(718) 256-3065,+17182563065,"8856 17th Ave Brooklyn, NY 11214","$80,000 - $89,999","$1,000,000+",new,2026-10-01,true,0
John Smilde,(941) 792-7798,+19417927798,"9108 17th Dr NW Bradenton, FL 34209","$100,000 - $124,999","$800,000 - $899,999",new,2026-10-01,true,0
John Colvin,(425) 688-0708,+14256880708,"9116 NE 17th St Clyde Hill, WA 98004","$400,000 - $499,999","$1,000,000+",new,2026-10-01,true,0
Bruce Goodman,(954) 472-6490,+19544726490,"9600 NW 17th St Plantation, FL 33322","$100,000 - $124,999","$700,000 - $799,999",new,2026-10-01,true,0
Lawrence Houston,(206) 525-0053,+12065250053,"10002 17th Ave NE Seattle, WA 98125","$250,000 - $299,999","$800,000 - $899,999",new,2026-10-01,true,0
Michael Persky,(954) 424-6664,+19544246664,"10425 SW 17th Mnr Davie, FL 33324","$400,000 - $499,999","$800,000 - $899,999",new,2026-10-01,true,0
Beryl Venis,(954) 423-9587,+19544239587,"10425 SW 17th Mnr Davie, FL 33324","$200,000 - $249,999","$800,000 - $899,999",new,2026-10-01,true,0
Spencer Rose,(954) 989-8877,+19549898877,"10444 SW 17th Mnr Davie, FL 33324","$400,000 - $499,999","$800,000 - $899,999",new,2026-10-01,true,0
Andrea Lovins,(954) 340-5756,+19543405756,"10755 NW 17th St Coral Springs, FL 33071","$90,000 - $99,999","$800,000 - $899,999",new,2026-10-01,true,0
Denise Kessell,(954) 575-8612,+19545758612,"10995 NW 17th Pl Coral Springs, FL 33071","$175,000 - $199,999","$700,000 - $799,999",new,2026-10-01,true,0
Wayne Hale,(559) 924-1220,+15599241220,"11108 17th Ave Lemoore, CA 93245","$30,000 - $39,999","$800,000 - $899,999",new,2026-10-01,true,0
Ann Schlossman,(206) 363-4128,+12063634128,"11326 17th Ave NE Seattle, WA 98125","$400,000 - $499,999","$700,000 - $799,999",new,2026-10-01,true,0
Donna Wood,(206) 361-2200,+12063612200,"11335 17th Ave NE Seattle, WA 98125","$100,000 - $124,999","$800,000 - $899,999",new,2026-10-01,true,0
Charlie Gongs,(954) 370-2189,+19543702189,"11361 NW 17th St Plantation, FL 33323","$80,000 - $89,999","$1,000,000+",new,2026-10-01,true,0
Sydney Brown,(954) 474-2320,+19544742320,"11551 NW 17th Ct Plantation, FL 33323","$80,000 - $89,999","$700,000 - $799,999",new,2026-10-01,true,0
Linda Prock,(715) 834-3849,+17158343849,"11655 17th Ave Chippewa Falls, WI 54729","$90,000 - $99,999","$700,000 - $799,999",new,2026-10-01,true,0
Amos Farquharson,(954) 474-8916,+19544748916,"11701 NW 17th Ct Plantation, FL 33323","$90,000 - $99,999","$800,000 - $899,999",new,2026-10-01,true,0
Julia Rosenstein,(360) 576-0161,+13605760161,"12507 NW 17th Ave Vancouver, WA 98685","$50,000 - $59,999","$700,000 - $799,999",new,2026-10-01,true,0
Aaron Keyt,(206) 367-2750,+12063672750,"12543 17th Ave NE Seattle, WA 98125","$150,000 - $174,999","$700,000 - $799,999",new,2026-10-01,true,0
Mikhail Kisselev,(206) 368-9740,+12063689740,"14018 17th Ave NE Seattle, WA 98125","$150,000 - $174,999","$700,000 - $799,999",new,2026-10-01,true,0
Marilyn Deblasio,(954) 370-7127,+19543707127,"14490 SW 17th St Davie, FL 33325","$90,000 - $99,999","$800,000 - $899,999",new,2026-10-01,true,0
Corinne Lupoli,(718) 767-4342,+17187674342,"14510 17th Ave Whitestone, NY 11357","$100,000 - $124,999","$900,000 - $999,999",new,2026-10-01,true,0
Anne Geoghegan,(718) 747-6684,+17187476684,"14524 17th Rd Whitestone, NY 11357","$400,000 - $499,999","$900,000 - $999,999",new,2026-10-01,true,0
Annemarie See,(718) 747-7901,+17187477901,"14540 17th Rd Whitestone, NY 11357","$30,000 - $39,999","$1,000,000+",new,2026-10-01,true,0
George Georgallas,(347) 542-3747,+13475423747,"14548 17th Rd Whitestone, NY 11357","$70,000 - $79,999","$900,000 - $999,999",new,2026-10-01,true,0
Kathleen Mcshea,(718) 767-8918,+17187678918,"14610 17th Ave Whitestone, NY 11357","$200,000 - $249,999","$1,000,000+",new,2026-10-01,true,0
Michele Vittiglio,(954) 472-1793,+19544721793,"14651 SW 17th Ct Davie, FL 33325","$100,000 - $124,999","$1,000,000+",new,2026-10-01,true,0
Jamie Dutton,(206) 362-9254,+12063629254,"14707 17th Ave NE Shoreline, WA 98155","$50,000 - $59,999","$900,000 - $999,999",new,2026-10-01,true,0
Gail Gleave,(718) 746-8816,+17187468816,"14716 17th Rd Whitestone, NY 11357","$30,000 - $39,999","$1,000,000+",new,2026-10-01,true,0
Debra Poverelli,(718) 767-4003,+17187674003,"14734 17th Ave Whitestone, NY 11357","$100,000 - $124,999","$1,000,000+",new,2026-10-01,true,0
Lori Capo,(954) 370-2047,+19543702047,"14761 SW 17th Ct Davie, FL 33325","$100,000 - $124,999","$1,000,000+",new,2026-10-01,true,0
Michael Savage,(954) 475-4528,+19544754528,"14842 SW 17th St Davie, FL 33326","$400,000 - $499,999","$1,000,000+",new,2026-10-01,true,0
Yin Weng,(347) 438-1777,+13474381777,"14943 17th Ave Whitestone, NY 11357","$300,000 - $399,999","$700,000 - $799,999",new,2026-10-01,true,0
Joan Messemer,(718) 746-0842,+17187460842,"15022 17th Ave Whitestone, NY 11357","$400,000 - $499,999","$800,000 - $899,999",new,2026-10-01,true,0
William Simeonidis,(718) 747-5222,+17187475222,"15033 17th Rd Whitestone, NY 11357","$50,000 - $59,999","$1,000,000+",new,2026-10-01,true,0
Carol Meyer,(561) 793-5868,+15617935868,"15201 17th Rd N Loxahatchee, FL 33470","$90,000 - $99,999","$700,000 - $799,999",new,2026-10-01,true,0
Nadia Farhat,(347) 542-3860,+13475423860,"15440 17th Rd Whitestone, NY 11357","$400,000 - $499,999","$1,000,000+",new,2026-10-01,true,0
Angel Umbert,(954) 474-5712,+19544745712,"15575 SW 17th St Weston, FL 33326","$250,000 - $299,999","$1,000,000+",new,2026-10-01,true,0
Josephine Vellucci,(718) 767-3941,+17187673941,"15720 17th Rd Whitestone, NY 11357","$40,000 - $49,999","$1,000,000+",new,2026-10-01,true,0
Shanti Kalidindi,(954) 424-7227,+19544247227,"15726 SW 17th St Weston, FL 33326","$100,000 - $124,999","$1,000,000+",new,2026-10-01,true,0
Nadia Jinnah,(954) 473-1672,+19544731672,"15846 SW 17th St Weston, FL 33326","$400,000 - $499,999","$1,000,000+",new,2026-10-01,true,0
Thomas Ness,(425) 747-0894,+14257470894,"16627 SE 17th St Bellevue, WA 98008","$250,000 - $299,999","$1,000,000+",new,2026-10-01,true,0
Anthony Benanti,(718) 224-1812,+17182241812,"16632 17th Ave Whitestone, NY 11357","$300,000 - $399,999","$1,000,000+",new,2026-10-01,true,0
Cl Fagan,(425) 603-9243,+14256039243,"16648 SE 17th St Bellevue, WA 98008","$300,000 - $399,999","$1,000,000+",new,2026-10-01,true,0
Mark Kostron,(718) 352-5041,+17183525041,"16651 17th Rd Apt 1 Whitestone, NY 11357","$50,000 - $59,999","$1,000,000+",new,2026-10-01,true,0
Kenneth Marc,(954) 438-3600,+19544383600,"17011 NW 17th St Pembroke Pines, FL 33028","$100,000 - $124,999","$700,000 - $799,999",new,2026-10-01,true,0
Robert Nagle,(954) 432-2440,+19544322440,"17051 NW 17th St Pembroke Pines, FL 33028","$100,000 - $124,999","$700,000 - $799,999",new,2026-10-01,true,0
Marissa Mcdermott,(954) 431-3787,+19544313787,"17071 NW 17th St Pembroke Pines, FL 33028","$400,000 - $499,999","$800,000 - $899,999",new,2026-10-01,true,0
Thomas Mullin,(303) 279-4080,+13032794080,"17407 W 17th Pl Golden, CO 80401","$60,000 - $69,999","$900,000 - $999,999",new,2026-10-01,true,0
Ariel Cifra,(425) 745-0623,+14257450623,"17411 17th Ave W Lynnwood, WA 98037","$70,000 - $79,999","$700,000 - $799,999",new,2026-10-01,true,0
Richard Rossland,(206) 440-7369,+12064407369,"17420 17th Pl NE Shoreline, WA 98155","$300,000 - $399,999","$800,000 - $899,999",new,2026-10-01,true,0
Susan Mayberry,(425) 745-0461,+14257450461,"17500 17th Ave W Lynnwood, WA 98037","$400,000 - $499,999","$800,000 - $899,999",new,2026-10-01,true,0
Jamie Gossett-Nelson,(253) 862-1169,+12538621169,"18418 17th St E Lake Tapps, WA 98391","$200,000 - $249,999","$1,000,000+",new,2026-10-01,true,0
Steve Roman,(714) 760-4616,+17147604616,"18461 E 17th St Santa Ana, CA 92705","$400,000 - $499,999","$700,000 - $799,999",new,2026-10-01,true,0
James Ballo,(206) 546-1668,+12065461668,"18623 17th Ave NW Shoreline, WA 98177","$400,000 - $499,999","$1,000,000+",new,2026-10-01,true,0
Wing Mui,(425) 837-0609,+14258370609,"26622 SE 17th Pl Issaquah, WA 98075","$400,000 - $499,999","$1,000,000+",new,2026-10-01,true,0
Lance Akagi,(425) 333-4243,+14253334243,"29112 NE 17th St Carnation, WA 98014","$300,000 - $399,999","$1,000,000+",new,2026-10-01,true,0
Randy Kaczor,(253) 838-8383,+12538388383,"30303 17th Ave SW Federal Way, WA 98023","$250,000 - $299,999","$900,000 - $999,999",new,2026-10-01,true,0
Thomas Erskine,(623) 465-2853,+16234652853,"37818 N 17th Ln Phoenix, AZ 85086","$300,000 - $399,999","$700,000 - $799,999",new,2026-10-01,true,0
Alfred Reger,(303) 355-6058,+13033556058,"4141 E 17th Avenue Pkwy Denver, CO 80220","$60,000 - $69,999","$1,000,000+",new,2026-10-01,true,0
Terry Hanson,(303) 322-3119,+13033223119,"4363 E 17th Avenue Pkwy Denver, CO 80220","$200,000 - $249,999","$800,000 - $899,999",new,2026-10-01,true,0
Phillip Lanphier,(303) 322-2026,+13033222026,"4827 E 17th Avenue Pkwy Denver, CO 80220","$200,000 - $249,999","$1,000,000+",new,2026-10-01,true,0
Dennis Blum,(303) 388-3616,+13033883616,"6325 E 17th Avenue Pkwy Denver, CO 80220","$200,000 - $249,999","$1,000,000+",new,2026-10-01,true,0
Joseph Salas,(941) 761-2965,+19417612965,"8848 17th Avenue Cir NW Bradenton, FL 34209","$150,000 - $174,999","$700,000 - $799,999",new,2026-10-01,true,0
John Howard,(253) 445-6155,+12534456155,"3120 17th Street Pl SE Puyallup, WA 98374","$175,000 - $199,999","$700,000 - $799,999",new,2026-10-01,true,0
Lane Manwill,(801) 796-7979,+18017967979,"2260 N 180 W Pleasant Grove, UT 84062","$400,000 - $499,999","$900,000 - $999,999",new,2026-10-01,true,0
Anthony Jewkes,(801) 798-9251,+18017989251,"29 N 1800 E Spanish Fork, UT 84660","$150,000 - $174,999","$700,000 - $799,999",new,2026-10-01,true,0
Louis Servin,(435) 674-4341,+14356744341,"820 N 1800 E Saint George, UT 84770","$90,000 - $99,999","$800,000 - $899,999",new,2026-10-01,true,0
Susan Belliston,(801) 583-3050,+18015833050,"1157 S 1800 E Salt Lake City, UT 84108","$60,000 - $69,999","$800,000 - $899,999",new,2026-10-01,true,0
Edward Evans,(801) 485-8846,+18014858846,"1496 S 1800 E Salt Lake City, UT 84108","$300,000 - $399,999","$900,000 - $999,999",new,2026-10-01,true,0
Royal Jessop,(435) 877-1414,+14358771414,"1854 S 1800 E Apple Valley, UT 84737","$80,000 - $89,999","$900,000 - $999,999",new,2026-10-01,true,0
Tom Enyeart,(309) 936-7244,+13099367244,"20000 N 1800th Ave Atkinson, IL 61235","$300,000 - $399,999","$700,000 - $799,999",new,2026-10-01,true,0
Keith Mcclelland,(206) 546-1717,+12065461717,"104 NW 180th St Shoreline, WA 98177","$400,000 - $499,999","$800,000 - $899,999",new,2026-10-01,true,0
Kerry Jackson,(718) 901-1127,+17189011127,"154 W 180th St Bronx, NY 10453","$30,000 - $39,999","$700,000 - $799,999",new,2026-10-01,true,0
Amber Solland,(715) 294-3363,+17152943363,"530 180th St Osceola, WI 54020","$250,000 - $299,999","$800,000 - $899,999",new,2026-10-01,true,0
Joel La Mirande,(715) 247-3345,+17152473345,"881 180th Ave New Richmond, WI 54017","$300,000 - $399,999","$1,000,000+",new,2026-10-01,true,0
Bj Morris,(954) 885-0665,+19548850665,"1205 NW 180th Ave Pembroke Pines, FL 33029","$250,000 - $299,999","$800,000 - $899,999",new,2026-10-01,true,0
Raj Kaler,(425) 670-6448,+14256706448,"1715 180th Pl SW Lynnwood, WA 98037","$300,000 - $399,999","$800,000 - $899,999",new,2026-10-01,true,0
Thomas Gorder,(507) 223-7173,+15072237173,"1754 180th St Canby, MN 56220","$300,000 - $399,999","$1,000,000+",new,2026-10-01,true,0
Jeanne Schwieger,(507) 436-5220,+15074365220,"1811 180th St Fairmont, MN 56031","$100,000 - $124,999","$1,000,000+",new,2026-10-01,true,0
Wm Hulen,(425) 747-2821,+14257472821,"2012 180th Ct NE Redmond, WA 98052","$400,000 - $499,999","$1,000,000+",new,2026-10-01,true,0
Luis Rodriguez,(954) 441-7129,+19544417129,"2292 SW 180th Ave Miramar, FL 33029","$300,000 - $399,999","$800,000 - $899,999",new,2026-10-01,true,0
Yi Zhang,(206) 365-2170,+12063652170,"2407 NE 180th Ct Shoreline, WA 98155","$80,000 - $89,999","$900,000 - $999,999",new,2026-10-01,true,0
Wanda Koedam,(712) 473-2516,+17124732516,"2469 180th St Rock Rapids, IA 51246","$300,000 - $399,999","$700,000 - $799,999",new,2026-10-01,true,0
Kenia Allen,(954) 704-2695,+19547042695,"3354 SW 180th Way Miramar, FL 33029","$400,000 - $499,999","$700,000 - $799,999",new,2026-10-01,true,0
Charles Hall,(954) 442-4104,+19544424104,"3374 SW 180th Way Miramar, FL 33029","$100,000 - $124,999","$700,000 - $799,999",new,2026-10-01,true,0
Jana Rasmussen,(425) 778-3263,+14257783263,"3421 180th Pl SW Lynnwood, WA 98037","$150,000 - $174,999","$700,000 - $799,999",new,2026-10-01,true,0
Hector Rodriguez,(954) 438-1006,+19544381006,"3541 SW 180th Way Miramar, FL 33029","$400,000 - $499,999","$800,000 - $899,999",new,2026-10-01,true,0
Craig Maisack,(310) 327-7745,+13103277745,"3834 W 180th Pl Torrance, CA 90504","$60,000 - $69,999","$900,000 - $999,999",new,2026-10-01,true,0
Andrew Koons,(425) 741-2644,+14257412644,"4501 180th St SW Lynnwood, WA 98037","$200,000 - $249,999","$700,000 - $799,999",new,2026-10-01,true,0
John Mainella,(503) 642-9295,+15036429295,"4600 SW 180th Ave Aloha, OR 97078","$70,000 - $79,999","$700,000 - $799,999",new,2026-10-01,true,0
John Huntjens,(507) 485-2224,+15074852224,"5628 180th Ave Wood Lake, MN 56297","$80,000 - $89,999","$1,000,000+",new,2026-10-01,true,0
David Pederson,(507) 925-4313,+15079254313,"6031 180th Ave Echo, MN 56237","$400,000 - $499,999","$1,000,000+",new,2026-10-01,true,0
Gesner Delva,(954) 680-3813,+19546803813,"6080 SW 180th Ter Southwest Ranches, FL 33331","$400,000 - $499,999","$1,000,000+",new,2026-10-01,true,0
Rebecca Navlet,(425) 778-1100,+14257781100,"6122 180th St SW Lynnwood, WA 98037","$400,000 - $499,999","$700,000 - $799,999",new,2026-10-01,true,0
Michael Dadap,(718) 353-2438,+17183532438,"6503 180th St Fresh Meadows, NY 11365","$60,000 - $69,999","$1,000,000+",new,2026-10-01,true,0
Dvora Ostreicher,(718) 969-1736,+17189691736,"6742 180th St Fresh Meadows, NY 11365","$60,000 - $69,999","$1,000,000+",new,2026-10-01,true,0
Robert Malone,(913) 663-2567,+19136632567,"6901 W 180th St Stilwell, KS 66085","$400,000 - $499,999","$800,000 - $899,999",new,2026-10-01,true,0
David Teboul,(718) 969-4640,+17189694640,"7301 180th St Fresh Meadows, NY 11366","$300,000 - $399,999","$1,000,000+",new,2026-10-01,true,0
Albert Daniti,(718) 380-3552,+17183803552,"7329 180th St Fresh Meadows, NY 11366","$300,000 - $399,999","$900,000 - $999,999",new,2026-10-01,true,0
Bernhard Hahn,(718) 380-0634,+17183800634,"7508 180th St Fresh Meadows, NY 11366","$60,000 - $69,999","$1,000,000+",new,2026-10-01,true,0
Rita Morad,(718) 380-7225,+17183807225,"7511 180th St Flushing, NY 11366","$50,000 - $59,999","$1,000,000+",new,2026-10-01,true,0
Terence Emrit,(718) 591-5028,+17185915028,"7523 180th St Fresh Meadows, NY 11366","$400,000 - $499,999","$1,000,000+",new,2026-10-01,true,0
Schantelle Larson,(763) 434-1266,+17634341266,"7625 180th Ave NE Columbus, MN 55025","$300,000 - $399,999","$1,000,000+",new,2026-10-01,true,0
Eduardo Gener,(305) 964-5850,+13059645850,"7760 SW 180th St Village Of Palmetto Bay, FL 33157","$400,000 - $499,999","$1,000,000+",new,2026-10-01,true,0
Carlos Estevez,(786) 227-6501,+17862276501,"8221 SW 180th St Village Of Palmetto Bay, FL 33157","$250,000 - $299,999","$1,000,000+",new,2026-10-01,true,0
Tomas Montalvo,(305) 253-0993,+13052530993,"8621 SW 180th St Village Of Palmetto Bay, FL 33157","$90,000 - $99,999","$700,000 - $799,999",new,2026-10-01,true,0
Resureccio Tamayo,(718) 262-0957,+17182620957,"8841 180th St Jamaica, NY 11432","$50,000 - $59,999","$700,000 - $799,999",new,2026-10-01,true,0
Avelino Lugares,(718) 374-3704,+17183743704,"8855 180th St Jamaica, NY 11432","$100,000 - $124,999","$700,000 - $799,999",new,2026-10-01,true,0
Mitra Ebrahimi,(503) 649-1285,+15036491285,"9103 SW 180th Pl Beaverton, OR 97007","$400,000 - $499,999","$800,000 - $899,999",new,2026-10-01,true,0
Julie Hooker,(623) 374-2324,+16233742324,"10303 N 180th Dr Waddell, AZ 85355","$100,000 - $124,999","$700,000 - $799,999",new,2026-10-01,true,0
Ralph Kliem,(425) 869-6677,+14258696677,"10402 180th Ct NE Redmond, WA 98052","$200,000 - $249,999","$1,000,000+",new,2026-10-01,true,0
Kathryn Andersen,(402) 359-1964,+14023591964,"10510 N 180th St Bennington, NE 68007","$400,000 - $499,999","$800,000 - $899,999",new,2026-10-01,true,0
Tatiana Shubin,(425) 558-5741,+14255585741,"10844 180th Ct NE Redmond, WA 98052","$200,000 - $249,999","$1,000,000+",new,2026-10-01,true,0
Natalia Young,(718) 206-3360,+17182063360,"11508 180th St Jamaica, NY 11434","$70,000 - $79,999","$900,000 - $999,999",new,2026-10-01,true,0
Jeffery Larson,(425) 271-3174,+14252713174,"13621 SE 180th St Renton, WA 98058","$250,000 - $299,999","$800,000 - $899,999",new,2026-10-01,true,0
Mary Robertson,(425) 228-1261,+14252281261,"14209 SE 180th Pl Renton, WA 98058","$50,000 - $59,999","$700,000 - $799,999",new,2026-10-01,true,0
Ron Lampers,(360) 799-5328,+13607995328,"14532 180th Pl SE Snohomish, WA 98290","$400,000 - $499,999","$900,000 - $999,999",new,2026-10-01,true,0
William Lapp,(425) 483-6551,+14254836551,"14613 NE 180th Pl Woodinville, WA 98072","$250,000 - $299,999","$1,000,000+",new,2026-10-01,true,0
Rodney Ramacher,(218) 493-4626,+12184934626,"18374 180th Ave S Barnesville, MN 56514","$100,000 - $124,999","$700,000 - $799,999",new,2026-10-01,true,0
Ernesto Garcia,(305) 234-7434,+13052347434,"20170 SW 180th St Miami, FL 33187","$90,000 - $99,999","$1,000,000+",new,2026-10-01,true,0
Laura Dunlap,(231) 829-3245,+12318293245,"21489 180th Ave Tustin, MI 49688","$100,000 - $124,999","$800,000 - $899,999",new,2026-10-01,true,0
Mark Guetzko,(563) 927-3331,+15639273331,"22330 180th Ave Manchester, IA 52057","$400,000 - $499,999","$1,000,000+",new,2026-10-01,true,0
Robert Roof,(563) 927-5529,+15639275529,"22363 180th Ave Manchester, IA 52057","$250,000 - $299,999","$900,000 - $999,999",new,2026-10-01,true,0
Craig Hillis,(425) 844-9000,+14258449000,"23906 NE 180th St Woodinville, WA 98077","$300,000 - $399,999","$1,000,000+",new,2026-10-01,true,0
Denise Moore,(218) 826-6417,+12188266417,"30953 180th St Underwood, MN 56586","$300,000 - $399,999","$900,000 - $999,999",new,2026-10-01,true,0
Duane Larson,(507) 893-4511,+15078934511,"32899 180th St Winnebago, MN 56098","$50,000 - $59,999","$900,000 - $999,999",new,2026-10-01,true,0
Patricia Gustafson,(218) 926-5714,+12189265714,"37361 180th Ave SW Beltrami, MN 56517","$30,000 - $39,999","$800,000 - $899,999",new,2026-10-01,true,0
Gary Payne,(320) 795-2547,+13207952547,"37808 180th St Cyrus, MN 56323","$40,000 - $49,999","$1,000,000+",new,2026-10-01,true,0
Theodore Dvorak,(218) 745-5636,+12187455636,"39583 180th St NW Warren, MN 56762","$30,000 - $39,999","$1,000,000+",new,2026-10-01,true,0
Timothy Thomasson,(360) 802-0503,+13608020503,"41016 180th Ave SE Enumclaw, WA 98022","$400,000 - $499,999","$1,000,000+",new,2026-10-01,true,0
Steven Nelson,(218) 863-7758,+12188637758,"41499 180th Ave Pelican Rapids, MN 56572","$100,000 - $124,999","$900,000 - $999,999",new,2026-10-01,true,0
Donald Hansen,(218) 769-4425,+12187694425,"48895 180th St Vining, MN 56588","$80,000 - $89,999","$1,000,000+",new,2026-10-01,true,0
John Boyes,(507) 553-3263,+15075533263,"57605 180th St Wells, MN 56097","$50,000 - $59,999","$1,000,000+",new,2026-10-01,true,0
Steven Schultz,(507) 553-5958,+15075535958,"58258 180th St Wells, MN 56097","$300,000 - $399,999","$800,000 - $899,999",new,2026-10-01,true,0
Mark Yokiel,(507) 553-6152,+15075536152,"59129 180th St Wells, MN 56097","$90,000 - $99,999","$1,000,000+",new,2026-10-01,true,0
Bruce Ewing,(206) 542-4941,+12065424941,"114 NW 181st St Shoreline, WA 98177","$200,000 - $249,999","$800,000 - $899,999",new,2026-10-01,true,0
Loren Fairbanks,(402) 330-3089,+14023303089,"1110 S 181st Plz Omaha, NE 68130","$300,000 - $399,999","$700,000 - $799,999",new,2026-10-01,true,0
Suresh Kumar,(954) 436-5533,+19544365533,"2614 SW 181st Ter Miramar, FL 33029","$400,000 - $499,999","$800,000 - $899,999",new,2026-10-01,true,0
Susan Shutz,(425) 867-1941,+14258671941,"3306 181st Pl NE Redmond, WA 98052","$300,000 - $399,999","$1,000,000+",new,2026-10-01,true,0
Dana Campbell,(206) 362-3130,+12063623130,"3325 NE 181st St Lake Forest Park, WA 98155","$200,000 - $249,999","$1,000,000+",new,2026-10-01,true,0
Brian Ross,(763) 755-4504,+17637554504,"3331 181st Ave NW Andover, MN 55304","$60,000 - $69,999","$700,000 - $799,999",new,2026-10-01,true,0
Maurice Storm,(918) 364-5444,+19183645444,"3511 E 181st St S Bixby, OK 74008","$300,000 - $399,999","$1,000,000+",new,2026-10-01,true,0
Naomi Yokoyama,(310) 324-0246,+13103240246,"3850 W 181st St Torrance, CA 90504","$30,000 - $39,999","$900,000 - $999,999",new,2026-10-01,true,0
James Dubois,(425) 226-7586,+14252267586,"4112 181st Ave SE Bellevue, WA 98008","$400,000 - $499,999","$1,000,000+",new,2026-10-01,true,0
Hernando Gutierrez,(954) 434-6490,+19544346490,"6301 SW 181st Ln Southwest Ranches, FL 33331","$300,000 - $399,999","$1,000,000+",new,2026-10-01,true,0
Cynthia Herendeen,(718) 961-7152,+17189617152,"6427 181st St Flushing, NY 11365","$400,000 - $499,999","$900,000 - $999,999",new,2026-10-01,true,0
Tina Ballis,(718) 591-7482,+17185917482,"6715 181st St Fresh Meadows, NY 11365","$100,000 - $124,999","$900,000 - $999,999",new,2026-10-01,true,0
Larry Shelon,(718) 380-1751,+17183801751,"6740 181st St Fresh Meadows, NY 11365","$300,000 - $399,999","$1,000,000+",new,2026-10-01,true,0
Carroll Crick,(623) 853-0989,+16238530989,"6805 N 181st Ave Waddell, AZ 85355","$50,000 - $59,999","$700,000 - $799,999",new,2026-10-01,true,0
Joan Hausmann,(718) 969-1412,+17189691412,"6923 181st St Fresh Meadows, NY 11365","$30,000 - $39,999","$1,000,000+",new,2026-10-01,true,0
Shahid Malik,(718) 322-5129,+17183225129,"6974 181st St Fresh Meadows, NY 11365","$100,000 - $124,999","$1,000,000+",new,2026-10-01,true,0
Blayne Stone,(561) 747-9277,+15617479277,"7067 181st St N Jupiter, FL 33458","$300,000 - $399,999","$700,000 - $799,999",new,2026-10-01,true,0
Isa Kohly,(718) 380-6168,+17183806168,"7301 181st St Fresh Meadows, NY 11366","$100,000 - $124,999","$1,000,000+",new,2026-10-01,true,0
Regina Abayev,(718) 969-5040,+17189695040,"7342 181st St Fresh Meadows, NY 11366","$300,000 - $399,999","$900,000 - $999,999",new,2026-10-01,true,0
Gary Smithers,(425) 640-3965,+14256403965,"7421 181st Pl SW Edmonds, WA 98026","$200,000 - $249,999","$800,000 - $899,999",new,2026-10-01,true,0
Robert Yakubov,(718) 591-0752,+17185910752,"7544 181st St Fresh Meadows, NY 11366","$200,000 - $249,999","$1,000,000+",new,2026-10-01,true,0
Kimberley Hawkins,(305) 558-4994,+13055584994,"7751 NW 181st St Hialeah, FL 33015","$80,000 - $89,999","$700,000 - $799,999",new,2026-10-01,true,0
Mercedes Pargas,(786) 293-0490,+17862930490,"7760 SW 181st Ter Village Of Palmetto Bay, FL 33157","$100,000 - $124,999","$700,000 - $799,999",new,2026-10-01,true,0
Mary Mead,(360) 691-2643,+13606912643,"7930 181st Ave NE Granite Falls, WA 98252","$200,000 - $249,999","$1,000,000+",new,2026-10-01,true,0
Benito Meneses,(305) 234-5135,+13052345135,"8301 SW 181st St Village Of Palmetto Bay, FL 33157","$300,000 - $399,999","$900,000 - $999,999",new,2026-10-01,true,0
Andrea Loring,(786) 573-0180,+17865730180,"8541 SW 181st St Village Of Palmetto Bay, FL 33157","$80,000 - $89,999","$700,000 - $799,999",new,2026-10-01,true,0
Michael Haber,(305) 251-9588,+13052519588,"8621 SW 181st St Village Of Palmetto Bay, FL 33157","$80,000 - $89,999","$700,000 - $799,999",new,2026-10-01,true,0
Stanley Berry,(352) 591-6006,+13525916006,"8659 NW 181st Pl Reddick, FL 32686","$50,000 - $59,999","$1,000,000+",new,2026-10-01,true,0
Paul Landers,(253) 862-8156,+12538628156,"10110 181st Ave E Bonney Lake, WA 98391","$300,000 - $399,999","$800,000 - $899,999",new,2026-10-01,true,0
Paul Schwarz,(425) 687-7330,+14256877330,"13412 SE 181st Pl Renton, WA 98058","$400,000 - $499,999","$700,000 - $799,999",new,2026-10-01,true,0
Edward Owie,(718) 276-1428,+17182761428,"14320 181st St Springfield Gardens, NY 11413","$100,000 - $124,999","$700,000 - $799,999",new,2026-10-01,true,0
Samuel Ademuyiwa,(718) 527-3413,+17185273413,"14332 181st St Springfield Gardens, NY 11413","$200,000 - $249,999","$700,000 - $799,999",new,2026-10-01,true,0
Kevin Channer,(718) 276-7839,+17182767839,"14538 181st St Springfield Gardens, NY 11413","$90,000 - $99,999","$700,000 - $799,999",new,2026-10-01,true,0
Steven Zimmerman,(360) 256-9427,+13602569427,"18712 NE 181st St Brush Prairie, WA 98606","$50,000 - $59,999","$700,000 - $799,999",new,2026-10-01,true,0
Sarah Shoubridge,(425) 788-1408,+14257881408,"18904 181st Ave NE Woodinville, WA 98077","$400,000 - $499,999","$1,000,000+",new,2026-10-01,true,0
Hugh Anderson,(425) 788-4691,+14257884691,"20531 NE 181st Pl Woodinville, WA 98077","$250,000 - $299,999","$1,000,000+",new,2026-10-01,true,0
Jorge Llera,(253) 833-2607,+12538332607,"32905 181st Ave SE Auburn, WA 98092","$300,000 - $399,999","$800,000 - $899,999",new,2026-10-01,true,0
Jack Tanenbaum,(727) 399-9595,+17273999595,"310 182nd Ave E Redington Shores, FL 33708","$90,000 - $99,999","$800,000 - $899,999",new,2026-10-01,true,0
Gloria Skouge,(206) 542-5138,+12065425138,"326 NW 182nd St Shoreline, WA 98177","$150,000 - $174,999","$800,000 - $899,999",new,2026-10-01,true,0
Judy Markell,(305) 493-0005,+13054930005,"860 NE 182nd Ter North Miami Beach, FL 33162","$60,000 - $69,999","$700,000 - $799,999",new,2026-10-01,true,0
Liliana Luna,(305) 974-2384,+13059742384,"861 NE 182nd St North Miami Beach, FL 33162","$50,000 - $59,999","$1,000,000+",new,2026-10-01,true,0
Erica Edwards,(425) 672-8455,+14256728455,"1027 182nd Pl SW Lynnwood, WA 98037","$400,000 - $499,999","$800,000 - $899,999",new,2026-10-01,true,0
Robert Eidson,(425) 640-9587,+14256409587,"1321 182nd St SW Lynnwood, WA 98037","$300,000 - $399,999","$900,000 - $999,999",new,2026-10-01,true,0
Timothy Mcafee,(954) 430-1551,+19544301551,"1550 NW 182nd Ter Pembroke Pines, FL 33029","$400,000 - $499,999","$700,000 - $799,999",new,2026-10-01,true,0
Daniel Dimitrakis,(954) 431-9179,+19544319179,"1551 NW 182nd Ter Pembroke Pines, FL 33029","$400,000 - $499,999","$700,000 - $799,999",new,2026-10-01,true,0
Maury Olicker,(954) 432-1027,+19544321027,"1563 NW 182nd Way Pembroke Pines, FL 33029","$100,000 - $124,999","$700,000 - $799,999",new,2026-10-01,true,0
Jacobo Waisberg,(954) 430-8953,+19544308953,"1570 NW 182nd Ter Pembroke Pines, FL 33029","$100,000 - $124,999","$700,000 - $799,999",new,2026-10-01,true,0
Jeffrey Barrientos,(954) 437-4832,+19544374832,"1571 NW 182nd Ter Pembroke Pines, FL 33029","$200,000 - $249,999","$700,000 - $799,999",new,2026-10-01,true,0
Alanna Mersinger,(954) 450-8466,+19544508466,"2263 SW 182nd Way Miramar, FL 33029","$100,000 - $124,999","$700,000 - $799,999",new,2026-10-01,true,0
Douglas Kluver,(402) 330-7600,+14023307600,"2344 S 182nd Cir Omaha, NE 68130","$400,000 - $499,999","$1,000,000+",new,2026-10-01,true,0
Scott Hoge,(425) 483-2622,+14254832622,"2416 182nd Pl SE Bothell, WA 98012","$300,000 - $399,999","$900,000 - $999,999",new,2026-10-01,true,0
Tina Bielka,(253) 884-5987,+12538845987,"3120 182nd Ave SW Lakebay, WA 98349","$50,000 - $59,999","$900,000 - $999,999",new,2026-10-01,true,0
Donald Fineran,(763) 434-4460,+17634344460,"3253 182nd Ln NE East Bethel, MN 55092","$90,000 - $99,999","$700,000 - $799,999",new,2026-10-01,true,0
Mark Gibbons,(206) 365-3886,+12063653886,"3320 NE 182nd St Lake Forest Park, WA 98155","$250,000 - $299,999","$1,000,000+",new,2026-10-01,true,0
Wilson Paulas,(352) 495-9489,+13524959489,"4325 SW 182nd Dr Newberry, FL 32669","$50,000 - $59,999","$900,000 - $999,999",new,2026-10-01,true,0
Chong Kim,(425) 641-9017,+14256419017,"4326 182nd Pl SE Issaquah, WA 98027","$250,000 - $299,999","$1,000,000+",new,2026-10-01,true,0
Eva Hurtado,(954) 689-0633,+19546890633,"5351 SW 182nd Ter Southwest Ranches, FL 33331","$175,000 - $199,999","$900,000 - $999,999",new,2026-10-01,true,0
Yongle Miao,(718) 357-7222,+17183577222,"5821 182nd St Fresh Meadows, NY 11365","$100,000 - $124,999","$900,000 - $999,999",new,2026-10-01,true,0
Min Li,(718) 321-8528,+17183218528,"6524 182nd St Fresh Meadows, NY 11365","$30,000 - $39,999","$1,000,000+",new,2026-10-01,true,0
Stacy Gangi,(718) 762-8566,+17187628566,"6528 182nd St Fresh Meadows, NY 11365","$20,000 - $29,999","$1,000,000+",new,2026-10-01,true,0
Brian Fitzpatrick,(718) 460-1657,+17184601657,"6539 182nd St Fresh Meadows, NY 11365","$100,000 - $124,999","$900,000 - $999,999",new,2026-10-01,true,0
Julia Brown,(715) 720-8401,+17157208401,"6553 182nd St Chippewa Falls, WI 54729","$300,000 - $399,999","$700,000 - $799,999",new,2026-10-01,true,0
Pamela Kell,(715) 723-0539,+17157230539,"6588 182nd St Chippewa Falls, WI 54729","$250,000 - $299,999","$1,000,000+",new,2026-10-01,true,0
Cynthia Christensen,(715) 738-1114,+17157381114,"6900 182nd St Chippewa Falls, WI 54729","$300,000 - $399,999","$900,000 - $999,999",new,2026-10-01,true,0
Elaine Ponterio,(718) 969-2268,+17189692268,"6911 182nd St Fresh Meadows, NY 11365","$300,000 - $399,999","$1,000,000+",new,2026-10-01,true,0
Mehmet Sabancelebi,(718) 969-7769,+17189697769,"6954 182nd St Fresh Meadows, NY 11365","$300,000 - $399,999","$900,000 - $999,999",new,2026-10-01,true,0
Judy Cutler,(718) 969-8569,+17189698569,"6962 182nd St Flushing, NY 11365","$60,000 - $69,999","$1,000,000+",new,2026-10-01,true,0
Sandra Tao,(718) 264-1911,+17182641911,"7301 182nd St Fresh Meadows, NY 11366","$300,000 - $399,999","$1,000,000+",new,2026-10-01,true,0
Melchor Pinlac,(718) 969-3505,+17189693505,"7308 182nd St Fresh Meadows, NY 11366","$300,000 - $399,999","$1,000,000+",new,2026-10-01,true,0
Harry Jeng,(718) 725-8078,+17187258078,"7317 182nd St Fresh Meadows, NY 11366","$400,000 - $499,999","$900,000 - $999,999",new,2026-10-01,true,0
John Blandeburgo,(718) 264-0533,+17182640533,"7539 182nd St Fresh Meadows, NY 11366","$100,000 - $124,999","$1,000,000+",new,2026-10-01,true,0
Mehjabeen Dinzey,(718) 380-0792,+17183800792,"7540 182nd St Fresh Meadows, NY 11366","$300,000 - $399,999","$1,000,000+",new,2026-10-01,true,0
Theresa Sheehan,(347) 960-7517,+13479607517,"7543 182nd St Fresh Meadows, NY 11366","$250,000 - $299,999","$1,000,000+",new,2026-10-01,true,0
Deborah Bermish,(718) 454-7858,+17184547858,"7551 182nd St Fresh Meadows, NY 11366","$60,000 - $69,999","$1,000,000+",new,2026-10-01,true,0
Nikki Press,(305) 251-2008,+13052512008,"7841 SW 182nd Ter Village Of Palmetto Bay, FL 33157","$50,000 - $59,999","$800,000 - $899,999",new,2026-10-01,true,0
Jose Carpio,(305) 378-9739,+13053789739,"8318 SW 182nd Ter Village Of Palmetto Bay, FL 33157","$300,000 - $399,999","$1,000,000+",new,2026-10-01,true,0
Janet Jayne,(360) 435-6150,+13604356150,"8819 182nd St NE Arlington, WA 98223","$150,000 - $174,999","$800,000 - $899,999",new,2026-10-01,true,0
James Bickley,(360) 403-0731,+13604030731,"9116 182nd St NE Arlington, WA 98223","$400,000 - $499,999","$1,000,000+",new,2026-10-01,true,0
Paula Glover,(425) 392-2885,+14253922885,"9901 182nd Ave SE Issaquah, WA 98027","$200,000 - $249,999","$1,000,000+",new,2026-10-01,true,0
Angela Christensen,(425) 883-2136,+14258832136,"9909 182nd Ct NE Redmond, WA 98052","$300,000 - $399,999","$1,000,000+",new,2026-10-01,true,0
Blake Bonjean,(952) 898-3259,+19528983259,"10296 182nd St W Lakeville, MN 55044","$250,000 - $299,999","$800,000 - $899,999",new,2026-10-01,true,0
Charissa Webber,(360) 872-8172,+13608728172,"11818 182nd St E Puyallup, WA 98374","$150,000 - $174,999","$700,000 - $799,999",new,2026-10-01,true,0
Marty Murphy,(561) 743-9671,+15617439671,"12342 182nd Rd N Jupiter, FL 33478","$400,000 - $499,999","$700,000 - $799,999",new,2026-10-01,true,0
Thomas Granger,(425) 881-8489,+14258818489,"14055 182nd Ave NE Woodinville, WA 98072","$250,000 - $299,999","$1,000,000+",new,2026-10-01,true,0
Patricia Hale,(360) 892-0335,+13608920335,"14718 NE 182nd Ave Brush Prairie, WA 98606","$50,000 - $59,999","$700,000 - $799,999",new,2026-10-01,true,0
Scott Mccallister,(480) 988-0728,+14809880728,"24521 S 182nd Pl Gilbert, AZ 85298","$400,000 - $499,999","$1,000,000+",new,2026-10-01,true,0
Dennis Stulc,(712) 332-4087,+17123324087,"24986 182nd St Spirit Lake, IA 51360","$300,000 - $399,999","$1,000,000+",new,2026-10-01,true,0
Becky Jergens,(712) 332-8573,+17123328573,"25108 182nd St Spirit Lake, IA 51360","$400,000 - $499,999","$1,000,000+",new,2026-10-01,true,0
Vern Schoeneman,(712) 332-6179,+17123326179,"25178 182nd St Spirit Lake, IA 51360","$300,000 - $399,999","$1,000,000+",new,2026-10-01,true,0
Joseph Allan,(480) 892-9717,+14808929717,"25319 S 182nd Pl Queen Creek, AZ 85142","$150,000 - $174,999","$800,000 - $899,999",new,2026-10-01,true,0
Thomas Borek,(305) 248-0272,+13052480272,"25405 SW 182nd Ave Homestead, FL 33031","$300,000 - $399,999","$900,000 - $999,999",new,2026-10-01,true,0
Shannon Cooper,(712) 332-8354,+17123328354,"25472 182nd St Spirit Lake, IA 51360","$200,000 - $249,999","$1,000,000+",new,2026-10-01,true,0
Sergio Carballo,(786) 404-3671,+17864043671,"25505 SW 182nd Ave Homestead, FL 33031","$250,000 - $299,999","$1,000,000+",new,2026-10-01,true,0
Steven Kreofsky,(507) 534-2845,+15075342845,"57589 182nd Ave Kellogg, MN 55945","$60,000 - $69,999","$800,000 - $899,999",new,2026-10-01,true,0
Barbara Albertine,(206) 546-3026,+12065463026,"1336 N 183rd St Shoreline, WA 98133","$80,000 - $89,999","$700,000 - $799,999",new,2026-10-01,true,0
Daniel Scholz,(402) 334-9590,+14023349590,"1510 S 183rd Cir Omaha, NE 68130","$200,000 - $249,999","$1,000,000+",new,2026-10-01,true,0
Patrick Clayton,(206) 363-9189,+12063639189,"2125 N 183rd Pl Shoreline, WA 98133","$250,000 - $299,999","$700,000 - $799,999",new,2026-10-01,true,0
Adam Wegrzynek,(425) 497-8296,+14254978296,"2640 183rd Ave NE Redmond, WA 98052","$250,000 - $299,999","$1,000,000+",new,2026-10-01,true,0
Alan Weinstein,(305) 466-6779,+13054666779,"3201 NE 183rd St Apt 1001 Aventura, FL 33160","$300,000 - $399,999","$1,000,000+",new,2026-10-01,true,0
Horacio Groisman,(305) 931-4338,+13059314338,"3201 NE 183rd St Apt 2001 Aventura, FL 33160","$250,000 - $299,999","$1,000,000+",new,2026-10-01,true,0
Neal Goodman,(305) 682-0406,+13056820406,"3201 NE 183rd St Apt 2008 Aventura, FL 33160","$200,000 - $249,999","$1,000,000+",new,2026-10-01,true,0
Richard Mautner,(305) 933-4809,+13059334809,"3201 NE 183rd St Apt 2408 Aventura, FL 33160","$200,000 - $249,999","$1,000,000+",new,2026-10-01,true,0
Boris Fincheltub,(305) 931-1496,+13059311496,"3201 NE 183rd St Apt 1406 Aventura, FL 33160","$300,000 - $399,999","$1,000,000+",new,2026-10-01,true,0
Zvi Osterweil,(786) 207-4844,+17862074844,"3301 NE 183rd St Unit 1901 Aventura, FL 33160","$300,000 - $399,999","$1,000,000+",new,2026-10-01,true,0
Raquel Fischler,(786) 629-8228,+17866298228,"3301 NE 183rd St Unit 2706 Aventura, FL 33160","$250,000 - $299,999","$1,000,000+",new,2026-10-01,true,0
James Vallis,(786) 284-1607,+17862841607,"3301 NE 183rd St Unit 2808 Aventura, FL 33160","$200,000 - $249,999","$900,000 - $999,999",new,2026-10-01,true,0
Charlie Eason,(305) 623-1900,+13056231900,"3895 NW 183rd St Miami Gardens, FL 33055","$50,000 - $59,999","$700,000 - $799,999",new,2026-10-01,true,0
Chuck Girtz,(360) 832-1755,+13608321755,"4311 183rd Ave E Lake Tapps, WA 98391","$300,000 - $399,999","$1,000,000+",new,2026-10-01,true,0
Rickie Street,(360) 273-9355,+13602739355,"4415 183rd Ave SW Rochester, WA 98579","$90,000 - $99,999","$700,000 - $799,999",new,2026-10-01,true,0
Scott Jackson,(425) 771-6928,+14257716928,"4430 183rd Pl SW Lynnwood, WA 98037","$90,000 - $99,999","$700,000 - $799,999",new,2026-10-01,true,0
Neal Ottmar,(425) 485-4637,+14254854637,"5505 NE 183rd St Kenmore, WA 98028","$200,000 - $249,999","$1,000,000+",new,2026-10-01,true,0
Emilia Magli,(561) 328-3313,+15613283313,"6330 183rd Trl N Loxahatchee, FL 33470","$40,000 - $49,999","$1,000,000+",new,2026-10-01,true,0
Guy Dwyer,(954) 680-5299,+19546805299,"6410 SW 183rd Way Southwest Ranches, FL 33331","$40,000 - $49,999","$1,000,000+",new,2026-10-01,true,0
Gayla Wainwright,(425) 488-1029,+14254881029,"6442 NE 183rd St Kenmore, WA 98028","$100,000 - $124,999","$700,000 - $799,999",new,2026-10-01,true,0
James Zissler,(425) 486-4285,+14254864285,"6445 NE 183rd St Kenmore, WA 98028","$50,000 - $59,999","$900,000 - $999,999",new,2026-10-01,true,0
Blaise Toneatto,(718) 445-6759,+17184456759,"6501 183rd St Fresh Meadows, NY 11365","$100,000 - $124,999","$1,000,000+",new,2026-10-01,true,0
Lisa Amarante,(347) 368-6614,+13473686614,"6509 183rd St Fresh Meadows, NY 11365","$50,000 - $59,999","$1,000,000+",new,2026-10-01,true,0
Chun-Wei Chen,(718) 886-3963,+17188863963,"6522 183rd St Fresh Meadows, NY 11365","$300,000 - $399,999","$1,000,000+",new,2026-10-01,true,0
Brent Bunger,(623) 853-1436,+16238531436,"6544 N 183rd Ave Waddell, AZ 85355","$400,000 - $499,999","$800,000 - $899,999",new,2026-10-01,true,0
Donald Comstock,(253) 863-0420,+12538630420,"6608 183rd Ave E Lake Tapps, WA 98391","$60,000 - $69,999","$1,000,000+",new,2026-10-01,true,0
Carol Chodkowski,(718) 969-8382,+17189698382,"6925 183rd St Fresh Meadows, NY 11365","$40,000 - $49,999","$1,000,000+",new,2026-10-01,true,0
Gail Zigman,(718) 454-4267,+17184544267,"7331 183rd St Fresh Meadows, NY 11366","$40,000 - $49,999","$1,000,000+",new,2026-10-01,true,0
Suzanne Fine,(718) 454-5150,+17184545150,"7504 183rd St Fresh Meadows, NY 11366","$100,000 - $124,999","$1,000,000+",new,2026-10-01,true,0
Joseph Laine,(718) 454-8538,+17184548538,"7551 183rd St Fresh Meadows, NY 11366","$100,000 - $124,999","$1,000,000+",new,2026-10-01,true,0
Sarita Aggarwal,(718) 454-7989,+17184547989,"7559 183rd St Fresh Meadows, NY 11366","$100,000 - $124,999","$1,000,000+",new,2026-10-01,true,0
Michele Ryder,(305) 278-1129,+13052781129,"7720 SW 183rd Ter Village Of Palmetto Bay, FL 33157","$400,000 - $499,999","$1,000,000+",new,2026-10-01,true,0
Elizabeth Hunter,(425) 486-7970,+14254867970,"7804 NE 183rd St Kenmore, WA 98028","$400,000 - $499,999","$800,000 - $899,999",new,2026-10-01,true,0
Lauree Pregent,(715) 723-4170,+17157234170,"7858 183rd St Chippewa Falls, WI 54729","$80,000 - $89,999","$800,000 - $899,999",new,2026-10-01,true,0
Carole Bergh,(913) 814-9900,+19138149900,"7900 W 183rd St Overland Park, KS 66085","$300,000 - $399,999","$1,000,000+",new,2026-10-01,true,0
Todd Peterson,(715) 723-2317,+17157232317,"8072 183rd St Chippewa Falls, WI 54729","$60,000 - $69,999","$700,000 - $799,999",new,2026-10-01,true,0
Ramtaigh Singh,(718) 658-1372,+17186581372,"8829 183rd St Hollis, NY 11423","$300,000 - $399,999","$700,000 - $799,999",new,2026-10-01,true,0
Jaiwattie Balgobind,(718) 454-1559,+17184541559,"8917 183rd St Hollis, NY 11423","$100,000 - $124,999","$800,000 - $899,999",new,2026-10-01,true,0
Eric Swanson,(425) 485-6527,+14254856527,"9301 NE 183rd St Bothell, WA 98011","$175,000 - $199,999","$900,000 - $999,999",new,2026-10-01,true,0
Sue Macura,(952) 898-3808,+19528983808,"10269 183rd St W Lakeville, MN 55044","$400,000 - $499,999","$700,000 - $799,999",new,2026-10-01,true,0
Kanishk Nathan,(562) 402-9021,+15624029021,"11425 183rd St Artesia, CA 90701","$400,000 - $499,999","$800,000 - $899,999",new,2026-10-01,true,0
Regan Cox,(425) 271-5833,+14252715833,"13231 SE 183rd St Renton, WA 98058","$250,000 - $299,999","$800,000 - $899,999",new,2026-10-01,true,0
Nakejia Kelly,(718) 712-3380,+17187123380,"14143 183rd St Springfield Gardens, NY 11413","$300,000 - $399,999","$700,000 - $799,999",new,2026-10-01,true,0
Ariosto Barrera,(786) 250-3196,+17862503196,"15020 SW 183rd Ter Miami, FL 33187","$100,000 - $124,999","$800,000 - $899,999",new,2026-10-01,true,0
Frank Barker,(425) 271-6408,+14252716408,"15235 SE 183rd Dr Renton, WA 98058","$80,000 - $89,999","$700,000 - $799,999",new,2026-10-01,true,0
Susan Lorbeski,(425) 271-6259,+14252716259,"15517 SE 183rd Dr Renton, WA 98058","$60,000 - $69,999","$700,000 - $799,999",new,2026-10-01,true,0
Richard Turk,(763) 263-6431,+17632636431,"21685 183rd St NW Big Lake, MN 55309","$300,000 - $399,999","$700,000 - $799,999",new,2026-10-01,true,0
Jungja Brist,(763) 263-9660,+17632639660,"23682 183rd St NW Big Lake, MN 55309","$300,000 - $399,999","$800,000 - $899,999",new,2026-10-01,true,0
Charla Dalman,(253) 833-1392,+12538331392,"34009 183rd Ave SE Auburn, WA 98092","$300,000 - $399,999","$700,000 - $799,999",new,2026-10-01,true,0
Bruce Johnson,(435) 586-8177,+14355868177,"471 S 1840 W Cedar City, UT 84720","$90,000 - $99,999","$700,000 - $799,999",new,2026-10-01,true,0
Omar Dalama,(954) 438-3514,+19544383514,"300 SW 184th Ter Pembroke Pines, FL 33029","$300,000 - $399,999","$700,000 - $799,999",new,2026-10-01,true,0
Genevieve Traub,(360) 887-4260,+13608874260,"819 NW 184th St Ridgefield, WA 98642","$80,000 - $89,999","$800,000 - $899,999",new,2026-10-01,true,0
Eileen Earley,(310) 323-2813,+13103232813,"1130 W 184th St Gardena, CA 90248","$20,000 - $29,999","$700,000 - $799,999",new,2026-10-01,true,0
Michael Huber,(402) 391-3546,+14023913546,"1222 S 184th Cir Omaha, NE 68130","$400,000 - $499,999","$800,000 - $899,999",new,2026-10-01,true,0
Christopher O'Connell,(402) 758-0001,+14027580001,"1325 S 184th Cir Omaha, NE 68130","$300,000 - $399,999","$900,000 - $999,999",new,2026-10-01,true,0
Utsav Pandey,(425) 640-7527,+14256407527,"1404 184th St SW Lynnwood, WA 98037","$300,000 - $399,999","$900,000 - $999,999",new,2026-10-01,true,0
Robert Graydon,(954) 450-5529,+19544505529,"2316 NW 184th Ter Pembroke Pines, FL 33029","$100,000 - $124,999","$700,000 - $799,999",new,2026-10-01,true,0
Emilio Francis,(954) 441-5678,+19544415678,"2338 NW 184th Ter Pembroke Pines, FL 33029","$100,000 - $124,999","$700,000 - $799,999",new,2026-10-01,true,0
David Rice,(360) 321-6778,+13603216778,"2530 NE 184th Pl Lake Forest Park, WA 98155","$400,000 - $499,999","$900,000 - $999,999",new,2026-10-01,true,0
Paul Harris,(425) 482-6619,+14254826619,"3022 184th Pl SE Bothell, WA 98012","$300,000 - $399,999","$1,000,000+",new,2026-10-01,true,0
Ella Avulova,(718) 321-0636,+17183210636,"6419 184th St Fresh Meadows, NY 11365","$400,000 - $499,999","$800,000 - $899,999",new,2026-10-01,true,0
Steven Wieczorek,(347) 368-6493,+13473686493,"6430 184th St Fresh Meadows, NY 11365","$200,000 - $249,999","$1,000,000+",new,2026-10-01,true,0
Benshan Hao,(347) 438-1138,+13474381138,"6470 184th St Fresh Meadows, NY 11365","$100,000 - $124,999","$900,000 - $999,999",new,2026-10-01,true,0
Howard Jacob,(718) 969-2038,+17189692038,"6911 184th St Fresh Meadows, NY 11365","$60,000 - $69,999","$1,000,000+",new,2026-10-01,true,0
Edgar Magnayon,(718) 969-7150,+17189697150,"6965 184th St Fresh Meadows, NY 11365","$100,000 - $124,999","$900,000 - $999,999",new,2026-10-01,true,0
Teling Dai,(347) 644-1607,+13476441607,"6978 184th St Fresh Meadows, NY 11365","$70,000 - $79,999","$700,000 - $799,999",new,2026-10-01,true,0
Juanita Clores,(718) 454-0578,+17184540578,"7303 184th St Fresh Meadows, NY 11366","$60,000 - $69,999","$900,000 - $999,999",new,2026-10-01,true,0
Tamar Ofier,(718) 261-6868,+17182616868,"7312 184th St Fresh Meadows, NY 11366","$100,000 - $124,999","$1,000,000+",new,2026-10-01,true,0
Rony Rinat,(718) 264-0146,+17182640146,"7508 184th St Fresh Meadows, NY 11366","$100,000 - $124,999","$1,000,000+",new,2026-10-01,true,0
Celso Cedillo,(718) 413-5241,+17184135241,"7579 184th St Fresh Meadows, NY 11366","$40,000 - $49,999","$1,000,000+",new,2026-10-01,true,0
Everet Watson,(305) 254-7937,+13052547937,"7741 SW 184th Ter Cutler Bay, FL 33157","$80,000 - $89,999","$800,000 - $899,999",new,2026-10-01,true,0
Clinton Gulley,(305) 235-8193,+13052358193,"7759 SW 184th Way Cutler Bay, FL 33157","$90,000 - $99,999","$700,000 - $799,999",new,2026-10-01,true,0
Sally Mcsweeney,(503) 591-0969,+15035910969,"8055 SW 184th Ave Beaverton, OR 97007","$300,000 - $399,999","$700,000 - $799,999",new,2026-10-01,true,0
Eduardo Castellanos,(305) 232-9583,+13052329583,"8245 SW 184th Ln Cutler Bay, FL 33157","$100,000 - $124,999","$700,000 - $799,999",new,2026-10-01,true,0
John Sanner,(425) 697-3464,+14256973464,"8309 184th St SW Edmonds, WA 98026","$300,000 - $399,999","$700,000 - $799,999",new,2026-10-01,true,0
Peggy Waite,(425) 712-9829,+14257129829,"8310 184th St SW Edmonds, WA 98026","$400,000 - $499,999","$800,000 - $899,999",new,2026-10-01,true,0
Patricia Musarra,(305) 238-1932,+13052381932,"8345 SW 184th Ter Cutler Bay, FL 33157","$70,000 - $79,999","$800,000 - $899,999",new,2026-10-01,true,0
Kathleen Johnson,(253) 847-4933,+12538474933,"8416 184th St E Puyallup, WA 98375","$80,000 - $89,999","$1,000,000+",new,2026-10-01,true,0
Oliver Kendrick,(386) 418-8110,+13864188110,"8418 NW 184th Dr Alachua, FL 32615","$200,000 - $249,999","$700,000 - $799,999",new,2026-10-01,true,0
David Crouch,(425) 774-7066,+14257747066,"8705 184th St SW Edmonds, WA 98026","$400,000 - $499,999","$1,000,000+",new,2026-10-01,true,0
Bibi Mallay,(718) 454-6576,+17184546576,"8901 184th Pl Jamaica, NY 11423","$100,000 - $124,999","$700,000 - $799,999",new,2026-10-01,true,0
Lauserpina Caraos,(718) 454-6795,+17184546795,"8919 184th St Hollis, NY 11423","$60,000 - $69,999","$700,000 - $799,999",new,2026-10-01,true,0
Afwad Ali,(718) 454-1424,+17184541424,"8934 184th St Hollis, NY 11423","$100,000 - $124,999","$700,000 - $799,999",new,2026-10-01,true,0
Glen Hamaker,(360) 666-0132,+13606660132,"10310 NE 184th St Battle Ground, WA 98604","$100,000 - $124,999","$700,000 - $799,999",new,2026-10-01,true,0
Gregory Townes,(718) 978-0203,+17189780203,"14132 184th St Springfield Gardens, NY 11413","$400,000 - $499,999","$700,000 - $799,999",new,2026-10-01,true,0
Robert Weber,(305) 235-2279,+13052352279,"16601 SW 184th St Miami, FL 33187","$50,000 - $59,999","$1,000,000+",new,2026-10-01,true,0
Jorge Sanchez,(305) 971-7831,+13059717831,"16990 SW 184th St Miami, FL 33187","$300,000 - $399,999","$1,000,000+",new,2026-10-01,true,0
Monica Montoya,(305) 238-9416,+13052389416,"17900 SW 184th St Miami, FL 33187","$20,000 - $29,999","$900,000 - $999,999",new,2026-10-01,true,0
Kurt Mayhall,(425) 432-0971,+14254320971,"19624 184th Ave SE Renton, WA 98058","$400,000 - $499,999","$1,000,000+",new,2026-10-01,true,0
Melba Velez,(305) 255-7302,+13052557302,"20401 SW 184th St Miami, FL 33187","$80,000 - $89,999","$700,000 - $799,999",new,2026-10-01,true,0
Juanita Desisto,(425) 432-1138,+14254321138,"21233 184th Ave SE Renton, WA 98058","$200,000 - $249,999","$1,000,000+",new,2026-10-01,true,0
Bart Vanorden,(801) 547-1895,+18015471895,"1934 N 1850 E Layton, UT 84040","$100,000 - $124,999","$700,000 - $799,999",new,2026-10-01,true,0
Kim Ells,(206) 242-0111,+12062420111,"137 SW 185th St Normandy Park, WA 98166","$100,000 - $124,999","$1,000,000+",new,2026-10-01,true,0
Judy Bingham,(206) 364-3894,+12063643894,"313 NE 185th St Shoreline, WA 98155","$150,000 - $174,999","$800,000 - $899,999",new,2026-10-01,true,0
Lisa Marshall,(954) 442-6846,+19544426846,"325 SW 185th Ave Pembroke Pines, FL 33029","$300,000 - $399,999","$700,000 - $799,999",new,2026-10-01,true,0
Jan Radoslovich,(425) 415-1413,+14254151413,"1132 185th Pl SE Bothell, WA 98012","$80,000 - $89,999","$700,000 - $799,999",new,2026-10-01,true,0
Hiroshi Yamamura,(206) 533-8496,+12065338496,"1611 N 185th St Shoreline, WA 98133","$400,000 - $499,999","$800,000 - $899,999",new,2026-10-01,true,0
Jennifer Wakita,(310) 715-1628,+13107151628,"1641 W 185th St Gardena, CA 90248","$100,000 - $124,999","$800,000 - $899,999",new,2026-10-01,true,0
Tsutomu Shimochi,(954) 431-3330,+19544313330,"1855 SW 185th Ave Miramar, FL 33029","$400,000 - $499,999","$1,000,000+",new,2026-10-01,true,0
Anastasios Evagelinos,(954) 433-4834,+19544334834,"1891 SW 185th Ave Miramar, FL 33029","$60,000 - $69,999","$700,000 - $799,999",new,2026-10-01,true,0
Gilma Correa,(954) 432-0890,+19544320890,"1925 SW 185th Ave Miramar, FL 33029","$300,000 - $399,999","$800,000 - $899,999",new,2026-10-01,true,0
Waqas Malik,(954) 392-7671,+19543927671,"2124 SW 185th Ave Miramar, FL 33029","$300,000 - $399,999","$900,000 - $999,999",new,2026-10-01,true,0
Donald Fahrenkamp,(952) 447-4676,+19524474676,"2495 185th St E Prior Lake, MN 55372","$90,000 - $99,999","$700,000 - $799,999",new,2026-10-01,true,0
Mark Modawell,(425) 881-7780,+14258817780,"2618 185th Ave NE Redmond, WA 98052","$200,000 - $249,999","$1,000,000+",new,2026-10-01,true,0
Neil Demers,(424) 329-3683,+14243293683,"3116 W 185th St Torrance, CA 90504","$250,000 - $299,999","$800,000 - $899,999",new,2026-10-01,true,0
Sadruddin Boga,(206) 306-9373,+12063069373,"3211 NE 185th St Lake Forest Park, WA 98155","$300,000 - $399,999","$1,000,000+",new,2026-10-01,true,0
Anthony Feliciano,(954) 438-0544,+19544380544,"3661 SW 185th Ave Miramar, FL 33029","$400,000 - $499,999","$1,000,000+",new,2026-10-01,true,0
Parmjit Kahlon,(425) 678-8383,+14256788383,"3831 185th Pl SW Lynnwood, WA 98037","$200,000 - $249,999","$1,000,000+",new,2026-10-01,true,0
John Herrin,(561) 791-2865,+15617912865,"3890 185th Trl Loxahatchee, FL 33470","$60,000 - $69,999","$800,000 - $899,999",new,2026-10-01,true,0
Sean Greene,(954) 499-0957,+19544990957,"4951 SW 185th Ave Miramar, FL 33029","$175,000 - $199,999","$800,000 - $899,999",new,2026-10-01,true,0
Susan Zipay,(718) 357-7231,+17183577231,"5026 185th St Fresh Meadows, NY 11365","$100,000 - $124,999","$800,000 - $899,999",new,2026-10-01,true,0
Rosa Tapia,(718) 357-0094,+17183570094,"5045 185th St Fresh Meadows, NY 11365","$400,000 - $499,999","$700,000 - $799,999",new,2026-10-01,true,0
Peter Xidis,(954) 252-5078,+19542525078,"5630 SW 185th Way Southwest Ranches, FL 33332","$400,000 - $499,999","$800,000 - $899,999",new,2026-10-01,true,0
Sol Lavie,(718) 357-3415,+17183573415,"5647 185th St Fresh Meadows, NY 11365","$70,000 - $79,999","$1,000,000+",new,2026-10-01,true,0
Brian France,(623) 853-8218,+16238538218,"6120 N 185th Ave Waddell, AZ 85355","$100,000 - $124,999","$700,000 - $799,999",new,2026-10-01,true,0
George Penesis,(718) 461-1879,+17184611879,"6121 185th St Flushing, NY 11365","$30,000 - $39,999","$1,000,000+",new,2026-10-01,true,0
Quentin Kimes,(623) 242-7600,+16232427600,"6151 N 185th Ave Waddell, AZ 85355","$200,000 - $249,999","$800,000 - $899,999",new,2026-10-01,true,0
Vena Emanuel,(253) 750-3964,+12537503964,"6210 185th Ave E Bonney Lake, WA 98391","$40,000 - $49,999","$700,000 - $799,999",new,2026-10-01,true,0
Mary Nicholls,(623) 587-6429,+16235876429,"6257 N 185th Ave Waddell, AZ 85355","$400,000 - $499,999","$800,000 - $899,999",new,2026-10-01,true,0
Richard Pauly,(952) 492-2416,+19524922416,"6450 W 185th St Jordan, MN 55352","$80,000 - $89,999","$700,000 - $799,999",new,2026-10-01,true,0
Gregorio Ruiz,(954) 680-1033,+19546801033,"6520 SW 185th Way Southwest Ranches, FL 33332","$80,000 - $89,999","$1,000,000+",new,2026-10-01,true,0
David Chang,(718) 591-2737,+17185912737,"6733 185th St Fresh Meadows, NY 11365","$50,000 - $59,999","$1,000,000+",new,2026-10-01,true,0
William Bruner,(623) 853-0907,+16238530907,"6911 N 185th Ave Waddell, AZ 85355","$100,000 - $124,999","$800,000 - $899,999",new,2026-10-01,true,0
Frank Dattolo,(718) 454-3791,+17184543791,"7332 185th St Fresh Meadows, NY 11366","$60,000 - $69,999","$1,000,000+",new,2026-10-01,true,0
Matthew Callahan,(623) 979-3576,+16239793576,"7422 N 185th Ave Waddell, AZ 85355","$250,000 - $299,999","$700,000 - $799,999",new,2026-10-01,true,0
Boris Abdurakhmanov,(718) 264-6430,+17182646430,"7504 185th St Fresh Meadows, NY 11366","$400,000 - $499,999","$1,000,000+",new,2026-10-01,true,0
John Hefty,(305) 232-8054,+13052328054,"7904 SW 185th Ter Cutler Bay, FL 33157","$200,000 - $249,999","$800,000 - $899,999",new,2026-10-01,true,0
Walter Hughs,(786) 732-3797,+17867323797,"8201 SW 185th Ter Cutler Bay, FL 33157","$300,000 - $399,999","$700,000 - $799,999",new,2026-10-01,true,0
Joel Heermance,(305) 378-9615,+13053789615,"8280 SW 185th St Cutler Bay, FL 33157","$300,000 - $399,999","$700,000 - $799,999",new,2026-10-01,true,0
Carmen Bucher,(305) 826-2444,+13058262444,"8290 NW 185th St Hialeah, FL 33015","$150,000 - $174,999","$700,000 - $799,999",new,2026-10-01,true,0
Gladys Gil,(305) 556-1799,+13055561799,"8340 NW 185th St Hialeah, FL 33015","$150,000 - $174,999","$700,000 - $799,999",new,2026-10-01,true,0
Merleane Williams,(786) 573-1710,+17865731710,"8501 SW 185th Ter Cutler Bay, FL 33157","$175,000 - $199,999","$900,000 - $999,999",new,2026-10-01,true,0
Sandy Tejera,(786) 573-9713,+17865739713,"8825 SW 185th Ter Cutler Bay, FL 33157","$90,000 - $99,999","$800,000 - $899,999",new,2026-10-01,true,0
Mercy Morris,(718) 558-4182,+17185584182,"8831 185th St Hollis, NY 11423","$300,000 - $399,999","$700,000 - $799,999",new,2026-10-01,true,0
Veronica Sanchez,(718) 264-2591,+17182642591,"8912 185th St Hollis, NY 11423","$60,000 - $69,999","$700,000 - $799,999",new,2026-10-01,true,0
Emma Rojas,(718) 454-1029,+17184541029,"8922 185th St Hollis, NY 11423","$200,000 - $249,999","$700,000 - $799,999",new,2026-10-01,true,0
Richard Visintainer,(360) 563-9509,+13605639509,"9606 185th Dr SE Snohomish, WA 98290","$400,000 - $499,999","$900,000 - $999,999",new,2026-10-01,true,0
Gregg Hedtke,(763) 262-0170,+17632620170,"9863 185th Ave SE Becker, MN 55308","$200,000 - $249,999","$700,000 - $799,999",new,2026-10-01,true,0
John Drotz,(425) 702-9286,+14257029286,"10014 185th Ct NE Redmond, WA 98052","$400,000 - $499,999","$1,000,000+",new,2026-10-01,true,0
Paul Pratt,(952) 469-5460,+19524695460,"10050 185th St W Lakeville, MN 55044","$300,000 - $399,999","$1,000,000+",new,2026-10-01,true,0
Harbhan Singh,(425) 793-5519,+14257935519,"10322 SE 185th Pl Renton, WA 98055","$400,000 - $499,999","$900,000 - $999,999",new,2026-10-01,true,0
Linda Akerman,(352) 465-4078,+13524654078,"10771 SW 185th Ter Dunnellon, FL 34432","$60,000 - $69,999","$1,000,000+",new,2026-10-01,true,0
John Olsen,(360) 863-1381,+13608631381,"12216 185th Ave SE Snohomish, WA 98290","$400,000 - $499,999","$1,000,000+",new,2026-10-01,true,0
Mark Mckillop,(425) 483-1030,+14254831030,"14824 NE 185th St Woodinville, WA 98072","$300,000 - $399,999","$1,000,000+",new,2026-10-01,true,0
Geoffrey Johnston,(480) 219-0585,+14802190585,"19603 S 185th Dr Queen Creek, AZ 85142","$300,000 - $399,999","$700,000 - $799,999",new,2026-10-01,true,0
James Serra,(360) 256-3397,+13602563397,"20600 NE 185th St Brush Prairie, WA 98606","$400,000 - $499,999","$1,000,000+",new,2026-10-01,true,0
James Jones,(763) 263-8522,+17632638522,"22940 185th St NW Big Lake, MN 55309","$300,000 - $399,999","$700,000 - $799,999",new,2026-10-01,true,0
Eve Hale,(801) 253-7418,+18012537418,"9531 S 1860 W South Jordan, UT 84095","$90,000 - $99,999","$700,000 - $799,999",new,2026-10-01,true,0
Fernando Abraham,(310) 516-2680,+13105162680,"1850 W 186th St Torrance, CA 90504","$175,000 - $199,999","$900,000 - $999,999",new,2026-10-01,true,0
Alicia Zavala,(305) 692-1771,+13056921771,"2095 NE 186th Dr North Miami Beach, FL 33179","$60,000 - $69,999","$700,000 - $799,999",new,2026-10-01,true,0
J Gross,(305) 932-4377,+13059324377,"2140 NE 186th Ter Miami, FL 33179","$30,000 - $39,999","$700,000 - $799,999",new,2026-10-01,true,0
Barbara Rodriguez,(954) 499-7741,+19544997741,"3120 SW 186th Ter Miramar, FL 33029","$200,000 - $249,999","$900,000 - $999,999",new,2026-10-01,true,0
James Larson,(425) 485-8877,+14254858877,"3223 186th Pl SE Bothell, WA 98012","$400,000 - $499,999","$1,000,000+",new,2026-10-01,true,0
Paul Baines,(954) 450-6067,+19544506067,"3940 SW 186th Way Miramar, FL 33029","$300,000 - $399,999","$1,000,000+",new,2026-10-01,true,0
Mario Vasquez,(425) 712-0727,+14257120727,"4128 186th St SW Lynnwood, WA 98037","$300,000 - $399,999","$800,000 - $899,999",new,2026-10-01,true,0
Huguette De Pani,(754) 888-9924,+17548889924,"4506 SW 186th Way Miramar, FL 33029","$250,000 - $299,999","$800,000 - $899,999",new,2026-10-01,true,0
Ann Blakeslee,(425) 373-1281,+14253731281,"4544 186th Ave SE Issaquah, WA 98027","$300,000 - $399,999","$1,000,000+",new,2026-10-01,true,0
Marcello Zamora,(954) 433-3849,+19544333849,"4726 SW 186th Way Miramar, FL 33029","$400,000 - $499,999","$900,000 - $999,999",new,2026-10-01,true,0
Virginia Mckinney,(954) 434-8795,+19544348795,"4810 SW 186th Ave Southwest Ranches, FL 33332","$400,000 - $499,999","$1,000,000+",new,2026-10-01,true,0
Ray Summerlin,(954) 434-4509,+19544344509,"5180 SW 186th Ave Southwest Ranches, FL 33332","$50,000 - $59,999","$800,000 - $899,999",new,2026-10-01,true,0
Luis Ginoris,(954) 434-9654,+19544349654,"5210 SW 186th Ave Southwest Ranches, FL 33332","$60,000 - $69,999","$700,000 - $799,999",new,2026-10-01,true,0
Manuel Alonso,(954) 252-5322,+19542525322,"5305 SW 186th Ave Southwest Ranches, FL 33332","$250,000 - $299,999","$1,000,000+",new,2026-10-01,true,0
Anthony Crothers,(954) 252-7517,+19542527517,"5330 SW 186th Ave Southwest Ranches, FL 33332","$100,000 - $124,999","$1,000,000+",new,2026-10-01,true,0
Shi Huang,(917) 563-5513,+19175635513,"5624 186th St Flushing, NY 11365","$400,000 - $499,999","$1,000,000+",new,2026-10-01,true,0
Gloria Barbetta,(718) 417-6214,+17184176214,"5814 186th St Fresh Meadows, NY 11365","$100,000 - $124,999","$1,000,000+",new,2026-10-01,true,0
Edgardo Venturanza,(718) 767-2347,+17187672347,"5837 186th St Fresh Meadows, NY 11365","$100,000 - $124,999","$900,000 - $999,999",new,2026-10-01,true,0
Ronald Deocampo,(718) 357-3948,+17183573948,"5845 186th St Fresh Meadows, NY 11365","$100,000 - $124,999","$900,000 - $999,999",new,2026-10-01,true,0
Christopher Chee,(718) 539-3899,+17185393899,"6126 186th St Fresh Meadows, NY 11365","$80,000 - $89,999","$1,000,000+",new,2026-10-01,true,0
Michael How,(718) 264-8575,+17182648575,"7334 186th St Fresh Meadows, NY 11366","$300,000 - $399,999","$900,000 - $999,999",new,2026-10-01,true,0
Kenneth Dinin,(718) 468-5119,+17184685119,"7350 186th St Fresh Meadows, NY 11366","$400,000 - $499,999","$1,000,000+",new,2026-10-01,true,0
Christine Lee,(718) 264-7363,+17182647363,"7521 186th St Fresh Meadows, NY 11366","$100,000 - $124,999","$1,000,000+",new,2026-10-01,true,0
Janet Turbin,(718) 454-9459,+17184549459,"7529 186th St Fresh Meadows, NY 11366","$40,000 - $49,999","$1,000,000+",new,2026-10-01,true,0
Roshel Isakov,(347) 480-5628,+13474805628,"7538 186th St Fresh Meadows, NY 11366","$400,000 - $499,999","$1,000,000+",new,2026-10-01,true,0
Margarita Palmer,(305) 278-9751,+13052789751,"8053 SW 186th St Cutler Bay, FL 33157","$100,000 - $124,999","$800,000 - $899,999",new,2026-10-01,true,0
Iris Chacon,(352) 591-6065,+13525916065,"8141 NW 186th St Reddick, FL 32686","$20,000 - $29,999","$1,000,000+",new,2026-10-01,true,0
Jeanne Atkinson,(425) 775-5986,+14257755986,"8228 186th St SW Edmonds, WA 98026","$300,000 - $399,999","$800,000 - $899,999",new,2026-10-01,true,0
Deepika Fernando,(503) 533-0866,+15035330866,"8370 SW 186th Ave Beaverton, OR 97007","$400,000 - $499,999","$700,000 - $799,999",new,2026-10-01,true,0
Roger Fincher,(425) 778-3660,+14257783660,"8520 186th St SW Edmonds, WA 98026","$300,000 - $399,999","$1,000,000+",new,2026-10-01,true,0
Teresita Iriberri,(718) 470-2406,+17184702406,"8915 186th St Hollis, NY 11423","$40,000 - $49,999","$700,000 - $799,999",new,2026-10-01,true,0
Christina Jaipersaud,(718) 264-2994,+17182642994,"8933 186th St Hollis, NY 11423","$60,000 - $69,999","$700,000 - $799,999",new,2026-10-01,true,0
Donald Hanchar,(352) 489-7451,+13524897451,"9899 SW 186th Ave Dunnellon, FL 34432","$20,000 - $29,999","$800,000 - $899,999",new,2026-10-01,true,0
Abel Cruz,(425) 861-9046,+14258619046,"10214 186th Ct NE Redmond, WA 98052","$250,000 - $299,999","$1,000,000+",new,2026-10-01,true,0
Kenny Louie,(425) 277-8028,+14252778028,"10228 SE 186th St Renton, WA 98055","$175,000 - $199,999","$800,000 - $899,999",new,2026-10-01,true,0
Kathleen Hollstrom,(352) 489-6642,+13524896642,"10545 SW 186th Ave Dunnellon, FL 34432","$50,000 - $59,999","$1,000,000+",new,2026-10-01,true,0
Edward Starling,(352) 489-6929,+13524896929,"10951 SW 186th Cir Dunnellon, FL 34432","$60,000 - $69,999","$800,000 - $899,999",new,2026-10-01,true,0
Steven Broback,(425) 885-3896,+14258853896,"13917 186th Ave NE Woodinville, WA 98072","$200,000 - $249,999","$1,000,000+",new,2026-10-01,true,0
Emilio Guerra,(305) 255-8702,+13052558702,"20051 SW 186th St Miami, FL 33187","$50,000 - $59,999","$700,000 - $799,999",new,2026-10-01,true,0
Robert Stillmaker,(425) 432-2049,+14254322049,"23939 SE 186th St Maple Valley, WA 98038","$250,000 - $299,999","$900,000 - $999,999",new,2026-10-01,true,0
Sina Cabilin,(253) 639-6497,+12536396497,"31000 186th Pl SE Kent, WA 98042","$250,000 - $299,999","$800,000 - $899,999",new,2026-10-01,true,0
Jonathan Mcinnes,(435) 359-9073,+14353599073,"5527 N 1870 W Saint George, UT 84770","$175,000 - $199,999","$700,000 - $799,999",new,2026-10-01,true,0
Leonard Levitz,(305) 792-0815,+13057920815,"225 187th St Sunny Isles Beach, FL 33160","$400,000 - $499,999","$1,000,000+",new,2026-10-01,true,0
Michael Galy,(305) 932-0592,+13059320592,"235 187th St Sunny Isles Beach, FL 33160","$100,000 - $124,999","$1,000,000+",new,2026-10-01,true,0
Reginald Mathis,(786) 657-7761,+17866577761,"245 187th St Sunny Isles Beach, FL 33160","$60,000 - $69,999","$1,000,000+",new,2026-10-01,true,0
Elizabeth Trattner,(305) 682-9358,+13056829358,"265 187th St Sunny Isles Beach, FL 33160","$300,000 - $399,999","$1,000,000+",new,2026-10-01,true,0
Aj Komai,(310) 329-0093,+13103290093,"1409 W 187th St Gardena, CA 90248","$70,000 - $79,999","$700,000 - $799,999",new,2026-10-01,true,0
Barbara Troia,(402) 697-8127,+14026978127,"1646 S 187th Cir Omaha, NE 68130","$400,000 - $499,999","$1,000,000+",new,2026-10-01,true,0
Timothy Stern,(425) 614-1415,+14256141415,"1715 187th Ave NE Bellevue, WA 98008","$250,000 - $299,999","$1,000,000+",new,2026-10-01,true,0
Gaston Isoldi,(786) 657-7587,+17866577587,"1845 NE 187th St North Miami Beach, FL 33179","$50,000 - $59,999","$900,000 - $999,999",new,2026-10-01,true,0
Ezra Lorber,(305) 932-3541,+13059323541,"2125 NE 187th St North Miami Beach, FL 33179","$70,000 - $79,999","$800,000 - $899,999",new,2026-10-01,true,0
Ronney Virgillito,(954) 704-9817,+19547049817,"2315 NW 187th Ave Pembroke Pines, FL 33029","$100,000 - $124,999","$700,000 - $799,999",new,2026-10-01,true,0
Jose Santana,(305) 931-3013,+13059313013,"2385 NE 187th St Miami, FL 33180","$100,000 - $124,999","$700,000 - $799,999",new,2026-10-01,true,0
Judy Jawer,(954) 367-7799,+19543677799,"3120 SW 187th Ter Miramar, FL 33029","$100,000 - $124,999","$900,000 - $999,999",new,2026-10-01,true,0
Judith Bevington,(206) 363-2973,+12063632973,"3542 NE 187th St Lake Forest Park, WA 98155","$400,000 - $499,999","$800,000 - $899,999",new,2026-10-01,true,0
Timothy Kaplan,(402) 932-0992,+14029320992,"4141 S 187th St Omaha, NE 68135","$400,000 - $499,999","$1,000,000+",new,2026-10-01,true,0
Marilyn Narson,(718) 357-3054,+17183573054,"4862 187th St Fresh Meadows, NY 11365","$100,000 - $124,999","$1,000,000+",new,2026-10-01,true,0
Choy Lai,(718) 767-2929,+17187672929,"5649 187th St Flushing, NY 11365","$100,000 - $124,999","$1,000,000+",new,2026-10-01,true,0
Richard Bischof,(718) 357-3530,+17183573530,"5825 187th St Fresh Meadows, NY 11365","$100,000 - $124,999","$1,000,000+",new,2026-10-01,true,0
Dennis Nadbornik,(503) 591-1069,+15035911069,"7330 SW 187th Pl Beaverton, OR 97007","$60,000 - $69,999","$700,000 - $799,999",new,2026-10-01,true,0
Wilson Tsao,(718) 454-2528,+17184542528,"7331 187th St Fresh Meadows, NY 11366","$300,000 - $399,999","$1,000,000+",new,2026-10-01,true,0
Michael Weiner,(347) 809-7930,+13478097930,"7508 187th St Fresh Meadows, NY 11366","$300,000 - $399,999","$1,000,000+",new,2026-10-01,true,0
Wayne Stringer,(305) 256-1261,+13052561261,"7511 SW 187th St Cutler Bay, FL 33157","$250,000 - $299,999","$1,000,000+",new,2026-10-01,true,0
Inna Rozentsvit,(718) 454-1175,+17184541175,"7515 187th St Flushing, NY 11366","$20,000 - $29,999","$1,000,000+",new,2026-10-01,true,0
Edward Grassel,(718) 454-7844,+17184547844,"7520 187th St Fresh Meadows, NY 11366","$60,000 - $69,999","$900,000 - $999,999",new,2026-10-01,true,0
Edward Musheyev,(347) 809-9091,+13478099091,"7539 187th St Fresh Meadows, NY 11366","$300,000 - $399,999","$1,000,000+",new,2026-10-01,true,0
Marko Ivezaj,(718) 441-2161,+17184412161,"7547 187th St Fresh Meadows, NY 11366","$400,000 - $499,999","$1,000,000+",new,2026-10-01,true,0
Jaime Rivas,(305) 255-9822,+13052559822,"7837 SW 187th Ter Cutler Bay, FL 33157","$300,000 - $399,999","$1,000,000+",new,2026-10-01,true,0
Hector Garcia,(305) 233-1910,+13052331910,"7964 SW 187th St Cutler Bay, FL 33157","$70,000 - $79,999","$700,000 - $799,999",new,2026-10-01,true,0
Walter Richardson,(305) 233-5653,+13052335653,"7993 SW 187th St Cutler Bay, FL 33157","$80,000 - $89,999","$800,000 - $899,999",new,2026-10-01,true,0
Mary Lageyre,(305) 971-9585,+13059719585,"8040 SW 187th St Cutler Bay, FL 33157","$200,000 - $249,999","$800,000 - $899,999",new,2026-10-01,true,0
Robert Baer,(305) 964-5431,+13059645431,"8140 SW 187th St Cutler Bay, FL 33157","$300,000 - $399,999","$800,000 - $899,999",new,2026-10-01,true,0
Arne Gard,(425) 771-0145,+14257710145,"8418 187th St SW Edmonds, WA 98026","$250,000 - $299,999","$900,000 - $999,999",new,2026-10-01,true,0
Ardiefe Padua,(718) 454-4370,+17184544370,"8810 187th St Hollis, NY 11423","$50,000 - $59,999","$700,000 - $799,999",new,2026-10-01,true,0
Madelene Arroyo,(718) 454-5317,+17184545317,"8833 187th St Hollis, NY 11423","$50,000 - $59,999","$700,000 - $799,999",new,2026-10-01,true,0
Lachminie Deonarain,(718) 454-0287,+17184540287,"8836 187th St Hollis, NY 11423","$70,000 - $79,999","$800,000 - $899,999",new,2026-10-01,true,0
Robert Canuto,(718) 454-1920,+17184541920,"8914 187th St Hollis, NY 11423","$60,000 - $69,999","$700,000 - $799,999",new,2026-10-01,true,0
Pedro Asencio,(305) 200-1766,+13052001766,"8932 NW 187th St Hialeah, FL 33018","$250,000 - $299,999","$900,000 - $999,999",new,2026-10-01,true,0
Bibi Kallu,(718) 454-2728,+17184542728,"9017 187th Pl Hollis, NY 11423","$90,000 - $99,999","$1,000,000+",new,2026-10-01,true,0
Fred Dimalanta,(425) 271-2563,+14252712563,"10335 SE 187th Pl Renton, WA 98055","$250,000 - $299,999","$700,000 - $799,999",new,2026-10-01,true,0
Marc Mikasa,(425) 271-2157,+14252712157,"13222 SE 187th Pl Renton, WA 98058","$100,000 - $124,999","$700,000 - $799,999",new,2026-10-01,true,0
Jay Ramaswamy,(425) 277-9586,+14252779586,"14739 SE 187th Ct Renton, WA 98058","$200,000 - $249,999","$700,000 - $799,999",new,2026-10-01,true,0
Robert Kaskes,(425) 788-3393,+14257883393,"15504 187th Ave NE Woodinville, WA 98072","$300,000 - $399,999","$900,000 - $999,999",new,2026-10-01,true,0
Phillip Lee,(360) 944-3928,+13609443928,"16110 NE 187th Ave Brush Prairie, WA 98606","$400,000 - $499,999","$700,000 - $799,999",new,2026-10-01,true,0
Derek Robbecke,(425) 413-5917,+14254135917,"18035 187th Ave SE Renton, WA 98058","$300,000 - $399,999","$1,000,000+",new,2026-10-01,true,0
Raymond Sutyak,(480) 988-0892,+14809880892,"19805 S 187th Dr Queen Creek, AZ 85142","$100,000 - $124,999","$700,000 - $799,999",new,2026-10-01,true,0
Sonia Amitrano,(786) 481-5254,+17864815254,"24105 SW 187th Ave Homestead, FL 33031","$40,000 - $49,999","$900,000 - $999,999",new,2026-10-01,true,0
Scott Cabrera,(305) 247-6875,+13052476875,"26900 SW 187th Ave Homestead, FL 33031","$100,000 - $124,999","$800,000 - $899,999",new,2026-10-01,true,0
Cindy Cavallaro,(305) 242-5630,+13052425630,"27501 SW 187th Ave Homestead, FL 33031","$90,000 - $99,999","$1,000,000+",new,2026-10-01,true,0
Gerald Raisanen,(360) 263-6945,+13602636945,"38717 NE 187th Ave Amboy, WA 98601","$200,000 - $249,999","$800,000 - $899,999",new,2026-10-01,true,0
Katie Vento,(305) 466-4643,+13054664643,"310 188th St Sunny Isles Beach, FL 33160","$100,000 - $124,999","$1,000,000+",new,2026-10-01,true,0
Harry Fenner,(206) 542-1336,+12065421336,"432 N 188th St Shoreline, WA 98133","$100,000 - $124,999","$700,000 - $799,999",new,2026-10-01,true,0
David Fruitman,(305) 933-0422,+13059330422,"1911 NE 188th St Miami, FL 33179","$100,000 - $124,999","$1,000,000+",new,2026-10-01,true,0
Kenneth Block,(305) 932-4192,+13059324192,"1951 NE 188th St Miami, FL 33179","$50,000 - $59,999","$1,000,000+",new,2026-10-01,true,0
Pearl Kallio,(425) 481-4716,+14254814716,"2405 188th Pl SE Bothell, WA 98012","$200,000 - $249,999","$800,000 - $899,999",new,2026-10-01,true,0
John Chu,(206) 242-5202,+12062425202,"4410 S 188th Pl Seatac, WA 98188","$90,000 - $99,999","$1,000,000+",new,2026-10-01,true,0
Irene Jadlickyj,(718) 939-9453,+17189399453,"4677 188th St Flushing, NY 11358","$60,000 - $69,999","$1,000,000+",new,2026-10-01,true,0
Jo Kohn,(718) 357-7849,+17183577849,"4714 188th St Flushing, NY 11358","$250,000 - $299,999","$900,000 - $999,999",new,2026-10-01,true,0
Maria Starnes,(718) 357-7483,+17183577483,"4723 188th St Flushing, NY 11358","$400,000 - $499,999","$900,000 - $999,999",new,2026-10-01,true,0
Charles Castellino,(718) 357-4911,+17183574911,"4842 188th St Fresh Meadows, NY 11365","$60,000 - $69,999","$800,000 - $899,999",new,2026-10-01,true,0
Adrienne Shurak,(718) 357-8733,+17183578733,"5612 188th St Fresh Meadows, NY 11365","$50,000 - $59,999","$1,000,000+",new,2026-10-01,true,0
Zubeda Patel,(347) 732-0719,+13477320719,"5652 188th St Fresh Meadows, NY 11365","$400,000 - $499,999","$1,000,000+",new,2026-10-01,true,0
Mashukur Rahman,(718) 357-4102,+17183574102,"5820 188th St Fresh Meadows, NY 11365","$400,000 - $499,999","$1,000,000+",new,2026-10-01,true,0
Liqing Yang,(718) 760-1979,+17187601979,"5824 188th St Fresh Meadows, NY 11365","$70,000 - $79,999","$1,000,000+",new,2026-10-01,true,0
Andrea Sullivan,(718) 357-4767,+17183574767,"5836 188th St Fresh Meadows, NY 11365","$200,000 - $249,999","$1,000,000+",new,2026-10-01,true,0
Ricardo Talledo,(718) 357-9537,+17183579537,"5843 188th St Fresh Meadows, NY 11365","$100,000 - $124,999","$1,000,000+",new,2026-10-01,true,0
Michael Rossano,(954) 434-3841,+19544343841,"5890 SW 188th Ave Southwest Ranches, FL 33332","$80,000 - $89,999","$800,000 - $899,999",new,2026-10-01,true,0
Dawn Schuh,(715) 720-0393,+17157200393,"5946 188th St Chippewa Falls, WI 54729","$300,000 - $399,999","$700,000 - $799,999",new,2026-10-01,true,0
Jodi Jenks,(954) 680-9787,+19546809787,"6161 SW 188th Ave Southwest Ranches, FL 33332","$150,000 - $174,999","$900,000 - $999,999",new,2026-10-01,true,0
Anthony Lombardo,(561) 795-5265,+15617955265,"6263 188th Trl N Loxahatchee, FL 33470","$100,000 - $124,999","$700,000 - $799,999",new,2026-10-01,true,0
Jennifer Dwyer,(425) 487-1210,+14254871210,"6439 NE 188th St Kenmore, WA 98028","$400,000 - $499,999","$1,000,000+",new,2026-10-01,true,0
Stan Lennard,(360) 668-9334,+13606689334,"7009 188th St SE Snohomish, WA 98296","$100,000 - $124,999","$1,000,000+",new,2026-10-01,true,0
Gordon Wright,(425) 483-3665,+14254833665,"7029 188th St SE Snohomish, WA 98296","$250,000 - $299,999","$800,000 - $899,999",new,2026-10-01,true,0
Maria Heim,(718) 454-3041,+17184543041,"7328 188th St Fresh Meadows, NY 11366","$100,000 - $124,999","$1,000,000+",new,2026-10-01,true,0
Daniel Rachmat,(347) 632-5232,+13476325232,"7339 188th St Fresh Meadows, NY 11366","$250,000 - $299,999","$1,000,000+",new,2026-10-01,true,0
Samuel Grossman,(718) 454-2204,+17184542204,"7348 188th St Fresh Meadows, NY 11366","$200,000 - $249,999","$700,000 - $799,999",new,2026-10-01,true,0
Jorge Pittaluga,(305) 234-9879,+13052349879,"7506 SW 188th Ln Cutler Bay, FL 33157","$200,000 - $249,999","$900,000 - $999,999",new,2026-10-01,true,0
Joe Balleste,(305) 235-5286,+13052355286,"7543 SW 188th Ter Cutler Bay, FL 33157","$200,000 - $249,999","$1,000,000+",new,2026-10-01,true,0
Sandra Alonso,(305) 234-5690,+13052345690,"7565 SW 188th Ln Cutler Bay, FL 33157","$500,000 Plus","$700,000 - $799,999",new,2026-10-01,true,0
Diana Viciana,(786) 242-3469,+17862423469,"7705 SW 188th Ter Cutler Bay, FL 33157","$400,000 - $499,999","$900,000 - $999,999",new,2026-10-01,true,0
Carlos Villanueva,(786) 713-5653,+17867135653,"7730 SW 188th Ter Cutler Bay, FL 33157","$70,000 - $79,999","$700,000 - $799,999",new,2026-10-01,true,0
Joy Hill,(305) 964-5787,+13059645787,"8000 SW 188th St Cutler Bay, FL 33157","$100,000 - $124,999","$700,000 - $799,999",new,2026-10-01,true,0
Joyce Akhtar,(718) 658-8507,+17186588507,"8016 188th St Hollis, NY 11423","$300,000 - $399,999","$1,000,000+",new,2026-10-01,true,0
Roza Yusupova,(347) 426-9765,+13474269765,"8131 188th St Hollis, NY 11423","$250,000 - $299,999","$900,000 - $999,999",new,2026-10-01,true,0
Mercedes Avila-Diaz,(305) 964-5676,+13059645676,"8203 SW 188th Ter Cutler Bay, FL 33157","$300,000 - $399,999","$800,000 - $899,999",new,2026-10-01,true,0
Faik Kolenovic,(718) 217-1355,+17182171355,"8235 188th St Hollis, NY 11423","$400,000 - $499,999","$1,000,000+",new,2026-10-01,true,0
Jeffery Gold,(718) 454-9363,+17184549363,"8416 188th St Hollis, NY 11423","$150,000 - $174,999","$1,000,000+",new,2026-10-01,true,0
Terrence Mohammed,(718) 454-5686,+17184545686,"8624 188th St Hollis, NY 11423","$100,000 - $124,999","$1,000,000+",new,2026-10-01,true,0
Thalakotoor Joy,(718) 454-2087,+17184542087,"8638 188th St Hollis, NY 11423","$50,000 - $59,999","$1,000,000+",new,2026-10-01,true,0
Jane Maravilla,(718) 454-0506,+17184540506,"8672 188th St Hollis, NY 11423","$400,000 - $499,999","$800,000 - $899,999",new,2026-10-01,true,0
Pauravi Patel,(718) 468-1083,+17184681083,"8707 188th St Hollis, NY 11423","$400,000 - $499,999","$1,000,000+",new,2026-10-01,true,0
Barbara Hillman,(425) 424-9336,+14254249336,"12826 NE 188th Ct Bothell, WA 98011","$400,000 - $499,999","$800,000 - $899,999",new,2026-10-01,true,0
Mary Gustine,(425) 277-3175,+14252773175,"13607 SE 188th St Renton, WA 98058","$60,000 - $69,999","$700,000 - $799,999",new,2026-10-01,true,0
Shane Tohara,(425) 485-1755,+14254851755,"14244 NE 188th Ct Woodinville, WA 98072","$300,000 - $399,999","$800,000 - $899,999",new,2026-10-01,true,0
Eric Brooks,(425) 881-7878,+14258817878,"15326 188th Ave NE Woodinville, WA 98072","$200,000 - $249,999","$1,000,000+",new,2026-10-01,true,0
Evelyn Luna,(786) 732-7298,+17867327298,"15821 SW 188th St Miami, FL 33187","$40,000 - $49,999","$800,000 - $899,999",new,2026-10-01,true,0
Orlando Otero,(305) 278-1462,+13052781462,"17240 SW 188th St Miami, FL 33187","$40,000 - $49,999","$1,000,000+",new,2026-10-01,true,0
Maureen Daudistel,(360) 882-8371,+13608828371,"17500 NE 188th Ct Brush Prairie, WA 98606","$300,000 - $399,999","$1,000,000+",new,2026-10-01,true,0
Luis Morales,(786) 293-3442,+17862933442,"17855 SW 188th St Miami, FL 33187","$175,000 - $199,999","$900,000 - $999,999",new,2026-10-01,true,0
George Zumwalt,(360) 687-8258,+13606878258,"22123 NE 188th Ave Battle Ground, WA 98604","$175,000 - $199,999","$800,000 - $899,999",new,2026-10-01,true,0
Byron Ek,(360) 666-8441,+13606668441,"25200 NE 188th Ct Battle Ground, WA 98604","$250,000 - $299,999","$800,000 - $899,999",new,2026-10-01,true,0
Jerry Guddat,(253) 639-7333,+12536397333,"27630 188th Pl SE Kent, WA 98042","$400,000 - $499,999","$800,000 - $899,999",new,2026-10-01,true,0
Susan Pendleton,(253) 833-6513,+12538336513,"37407 188th Ave SE Auburn, WA 98092","$175,000 - $199,999","$700,000 - $799,999",new,2026-10-01,true,0
Eric Hvalsoe,(206) 533-9138,+12065339138,"104 NW 189th St Shoreline, WA 98177","$100,000 - $124,999","$700,000 - $799,999",new,2026-10-01,true,0
Efrain Cruz,(305) 932-9228,+13059329228,"212 189th Ter Sunny Isles Beach, FL 33160","$70,000 - $79,999","$700,000 - $799,999",new,2026-10-01,true,0
Marissa Rabbat,(305) 692-8978,+13056928978,"222 189th Ter Sunny Isles Beach, FL 33160","$100,000 - $124,999","$1,000,000+",new,2026-10-01,true,0
Rodney Valdivia,(954) 431-1719,+19544311719,"801 SW 189th Ave Pembroke Pines, FL 33029","$300,000 - $399,999","$800,000 - $899,999",new,2026-10-01,true,0
Mayrene Hernandez,(954) 538-0517,+19545380517,"850 SW 189th Ave Pembroke Pines, FL 33029","$400,000 - $499,999","$700,000 - $799,999",new,2026-10-01,true,0
Jacqueline Phagan,(954) 437-2130,+19544372130,"1151 SW 189th Ave Pembroke Pines, FL 33029","$300,000 - $399,999","$800,000 - $899,999",new,2026-10-01,true,0
Kim Gates,(402) 496-3184,+14024963184,"1404 N 189th St Elkhorn, NE 68022","$300,000 - $399,999","$700,000 - $799,999",new,2026-10-01,true,0
Tomas Elvir,(402) 934-0750,+14029340750,"2029 S 189th Cir Omaha, NE 68130","$400,000 - $499,999","$1,000,000+",new,2026-10-01,true,0
Lucy Newman,(402) 884-7985,+14028847985,"2220 S 189th Cir Omaha, NE 68130","$400,000 - $499,999","$1,000,000+",new,2026-10-01,true,0
Thomas Halpenny,(360) 887-1888,+13608871888,"2826 NW 189th St Ridgefield, WA 98642","$90,000 - $99,999","$900,000 - $999,999",new,2026-10-01,true,0
Milton Perez,(954) 392-1097,+19543921097,"3042 SW 189th Ave Miramar, FL 33029","$400,000 - $499,999","$1,000,000+",new,2026-10-01,true,0
Barry Rimer,(425) 482-3072,+14254823072,"3131 189th Pl SE Bothell, WA 98012","$200,000 - $249,999","$900,000 - $999,999",new,2026-10-01,true,0
Enrique Villacrez,(954) 704-4283,+19547044283,"3149 SW 189th Ter Miramar, FL 33029","$300,000 - $399,999","$900,000 - $999,999",new,2026-10-01,true,0
Russell Oliver,(425) 483-1255,+14254831255,"3312 189th Pl SE Bothell, WA 98012","$300,000 - $399,999","$900,000 - $999,999",new,2026-10-01,true,0
John Dewilde,(425) 481-3219,+14254813219,"3410 189th St SE Bothell, WA 98012","$50,000 - $59,999","$900,000 - $999,999",new,2026-10-01,true,0
Anthony Pavan,(718) 539-8004,+17185398004,"4017 189th St Flushing, NY 11358","$70,000 - $79,999","$900,000 - $999,999",new,2026-10-01,true,0
Jennifer Newell,(425) 746-1478,+14257461478,"4244 189th Ave SE Issaquah, WA 98027","$250,000 - $299,999","$1,000,000+",new,2026-10-01,true,0
Anchalee Pornpitaksuk,(718) 539-5471,+17185395471,"4330 189th St Flushing, NY 11358","$200,000 - $249,999","$700,000 - $799,999",new,2026-10-01,true,0
Robin Colapietro,(718) 353-3769,+17183533769,"4504 189th St Flushing, NY 11358","$70,000 - $79,999","$1,000,000+",new,2026-10-01,true,0
Cheryll Hundley,(718) 539-9266,+17185399266,"4610 189th St Flushing, NY 11358","$60,000 - $69,999","$800,000 - $899,999",new,2026-10-01,true,0
Kyle Petersen,(320) 354-2578,+13203542578,"4624 189th Ave NW New London, MN 56273","$250,000 - $299,999","$1,000,000+",new,2026-10-01,true,0
Katherine Loughran,(718) 358-4268,+17183584268,"4648 189th St Flushing, NY 11358","$300,000 - $399,999","$900,000 - $999,999",new,2026-10-01,true,0
Stavros Karanikolas,(718) 224-2338,+17182242338,"4748 189th St Flushing, NY 11358","$400,000 - $499,999","$1,000,000+",new,2026-10-01,true,0
Earl Fishhaut,(718) 357-4698,+17183574698,"4811 189th St Fresh Meadows, NY 11365","$20,000 - $29,999","$900,000 - $999,999",new,2026-10-01,true,0
Kevin Tung,(718) 961-4520,+17189614520,"4825 189th St Fresh Meadows, NY 11365","$400,000 - $499,999","$1,000,000+",new,2026-10-01,true,0
Elaine Nasta,(718) 357-7752,+17183577752,"4853 189th St Fresh Meadows, NY 11365","$30,000 - $39,999","$900,000 - $999,999",new,2026-10-01,true,0
Sarvesh Thakur,(425) 836-8196,+14258368196,"5314 189th Ave NE Sammamish, WA 98074","$400,000 - $499,999","$1,000,000+",new,2026-10-01,true,0
Steven Ziegler,(718) 357-1970,+17183571970,"5639 189th St Fresh Meadows, NY 11365","$100,000 - $124,999","$1,000,000+",new,2026-10-01,true,0
Lucy Riesco,(718) 357-8751,+17183578751,"5807 189th St Fresh Meadows, NY 11365","$70,000 - $79,999","$1,000,000+",new,2026-10-01,true,0
Gertrude Schroeder,(718) 767-1812,+17187671812,"5831 189th St Fresh Meadows, NY 11365","$70,000 - $79,999","$1,000,000+",new,2026-10-01,true,0
John Orourke,(718) 465-5213,+17184655213,"7334 189th St Fresh Meadows, NY 11366","$300,000 - $399,999","$1,000,000+",new,2026-10-01,true,0
Shaheena Raza,(718) 217-6953,+17182176953,"7539 189th St Fresh Meadows, NY 11366","$100,000 - $124,999","$1,000,000+",new,2026-10-01,true,0
Sandra Pazmino,(718) 776-0674,+17187760674,"7546 189th St Fresh Meadows, NY 11366","$100,000 - $124,999","$900,000 - $999,999",new,2026-10-01,true,0
Kerrie Smithberg,(715) 726-1724,+17157261724,"7697 189th St Chippewa Falls, WI 54729","$400,000 - $499,999","$800,000 - $899,999",new,2026-10-01,true,0
Ricky Hunt,(715) 861-3610,+17158613610,"7739 189th St Chippewa Falls, WI 54729","$300,000 - $399,999","$900,000 - $999,999",new,2026-10-01,true,0
Michael Young,(718) 468-4490,+17184684490,"8136 189th St Hollis, NY 11423","$60,000 - $69,999","$1,000,000+",new,2026-10-01,true,0
Weizman Shabat,(718) 740-7601,+17187407601,"8143 189th St Hollis, NY 11423","$100,000 - $124,999","$900,000 - $999,999",new,2026-10-01,true,0
Darren Salinger,(305) 233-8066,+13052338066,"8201 SW 189th Ter Cutler Bay, FL 33157","$125,000 - $149,999","$800,000 - $899,999",new,2026-10-01,true,0
Albert Eliav,(718) 464-6926,+17184646926,"8228 189th St Hollis, NY 11423","$100,000 - $124,999","$1,000,000+",new,2026-10-01,true,0
Teresa Poitras,(360) 568-6271,+13605686271,"8515 189th Ave SE Snohomish, WA 98290","$400,000 - $499,999","$700,000 - $799,999",new,2026-10-01,true,0
Cynthia Fluhart,(305) 829-9252,+13058299252,"8741 NW 189th Ter Hialeah, FL 33018","$50,000 - $59,999","$800,000 - $899,999",new,2026-10-01,true,0
William Flansburg,(425) 318-1125,+14253181125,"8817 NE 189th Pl Bothell, WA 98011","$80,000 - $89,999","$1,000,000+",new,2026-10-01,true,0
John Spurlin,(305) 251-6745,+13052516745,"9553 SW 189th Ter Cutler Bay, FL 33157","$300,000 - $399,999","$700,000 - $799,999",new,2026-10-01,true,0
Florence Hackett,(718) 454-4909,+17184544909,"10413 189th St Saint Albans, NY 11412","$40,000 - $49,999","$800,000 - $899,999",new,2026-10-01,true,0
David Campbell,(425) 788-9288,+14257889288,"18521 189th Ave NE Woodinville, WA 98077","$400,000 - $499,999","$1,000,000+",new,2026-10-01,true,0
Eunice Stevenson,(360) 892-8565,+13608928565,"21308 NE 189th St Brush Prairie, WA 98606","$150,000 - $174,999","$700,000 - $799,999",new,2026-10-01,true,0
Kevin Mcafee,(360) 896-7152,+13608967152,"21615 NE 189th St Brush Prairie, WA 98606","$175,000 - $199,999","$800,000 - $899,999",new,2026-10-01,true,0
Joseph Muscanera,(305) 248-4170,+13052484170,"26800 SW 189th Ave Homestead, FL 33031","$100,000 - $124,999","$900,000 - $999,999",new,2026-10-01,true,0
Leslie Hamada,(253) 631-1929,+12536311929,"28026 189th Ave SE Kent, WA 98042","$70,000 - $79,999","$700,000 - $799,999",new,2026-10-01,true,0
William Autry,(918) 455-8046,+19184558046,"12830 S 189th East Ave Broken Arrow, OK 74011","$400,000 - $499,999","$700,000 - $799,999",new,2026-10-01,true,0
Jonas Priest,(561) 276-2589,+15612762589,"1 NW 18th St Delray Beach, FL 33444","$400,000 - $499,999","$1,000,000+",new,2026-10-01,true,0
Julia Azuma,(212) 807-8104,+12128078104,"12 W 18th St Apt 3e New York, NY 10011","$300,000 - $399,999","$900,000 - $999,999",new,2026-10-01,true,0
Jeffrey Lick,(212) 627-5645,+12126275645,"18 E 18th St # 4e New York, NY 10003","$50,000 - $59,999","$1,000,000+",new,2026-10-01,true,0
Keith Marasia,(516) 342-1042,+15163421042,"18 18th St Jericho, NY 11753","$250,000 - $299,999","$700,000 - $799,999",new,2026-10-01,true,0
Earl Greinetz,(415) 751-1901,+14157511901,"20 18th Ave San Francisco, CA 94121","$300,000 - $399,999","$1,000,000+",new,2026-10-01,true,0
Kenneth Popp,(425) 576-5596,+14255765596,"28 18th Ave Kirkland, WA 98033","$400,000 - $499,999","$1,000,000+",new,2026-10-01,true,0
Juan Muentes,(631) 385-9036,+16313859036,"32 W 18th St Huntington Station, NY 11746","$100,000 - $124,999","$700,000 - $799,999",new,2026-10-01,true,0
Robert Warren,(305) 856-4668,+13058564668,"33 SW 18th Ter Miami, FL 33129","$50,000 - $59,999","$1,000,000+",new,2026-10-01,true,0
Michael Orejel,(310) 318-3769,+13103183769,"74 18th St Hermosa Beach, CA 90254","$200,000 - $249,999","$1,000,000+",new,2026-10-01,true,0
Richard Lee,(310) 318-6428,+13103186428,"88 18th St Hermosa Beach, CA 90254","$400,000 - $499,999","$1,000,000+",new,2026-10-01,true,0
Herbert Hayes,(727) 595-9729,+17275959729,"108 18th St Belleair Beach, FL 33786","$60,000 - $69,999","$800,000 - $899,999",new,2026-10-01,true,0
Gregory Vaughn,(910) 278-1466,+19102781466,"110 SW 18th St Oak Island, NC 28465","$300,000 - $399,999","$800,000 - $899,999",new,2026-10-01,true,0
Josephine Siciliano,(732) 681-0885,+17326810885,"113 18th Ave Belmar, NJ 07719","$150,000 - $174,999","$1,000,000+",new,2026-10-01,true,0
Sunil Arora,(312) 888-2002,+13128882002,"118 E 18th St Chicago, IL 60616","$200,000 - $249,999","$800,000 - $899,999",new,2026-10-01,true,0
Bradley Logan,(312) 922-5123,+13129225123,"120 E 18th St Chicago, IL 60616","$250,000 - $299,999","$700,000 - $799,999",new,2026-10-01,true,0
Mario Tridente,(201) 863-4751,+12018634751,"129 18th St Union City, NJ 07087","$250,000 - $299,999","$700,000 - $799,999",new,2026-10-01,true,0
John Cadue,(212) 995-9858,+12129959858,"130 E 18th St Apt 3r New York, NY 10003","$50,000 - $59,999","$1,000,000+",new,2026-10-01,true,0
Jill Silverman,(415) 751-9143,+14157519143,"130 18th Ave San Francisco, CA 94121","$250,000 - $299,999","$1,000,000+",new,2026-10-01,true,0
Nancy Coghill,(954) 570-5871,+19545705871,"133 SE 18th Ave Deerfield Beach, FL 33441","$200,000 - $249,999","$1,000,000+",new,2026-10-01,true,0
Susan Scher,(212) 462-4199,+12124624199,"163 W 18th St Fl 6 New York, NY 10011","$300,000 - $399,999","$1,000,000+",new,2026-10-01,true,0
Andre Stucki,(954) 360-7791,+19543607791,"165 SE 18th Ave Deerfield Beach, FL 33441","$400,000 - $499,999","$1,000,000+",new,2026-10-01,true,0
Amaro Beltran,(201) 865-5691,+12018655691,"167 18th St Union City, NJ 07087","$80,000 - $89,999","$700,000 - $799,999",new,2026-10-01,true,0
Mary Lenihan,(415) 831-5955,+14158315955,"180 18th Ave San Francisco, CA 94121","$70,000 - $79,999","$1,000,000+",new,2026-10-01,true,0
Lynn Cissna,(727) 823-3023,+17278233023,"185 18th Ave N Saint Petersburg, FL 33704","$70,000 - $79,999","$900,000 - $999,999",new,2026-10-01,true,0
Cheryl Hartzell,(310) 545-3155,+13105453155,"200 18th St Manhattan Beach, CA 90266","$60,000 - $69,999","$1,000,000+",new,2026-10-01,true,0
Jean Allen,(712) 336-5239,+17123365239,"202 18th St Spirit Lake, IA 51360","$80,000 - $89,999","$700,000 - $799,999",new,2026-10-01,true,0
Paul Diop,(202) 629-2666,+12026292666,"205 18th St SE Apt 3 Washington, DC 20003","$300,000 - $399,999","$900,000 - $999,999",new,2026-10-01,true,0
Theodore Bush,(561) 278-4037,+15612784037,"211 NW 18th St Delray Beach, FL 33444","$300,000 - $399,999","$1,000,000+",new,2026-10-01,true,0
Lori Dirocco,(954) 463-1738,+19544631738,"212 SW 18th Ave Fort Lauderdale, FL 33312","$400,000 - $499,999","$700,000 - $799,999",new,2026-10-01,true,0
William Weinle,(713) 861-3133,+17138613133,"214 W 18th St Houston, TX 77008","$100,000 - $124,999","$700,000 - $799,999",new,2026-10-01,true,0
Mary Davids,(310) 545-6005,+13105456005,"217 18th St Manhattan Beach, CA 90266","$50,000 - $59,999","$1,000,000+",new,2026-10-01,true,0
Andrea Rattner,(212) 645-0457,+12126450457,"224 W 18th St Apt 8c New York, NY 10011","$400,000 - $499,999","$1,000,000+",new,2026-10-01,true,0
Paul Hoffman,(310) 545-8822,+13105458822,"229 18th St Manhattan Beach, CA 90266","$300,000 - $399,999","$1,000,000+",new,2026-10-01,true,0
Shaler Ladd,(212) 375-0409,+12123750409,"230 E 18th St Apt 5b New York, NY 10003","$50,000 - $59,999","$1,000,000+",new,2026-10-01,true,0
Simone Sandri,(646) 678-3238,+16466783238,"230 E 18th St Apt 5d New York, NY 10003","$300,000 - $399,999","$1,000,000+",new,2026-10-01,true,0
Martin Kelemen,(310) 393-6275,+13103936275,"230 18th St Santa Monica, CA 90402","$50,000 - $59,999","$1,000,000+",new,2026-10-01,true,0
Leonard Klehr,(215) 236-6081,+12152366081,"237 S 18th St Apt 20b Philadelphia, PA 19103","$300,000 - $399,999","$1,000,000+",new,2026-10-01,true,0
Richard Vague,(215) 546-2823,+12155462823,"237 S 18th St Apt 5a Philadelphia, PA 19103","$200,000 - $249,999","$1,000,000+",new,2026-10-01,true,0
Erik Burge,(212) 982-5791,+12129825791,"243 E 18th St Apt 7 New York, NY 10003","$300,000 - $399,999","$1,000,000+",new,2026-10-01,true,0
Ruth Donald,(310) 393-8020,+13103938020,"243 18th St Santa Monica, CA 90402","$70,000 - $79,999","$1,000,000+",new,2026-10-01,true,0
Eddie Montiel,(718) 715-1574,+17187151574,"248 18th St Brooklyn, NY 11215","$400,000 - $499,999","$1,000,000+",new,2026-10-01,true,0
Larry Little,(954) 782-4248,+19547824248,"251 SW 18th Ct Pompano Beach, FL 33060","$60,000 - $69,999","$800,000 - $899,999",new,2026-10-01,true,0
Carlos Fontan,(718) 369-0226,+17183690226,"253 18th St Brooklyn, NY 11215","$100,000 - $124,999","$1,000,000+",new,2026-10-01,true,0
Jean Chaltiel,(212) 366-4092,+12123664092,"300 W 18th St Apt 300 New York, NY 10011","$400,000 - $499,999","$1,000,000+",new,2026-10-01,true,0
Kathryn Calhoun,(312) 765-0876,+13127650876,"312 E 18th St Chicago, IL 60616","$250,000 - $299,999","$700,000 - $799,999",new,2026-10-01,true,0
Dennis Thomas,(718) 940-2563,+17189402563,"314 E 18th St Brooklyn, NY 11226","$300,000 - $399,999","$1,000,000+",new,2026-10-01,true,0
Christopher Quander,(202) 397-8786,+12023978786,"314 18th St NE Washington, DC 20002","$100,000 - $124,999","$700,000 - $799,999",new,2026-10-01,true,0
Patrick Charmley,(206) 860-7232,+12068607232,"316 18th Ave Seattle, WA 98122","$80,000 - $89,999","$900,000 - $999,999",new,2026-10-01,true,0
Thomas French,(303) 277-0507,+13032770507,"317 18th St Golden, CO 80401","$80,000 - $89,999","$1,000,000+",new,2026-10-01,true,0
Jonathan Fuchs,(714) 969-1104,+17149691104,"317 18th St Huntington Beach, CA 92648","$125,000 - $149,999","$700,000 - $799,999",new,2026-10-01,true,0
Lance Gentile,(310) 395-2307,+13103952307,"321 18th St Santa Monica, CA 90402","$400,000 - $499,999","$1,000,000+",new,2026-10-01,true,0
Kristie Pszanka,(954) 597-6384,+19545976384,"330 SW 18th Ct Pompano Beach, FL 33060","$300,000 - $399,999","$700,000 - $799,999",new,2026-10-01,true,0
Kelly Brink,(713) 622-2110,+17136222110,"334 W 18th St Houston, TX 77008","$400,000 - $499,999","$800,000 - $899,999",new,2026-10-01,true,0
Philip Turturice,(718) 284-8056,+17182848056,"340 E 18th St Brooklyn, NY 11226","$60,000 - $69,999","$1,000,000+",new,2026-10-01,true,0
John Mirassou,(949) 791-8382,+19497918382,"382 E 18th St Costa Mesa, CA 92627","$300,000 - $399,999","$1,000,000+",new,2026-10-01,true,0
Jo Karambelas,(310) 546-4012,+13105464012,"400 18th St Manhattan Beach, CA 90266","$300,000 - $399,999","$1,000,000+",new,2026-10-01,true,0
Leigh Daughton,(732) 681-6543,+17326816543,"403 18th Ave Belmar, NJ 07719","$400,000 - $499,999","$900,000 - $999,999",new,2026-10-01,true,0
Victoria Wells,(727) 593-1446,+17275931446,"403 18th Ave Indian Rocks Beach, FL 33785","$60,000 - $69,999","$800,000 - $899,999",new,2026-10-01,true,0
Ruth Fang,(323) 726-8409,+13237268409,"406 N 18th St Montebello, CA 90640","$60,000 - $69,999","$800,000 - $899,999",new,2026-10-01,true,0
Joaquin Diaz,(305) 854-3236,+13058543236,"415 SW 18th Ter Miami, FL 33129","$125,000 - $149,999","$1,000,000+",new,2026-10-01,true,0
Keith Greenberg,(718) 788-8509,+17187888509,"419 18th St Brooklyn, NY 11215","$400,000 - $499,999","$1,000,000+",new,2026-10-01,true,0
Robert Taylor,(714) 964-3411,+17149643411,"425 18th St Huntington Beach, CA 92648","$400,000 - $499,999","$800,000 - $899,999",new,2026-10-01,true,0
Thomas Petrides,(310) 319-9817,+13103199817,"434 18th St Santa Monica, CA 90402","$400,000 - $499,999","$1,000,000+",new,2026-10-01,true,0
Jean Delbrune,(727) 202-0032,+17272020032,"436 18th Ave NE Saint Petersburg, FL 33704","$300,000 - $399,999","$1,000,000+",new,2026-10-01,true,0
Angie Dimon,(310) 833-9022,+13108339022,"436 W 18th St San Pedro, CA 90731","$50,000 - $59,999","$700,000 - $799,999",new,2026-10-01,true,0
Mark Varo,(310) 451-4741,+13104514741,"445 18th St Santa Monica, CA 90402","$300,000 - $399,999","$1,000,000+",new,2026-10-01,true,0
Vincent Assini,(727) 517-0825,+17275170825,"449 18th Ave Indian Rocks Beach, FL 33785","$200,000 - $249,999","$1,000,000+",new,2026-10-01,true,0
George Edmunds,(954) 480-6017,+19544806017,"460 SE 18th Ave Deerfield Beach, FL 33441","$100,000 - $124,999","$900,000 - $999,999",new,2026-10-01,true,0
Michael Boccella,(310) 393-3415,+13103933415,"460 18th St Santa Monica, CA 90402","$200,000 - $249,999","$1,000,000+",new,2026-10-01,true,0
Sarita Escobar,(415) 668-6488,+14156686488,"463 18th Ave San Francisco, CA 94121","$50,000 - $59,999","$800,000 - $899,999",new,2026-10-01,true,0
Linda Ravano,(415) 751-4643,+14157514643,"465 18th Ave San Francisco, CA 94121","$400,000 - $499,999","$800,000 - $899,999",new,2026-10-01,true,0
