Full Name,Telephone,Address,Home Value,Income Range,Date Detected,Queue,Transfer Status,Call Duration (sec)
Michael Powers,+16029971887,"7510 N 1st St Phoenix, AZ 85020","$1,000,000+","$100,000 - $124,999",2026-08-18,fire_transfer,successful,93
Brenda Webb,+13052336446,"16200 SW 200th St Miami, FL 33187","$1,000,000+","$60,000 - $69,999",2026-08-18,fire_transfer,successful,321
Richard Fromm,+17184289272,"2653 202nd St Bayside, NY 11360","$1,000,000+","$60,000 - $69,999",2026-08-18,fire_transfer,successful,1
Loretta Scheer,+17182248757,"5034 202nd St Bayside, NY 11364","$900,000 - $999,999","$60,000 - $69,999",2026-08-18,fire_transfer,successful,311
Nancy Lee,+17186312382,"5015 202nd St Bayside, NY 11364","$1,000,000+","$50,000 - $59,999",2026-08-18,fire_transfer,successful,326
Gary Sefilian,+17182291428,"5815 203rd St Oakland Gardens, NY 11364","$1,000,000+","$70,000 - $79,999",2026-08-18,fire_transfer,successful,1
Nenita Grijalvo,+17184642845,"9316 204th St Hollis, NY 11423","$900,000 - $999,999","$30,000 - $39,999",2026-08-18,fire_transfer,successful,327
William Klein,+13052450448,"26000 SW 204th Ave Homestead, FL 33031","$1,000,000+","$50,000 - $59,999",2026-08-18,human_drop,none,1
John Fish,+14253926251,"2320 205th Ave SE Sammamish, WA 98075","$1,000,000+","$250,000 - $299,999",2026-08-18,fire_transfer,successful,82
Michael Kostel,+17183529178,"2321 206th St Bayside, NY 11360","$1,000,000+","$100,000 - $124,999",2026-08-18,fire_transfer,successful,321
Alan Heaton,+14352752410,"2548 E 2070 S Saint George, UT 84790","$900,000 - $999,999","$250,000 - $299,999",2026-08-18,human_drop,none,1
Joseph Brosi,+17183524607,"2367 207th St Bayside, NY 11360","$1,000,000+","$300,000 - $399,999",2026-08-18,fire_transfer,successful,367
Richard Brown,+13059331550,"3801 NE 207th St Apt 1001 Aventura, FL 33180","$900,000 - $999,999","$400,000 - $499,999",2026-08-18,fire_transfer,successful,317
Julio Lobaton,+17182244860,"5601 207th St Bayside, NY 11364","$1,000,000+","$20,000 - $29,999",2026-08-18,human_drop,none,1
Lily Chao,+17182297102,"3417 208th St Bayside, NY 11361","$900,000 - $999,999","$100,000 - $124,999",2026-08-18,human_drop,none,76
Orland Ohe,+12188425515,"36627 208th Ave Erhard, MN 56534","$900,000 - $999,999","$50,000 - $59,999",2026-08-18,fire_transfer,successful,312
Ronald Silver,+13059326184,"2031 NE 209th St Miami, FL 33179","$900,000 - $999,999","$100,000 - $124,999",2026-08-18,human_drop,none,1
William Briggs,+13103743546,"46 20th Ct Hermosa Beach, CA 90254","$1,000,000+","$50,000 - $59,999",2026-08-18,fire_transfer,successful,1
Irving Kodimer,+13105454363,"213 20th St Manhattan Beach, CA 90266","$1,000,000+","$200,000 - $249,999",2026-08-18,fire_transfer,successful,317
Russell Perry,+15419635458,"318 S 20th St La Grande, OR 97850","$900,000 - $999,999","$100,000 - $124,999",2026-08-18,human_drop,none,26
Todd Leavitt,+13103957050,"421 20th St Santa Monica, CA 90402","$1,000,000+","$400,000 - $499,999",2026-08-18,human_drop,none,26
Susan Plank,+17273937798,"12200 1st St W Apt 303 Treasure Island, FL 33706","$1,000,000+","$30,000 - $39,999",2026-08-18,human_drop,none,89
Daniel Sego,+12065426173,"316 N 200th St Shoreline, WA 98133","$900,000 - $999,999","$300,000 - $399,999",2026-08-18,human_drop,none,26
Thomas Palya,+17183528020,"2630 202nd St Bayside, NY 11360","$900,000 - $999,999","$60,000 - $69,999",2026-08-18,fire_transfer,successful,316
Grace Raggi,+17183523137,"2732 203rd St # 2 Bayside, NY 11360","$1,000,000+","$60,000 - $69,999",2026-08-18,fire_transfer,successful,322
Joyce Thompson,+13606871945,"17808 NE 202nd St Battle Ground, WA 98604","$1,000,000+","$300,000 - $399,999",2026-08-18,human_drop,none,38
Ben Ebbro,+17182240758,"4224 204th St Bayside, NY 11361","$1,000,000+","$60,000 - $69,999",2026-08-18,fire_transfer,successful,361
Alberto Kohn,+13059320618,"3235 NE 207th Ter Aventura, FL 33180","$1,000,000+","$400,000 - $499,999",2026-08-18,human_drop,none,19
Rose Lynch,+17182256447,"4717 207th St Bayside, NY 11361","$900,000 - $999,999","$100,000 - $124,999",2026-08-18,fire_transfer,successful,152
Carol Stevenson,+13608878591,"6510 NW 209th St Ridgefield, WA 98642","$1,000,000+","$400,000 - $499,999",2026-08-18,human_drop,none,1
David Toole,+17149698136,"227 20th St Huntington Beach, CA 92648","$900,000 - $999,999","$175,000 - $199,999",2026-08-18,human_drop,none,67
Shweta Advani,+17182291182,"4826 203rd St Bayside, NY 11364","$1,000,000+","$200,000 - $249,999",2026-08-18,human_drop,none,1
Joseph Brosi,+17183526456,"2337 207th St Bayside, NY 11360","$900,000 - $999,999","$100,000 - $124,999",2026-08-18,human_drop,none,138
Susan Goldfine,+17182255459,"2870 209th Pl Bayside, NY 11360","$900,000 - $999,999","$100,000 - $124,999",2026-08-18,fire_transfer,successful,308
Alan Goldberg,+13059325877,"2011 NE 209th St Miami, FL 33179","$1,000,000+","$400,000 - $499,999",2026-08-18,fire_transfer,successful,315
Ernest Biscardi,+12126753519,"434 W 20th St Apt 1 New York, NY 10011","$900,000 - $999,999","$60,000 - $69,999",2026-08-18,fire_transfer,successful,323
Alejandro Calvillo,+16192396505,"342 20th St San Diego, CA 92102","$1,000,000+","$300,000 - $399,999",2026-08-18,fire_transfer,successful,5
Alfred Vittorio,+17183522878,"2315 204th St Bayside, NY 11360","$900,000 - $999,999","$40,000 - $49,999",2026-08-18,human_drop,none,72
Eugene Baratto,+17152473580,"527 205th Ave Somerset, WI 54025","$1,000,000+","$400,000 - $499,999",2026-08-18,human_drop,none,1
Bona Scarpa,+16099670505,"8601 1st Ave Stone Harbor, NJ 08247","$1,000,000+","$400,000 - $499,999",2026-08-18,fire_transfer,successful,352
Ronald Drabman,+17186313971,"5808 208th St Bayside, NY 11364","$900,000 - $999,999","$50,000 - $59,999",2026-08-18,human_drop,none,1
Michael Glazer,+13104583296,"628 20th St Santa Monica, CA 90402","$1,000,000+","$300,000 - $399,999",2026-08-18,human_drop,none,87
Irene Murphy,+17183522218,"2615 200th St Bayside, NY 11360","$900,000 - $999,999","$50,000 - $59,999",2026-08-18,fire_transfer,successful,323
Gregory Anderson,+13606689515,"10505 206th St SE Snohomish, WA 98296","$900,000 - $999,999","$200,000 - $249,999",2026-08-18,human_drop,none,52
Simon Dalal,+13052540038,"16350 SW 206th St Miami, FL 33187","$1,000,000+","$50,000 - $59,999",2026-08-18,human_drop,none,31
Gregory Dewitt,+19413222307,"6907 207th St E Bradenton, FL 34211","$1,000,000+","$100,000 - $124,999",2026-08-18,fire_transfer,successful,364
John Zavacky,+19413221486,"7821 205th St E Bradenton, FL 34202","$1,000,000+","$300,000 - $399,999",2026-08-18,human_drop,none,50
Helene Demaria,+17182298106,"3636 201st St Bayside, NY 11361","$900,000 - $999,999","$70,000 - $79,999",2026-08-18,fire_transfer,successful,315
James Druiett,+17182254784,"3335 203rd St Bayside, NY 11361","$900,000 - $999,999","$400,000 - $499,999",2026-08-18,human_drop,none,1
Bonnie Smith,+13059323070,"2151 NE 205th St Miami, FL 33179","$900,000 - $999,999","$100,000 - $124,999",2026-08-18,fire_transfer,successful,312
Maria Disalvo,+17184235713,"5635 202nd St Bayside, NY 11364","$1,000,000+","$100,000 - $124,999",2026-08-18,fire_transfer,successful,326
Daniel Stasi,+17182250110,"5808 202nd St Bayside, NY 11364","$1,000,000+","$100,000 - $124,999",2026-08-18,fire_transfer,successful,327
James Diaz,+14153876923,"139 20th Ave San Francisco, CA 94121","$1,000,000+","$50,000 - $59,999",2026-08-18,fire_transfer,successful,309
Howard Levine,+17326810706,"103 20th Ave Belmar, NJ 07719","$1,000,000+","$250,000 - $299,999",2026-08-18,fire_transfer,successful,327
Phu Truong,+14158315312,"733 20th Ave San Francisco, CA 94121","$900,000 - $999,999","$150,000 - $174,999",2026-08-18,fire_transfer,successful,557
Vladimir Belorusets,+14156669940,"719 20th Ave San Francisco, CA 94121","$900,000 - $999,999","$150,000 - $174,999",2026-08-18,human_drop,none,28
Noel Fahey,+17039791712,"1029 20th St S Arlington, VA 22202","$1,000,000+","$400,000 - $499,999",2026-08-18,human_drop,none,2
Nicola Daval,+12022328979,"2220 20th St NW Apt 52 Washington, DC 20009","$900,000 - $999,999","$50,000 - $59,999",2026-08-18,human_drop,none,1
Peter Ryan,+14156611627,"2141 20th Ave San Francisco, CA 94116","$1,000,000+","$60,000 - $69,999",2026-08-18,fire_transfer,successful,39
Robert Hirama,+17032946494,"3154 20th St N Arlington, VA 22201","$1,000,000+","$400,000 - $499,999",2026-08-18,human_drop,none,107
Timothy Henning,+12186822331,"3080 20th Ave NW Hackensack, MN 56452","$1,000,000+","$60,000 - $69,999",2026-08-18,fire_transfer,successful,314
Rosalind Jackson,+17035228990,"4053 20th Rd N Arlington, VA 22207","$1,000,000+","$300,000 - $399,999",2026-08-18,fire_transfer,successful,310
James Macdonnell,+17033589329,"4040 20th Rd N Arlington, VA 22207","$1,000,000+","$300,000 - $399,999",2026-08-18,human_drop,none,46
Samuel Klein,+17183381814,"5105 20th Ave Apt 1 Brooklyn, NY 11204","$1,000,000+","$100,000 - $124,999",2026-08-18,human_drop,none,38
Pedro Cirera,+13055534707,"13990 SW 20th St Miami, FL 33175","$1,000,000+","$100,000 - $124,999",2026-08-18,fire_transfer,successful,317
Noel Fahey,+17039791712,"1029 20th St S Arlington, VA 22202","$1,000,000+","$400,000 - $499,999",2026-08-18,human_drop,none,93
Alan Goldberg,+13059325877,"2011 NE 209th St Miami, FL 33179","$1,000,000+","$400,000 - $499,999",2026-08-18,human_drop,none,30
Rose Lynch,+17182256447,"4717 207th St Bayside, NY 11361","$900,000 - $999,999","$100,000 - $124,999",2026-08-18,human_drop,none,147
Bona Scarpa,+16099670505,"8601 1st Ave Stone Harbor, NJ 08247","$1,000,000+","$400,000 - $499,999",2026-08-18,human_drop,none,103
James Diaz,+14153876923,"139 20th Ave San Francisco, CA 94121","$1,000,000+","$50,000 - $59,999",2026-08-18,human_drop,none,29
Susan Goldfine,+17182255459,"2870 209th Pl Bayside, NY 11360","$900,000 - $999,999","$100,000 - $124,999",2026-08-18,human_drop,none,55
Irene Murphy,+17183522218,"2615 200th St Bayside, NY 11360","$900,000 - $999,999","$50,000 - $59,999",2026-08-18,human_drop,none,48
Vladimir Belorusets,+14156669940,"719 20th Ave San Francisco, CA 94121","$900,000 - $999,999","$150,000 - $174,999",2026-08-18,human_drop,none,178
William Klein,+13052450448,"26000 SW 204th Ave Homestead, FL 33031","$1,000,000+","$50,000 - $59,999",2026-08-18,human_drop,none,32
Orlando Estrada,+17184282343,"5316 206th St Bayside, NY 11364","$900,000 - $999,999","$300,000 - $399,999",2026-08-18,human_drop,none,163
Alejandro Calvillo,+16192396505,"342 20th St San Diego, CA 92102","$1,000,000+","$300,000 - $399,999",2026-08-18,human_drop,none,55
Orland Ohe,+12188425515,"36627 208th Ave Erhard, MN 56534","$900,000 - $999,999","$50,000 - $59,999",2026-08-18,human_drop,none,35
Alberto Kohn,+13059320618,"3235 NE 207th Ter Aventura, FL 33180","$1,000,000+","$400,000 - $499,999",2026-08-18,human_drop,none,20
Vasiliki Lambos,+17184238780,"3318 208th St Bayside, NY 11361","$900,000 - $999,999","$100,000 - $124,999",2026-08-18,human_drop,none,56
Alan Heaton,+14352752410,"2548 E 2070 S Saint George, UT 84790","$900,000 - $999,999","$250,000 - $299,999",2026-08-18,human_drop,none,65
Lily Chao,+17182297102,"3417 208th St Bayside, NY 11361","$900,000 - $999,999","$100,000 - $124,999",2026-08-18,human_drop,none,82
Eileen Berg,+12062978897,"9517 1st Ave NW Seattle, WA 98117","$1,000,000+","$250,000 - $299,999",2026-08-18,human_drop,none,33
Russell Perry,+15419635458,"318 S 20th St La Grande, OR 97850","$900,000 - $999,999","$100,000 - $124,999",2026-08-18,human_drop,none,169
Joseph Brosi,+17183524607,"2367 207th St Bayside, NY 11360","$1,000,000+","$300,000 - $399,999",2026-08-18,human_drop,none,91
Brenda Webb,+13052336446,"16200 SW 200th St Miami, FL 33187","$1,000,000+","$60,000 - $69,999",2026-08-18,human_drop,none,80
Vladimir Belorusets,+14156669940,"719 20th Ave San Francisco, CA 94121","$900,000 - $999,999","$150,000 - $174,999",2026-08-18,human_drop,none,31
Alberto Kohn,+13059320618,"3235 NE 207th Ter Aventura, FL 33180","$1,000,000+","$400,000 - $499,999",2026-08-18,human_drop,none,20
Orland Ohe,+12188425515,"36627 208th Ave Erhard, MN 56534","$900,000 - $999,999","$50,000 - $59,999",2026-08-18,human_drop,none,33
Loretta Scheer,+17182248757,"5034 202nd St Bayside, NY 11364","$900,000 - $999,999","$60,000 - $69,999",2026-08-18,human_drop,none,123
James Diaz,+14153876923,"139 20th Ave San Francisco, CA 94121","$1,000,000+","$50,000 - $59,999",2026-08-18,human_drop,requested,349
Nancy Lee,+17186312382,"5015 202nd St Bayside, NY 11364","$1,000,000+","$50,000 - $59,999",2026-08-18,human_drop,none,117
William Briggs,+13103743546,"46 20th Ct Hermosa Beach, CA 90254","$1,000,000+","$50,000 - $59,999",2026-08-18,human_drop,none,91
Brenda Webb,+13052336446,"16200 SW 200th St Miami, FL 33187","$1,000,000+","$60,000 - $69,999",2026-08-18,human_drop,none,76
Rose Lynch,+17182256447,"4717 207th St Bayside, NY 11361","$900,000 - $999,999","$100,000 - $124,999",2026-08-18,human_drop,none,148
Michael Powers,+16029971887,"7510 N 1st St Phoenix, AZ 85020","$1,000,000+","$100,000 - $124,999",2026-08-18,human_drop,none,72
Shweta Advani,+17182291182,"4826 203rd St Bayside, NY 11364","$1,000,000+","$200,000 - $249,999",2026-08-18,human_drop,none,49
Vasiliki Lambos,+17184238780,"3318 208th St Bayside, NY 11361","$900,000 - $999,999","$100,000 - $124,999",2026-08-18,human_drop,none,61
Susan Goldfine,+17182255459,"2870 209th Pl Bayside, NY 11360","$900,000 - $999,999","$100,000 - $124,999",2026-08-18,human_drop,none,54
Alan Goldberg,+13059325877,"2011 NE 209th St Miami, FL 33179","$1,000,000+","$400,000 - $499,999",2026-08-18,human_drop,none,27
Harold Grabouski,+15078933575,"3059 200th St Winnebago, MN 56098","$1,000,000+","$100,000 - $124,999",2026-08-18,human_drop,none,73
Christine Nahnsen,+14158632454,"3992 20th St San Francisco, CA 94114","$900,000 - $999,999","$60,000 - $69,999",2026-08-18,human_drop,none,46
Alan Heaton,+14352752410,"2548 E 2070 S Saint George, UT 84790","$900,000 - $999,999","$250,000 - $299,999",2026-08-18,human_drop,none,64
Irving Kodimer,+13105454363,"213 20th St Manhattan Beach, CA 90266","$1,000,000+","$200,000 - $249,999",2026-08-18,human_drop,requested,351
Lily Chao,+17182297102,"3417 208th St Bayside, NY 11361","$900,000 - $999,999","$100,000 - $124,999",2026-08-18,human_drop,none,83
Joseph Brosi,+17183524607,"2367 207th St Bayside, NY 11360","$1,000,000+","$300,000 - $399,999",2026-08-18,human_drop,none,22
Ronald Drabman,+17186313971,"5808 208th St Bayside, NY 11364","$900,000 - $999,999","$50,000 - $59,999",2026-08-18,human_drop,none,50
Noel Fahey,+17039791712,"1029 20th St S Arlington, VA 22202","$1,000,000+","$400,000 - $499,999",2026-08-18,human_drop,none,56
Christine Nahnsen,+14158632454,"3992 20th St San Francisco, CA 94114","$900,000 - $999,999","$60,000 - $69,999",2026-08-18,human_drop,none,41
Vladimir Belorusets,+14156669940,"719 20th Ave San Francisco, CA 94121","$900,000 - $999,999","$150,000 - $174,999",2026-08-18,human_drop,none,15
Gary Sefilian,+17182291428,"5815 203rd St Oakland Gardens, NY 11364","$1,000,000+","$70,000 - $79,999",2026-08-18,human_drop,none,38
Bona Scarpa,+16099670505,"8601 1st Ave Stone Harbor, NJ 08247","$1,000,000+","$400,000 - $499,999",2026-08-18,human_drop,none,101
Alan Goldberg,+13059325877,"2011 NE 209th St Miami, FL 33179","$1,000,000+","$400,000 - $499,999",2026-08-18,human_drop,none,31
Alberto Kohn,+13059320618,"3235 NE 207th Ter Aventura, FL 33180","$1,000,000+","$400,000 - $499,999",2026-08-18,human_drop,none,20
Thomas Palya,+17183528020,"2630 202nd St Bayside, NY 11360","$900,000 - $999,999","$60,000 - $69,999",2026-08-18,human_drop,none,30
Rose Lynch,+17182256447,"4717 207th St Bayside, NY 11361","$900,000 - $999,999","$100,000 - $124,999",2026-08-18,human_drop,none,148
Todd Leavitt,+13103957050,"421 20th St Santa Monica, CA 90402","$1,000,000+","$400,000 - $499,999",2026-08-18,human_drop,none,47
Vasiliki Lambos,+17184238780,"3318 208th St Bayside, NY 11361","$900,000 - $999,999","$100,000 - $124,999",2026-08-18,human_drop,none,76
Lily Chao,+17182297102,"3417 208th St Bayside, NY 11361","$900,000 - $999,999","$100,000 - $124,999",2026-08-18,human_drop,none,75
Alan Heaton,+14352752410,"2548 E 2070 S Saint George, UT 84790","$900,000 - $999,999","$250,000 - $299,999",2026-08-18,human_drop,none,66
William Klein,+13052450448,"26000 SW 204th Ave Homestead, FL 33031","$1,000,000+","$50,000 - $59,999",2026-08-18,human_drop,none,39
Nenita Grijalvo,+17184642845,"9316 204th St Hollis, NY 11423","$900,000 - $999,999","$30,000 - $39,999",2026-08-18,human_drop,none,150
Nancy Lee,+17186312382,"5015 202nd St Bayside, NY 11364","$1,000,000+","$50,000 - $59,999",2026-08-18,human_drop,none,150
Michael Powers,+16029971887,"7510 N 1st St Phoenix, AZ 85020","$1,000,000+","$100,000 - $124,999",2026-08-18,human_drop,none,110
Maria Paterakis,+17186317975,"4730 213th St Flushing, NY 11361","$900,000 - $999,999","$50,000 - $59,999",2026-08-19,human_drop,none,50
Thomas Uzzo,+17183736135,"8908 20th Ave # 1 Brooklyn, NY 11214","$1,000,000+","$30,000 - $39,999",2026-08-19,human_drop,none,38
James Kunkel,+19547767763,"6561 NE 20th Ave Fort Lauderdale, FL 33308","$1,000,000+","$90,000 - $99,999",2026-08-19,human_drop,none,76
Roger Mazlen,+17186314908,"5832 212th St Bayside Hills, NY 11364","$1,000,000+","$90,000 - $99,999",2026-08-19,fire_transfer,successful,1
Stefan Dumitriu,+17183573057,"15763 20th Rd Whitestone, NY 11357","$1,000,000+","$100,000 - $124,999",2026-08-19,human_drop,none,36
Salvatore Ciccotto,+17187678779,"15751 20th Rd Whitestone, NY 11357","$900,000 - $999,999","$20,000 - $29,999",2026-08-19,human_drop,none,42
Stephen Crum,+17032375319,"6046 20th St N Arlington, VA 22205","$1,000,000+","$400,000 - $499,999",2026-08-19,human_drop,none,124
Patrick Seery,+17184451427,"14634 20th Rd Whitestone, NY 11357","$1,000,000+","$100,000 - $124,999",2026-08-19,voice_message,none,69
Calogro Messina,+17182744647,"4507 20th Rd Long Island City, NY 11105","$1,000,000+","$60,000 - $69,999",2026-08-19,fire_transfer,successful,104
Steven May,+15099244144,"16803 E 20th Ct Spokane Valley, WA 99037","$900,000 - $999,999","$250,000 - $299,999",2026-08-19,human_drop,none,120
Jose Soto,+13052455202,"26005 SW 212th Ave Homestead, FL 33031","$1,000,000+","$80,000 - $89,999",2026-08-19,human_drop,none,1
Thomas Penrod,+12065421412,"20137 20th Ave NW Shoreline, WA 98177","$1,000,000+","$300,000 - $399,999",2026-08-19,human_drop,none,37
Michael Finucane,+17182740641,"4309 20th Rd Long Island City, NY 11105","$1,000,000+","$100,000 - $124,999",2026-08-19,human_drop,none,1
Thomas Lawson,+13102080366,"12320 20th Helena Dr Los Angeles, CA 90049","$1,000,000+","$300,000 - $399,999",2026-08-19,human_drop,none,51
Clarence Murata,+18087340525,"940 20th Ave Honolulu, HI 96816","$1,000,000+","$300,000 - $399,999",2026-08-19,human_drop,none,77
Chung Byun,+17182790595,"2632 210th Pl Bayside, NY 11360","$1,000,000+","$100,000 - $124,999",2026-08-19,human_drop,none,1
Robert Schwichtenberg,+15076854367,"9865 210th St W Morristown, MN 55052","$1,000,000+","$200,000 - $249,999",2026-08-19,human_drop,none,1
Arie Abitol,+17184797217,"8023 210th St Queens Village, NY 11427","$900,000 - $999,999","$300,000 - $399,999",2026-08-19,fire_transfer,successful,1
James Platt,+18015712552,"11103 S 2125 E Sandy, UT 84092","$1,000,000+","$400,000 - $499,999",2026-08-19,human_drop,successful,134
Carol Hintopoulos,+17186313202,"2615 211th St Bayside, NY 11360","$1,000,000+","$300,000 - $399,999",2026-08-19,fire_transfer,successful,2
Michael Rizzo,+17184640726,"7951 213th St Bayside, NY 11364","$1,000,000+","$50,000 - $59,999",2026-08-19,human_drop,none,1
George Roemhild,+12538627974,"3612 214th Ave E Lake Tapps, WA 98391","$1,000,000+","$250,000 - $299,999",2026-08-19,human_drop,none,103
Russell Beltz,+14258821783,"14251 214th Way NE Woodinville, WA 98077","$1,000,000+","$400,000 - $499,999",2026-08-19,fire_transfer,successful,1
Daniel Mazzara,+17184283628,"2939 215th Pl Bayside, NY 11360","$1,000,000+","$200,000 - $249,999",2026-08-19,human_drop,none,81
Sally Cardaci,+17184281256,"5023 215th St Bayside Hills, NY 11364","$1,000,000+","$60,000 - $69,999",2026-08-19,fire_transfer,successful,7
Brenda Goldstein,+17186318144,"4928 215th St Bayside Hills, NY 11364","$1,000,000+","$50,000 - $59,999",2026-08-19,fire_transfer,successful,1
Mark Vieha,+13103950252,"359 21st St Santa Monica, CA 90402","$1,000,000+","$400,000 - $499,999",2026-08-19,human_drop,none,1
Thomas Hatton,+17278227326,"506 21st Ave NE Saint Petersburg, FL 33704","$1,000,000+","$100,000 - $124,999",2026-08-19,fire_transfer,successful,1
Ann Sebeste,+12063237076,"508 21st Ave E Seattle, WA 98112","$1,000,000+","$80,000 - $89,999",2026-08-19,human_drop,none,45
David Voorhis,+15613686024,"1240 SW 21st St Boca Raton, FL 33486","$1,000,000+","$400,000 - $499,999",2026-08-19,human_drop,successful,114
Melvin Wiederkehr,+17183776205,"1370 E 21st St Brooklyn, NY 11210","$1,000,000+","$50,000 - $59,999",2026-08-19,fire_transfer,successful,1
Sharon Levy,+17182797208,"5117 216th St Bayside Hills, NY 11364","$1,000,000+","$60,000 - $69,999",2026-08-19,fire_transfer,successful,1
William Graeper,+17184231105,"3524 216th St Bayside, NY 11361","$1,000,000+","$50,000 - $59,999",2026-08-19,fire_transfer,successful,1
Alfred Ayvazian,+17184280252,"6121 218th St Oakland Gardens, NY 11364","$1,000,000+","$30,000 - $39,999",2026-08-19,human_drop,none,68
Manuel Lago,+17182297686,"3915 218th St Bayside, NY 11361","$1,000,000+","$400,000 - $499,999",2026-08-19,human_drop,none,140
James Hohman,+17036857664,"834 21st St S Arlington, VA 22202","$900,000 - $999,999","$400,000 - $499,999",2026-08-19,fire_transfer,successful,92
Rosalie Murphy,+13109379171,"554 21st St Hermosa Beach, CA 90254","$900,000 - $999,999","$60,000 - $69,999",2026-08-19,fire_transfer,successful,95
Ann Sebeste,+12063237076,"508 21st Ave E Seattle, WA 98112","$1,000,000+","$80,000 - $89,999",2026-08-19,human_drop,none,124
Sally Cardaci,+17184281256,"5023 215th St Bayside Hills, NY 11364","$1,000,000+","$60,000 - $69,999",2026-08-19,human_drop,none,147
Brenda Goldstein,+17186318144,"4928 215th St Bayside Hills, NY 11364","$1,000,000+","$50,000 - $59,999",2026-08-19,human_drop,none,48
Michael Rizzo,+17184640726,"7951 213th St Bayside, NY 11364","$1,000,000+","$50,000 - $59,999",2026-08-19,human_drop,none,82
Russell Beltz,+14258821783,"14251 214th Way NE Woodinville, WA 98077","$1,000,000+","$400,000 - $499,999",2026-08-19,human_drop,none,74
Arie Abitol,+17184797217,"8023 210th St Queens Village, NY 11427","$900,000 - $999,999","$300,000 - $399,999",2026-08-19,human_drop,none,52
James Platt,+18015712552,"11103 S 2125 E Sandy, UT 84092","$1,000,000+","$400,000 - $499,999",2026-08-19,human_drop,requested,369
Robert Schwichtenberg,+15076854367,"9865 210th St W Morristown, MN 55052","$1,000,000+","$200,000 - $249,999",2026-08-19,human_drop,none,205
Jose Soto,+13052455202,"26005 SW 212th Ave Homestead, FL 33031","$1,000,000+","$80,000 - $89,999",2026-08-19,human_drop,none,41
Chung Byun,+17182790595,"2632 210th Pl Bayside, NY 11360","$1,000,000+","$100,000 - $124,999",2026-08-19,human_drop,none,57
James Kunkel,+19547767763,"6561 NE 20th Ave Fort Lauderdale, FL 33308","$1,000,000+","$90,000 - $99,999",2026-08-19,human_drop,none,77
Roger Mazlen,+17186314908,"5832 212th St Bayside Hills, NY 11364","$1,000,000+","$90,000 - $99,999",2026-08-19,human_drop,none,60
Ernest Winslett,+13862010136,"21425 NW 216th Ln High Springs, FL 32643","$1,000,000+","$400,000 - $499,999",2026-08-19,fire_transfer,successful,43
Teena Gilbert,+13606669737,"22203 NE 216th Cir Battle Ground, WA 98604","$900,000 - $999,999","$250,000 - $299,999",2026-08-19,human_drop,none,37
Jerry Spencer,+18438866617,"38 21st Ave Isle Of Palms, SC 29451","$1,000,000+","$200,000 - $249,999",2026-08-19,fire_transfer,successful,89
Joan Cooper,+14157524516,"40 21st Ave San Francisco, CA 94121","$1,000,000+","$40,000 - $49,999",2026-08-19,fire_transfer,successful,18
Rex Lucke,+14022892726,"2827 S 217th Cir Elkhorn, NE 68022","$1,000,000+","$200,000 - $249,999",2026-08-19,fire_transfer,successful,54
Thomas Henderson,+14152216402,"634 21st Ave San Francisco, CA 94121","$1,000,000+","$60,000 - $69,999",2026-08-19,fire_transfer,successful,44
,+17712026103,,,,2026-08-19,fire_transfer,successful,46
Abe Potter,+14356738910,"1417 E 2190 South Cir Saint George, UT 84790","$900,000 - $999,999","$50,000 - $59,999",2026-08-19,fire_transfer,successful,145
Sheila Schwebel,+17182582622,"1015 E 21st St Brooklyn, NY 11210","$1,000,000+","$70,000 - $79,999",2026-08-19,fire_transfer,successful,54
Dennis Ng,+18087326860,"957 21st Ave Honolulu, HI 96816","$1,000,000+","$200,000 - $249,999",2026-08-19,human_drop,none,37
Jon Feetham,+14254813412,"5304 217th St SE Woodinville, WA 98072","$900,000 - $999,999","$300,000 - $399,999",2026-08-19,fire_transfer,successful,74
Kenny Ali,+15162311009,"8923 217th St Queens Village, NY 11427","$900,000 - $999,999","$150,000 - $174,999",2026-08-19,fire_transfer,successful,14
Patricia Merola,+17184651463,"8531 213th St Queens Village, NY 11427","$1,000,000+","$40,000 - $49,999",2026-08-19,fire_transfer,successful,362
Wayne Ullman,+14258686656,"2024 218th Pl NE Sammamish, WA 98074","$1,000,000+","$300,000 - $399,999",2026-08-19,human_drop,none,32
Mark Mendes,+17187692033,"2162 E 21st St Brooklyn, NY 11229","$1,000,000+","$70,000 - $79,999",2026-08-19,fire_transfer,successful,56
Wolfgang Schutze,+13105462218,"1607 21st St Manhattan Beach, CA 90266","$1,000,000+","$70,000 - $79,999",2026-08-19,human_drop,none,33
Therese Deasy,+14156812590,"2611 21st Ave San Francisco, CA 94116","$1,000,000+","$30,000 - $39,999",2026-08-19,fire_transfer,successful,125
Edith Stern,+17189989609,"1870 E 21st St Brooklyn, NY 11229","$1,000,000+","$70,000 - $79,999",2026-08-19,fire_transfer,successful,144
David Abramowitz,+17032475515,"3402 21st Ave N Arlington, VA 22207","$1,000,000+","$400,000 - $499,999",2026-08-19,fire_transfer,successful,48
John Smith,+17182041966,"4803 21st Ave Long Island City, NY 11105","$1,000,000+","$60,000 - $69,999",2026-08-19,fire_transfer,successful,88
Sophie Finkelman,+17186462973,"2121 E 21st St Brooklyn, NY 11229","$1,000,000+","$20,000 - $29,999",2026-08-19,fire_transfer,successful,65
Ivan Bueno,+17186261268,"2363 21st St Astoria, NY 11105","$1,000,000+","$50,000 - $59,999",2026-08-19,fire_transfer,successful,398
,+17189989609,"1870 E 21st St Brooklyn, NY 11229","$1,000,000+","$70,000 - $79,999",2026-08-19,fire_transfer,successful,23
Therese Deasy,+14156812590,"2611 21st Ave San Francisco, CA 94116","$1,000,000+","$30,000 - $39,999",2026-08-19,human_drop,none,145
Patricia Merola,+17184651463,"8531 213th St Queens Village, NY 11427","$1,000,000+","$40,000 - $49,999",2026-08-19,human_drop,none,71
Rex Lucke,+14022892726,"2827 S 217th Cir Elkhorn, NE 68022","$1,000,000+","$200,000 - $249,999",2026-08-19,fire_transfer,successful,76
Jerry Spencer,+18438866617,"38 21st Ave Isle Of Palms, SC 29451","$1,000,000+","$200,000 - $249,999",2026-08-19,human_drop,none,15
James Platt,+18015712552,"11103 S 2125 E Sandy, UT 84092","$1,000,000+","$400,000 - $499,999",2026-08-19,human_drop,none,96
Russell Beltz,+14258821783,"14251 214th Way NE Woodinville, WA 98077","$1,000,000+","$400,000 - $499,999",2026-08-19,human_drop,none,73
Roger Mazlen,+17186314908,"5832 212th St Bayside Hills, NY 11364","$1,000,000+","$90,000 - $99,999",2026-08-19,human_drop,none,50
,+13012647620,,,,2026-08-19,human_drop,none,53
May Jang,+14156816624,"2945 21st Ave San Francisco, CA 94132","$1,000,000+","$50,000 - $59,999",2026-08-19,fire_transfer,successful,46
Antonio Diaz,+17182255783,"3924 222nd St Bayside, NY 11361","$1,000,000+","$70,000 - $79,999",2026-08-19,fire_transfer,successful,46
Alan Geltman,+17187762701,"7829 223rd St Bayside, NY 11364","$1,000,000+","$100,000 - $124,999",2026-08-19,human_drop,none,20
Sarath Kotelawala,+12068784619,"1653 S 225th St Des Moines, WA 98198","$900,000 - $999,999","$80,000 - $89,999",2026-08-19,fire_transfer,successful,35
Steven Jones,+15078934285,"36178 225th St Winnebago, MN 56098","$900,000 - $999,999","$60,000 - $69,999",2026-08-19,fire_transfer,successful,393
Antonio Diaz,+17182255783,"3924 222nd St Bayside, NY 11361","$1,000,000+","$70,000 - $79,999",2026-08-19,human_drop,none,56
Rex Lucke,+14022892726,"2827 S 217th Cir Elkhorn, NE 68022","$1,000,000+","$200,000 - $249,999",2026-08-19,human_drop,none,71
David Abramowitz,+17032475515,"3402 21st Ave N Arlington, VA 22207","$1,000,000+","$400,000 - $499,999",2026-08-19,human_drop,none,24
Mark Mendes,+17187692033,"2162 E 21st St Brooklyn, NY 11229","$1,000,000+","$70,000 - $79,999",2026-08-19,human_drop,none,56
Patricia Merola,+17184651463,"8531 213th St Queens Village, NY 11427","$1,000,000+","$40,000 - $49,999",2026-08-19,fire_transfer,successful,316
Jerry Spencer,+18438866617,"38 21st Ave Isle Of Palms, SC 29451","$1,000,000+","$200,000 - $249,999",2026-08-19,human_drop,none,58
Joan Cooper,+14157524516,"40 21st Ave San Francisco, CA 94121","$1,000,000+","$40,000 - $49,999",2026-08-19,human_drop,none,44
Thomas Hatton,+17278227326,"506 21st Ave NE Saint Petersburg, FL 33704","$1,000,000+","$100,000 - $124,999",2026-08-19,human_drop,none,63
Nigel Bennett,+17182291241,"4806 215th St Bayside Hills, NY 11364","$1,000,000+","$90,000 - $99,999",2026-08-19,human_drop,none,30
Sally Cardaci,+17184281256,"5023 215th St Bayside Hills, NY 11364","$1,000,000+","$60,000 - $69,999",2026-08-19,human_drop,none,53
Russell Beltz,+14258821783,"14251 214th Way NE Woodinville, WA 98077","$1,000,000+","$400,000 - $499,999",2026-08-19,human_drop,none,75
Preston Gerber,+18017683300,"114 W 2290 N Lehi, UT 84043","$1,000,000+","$250,000 - $299,999",2026-08-19,fire_transfer,successful,110
Larry Fuchsman,+12124201225,"26 E 22nd St Apt 4 New York, NY 10010","$1,000,000+","$300,000 - $399,999",2026-08-19,fire_transfer,successful,37
Lola Libal,+17183521240,"16643 21st Rd Whitestone, NY 11357","$900,000 - $999,999","$40,000 - $49,999",2026-08-19,fire_transfer,successful,67
Joseph Moushey,+12062444318,"12015 21st Ave SW Burien, WA 98146","$900,000 - $999,999","$80,000 - $89,999",2026-08-19,fire_transfer,successful,336
Carol Wolf,+15077672248,"62931 220th Ave Kellogg, MN 55945","$1,000,000+","$100,000 - $124,999",2026-08-19,fire_transfer,successful,122
,+17712026103,,,,2026-08-19,fire_transfer,successful,129
,+12024711840,,,,2026-08-19,fire_transfer,successful,43
,+12024711840,,,,2026-08-19,fire_transfer,successful,124
Daniel Fults,+13606878998,"21400 NE 224th St Battle Ground, WA 98604","$900,000 - $999,999","$60,000 - $69,999",2026-08-19,human_drop,successful,56
Chin Wang,+17184619833,"16916 21st Rd Whitestone, NY 11357","$1,000,000+","$400,000 - $499,999",2026-08-19,human_drop,none,32
Bonnie Iversen,+17188052734,"4304 21st Ave Long Island City, NY 11105","$1,000,000+","$300,000 - $399,999",2026-08-19,fire_transfer,successful,73
Alice Evers,+15075343588,"61131 229th Ave Theilman, MN 55945","$1,000,000+","$60,000 - $69,999",2026-08-19,fire_transfer,successful,369
,+17187403824,"8548 215th St Queens Village, NY 11427","$1,000,000+","$60,000 - $69,999",2026-08-19,fire_transfer,successful,58
Joseph Moushey,+12062444318,"12015 21st Ave SW Burien, WA 98146","$900,000 - $999,999","$80,000 - $89,999",2026-08-19,human_drop,none,40
Chin Wang,+17184619833,"16916 21st Rd Whitestone, NY 11357","$1,000,000+","$400,000 - $499,999",2026-08-19,human_drop,none,26
Russell Beltz,+14258821783,"14251 214th Way NE Woodinville, WA 98077","$1,000,000+","$400,000 - $499,999",2026-08-19,human_drop,none,76
Nigel Bennett,+17182291241,"4806 215th St Bayside Hills, NY 11364","$1,000,000+","$90,000 - $99,999",2026-08-19,human_drop,none,43
Joan Cooper,+14157524516,"40 21st Ave San Francisco, CA 94121","$1,000,000+","$40,000 - $49,999",2026-08-19,human_drop,none,14
Mark Mendes,+17187692033,"2162 E 21st St Brooklyn, NY 11229","$1,000,000+","$70,000 - $79,999",2026-08-19,human_drop,none,57
Patricia Merola,+17184651463,"8531 213th St Queens Village, NY 11427","$1,000,000+","$40,000 - $49,999",2026-08-19,human_drop,none,70
Rex Lucke,+14022892726,"2827 S 217th Cir Elkhorn, NE 68022","$1,000,000+","$200,000 - $249,999",2026-08-19,human_drop,none,21
Steven Jones,+15078934285,"36178 225th St Winnebago, MN 56098","$900,000 - $999,999","$60,000 - $69,999",2026-08-19,fire_transfer,successful,110
Antonio Diaz,+17182255783,"3924 222nd St Bayside, NY 11361","$1,000,000+","$70,000 - $79,999",2026-08-19,human_drop,none,51
Sarath Kotelawala,+12068784619,"1653 S 225th St Des Moines, WA 98198","$900,000 - $999,999","$80,000 - $89,999",2026-08-19,human_drop,none,83
James Platt,+18015712552,"11103 S 2125 E Sandy, UT 84092","$1,000,000+","$400,000 - $499,999",2026-08-19,fire_transfer,successful,78
Ann Sebeste,+12063237076,"508 21st Ave E Seattle, WA 98112","$1,000,000+","$80,000 - $89,999",2026-08-19,human_drop,none,54
Adrian Himmelbrand,+17182292417,"6912 224th St Bayside, NY 11364","$1,000,000+","$70,000 - $79,999",2026-08-19,human_drop,none,59
Paul Vitale,+17187621987,"15412 21st Ave Whitestone, NY 11357","$1,000,000+","$100,000 - $124,999",2026-08-19,human_drop,none,22
Mary Goungoudis,+13474720404,"7815 21st Ave East Elmhurst, NY 11370","$900,000 - $999,999","$80,000 - $89,999",2026-08-19,fire_transfer,successful,275
Craig Zastera,+14258442811,"19407 229th Ave NE Woodinville, WA 98077","$1,000,000+","$300,000 - $399,999",2026-08-19,fire_transfer,successful,18
James Platt,+18015712552,"11103 S 2125 E Sandy, UT 84092","$1,000,000+","$400,000 - $499,999",2026-08-19,human_drop,none,81
Craig Zastera,+14258442811,"19407 229th Ave NE Woodinville, WA 98077","$1,000,000+","$300,000 - $399,999",2026-08-19,human_drop,none,17
Joseph Moushey,+12062444318,"12015 21st Ave SW Burien, WA 98146","$900,000 - $999,999","$80,000 - $89,999",2026-08-19,fire_transfer,successful,312
Mark Mendes,+17187692033,"2162 E 21st St Brooklyn, NY 11229","$1,000,000+","$70,000 - $79,999",2026-08-19,human_drop,none,46
Joan Cooper,+14157524516,"40 21st Ave San Francisco, CA 94121","$1,000,000+","$40,000 - $49,999",2026-08-19,human_drop,none,20
Sally Cardaci,+17184281256,"5023 215th St Bayside Hills, NY 11364","$1,000,000+","$60,000 - $69,999",2026-08-19,fire_transfer,successful,310
Russell Beltz,+14258821783,"14251 214th Way NE Woodinville, WA 98077","$1,000,000+","$400,000 - $499,999",2026-08-19,human_drop,none,74
Carol Wolf,+15077672248,"62931 220th Ave Kellogg, MN 55945","$1,000,000+","$100,000 - $124,999",2026-08-19,fire_transfer,successful,66
Lola Libal,+17183521240,"16643 21st Rd Whitestone, NY 11357","$900,000 - $999,999","$40,000 - $49,999",2026-08-19,human_drop,none,35
May Jang,+14156816624,"2945 21st Ave San Francisco, CA 94132","$1,000,000+","$50,000 - $59,999",2026-08-19,human_drop,none,51
Sophie Finkelman,+17186462973,"2121 E 21st St Brooklyn, NY 11229","$1,000,000+","$20,000 - $29,999",2026-08-19,fire_transfer,successful,52
Ivan Bueno,+17186261268,"2363 21st St Astoria, NY 11105","$1,000,000+","$50,000 - $59,999",2026-08-19,human_drop,none,70
Ernest Winslett,+13862010136,"21425 NW 216th Ln High Springs, FL 32643","$1,000,000+","$400,000 - $499,999",2026-08-19,human_drop,none,56
Thomas Henderson,+14152216402,"634 21st Ave San Francisco, CA 94121","$1,000,000+","$60,000 - $69,999",2026-08-19,fire_transfer,successful,102
Bonnie Iversen,+17188052734,"4304 21st Ave Long Island City, NY 11105","$1,000,000+","$300,000 - $399,999",2026-08-19,fire_transfer,successful,60
Alice Evers,+15075343588,"61131 229th Ave Theilman, MN 55945","$1,000,000+","$60,000 - $69,999",2026-08-19,human_drop,none,147
Preston Gerber,+18017683300,"114 W 2290 N Lehi, UT 84043","$1,000,000+","$250,000 - $299,999",2026-08-19,human_drop,none,95
Jack Koegel,+17182532669,"1021 E 22nd St Brooklyn, NY 11210","$1,000,000+","$300,000 - $399,999",2026-08-19,human_drop,none,42
Eli Dagmy,+17182585090,"1620 E 22nd St Brooklyn, NY 11210","$1,000,000+","$400,000 - $499,999",2026-08-19,fire_transfer,successful,64
Holly Schickler,+17035215610,"1416 22nd St S Arlington, VA 22202","$1,000,000+","$200,000 - $249,999",2026-08-19,fire_transfer,successful,52
David Weiss,+17182521181,"1149 E 22nd St Brooklyn, NY 11210","$1,000,000+","$400,000 - $499,999",2026-08-19,fire_transfer,successful,54
Michael Heidig,+17032371595,"6109 22nd Rd N Arlington, VA 22205","$1,000,000+","$400,000 - $499,999",2026-08-19,human_drop,none,32
Endre Biro,+17035384363,"5428 22nd St N Arlington, VA 22205","$900,000 - $999,999","$200,000 - $249,999",2026-08-19,human_drop,none,44
Judy Mittelmann,+17183762048,"1806 E 22nd St Brooklyn, NY 11229","$1,000,000+","$100,000 - $124,999",2026-08-19,fire_transfer,successful,61
Gloria Kadmon,+17183328533,"2550 E 22nd St Brooklyn, NY 11235","$1,000,000+","$50,000 - $59,999",2026-08-19,fire_transfer,successful,83
Shulamis Sokolowski,+17186450598,"1912 E 22nd St Brooklyn, NY 11229","$1,000,000+","$40,000 - $49,999",2026-08-19,fire_transfer,successful,77
,+19177460418,,,,2026-08-19,human_drop,none,36
,+19177460418,,,,2026-08-19,fire_transfer,successful,58
,+17712026103,,,,2026-08-19,fire_transfer,successful,46
Stavros Haramis,+17186019630,"332 W 234th St Apt 1 Bronx, NY 10463","$900,000 - $999,999","$70,000 - $79,999",2026-08-19,human_drop,none,21
Darcy Pester,+12188912556,"29576 230th Ave SW Crookston, MN 56716","$1,000,000+","$300,000 - $399,999",2026-08-19,fire_transfer,successful,45
Norma Collins,+17187126373,"14737 231st St Springfield Gardens, NY 11413","$900,000 - $999,999","$50,000 - $59,999",2026-08-19,fire_transfer,successful,129
Jang Kwon,+13473686618,"15111 22nd Ave Whitestone, NY 11357","$1,000,000+","$50,000 - $59,999",2026-08-19,fire_transfer,successful,40
Duane Pick,+13105342483,"2856 W 232nd St Torrance, CA 90505","$1,000,000+","$90,000 - $99,999",2026-08-19,no_answer,successful,60
,+12024711840,,,,2026-08-19,fire_transfer,successful,87
Debra Hollander,+17032437544,"3618 22nd St N Arlington, VA 22207","$900,000 - $999,999","$400,000 - $499,999",2026-08-19,fire_transfer,successful,24
,+17712026103,,,,2026-08-19,human_drop,none,33
,+12024711840,,,,2026-08-19,human_drop,none,32
Lawrence Connell,+17032412422,"6113 22nd St N Arlington, VA 22205","$900,000 - $999,999","$250,000 - $299,999",2026-08-19,human_drop,none,14
Alice Sheppard,+17035245668,"5100 22nd St N Arlington, VA 22207","$1,000,000+","$200,000 - $249,999",2026-08-19,fire_transfer,successful,34
,+12024711840,,,,2026-08-19,fire_transfer,successful,43
John Wolf,+12022962701,"1177 22nd St NW Unit 5c Washington, DC 20037","$1,000,000+","$400,000 - $499,999",2026-08-19,human_drop,none,25
,+13157566825,,,,2026-08-19,fire_transfer,successful,107
,+17712026103,,,,2026-08-19,fire_transfer,successful,24
,+12024711840,,,,2026-08-19,fire_transfer,successful,47
Derek Ayers,+13103755236,"4410 W 231st St Torrance, CA 90505","$1,000,000+","$70,000 - $79,999",2026-08-19,human_drop,none,30
,+12024711840,,,,2026-08-19,human_drop,none,23
,+19177460418,,,,2026-08-19,fire_transfer,successful,116
Sophie Zidlicky,+17032371620,"5422 22nd St N Arlington, VA 22205","$1,000,000+","$200,000 - $249,999",2026-08-19,fire_transfer,successful,148
Jeffrey Sikes,+17032413997,"6420 22nd Rd N Arlington, VA 22205","$1,000,000+","$200,000 - $249,999",2026-08-19,human_drop,none,12
,+13157566825,,,,2026-08-19,fire_transfer,successful,40
,+12024711840,,,,2026-08-19,human_drop,none,50
Virginia Chiu,+17188918627,"2073 E 22nd St Brooklyn, NY 11229","$1,000,000+","$50,000 - $59,999",2026-08-19,fire_transfer,successful,352
,+17712026103,,,,2026-08-19,fire_transfer,successful,76
Jeri Poller,+15612419219,"6013 NW 23rd Ave Boca Raton, FL 33496","$1,000,000+","$100,000 - $124,999",2026-08-19,fire_transfer,successful,31
,+17712026103,,,,2026-08-19,fire_transfer,successful,104
,+13157566825,,,,2026-08-19,fire_transfer,successful,28
Irwin Gellis,+17189516924,"1159 E 23rd St Brooklyn, NY 11210","$1,000,000+","$100,000 - $124,999",2026-08-19,human_drop,none,29
Agnes Lau,+14157516782,"318 23rd Ave San Francisco, CA 94121","$900,000 - $999,999","$60,000 - $69,999",2026-08-19,fire_transfer,successful,44
,+17712026103,,,,2026-08-19,fire_transfer,successful,59
,+12024711840,,,,2026-08-19,human_drop,none,30
,+17712026103,,,,2026-08-19,human_drop,none,42
,+17712026103,,,,2026-08-19,human_drop,none,31
,+13157566825,,,,2026-08-19,fire_transfer,successful,43
,+17712026103,,,,2026-08-19,fire_transfer,successful,104
,+12024711840,,,,2026-08-19,human_drop,none,55
,+17712026103,,,,2026-08-19,fire_transfer,successful,30
,+12024711840,,,,2026-08-19,human_drop,none,71
,+17712026103,,,,2026-08-19,fire_transfer,successful,106
,+13012647620,,,,2026-08-19,human_drop,none,31
,+17712026103,,,,2026-08-19,human_drop,none,49
,+12024711840,,,,2026-08-19,fire_transfer,successful,107
,+17712026103,,,,2026-08-19,fire_transfer,successful,53
,+12024711840,,,,2026-08-19,fire_transfer,successful,110
,+17712026103,,,,2026-08-19,fire_transfer,successful,107
,+17712026103,,,,2026-08-19,human_drop,none,20
,+12024711840,,,,2026-08-19,fire_transfer,successful,104
,+17712026103,,,,2026-08-19,human_drop,successful,105
,+13157566825,,,,2026-08-19,fire_transfer,successful,114
,+13157566825,,,,2026-08-19,fire_transfer,successful,54
,+19177460418,,,,2026-08-19,fire_transfer,successful,35
,+12024711840,,,,2026-08-19,fire_transfer,successful,40
,+13157566825,,,,2026-08-19,fire_transfer,successful,107
Marilyn Weitz,+13104511980,"527 23rd St Santa Monica, CA 90402","$1,000,000+","$300,000 - $399,999",2026-08-19,human_drop,none,22
,+12024711840,,,,2026-08-19,fire_transfer,successful,98
,+17712026103,,,,2026-08-19,human_drop,none,38
,+12024711840,,,,2026-08-19,fire_transfer,successful,108
,+12024711840,,,,2026-08-19,fire_transfer,successful,61
,+13157566825,,,,2026-08-19,fire_transfer,successful,42
,+17712026103,,,,2026-08-19,human_drop,none,43
,+13157566825,,,,2026-08-19,fire_transfer,successful,132
,+12024711840,,,,2026-08-19,fire_transfer,successful,130
,+17712026103,,,,2026-08-19,fire_transfer,successful,44
Fred Ostner,+16466783750,"213 W 23rd St Apt 7s New York, NY 10011","$900,000 - $999,999","$200,000 - $249,999",2026-08-19,human_drop,none,35
Thaddeus Knight,+19543462614,"11310 NW 23rd Ct Coral Springs, FL 33065","$900,000 - $999,999","$80,000 - $89,999",2026-08-19,human_drop,none,40
,+12024711840,,,,2026-08-19,fire_transfer,successful,105
,+17712026103,,,,2026-08-19,fire_transfer,successful,34
,+17712026103,,,,2026-08-19,fire_transfer,successful,104
,+17712026103,,,,2026-08-19,fire_transfer,successful,108
,+12024711840,,,,2026-08-19,fire_transfer,successful,102
,+13157566825,,,,2026-08-19,fire_transfer,successful,101
,+19177460418,,,,2026-08-19,human_drop,none,74
David Mead,+12068600823,"828 23rd Ave S Seattle, WA 98144","$900,000 - $999,999","$200,000 - $249,999",2026-08-19,fire_transfer,successful,32
Eli Mandil,+17183322290,"2052 E 23rd St Brooklyn, NY 11229","$900,000 - $999,999","$90,000 - $99,999",2026-08-19,human_drop,none,26
,+12024711840,,,,2026-08-19,fire_transfer,successful,61
,+19177460418,,,,2026-08-19,human_drop,none,32
,+13157566825,,,,2026-08-19,fire_transfer,successful,46
Rita Alvarez,+13058586265,"711 SW 23rd Rd Miami, FL 33129","$1,000,000+","$70,000 - $79,999",2026-08-19,human_drop,none,30
,+12024711840,,,,2026-08-19,fire_transfer,successful,99
Rhoda Bernstein,+15619989053,"6018 NW 23rd Way Boca Raton, FL 33496","$1,000,000+","$300,000 - $399,999",2026-08-19,fire_transfer,successful,69
Charles Pratt,+16092661201,"404 23rd St S Brigantine, NJ 08203","$1,000,000+","$250,000 - $299,999",2026-08-19,human_drop,none,30
,+12024711840,,,,2026-08-19,fire_transfer,successful,33
,+12024711840,,,,2026-08-19,fire_transfer,successful,20
,+17712026103,,,,2026-08-19,fire_transfer,successful,231
Esther Stein,+17186924432,"920 E 23rd St Brooklyn, NY 11210","$1,000,000+","$300,000 - $399,999",2026-08-19,human_drop,successful,99
Alice Galang,+13103262868,"2160 W 236th St Torrance, CA 90501","$1,000,000+","$400,000 - $499,999",2026-08-19,fire_transfer,successful,83
,+12024711840,,,,2026-08-19,fire_transfer,successful,132
,+12024711840,,,,2026-08-19,fire_transfer,successful,114
,+17712026103,,,,2026-08-19,fire_transfer,successful,103
,+13157566825,,,,2026-08-19,fire_transfer,successful,131
,+17712026103,,,,2026-08-19,fire_transfer,successful,122
Behzad Parhami,+13104521638,"2255 23rd St Santa Monica, CA 90405","$1,000,000+","$50,000 - $59,999",2026-08-19,fire_transfer,successful,50
,Anonymous,,,,2026-08-19,fire_transfer,successful,24
Uday Patel,+17187400431,"8219 235th St Queens Village, NY 11427","$1,000,000+","$250,000 - $299,999",2026-08-19,fire_transfer,successful,95
,+17712026103,,,,2026-08-19,fire_transfer,successful,194
John Barous,+17187281860,"2316 23rd St Long Island City, NY 11105","$1,000,000+","$20,000 - $29,999",2026-08-19,no_answer,successful,113
Estelle Crawford,+17184349090,"615 E 23rd St Brooklyn, NY 11210","$1,000,000+","$30,000 - $39,999",2026-08-19,fire_transfer,successful,144
Susan Pollard,+12394551292,"1771 23rd St SW Naples, FL 34117","$900,000 - $999,999","$400,000 - $499,999",2026-08-19,fire_transfer,successful,30
Moshe Schiff,+17182589638,"1163 E 23rd St Brooklyn, NY 11210","$1,000,000+","$50,000 - $59,999",2026-08-19,fire_transfer,successful,37
Sarah Chase,+17035253312,"4616 23rd St N Arlington, VA 22207","$1,000,000+","$300,000 - $399,999",2026-08-19,fire_transfer,successful,76
Ved Yadav,+13476765014,"8339 249th St Bellerose, NY 11426","$900,000 - $999,999","$300,000 - $399,999",2026-08-19,fire_transfer,successful,30
Aaron Cywiak,+17182536227,"1418 E 24th St Brooklyn, NY 11210","$1,000,000+","$60,000 - $69,999",2026-08-19,fire_transfer,successful,38
Barbara Mann,+14253138890,"19817 SE 23rd St Sammamish, WA 98075","$1,000,000+","$400,000 - $499,999",2026-08-19,voice_message,successful,38
Richard Dilallo,+16468611338,"133 W 24th St Apt 3 New York, NY 10011","$1,000,000+","$400,000 - $499,999",2026-08-19,fire_transfer,successful,29
Steven Black,+14022893737,"926 S 243rd St Waterloo, NE 68069","$1,000,000+","$300,000 - $399,999",2026-08-19,fire_transfer,successful,30
Ben Sparango,+16093688453,"571 24th St Avalon, NJ 08202","$1,000,000+","$60,000 - $69,999",2026-08-19,fire_transfer,successful,40
Ernest Tsigler,+17189987707,"1865 E 24th St Brooklyn, NY 11229","$1,000,000+","$50,000 - $59,999",2026-08-19,human_drop,none,39
Abby Karp,+17185488186,"611 W 247th St Bronx, NY 10471","$1,000,000+","$60,000 - $69,999",2026-08-19,fire_transfer,successful,69
Marie Vassilev,+17035282917,"2214 24th St N Arlington, VA 22207","$1,000,000+","$250,000 - $299,999",2026-08-19,human_drop,none,26
Shelley Dahlgren,+14253925172,"4449 242nd Ave SE Sammamish, WA 98029","$1,000,000+","$200,000 - $249,999",2026-08-19,fire_transfer,successful,128
Jason Lupatkin,+13103938247,"515 24th St Santa Monica, CA 90402","$1,000,000+","$300,000 - $399,999",2026-08-19,fire_transfer,successful,51
Diane Hrabik,+17183520695,"16648 23rd Ave Whitestone, NY 11357","$900,000 - $999,999","$300,000 - $399,999",2026-08-19,human_drop,none,27
Vasilios Makresias,+17182783349,"2163 24th St Long Island City, NY 11105","$1,000,000+","$20,000 - $29,999",2026-08-19,fire_transfer,successful,43
Donald Kustudia,+13105458368,"526 24th St Manhattan Beach, CA 90266","$1,000,000+","$50,000 - $59,999",2026-08-19,fire_transfer,successful,62
Stephen Spann,+12538471068,"26302 23rd Ave E Spanaway, WA 98387","$900,000 - $999,999","$50,000 - $59,999",2026-08-19,human_drop,none,101
Joseph Mcadam,+17182257548,"4146 248th St Little Neck, NY 11363","$900,000 - $999,999","$100,000 - $124,999",2026-08-19,fire_transfer,successful,37
Mark Leonard,+16054463885,"46468 246th St Colton, SD 57018","$900,000 - $999,999","$400,000 - $499,999",2026-08-19,human_drop,none,34
Heidi Scheinin,+17182293945,"7331 244th St Little Neck, NY 11362","$900,000 - $999,999","$40,000 - $49,999",2026-08-19,fire_transfer,successful,33
Wendy Emmons,+14254323636,"19212 SE 240th St Covington, WA 98042","$1,000,000+","$300,000 - $399,999",2026-08-19,fire_transfer,successful,62
Arthur Friedman,+17183392672,"1741 E 24th St Brooklyn, NY 11229","$1,000,000+","$100,000 - $124,999",2026-08-19,fire_transfer,successful,57
Rosa Mattina,+17183328075,"2537 E 24th St Brooklyn, NY 11235","$1,000,000+","$50,000 - $59,999",2026-08-19,human_drop,none,12
Liba Noe,+17186777595,"1022 E 24th St Brooklyn, NY 11210","$1,000,000+","$200,000 - $249,999",2026-08-19,human_drop,none,34
Alan Rubin,+17183753516,"1940 E 24th St Brooklyn, NY 11229","$1,000,000+","$30,000 - $39,999",2026-08-19,fire_transfer,successful,136
Eva Simpson,+17182250853,"5006 245th St Little Neck, NY 11362","$900,000 - $999,999","$70,000 - $79,999",2026-08-19,fire_transfer,successful,54
Toby Deligdish,+17182523457,"1056 E 24th St Brooklyn, NY 11210","$1,000,000+","$50,000 - $59,999",2026-08-19,fire_transfer,successful,80
Everett Lindberg,+13602569702,"15612 NE 244th Ave Brush Prairie, WA 98606","$1,000,000+","$250,000 - $299,999",2026-08-19,fire_transfer,successful,25
Patricia Garcia,+14242645359,"1208 W 24th St San Pedro, CA 90731","$900,000 - $999,999","$50,000 - $59,999",2026-08-19,fire_transfer,successful,41
Maria Lopez,+13058544551,"734 SW 24th Rd Miami, FL 33129","$1,000,000+","$100,000 - $124,999",2026-08-19,fire_transfer,successful,44
Susana Ly,+17182798869,"7350 244th St Douglaston, NY 11362","$1,000,000+","$100,000 - $124,999",2026-08-19,fire_transfer,successful,53
Richard Leon,+17183529266,"16915 23rd Ave Whitestone, NY 11357","$900,000 - $999,999","$40,000 - $49,999",2026-08-19,fire_transfer,successful,65
Otto Stork,+19702559155,"860 24 Rd Grand Junction, CO 81505","$1,000,000+","$200,000 - $249,999",2026-08-19,fire_transfer,successful,53
Sarasu Bhargavan,+17183435855,"7607 249th St Bellerose, NY 11426","$1,000,000+","$60,000 - $69,999",2026-08-19,human_drop,none,25
Boris Vaks,+17186466530,"2286 E 24th St Brooklyn, NY 11229","$1,000,000+","$20,000 - $29,999",2026-08-19,human_drop,successful,36
Ho Chan,+17186480363,"2276 E 24th St Brooklyn, NY 11229","$1,000,000+","$40,000 - $49,999",2026-08-19,fire_transfer,successful,36
John Wood,+15614837364,"2925 NW 24th Ter Boca Raton, FL 33431","$900,000 - $999,999","$400,000 - $499,999",2026-08-19,human_drop,none,21
,+17189510826,"1243 E 24th St Brooklyn, NY 11210","$1,000,000+","$60,000 - $69,999",2026-08-19,fire_transfer,successful,26
Maureen Reece,+17183471741,"8340 252nd St Bellerose, NY 11426","$900,000 - $999,999","$300,000 - $399,999",2026-08-19,fire_transfer,successful,72
John Tutewohl,+16514634364,"4412 255th St W Farmington, MN 55024","$1,000,000+","$60,000 - $69,999",2026-08-19,human_drop,none,27
Jeffery Yablon,+12023375047,"800 25th St NW Washington, DC 20037","$900,000 - $999,999","$200,000 - $249,999",2026-08-19,human_drop,none,24
John Larissou,+14157310622,"2651 25th Ave San Francisco, CA 94116","$1,000,000+","$70,000 - $79,999",2026-08-19,fire_transfer,successful,42
Diane Hunsaker,+19549159975,"13931 SW 24th St Davie, FL 33325","$1,000,000+","$100,000 - $124,999",2026-08-19,fire_transfer,successful,50
Vincent Biancaniello,+17183436794,"8728 257th St Floral Park, NY 11001","$1,000,000+","$50,000 - $59,999",2026-08-19,fire_transfer,successful,50
Margaret Mccarthy,+14155645743,"2470 25th Ave San Francisco, CA 94116","$1,000,000+","$40,000 - $49,999",2026-08-19,human_drop,none,38
Frank Cummings,+12023330526,"800 25th St NW Washington, DC 20037","$1,000,000+","$200,000 - $249,999",2026-08-19,fire_transfer,successful,82
Albert Rierson,+13108282723,"911 25th St Santa Monica, CA 90403","$1,000,000+","$50,000 - $59,999",2026-08-19,fire_transfer,successful,64
Larry Goldstein,+17184637487,,,,2026-08-20,fire_transfer,successful,55
Barbara Falcon,+13059326808,,,,2026-08-20,human_drop,none,24
Daniel Dufour,+19073495490,,,,2026-08-20,human_drop,none,26
Alan Tinter,+19545619696,"2857 NE 25th St Fort Lauderdale, FL 33305","$1,000,000+","$500,000 Plus",2026-08-20,human_drop,none,37
Harvey Burstein,+17185910786,,,,2026-08-20,human_drop,none,34
Catherine Vouvoudakis,+17187621071,,,,2026-08-20,fire_transfer,successful,67
John Yackshaw,+12065463593,,,,2026-08-20,fire_transfer,successful,66
Jane Hunter,+12063637925,"11720 24th Ave NE Seattle, WA 98125","$1,000,000+","$400,000 - $499,999",2026-08-20,fire_transfer,successful,80
Suryakant Desai,+15168254987,"8224 250th St Bellerose, NY 11426","$900,000 - $999,999","$250,000 - $299,999",2026-08-20,fire_transfer,successful,66
Albert Podob,+17183800323,,,,2026-08-20,human_drop,none,80
James Krainson,+13056660211,,,,2026-08-20,fire_transfer,successful,32
Sandra Thompson,+14256432604,,,,2026-08-20,fire_transfer,successful,47
John Meyer,+19075236029,,,,2026-08-20,human_drop,none,31
Simje Slomiuc,+17184354829,,,,2026-08-20,fire_transfer,successful,76
Theodore Sarafoglu,+13056617548,,,,2026-08-20,fire_transfer,successful,74
Theodore Sarafoglu,+13056617548,,,,2026-08-20,fire_transfer,successful,75
Mario Caponigro,+17183578442,,,,2026-08-20,fire_transfer,successful,79
Hans Schwaiger,+19073451361,,,,2026-08-20,fire_transfer,successful,71
John Fazio,+17183311829,,,,2026-08-20,fire_transfer,successful,75
Cindy White,+19073461977,,,,2026-08-20,human_drop,none,31
Betty Dow,+13052352617,,,,2026-08-20,fire_transfer,successful,69
Karen Ancona,+19544720276,,,,2026-08-20,human_drop,none,33
Thomas Konkoski,+17183319334,,,,2026-08-20,human_drop,none,35
Donald Jones,+14258610844,,,,2026-08-20,fire_transfer,successful,53
Rafael Ng,+17187883667,,,,2026-08-20,fire_transfer,successful,74
Edward Gunnell,+17324493287,,,,2026-08-20,fire_transfer,successful,74
Enzo Marino,+17184634978,,,,2026-08-20,human_drop,none,37
Dennis Holland,+14805632634,,,,2026-08-20,fire_transfer,successful,72
Thomas Ocallaghan,+14156810448,,,,2026-08-20,fire_transfer,successful,68
Samuel Beck,+17186921945,,,,2026-08-20,fire_transfer,successful,22
Rita Baker,+14254833594,,,,2026-08-20,fire_transfer,successful,55
William Bender,+14258836908,,,,2026-08-20,human_drop,none,53
Michael Henniger,+15033311561,,,,2026-08-20,fire_transfer,successful,133
Nicholas Sanders,+13608620405,,,,2026-08-20,human_drop,none,26
Paula Bates,+14258235216,,,,2026-08-20,fire_transfer,successful,34
Andrew Skumanich,+13034441747,,,,2026-08-20,fire_transfer,successful,44
John Griffin,+14803918370,,,,2026-08-20,fire_transfer,successful,62
Mary Collins,+14254510674,,,,2026-08-20,fire_transfer,successful,74
Mike Fouladian,+13107987788,,,,2026-08-20,human_drop,none,58
Dolores Cecilio,+17187621448,,,,2026-08-20,fire_transfer,successful,40
William Starks,+14252267450,,,,2026-08-20,fire_transfer,successful,43
Jeremy Comins,+17183762367,,,,2026-08-20,fire_transfer,successful,33
Jill Clayton,+17187685224,,,,2026-08-20,human_drop,none,90
Fai Ho,+17183739808,,,,2026-08-20,fire_transfer,successful,36
Lloyd Sakazaki,+14254530356,,,,2026-08-20,fire_transfer,successful,60
Peggy Gubser,+14258272543,,,,2026-08-20,fire_transfer,successful,45
Bettina Paley,+12122423143,,,,2026-08-20,fire_transfer,successful,82
Paul Dasilva,+19544435266,,,,2026-08-20,human_drop,none,36
David Jackson,+17182515049,,,,2026-08-20,fire_transfer,successful,36
Mary Baldwin,+12122426231,,,,2026-08-20,human_drop,none,51
Murry Hill,+19547520971,,,,2026-08-20,human_drop,none,11
Marilyn Labrocca,+17183577609,,,,2026-08-20,fire_transfer,successful,78
Thomas Epley,+13102604768,,,,2026-08-20,fire_transfer,successful,72
Elizabeth Uitz,+13014696676,,,,2026-08-20,no_answer,none,24
Alan Struthers,+17326123604,,,,2026-08-20,fire_transfer,successful,24
Mina Becher,+17186921380,,,,2026-08-20,fire_transfer,successful,83
Jeffery Goldberg,+17184541570,,,,2026-08-20,human_drop,none,27
Mary Cahir,+17035254849,,,,2026-08-20,fire_transfer,successful,32
Karen Yesnick,+17182794003,,,,2026-08-20,fire_transfer,successful,52
Rebecca Phillips,+17138689518,,,,2026-08-20,fire_transfer,successful,80
Ellen Sweeney,+17818490734,,,,2026-08-20,fire_transfer,successful,71
Parmalee Brewster,+18175762418,,,,2026-08-20,fire_transfer,successful,45
Patrick Mcmanus,+16182341492,,,,2026-08-20,fire_transfer,successful,54
Rose Kosmoski,+17725450829,,,,2026-08-20,fire_transfer,successful,70
Richard Stevens,+17013436346,,,,2026-08-20,human_drop,none,32
Richard Weaver,+14098980037,,,,2026-08-20,fire_transfer,successful,64
Michael Keltz,+19404552624,,,,2026-08-20,human_drop,none,5
Edward Fournier,+12812592291,,,,2026-08-20,fire_transfer,successful,76
Loraine Boney,+19418965512,,,,2026-08-20,fire_transfer,successful,48
Brian Harris,+18309642588,,,,2026-08-20,human_drop,none,21
Bernard Stein,+13052321422,,,,2026-08-20,fire_transfer,successful,39
Barry London,+19566822271,,,,2026-08-20,fire_transfer,successful,25
Javier Garay,+15618831781,,,,2026-08-20,human_drop,none,50
Mark Weibel,+12145289696,,,,2026-08-20,human_drop,none,41
John Smith,+12147269219,,,,2026-08-20,fire_transfer,successful,33
Edward Stone,+19726611840,,,,2026-08-20,human_drop,none,21
Israel Trevino,+15123089914,,,,2026-08-20,fire_transfer,successful,70
James Long,+16056375586,,,,2026-08-20,no_answer,none,48
15123384777,+15123384777,,,,2026-08-20,human_drop,none,20
12813639913,+12813639913,,,,2026-08-20,fire_transfer,successful,62
Maria Espinal,+17186727183,,,,2026-08-20,human_drop,none,26
Robert Duron,+15122856426,,,,2026-08-20,fire_transfer,successful,66
Stanley Ocheltree,+17074437496,,,,2026-08-20,fire_transfer,successful,56
15616596848,+15616596848,,,,2026-08-20,fire_transfer,successful,65
Don Newsom,+19723697125,,,,2026-08-20,human_drop,none,20
15122593187,+15122593187,,,,2026-08-20,fire_transfer,successful,71
Ronald Howe,+13612261147,,,,2026-08-20,fire_transfer,successful,67
Beth Hansen,+19252564642,,,,2026-08-20,human_drop,none,22
Ernest Astudillo,+12122556682,,,,2026-08-20,fire_transfer,successful,68
Elizabeth Sandner,+19495891355,,,,2026-08-20,fire_transfer,successful,69
John Guest,+16055325810,,,,2026-08-20,human_drop,none,25
Steven Gross,+12103660980,,,,2026-08-20,fire_transfer,successful,31
Neil Nathan,+14097441017,,,,2026-08-20,fire_transfer,successful,78
Janet Duncan,+17135226425,,,,2026-08-20,fire_transfer,successful,79
Thomas Tupman,+19496738876,,,,2026-08-20,fire_transfer,successful,69
Gamini Meepe,+12143870409,,,,2026-08-20,fire_transfer,successful,49
Judith Cleaver,+18175140565,,,,2026-08-20,fire_transfer,successful,104
David Price,+19797790375,,,,2026-08-20,fire_transfer,successful,113
Barrye Fregia,+15123101576,,,,2026-08-20,human_drop,none,39
Timothy Meyer,+17602447196,,,,2026-08-20,human_drop,none,24
Yair Koshet,+18187046166,,,,2026-08-20,fire_transfer,successful,75
17136234105,+17136234105,,,,2026-08-20,fire_transfer,successful,201
Tatsuo Endo,+18056472098,,,,2026-08-20,fire_transfer,successful,77
Bruce Vaughan,+18139265118,,,,2026-08-20,human_drop,none,36
Walter Born,+19367012062,,,,2026-08-20,fire_transfer,successful,31
Oliver Cromwell,+19143371578,,,,2026-08-20,fire_transfer,successful,71
15616910038,+15616910038,,,,2026-08-20,fire_transfer,successful,59
Donna Posard,+14154914118,,,,2026-08-20,fire_transfer,successful,45
Doddie Ferguson,+15597831676,,,,2026-08-20,fire_transfer,successful,46
Carol Macdonald,+15152552656,,,,2026-08-20,fire_transfer,successful,86
Van Alexander,+19722276674,,,,2026-08-20,fire_transfer,successful,108
James Lipsey,+19364474944,,,,2026-08-20,fire_transfer,successful,51
Gary Wilcox,+16077972324,,,,2026-08-20,human_drop,none,27
Don Dean,+17135991129,,,,2026-08-20,fire_transfer,successful,43
Roger Mogonye,+15122813755,,,,2026-08-20,fire_transfer,successful,61
Jay Goldberg,+19543459820,,,,2026-08-20,fire_transfer,successful,41
Katherine Williams,+13108335002,,,,2026-08-20,fire_transfer,successful,33
Terry Rupe,+16205873880,,,,2026-08-20,fire_transfer,successful,46
David Rassin,+14097418180,,,,2026-08-20,fire_transfer,successful,48
Terry Miller,+17403533247,,,,2026-08-20,fire_transfer,successful,33
Stanley Kamerick,+15629463752,,,,2026-08-20,fire_transfer,successful,62
Thomas Finlay,+12104925250,,,,2026-08-20,fire_transfer,successful,70
Randy Sanders,+19188657653,,,,2026-08-20,fire_transfer,successful,68
17018382979,+17018382979,,,,2026-08-20,fire_transfer,successful,69
James Burkhart,+18067947659,,,,2026-08-20,human_drop,successful,77
Richard Gansle,+18303587402,,,,2026-08-20,fire_transfer,successful,68
Teresa Higgs,+18175836437,,,,2026-08-20,fire_transfer,successful,48
Linda Dodge,+17137260756,,,,2026-08-20,fire_transfer,successful,88
Brian Olson,+12626544795,,,,2026-08-20,fire_transfer,successful,33
Johnny Lopez,+12107349270,,,,2026-08-20,fire_transfer,successful,79
17136607664,+17136607664,,,,2026-08-20,human_drop,none,99
18309972151,+18309972151,,,,2026-08-20,fire_transfer,successful,44
Andy Townsend,+15123365477,,,,2026-08-20,fire_transfer,successful,74
Mabelanne Marston,+12133865683,,,,2026-08-20,fire_transfer,successful,75
Joan Delanoy,+17603242921,,,,2026-08-20,fire_transfer,successful,45
Steven Johnson,+13606518413,,,,2026-08-20,fire_transfer,successful,31
Carol Weitzel,+19722929374,,,,2026-08-20,human_drop,none,43
Brett Rixford,+19724470984,,,,2026-08-20,fire_transfer,successful,43
Karen Love,+17542011366,,,,2026-08-20,fire_transfer,successful,106
Norman Robben,+12394581195,,,,2026-08-20,human_drop,none,26
Christopher Klassen,+19722558482,,,,2026-08-20,fire_transfer,successful,81
William Mccandless,+15122607744,,,,2026-08-20,fire_transfer,successful,54
Helen Moloney,+17187265050,,,,2026-08-20,fire_transfer,successful,81
Eric Hoag,+12813341132,,,,2026-08-20,human_drop,none,52
Farnsworth Munro,+17184697166,,,,2026-08-20,fire_transfer,successful,76
Harry Paltoo,+17185232803,,,,2026-08-20,fire_transfer,successful,30
Barbara Lee Thorp,+18184564817,,,,2026-08-20,fire_transfer,successful,55
Nolca Decena,+12679005866,,,,2026-08-20,fire_transfer,successful,78
Cora Long,+18136451942,,,,2026-08-20,fire_transfer,successful,80
Louise Villela,+15617385579,,,,2026-08-20,human_drop,none,37
Jerrold Henninger,+19724224714,,,,2026-08-20,fire_transfer,successful,79
19362582284,+19362582284,,,,2026-08-20,fire_transfer,successful,88
Gordon Dixon,+13253883447,,,,2026-08-20,fire_transfer,successful,81
Jerrold Hays,+12104793136,,,,2026-08-20,fire_transfer,successful,58
Timothy Lehman,+19417957448,,,,2026-08-20,human_drop,none,17
Eric Burkley,+17189840353,,,,2026-08-20,fire_transfer,successful,37
Duane Patterson,+19516774167,,,,2026-08-20,human_drop,none,65
Barbara Baker,+18179274668,,,,2026-08-20,human_drop,successful,75
Kevin Davis,+12105439386,,,,2026-08-20,fire_transfer,successful,60
Carole Kernes,+12143407738,,,,2026-08-20,no_answer,successful,82
Timothy Selman,+18172959522,,,,2026-08-20,human_drop,none,27
Juan Lopez,+18139324126,,,,2026-08-20,fire_transfer,successful,51
Arnold Higginbotham,+12104838902,,,,2026-08-20,fire_transfer,successful,36
John Thomas,+15127959606,,,,2026-08-20,fire_transfer,successful,31
Stuart Zausner,+15614790018,,,,2026-08-20,human_drop,none,80
12815478943,+12815478943,,,,2026-08-20,human_drop,none,20
Joseph Sollano,+17184231775,,,,2026-08-20,fire_transfer,successful,72
Rosanne Perrone,+17184610066,,,,2026-08-20,fire_transfer,successful,65
Paul Pratt,+15128640125,,,,2026-08-20,no_answer,none,66
Gretchen Lambert,+12063653734,,,,2026-08-20,fire_transfer,successful,82
Sandra Thompson,+12143500360,,,,2026-08-20,fire_transfer,successful,87
Ruth Kessler,+13052715090,,,,2026-08-20,fire_transfer,successful,72
Robert Nelson,+14254010220,,,,2026-08-20,fire_transfer,successful,67
Edward Maxwell,+13605715749,,,,2026-08-20,human_drop,none,30
Eric Carlsson,+13527503782,,,,2026-08-20,fire_transfer,successful,72
Edward Schmidt,+13052517142,,,,2026-08-20,fire_transfer,successful,115
Anthony Schleisman,+18177829356,,,,2026-08-20,no_answer,successful,40
19729234440,+19729234440,,,,2026-08-20,human_drop,none,30
Patricia Mederos,+13056678325,,,,2026-08-20,fire_transfer,successful,60
William Huyette,+13608928378,,,,2026-08-20,fire_transfer,successful,34
Jameel Ali,+17186598614,,,,2026-08-20,fire_transfer,successful,19
Charles Gangone,+15163541201,,,,2026-08-20,fire_transfer,successful,85
Gary Bucholz,+17326812370,,,,2026-08-20,human_drop,none,74
Martel Goldman,+17185277754,,,,2026-08-20,fire_transfer,successful,33
Patricia Doughty,+14258895464,,,,2026-08-20,human_drop,none,20
Ramon Pacios,+13059698602,,,,2026-08-20,human_drop,none,28
Peter Wolfe,+17865362941,,,,2026-08-20,fire_transfer,successful,74
John Carpenter,+14258277097,,,,2026-08-20,fire_transfer,successful,39
Arthur Shaw,+13606519353,,,,2026-08-20,fire_transfer,successful,74
Alan Afromowitz,+19543464154,,,,2026-08-20,fire_transfer,successful,60
Erroll Gallagher,+14692005663,,,,2026-08-20,fire_transfer,successful,73
12104753627,+12104753627,,,,2026-08-20,fire_transfer,successful,67
Tony Demaio,+19405750100,,,,2026-08-20,fire_transfer,successful,46
Oscar Beard,+12813677263,,,,2026-08-20,fire_transfer,successful,53
Robert Rymell,+18179263269,,,,2026-08-20,fire_transfer,successful,75
Athanasios Pantelias,+17187282341,,,,2026-08-20,fire_transfer,successful,32
Richard Thompson,+17137804241,,,,2026-08-20,human_drop,none,24
Judith Perel,+14803619107,,,,2026-08-20,human_drop,successful,45
James Wynne,+17182250353,"21810 40th Ave Bayside, NY 11361","$1,000,000+","$250,000 - $299,999",2026-08-20,fire_transfer,successful,37
Steven Dawson,+12144740751,,,,2026-08-20,human_drop,none,18
Craig Dilbeck,+12183542667,,,,2026-08-20,fire_transfer,successful,33
Sandra Schwarz,+12063643846,,,,2026-08-20,fire_transfer,successful,37
Shirley Boswell,+13015796443,,,,2026-08-20,fire_transfer,successful,82
Scott Gayle,+18173373745,,,,2026-08-20,fire_transfer,successful,38
Kay Hendrickson,+13608878355,,,,2026-08-20,human_drop,none,43
Russell Perkins,+12078826295,,,,2026-08-20,human_drop,none,30
Danqing Wu,+17183731340,,,,2026-08-20,fire_transfer,successful,37
Joseph Abramovitz,+17188518962,,,,2026-08-20,human_drop,none,29
Mitchell Halper,+16303770311,,,,2026-08-20,fire_transfer,successful,69
Pamela Springer,+17187783672,,,,2026-08-20,fire_transfer,successful,74
Filemon Villagran,+12149481226,,,,2026-08-20,fire_transfer,successful,22
Jaime Ebenstein,+15618520419,,,,2026-08-20,human_drop,successful,55
Eva Moldovan,+17187453218,,,,2026-08-20,fire_transfer,successful,24
Christine Deschepper,+16055823393,,,,2026-08-20,human_drop,none,67
Alice Dewaters,+19146324686,,,,2026-08-20,fire_transfer,successful,60
Saul Ganchrow,+19549614135,,,,2026-08-20,fire_transfer,successful,77
Kenneth Carter,+19366377785,,,,2026-08-20,fire_transfer,successful,51
Arthur Tate,+15123452388,,,,2026-08-20,fire_transfer,successful,35
Debra Aukes,+16415612561,,,,2026-08-20,fire_transfer,successful,41
Ginette Bedard,+17188435624,,,,2026-08-20,fire_transfer,successful,35
Mary Henderson,+17136642061,,,,2026-08-20,fire_transfer,successful,67
Ana Noble,+19158522858,,,,2026-08-20,fire_transfer,successful,71
Joy Galariada,+18087346741,,,,2026-08-20,fire_transfer,successful,75
Renee Ritter,+16469227472,,,,2026-08-20,fire_transfer,successful,44
Suellyn Phillips,+19038828649,,,,2026-08-20,fire_transfer,successful,65
Jean Anderson,+18159328257,,,,2026-08-20,fire_transfer,successful,50
Ralph Mehling,+18124812302,,,,2026-08-20,fire_transfer,successful,71
Joseph Houston,+18174514030,,,,2026-08-20,human_drop,none,40
John Chance,+18309808883,,,,2026-08-20,fire_transfer,successful,58
Sandra Schiller,+15128366615,,,,2026-08-20,fire_transfer,successful,22
Susan Denmark,+15163745996,,,,2026-08-20,fire_transfer,successful,70
Lylith Wadsworth,+13052381267,,,,2026-08-20,fire_transfer,successful,38
Lei Tang,+16029770844,,,,2026-08-20,fire_transfer,successful,70
David Frager,+15127948886,,,,2026-08-20,fire_transfer,successful,61
Sammy Dolezalek,+19035643232,,,,2026-08-20,fire_transfer,successful,75
Joan Cooper,+14157524516,"40 21st Ave San Francisco, CA 94121","$1,000,000+","$40,000 - $49,999",2026-08-20,human_drop,none,14
Louis Cashiola,+17137800056,,,,2026-08-20,fire_transfer,successful,83
David Ross,+18173694092,,,,2026-08-20,fire_transfer,successful,62
Egozi Sarah,+13058640533,,,,2026-08-20,fire_transfer,successful,38
Patricia Tedder,+17136678722,,,,2026-08-20,fire_transfer,successful,80
Clarence Dunn,+18174812327,,,,2026-08-20,fire_transfer,successful,78
Francis Connolly,+12818881903,,,,2026-08-20,human_drop,none,35
Thomas Keel,+15122616674,,,,2026-08-20,human_drop,successful,30
Linda Fleming,+15083624714,,,,2026-08-20,fire_transfer,successful,50
Stephen James,+18324674160,,,,2026-08-20,fire_transfer,successful,73
13103744004,+13103744004,,,,2026-08-20,fire_transfer,successful,44
Christine Kerwin,+19142716076,,,,2026-08-20,fire_transfer,successful,73
Deborah Goldman,+15853818258,,,,2026-08-20,human_drop,none,18
18309806681,+18309806681,,,,2026-08-20,fire_transfer,successful,83
Bryan Decaul,+13214413008,,,,2026-08-20,fire_transfer,successful,69
Lin Ko,+14153793812,,,,2026-08-20,fire_transfer,successful,45
Lydia Hidalgo,+13052254147,,,,2026-08-20,fire_transfer,successful,94
Charles Turney,+15594853419,,,,2026-08-20,fire_transfer,successful,81
David Wiemer,+17135229974,,,,2026-08-20,human_drop,none,57
Philip Youtie,+13059354052,,,,2026-08-20,human_drop,none,32
Adeline Phildor,+17185267776,,,,2026-08-20,fire_transfer,successful,68
Paul Ekman,+12065223808,"3800 40th Ave NE Seattle, WA 98105","$1,000,000+","$250,000 - $299,999",2026-08-20,fire_transfer,successful,31
David Hart,+13016521941,,,,2026-08-20,human_drop,none,51
Charles Yates,+12813425997,,,,2026-08-20,fire_transfer,successful,75
Lawrence Miggins,+17135237222,,,,2026-08-20,fire_transfer,successful,43
Monica Meachem,+12129827412,,,,2026-08-20,fire_transfer,successful,73
Martha Centrone,+12019631502,,,,2026-08-20,fire_transfer,successful,83
Lanzenberg Christophe,+12122266360,,,,2026-08-20,human_drop,none,16
Margaret Sarra,+17818287146,,,,2026-08-20,fire_transfer,successful,43
Donna Vestal,+18154555696,,,,2026-08-20,fire_transfer,successful,64
Dale Bowne,+16056934200,,,,2026-08-20,fire_transfer,successful,33
Brad Mancuso,+14025585142,,,,2026-08-20,fire_transfer,successful,24
Nadine Tunnell,+17072573059,,,,2026-08-20,fire_transfer,successful,74
Cynthia Stong,+12813734578,,,,2026-08-20,human_drop,none,34
Linda Riley,+15624344800,,,,2026-08-20,human_drop,none,33
Beatriz Bueno,+13054441993,,,,2026-08-20,fire_transfer,successful,39
Doris Miguelez,+13103784944,,,,2026-08-20,fire_transfer,successful,65
Nona Walker,+12143585858,,,,2026-08-20,fire_transfer,successful,68
Molly Delain,+19204069030,,,,2026-08-20,fire_transfer,successful,16
MYRTLE BEACH,+17032012892,,,,2026-08-20,fire_transfer,successful,77
Beverly Solochek,+17186253715,,,,2026-08-20,fire_transfer,successful,66
Stanley Lease,+17324945658,,,,2026-08-20,fire_transfer,successful,72
Ellen Ashcraft,+13037567389,,,,2026-08-20,fire_transfer,successful,70
Mary Maslovsky,+19082337598,,,,2026-08-20,fire_transfer,successful,40
Claire Holzman,+17817620087,,,,2026-08-20,fire_transfer,successful,43
Jennie Meehan,+14087230385,,,,2026-08-20,fire_transfer,successful,71
Josianne Passanante,+18453628241,,,,2026-08-20,fire_transfer,successful,82
Larisa Kisselgof,+19149624157,,,,2026-08-20,fire_transfer,successful,80
Yvonne Quinn,+12126280932,,,,2026-08-20,fire_transfer,successful,37
Muhammad Zubair,+19729134808,,,,2026-08-20,human_drop,none,12
James Boyle,+16174370033,,,,2026-08-20,fire_transfer,successful,67
Hylton Walter,+15408868681,,,,2026-08-20,fire_transfer,successful,77
Gary Pearce,+15032975916,,,,2026-08-20,fire_transfer,successful,85
Jeffrey Carter,+18173755200,,,,2026-08-20,human_drop,none,37
Judith Moss,+12134825163,,,,2026-08-20,human_drop,none,26
Richard Fitch,+18582742447,,,,2026-08-20,fire_transfer,successful,71
Rita Fleischer,+12122550327,,,,2026-08-20,fire_transfer,successful,21
Johnny Soong,+17188455227,,,,2026-08-20,human_drop,none,36
Joanne Magee,+18088882917,,,,2026-08-20,fire_transfer,successful,57
Judith Glogovsky,+17183589589,,,,2026-08-20,fire_transfer,successful,54
Maria Kanoa-Medeiros,+18087321173,,,,2026-08-20,fire_transfer,successful,86
Larry Lee,+14156811111,,,,2026-08-20,human_drop,none,20
Robert Pieper,+15636896709,,,,2026-08-20,fire_transfer,successful,60
Sara Brandon,+15106538213,,,,2026-08-20,fire_transfer,successful,70
Christina Folino,+19149373728,,,,2026-08-20,fire_transfer,successful,95
Dianna Paz,+15416891069,,,,2026-08-20,fire_transfer,successful,79
Janice Brazzle,+19315823326,,,,2026-08-20,fire_transfer,successful,35
Lori Crane,+15737544269,,,,2026-08-20,fire_transfer,successful,66
Jo Moore,+15304778099,,,,2026-08-20,fire_transfer,successful,38
Lynnmarie Snyder,+17247282972,,,,2026-08-20,fire_transfer,successful,70
Dale Venne,+13192346418,,,,2026-08-20,fire_transfer,successful,71
Arlene Dragon,+14108206600,,,,2026-08-20,fire_transfer,successful,54
19723697830,+19723697830,,,,2026-08-20,human_drop,none,29
Henry Barron,+14155874287,,,,2026-08-20,fire_transfer,successful,87
Lavonne Duhalde,+13104503430,,,,2026-08-20,human_drop,none,51
Donald Cornwell,+13108201723,,,,2026-08-20,human_drop,none,23
Ezatolah Shojai,+19144231679,,,,2026-08-20,human_drop,none,17
Christopher Bailey,+12143837455,,,,2026-08-20,fire_transfer,successful,63
Susan Morgan,+19038763920,,,,2026-08-20,fire_transfer,successful,77
Arthur Federspill,+14105430796,,,,2026-08-20,human_drop,none,30
Juan Delaguarda,+17185072939,,,,2026-08-20,human_drop,none,37
Carol Hodges,+15302562794,,,,2026-08-20,fire_transfer,successful,77
Barbara Buell,+15083586134,,,,2026-08-20,fire_transfer,successful,75
Martha Herrin,+12027261372,,,,2026-08-20,human_drop,none,26
Leib Schapiro,+13055318079,,,,2026-08-20,fire_transfer,successful,80
Marsha Stein,+13015300339,,,,2026-08-20,human_drop,none,35
Margery Westcott,+17186381717,,,,2026-08-20,human_drop,none,24
Irene Mccarthy,+17189793079,,,,2026-08-20,fire_transfer,successful,56
Herminia Hunter,+15036535814,,,,2026-08-20,fire_transfer,successful,74
12147260104,+12147260104,,,,2026-08-20,human_drop,none,27
Joan Castle,+15188285483,,,,2026-08-20,fire_transfer,successful,49
Althea Schoen,+12816479000,,,,2026-08-20,fire_transfer,successful,24
Carole Doneski,+16827088254,,,,2026-08-20,fire_transfer,successful,78
Denise Soppas,+19087695820,,,,2026-08-20,human_drop,none,45
Texe Marrs,+15122639780,,,,2026-08-20,fire_transfer,successful,37
James Ebner,+18308994026,,,,2026-08-20,fire_transfer,successful,54
William Dautrechy,+16094943016,,,,2026-08-20,fire_transfer,successful,67
Ming Tso,+17186800703,,,,2026-08-20,fire_transfer,successful,52
Rudy Deluca,+13238749855,,,,2026-08-20,fire_transfer,successful,71
Ricky Smith,+18324493127,,,,2026-08-20,human_drop,none,12
Virginia Rose,+18309354511,,,,2026-08-20,fire_transfer,successful,38
Linden Welsch,+15122588162,,,,2026-08-20,human_drop,none,13
Kathryn Ham,+15086273711,,,,2026-08-20,human_drop,none,10
Edna Cowen,+15616559775,,,,2026-08-20,human_drop,successful,29
Marjorie Logan,+16194236771,,,,2026-08-20,fire_transfer,successful,85
Prakash Thomas,+12144077489,,,,2026-08-20,human_drop,none,31
Lynnette Woerne,+12063645248,,,,2026-08-20,fire_transfer,successful,76
Sharon Berrier,+17195479350,,,,2026-08-20,fire_transfer,successful,64
Marilynn Deforge,+13015308830,,,,2026-08-20,fire_transfer,successful,46
Jo Rodda,+13103797966,,,,2026-08-20,fire_transfer,successful,77
Michael Robson,+18327786035,,,,2026-08-20,no_answer,none,40
Julie House,+14158211747,,,,2026-08-20,fire_transfer,successful,45
Andre Calixte,+19546886377,,,,2026-08-20,human_drop,none,27
Malinda Sayers,+15403897105,,,,2026-08-20,fire_transfer,successful,69
Charles Petrek,+18174440782,,,,2026-08-20,fire_transfer,successful,49
Barbara Hewlett,+13057417212,,,,2026-08-20,human_drop,none,24
Darlene Weber,+12106795539,,,,2026-08-20,fire_transfer,successful,65
Franziska Diamond,+14159290148,,,,2026-08-20,fire_transfer,successful,79
Suzanne Walton,+15088967178,,,,2026-08-20,voice_message,successful,89
Jacqueline Robinson,+17328213172,,,,2026-08-20,human_drop,none,48
Sandra Grieser,+15613910277,,,,2026-08-20,fire_transfer,successful,56
Orlando Gaut,+16362731112,,,,2026-08-21,fire_transfer,successful,75
Richard Lentz,+12062443357,,,,2026-08-21,human_drop,successful,52
Roberta Kahn,+15167427429,,,,2026-08-21,human_drop,successful,67
Kathryn Turner,+14357520637,,,,2026-08-21,fire_transfer,successful,86
Tommy Rutledge,+12052515349,,,,2026-08-21,no_answer,none,89
Arlene Leiter,+19149210050,,,,2026-08-21,fire_transfer,successful,76
Carol Anderson,+16056934207,,,,2026-08-21,fire_transfer,successful,69
Steven Flickinger,+13606590895,,,,2026-08-21,fire_transfer,successful,75
Enkhtuya Sonompel,+13103972743,,,,2026-08-21,fire_transfer,successful,39
David Lopez,+13612382069,,,,2026-08-21,human_drop,none,22
Jacqueline Robinson,+17328213172,,,,2026-08-21,human_drop,none,37
Edward Bowman,+12626348021,,,,2026-08-21,fire_transfer,successful,114
Peter Hoyte,+17182419455,,,,2026-08-21,fire_transfer,successful,75
Mary Ofrias,+18456887485,,,,2026-08-21,human_drop,none,24
Florence Chmielorz,+17813290436,,,,2026-08-21,fire_transfer,successful,43
Greta Howard,+17816313683,,,,2026-08-21,fire_transfer,successful,86
Michael Kahan,+17189989538,,,,2026-08-21,fire_transfer,successful,42
Chi Wong,+15108395908,,,,2026-08-21,fire_transfer,successful,62
Donald Barnes,+17036900056,,,,2026-08-21,human_drop,none,81
Clark Irion,+14805853054,,,,2026-08-21,human_drop,none,16
Alan Krueger,+13052556901,,,,2026-08-21,fire_transfer,successful,25
David Jennings,+12817783223,,,,2026-08-21,human_drop,none,25
Mary Rossi,+13036905180,,,,2026-08-21,human_drop,none,28
Regina Manske,+17188349253,,,,2026-08-21,fire_transfer,successful,83
Cheryl Bevington,+13108372783,,,,2026-08-21,fire_transfer,successful,82
Brooke Crowley,+16318781155,,,,2026-08-21,fire_transfer,successful,51
Mark Lang,+12025889809,,,,2026-08-21,human_drop,none,41
Quentin Fairchild,+19364351267,,,,2026-08-21,fire_transfer,successful,76
Marilyn Watt,+16503412738,,,,2026-08-21,fire_transfer,successful,48
Raymond Rathman,+15073754496,,,,2026-08-21,fire_transfer,successful,66
Robert Jenkins,+18172817022,,,,2026-08-21,fire_transfer,successful,120
Lynne Tilsen,+15106544778,,,,2026-08-21,fire_transfer,successful,84
Hannah Miles,+17033605324,,,,2026-08-21,fire_transfer,successful,54
Soo Moy,+17182714603,,,,2026-08-21,fire_transfer,successful,77
Barclay Manley,+12812596557,,,,2026-08-21,fire_transfer,successful,50
Lisa Robinson,+18052225107,,,,2026-08-21,human_drop,none,24
Deborah Clefish,+15158364727,,,,2026-08-21,fire_transfer,successful,35
Frederic Loden,+19726442672,,,,2026-08-21,fire_transfer,successful,77
Constance Mcdonald,+12546222474,,,,2026-08-21,fire_transfer,successful,79
Joan Reines,+14078765709,,,,2026-08-21,fire_transfer,successful,71
Jennifer Camp,+13052928379,,,,2026-08-21,fire_transfer,successful,71
Bradford Lyttle,+17733240654,,,,2026-08-21,fire_transfer,successful,79
John Priest,+12564355089,,,,2026-08-21,fire_transfer,successful,19
Hedwig Seldner,+19549466401,,,,2026-08-21,fire_transfer,successful,79
William Colbert,+15125813816,,,,2026-08-21,fire_transfer,successful,144
Wayne Blanchette,+18159332429,,,,2026-08-21,fire_transfer,successful,76
Valerie Deahl,+16173324609,,,,2026-08-21,fire_transfer,successful,44
Ann Leahy,+18474287443,,,,2026-08-21,fire_transfer,successful,41
Jean Oliphant,+16308200366,,,,2026-08-21,fire_transfer,successful,70
Gabriela Riggleman,+12813941153,,,,2026-08-21,fire_transfer,successful,69
Esmeralda Arias,+18187096852,,,,2026-08-21,fire_transfer,successful,37
Hamdi Kanawati,+19722174441,,,,2026-08-21,fire_transfer,successful,71
Jean Johnson,+14258238066,,,,2026-08-21,human_drop,none,52
Rose Nazari,+18182456267,,,,2026-08-21,fire_transfer,successful,43
Andres Cruz,+18302284844,,,,2026-08-21,fire_transfer,successful,81
Carol Cappiello,+17183202680,,,,2026-08-21,fire_transfer,successful,74
Ellen Hales,+15108650232,,,,2026-08-21,fire_transfer,successful,85
David Wagner,+18176401190,,,,2026-08-21,human_drop,none,22
Sandra Watkins,+19259348004,,,,2026-08-21,fire_transfer,successful,56
Dana Abrahamsen,+17032809782,,,,2026-08-21,fire_transfer,successful,35
Edward Jenkins,+19102784309,"104 SW 3rd St Oak Island, NC 28465","$1,000,000+","$200,000 - $249,999",2026-08-21,fire_transfer,successful,67
Beverly Basile,+16172327333,,,,2026-08-21,fire_transfer,successful,41
Paul Toro,+12107327479,,,,2026-08-21,human_drop,none,27
Eugene Noeldner,+16057564156,,,,2026-08-21,fire_transfer,successful,28
Kenneth Miller,+13205972411,,,,2026-08-21,fire_transfer,successful,32
Mark Cherry,+15122490027,,,,2026-08-21,fire_transfer,successful,46
Daniel Kolar,+15122582517,,,,2026-08-21,fire_transfer,successful,41
Jeffrey Cole,+15618458885,,,,2026-08-21,fire_transfer,successful,82
Mark Cherry,+15122490027,,,,2026-08-21,human_drop,none,12
Leonie Griswold,+13603783040,,,,2026-08-21,fire_transfer,successful,48
Ali Sadjadi,+15125246027,,,,2026-08-21,fire_transfer,successful,67
Sandra Reeves,+17182822968,,,,2026-08-21,fire_transfer,successful,73
Patrick Pellerin,+12023630847,,,,2026-08-24,human_drop,none,29
Martha Weiss,+12065237903,,,,2026-08-24,fire_transfer,successful,68
Jeff Abolofia,+12062461019,,,,2026-08-24,fire_transfer,successful,39
Sandra Reeves,+17182822968,,,,2026-08-24,fire_transfer,successful,73
Gary Malasky,+12023629565,,,,2026-08-24,fire_transfer,successful,54
Beverly Kingwood,+12027239384,,,,2026-08-24,fire_transfer,successful,51
Odisseas Skountzos,+17187452222,,,,2026-08-24,human_drop,none,15
Millie Carrick,+19062485849,,,,2026-08-24,human_drop,none,70
Joseph Bronikowski,+14145294515,,,,2026-08-24,fire_transfer,successful,25
Daniel Noble,+15178518820,,,,2026-08-24,fire_transfer,successful,46
Erica Harnett,+12122225125,,,,2026-08-24,fire_transfer,successful,68
Rebecca Crump,+13013935445,,,,2026-08-24,human_drop,none,55
Glen Mathews,+17153691330,,,,2026-08-24,fire_transfer,successful,46
Jeffrey Miller,+13202743421,,,,2026-08-24,fire_transfer,successful,71
Grace Antrobus,+17186291090,,,,2026-08-24,human_drop,none,86
Andrew Kyles,+14252908081,,,,2026-08-24,human_drop,none,22
Wallace Ramm,+15122514029,,,,2026-08-24,fire_transfer,successful,36
Sandra Pearson,+16162855390,,,,2026-08-24,fire_transfer,successful,61
Moshe Eisen,+17186339167,,,,2026-08-24,fire_transfer,successful,77
Murielle Desir,+17182520892,"1054 E 40th St Brooklyn, NY 11210","$900,000 - $999,999","$20,000 - $29,999",2026-08-24,fire_transfer,successful,71
Jack Ewing,+19566822853,,,,2026-08-24,fire_transfer,successful,68
Jerome Conlon,+12025466195,,,,2026-08-24,human_drop,successful,61
Wayne Rollins,+17184468829,,,,2026-08-24,human_drop,none,28
Julie Toothaker,+12076743050,,,,2026-08-24,fire_transfer,successful,63
Cheryl Spencer,+19062653706,,,,2026-08-24,human_drop,none,23
Frank Mcginn,+12143405390,,,,2026-08-24,fire_transfer,successful,23
Sidney Evans,+12513423366,,,,2026-08-24,fire_transfer,successful,36
Joseph Reid,+19544735951,,,,2026-08-24,fire_transfer,successful,37
Ron Salter,+17817293147,,,,2026-08-24,human_drop,none,39
Johny Andrade,+19544325908,,,,2026-08-24,fire_transfer,successful,24
Frank Zuber,+15624272596,,,,2026-08-24,human_drop,none,39
Micheal Hamilton,+15078762160,,,,2026-08-24,human_drop,successful,51
Stuart Taylor,+17723404464,,,,2026-08-24,human_drop,none,25
Linton Brooks,+15123275933,,,,2026-08-24,fire_transfer,successful,69
John Madrid,+19516885159,,,,2026-08-24,human_drop,none,24
George Davis,+12104793222,,,,2026-08-24,human_drop,none,51
Frances Sampson,+17136228133,,,,2026-08-24,fire_transfer,successful,74
Tina Goldman,+19549990737,,,,2026-08-24,human_drop,none,16
Nanette Scroggins,+12149417021,,,,2026-08-24,human_drop,none,27
Mary Renner,+12098445390,,,,2026-08-24,fire_transfer,successful,78
Judy Zeeman,+18014653476,,,,2026-08-24,human_drop,none,21
Ramon Bringas,+17863532389,,,,2026-08-24,human_drop,none,21
Paul Laguerre,+13474138613,,,,2026-08-24,fire_transfer,successful,84
Aleatha Burford,+12813313627,,,,2026-08-24,fire_transfer,successful,38
18503855056,+18503855056,,,,2026-08-24,fire_transfer,successful,45
13052668204,+13052668204,,,,2026-08-24,human_drop,none,13
Carmen Porto,+18187909604,,,,2026-08-24,human_drop,none,53
Joseph Field,+16509485524,,,,2026-08-24,human_drop,none,26
Russ Harris,+15122492331,,,,2026-08-24,fire_transfer,successful,39
Lavelle Dekramer,+16052963365,,,,2026-08-24,fire_transfer,successful,75
Roger Lewis,+18172370238,,,,2026-08-24,fire_transfer,successful,78
Dennis Alspaugh,+17277330948,,,,2026-08-24,fire_transfer,successful,62
Norbert Mcnamara,+15615858365,,,,2026-08-24,fire_transfer,successful,37
,+19725242526,,,,2026-08-24,fire_transfer,successful,122
Patricia Holloway,+19417475053,,,,2026-08-24,fire_transfer,successful,40
Steven Privitera,+15854460469,,,,2026-08-24,fire_transfer,successful,54
Christine Mance,+12025293578,,,,2026-08-24,fire_transfer,successful,43
Elizabeth Buckingham,+16128220080,,,,2026-08-24,fire_transfer,successful,34
Patti Stewart,+13149912927,,,,2026-08-24,fire_transfer,successful,21
Lorrie Lejeune,+17816414878,,,,2026-08-24,fire_transfer,successful,35
Robert Denenberg,+19723817996,,,,2026-08-24,fire_transfer,successful,54
John Travis,+12104813022,,,,2026-08-24,fire_transfer,successful,31
Jonathan Cunningham,+12537561940,,,,2026-08-24,human_drop,none,19
Rachel Weiner,+17189721776,,,,2026-08-24,fire_transfer,successful,51
Bluma Lebron,+17184359494,,,,2026-08-24,fire_transfer,successful,44
Randall Wilson,+12108298025,,,,2026-08-24,fire_transfer,successful,76
Michael Morgan,+13619920639,,,,2026-08-24,human_drop,none,62
Roman Swan,+17153825126,,,,2026-08-24,fire_transfer,successful,59
Timothy Witten,+18324516565,,,,2026-08-24,human_drop,none,24
Maria Kuchta,+19082776651,,,,2026-08-24,fire_transfer,successful,79
Norman Smith,+16822245394,,,,2026-08-24,fire_transfer,successful,50
Norman Gelbart,+15105250174,,,,2026-08-24,human_drop,none,38
Mary Malfi,+17184427024,,,,2026-08-24,fire_transfer,successful,55
Juliann Bly,+18584125177,,,,2026-08-24,fire_transfer,successful,57
James Trottman,+16053611517,,,,2026-08-24,fire_transfer,successful,56
Abigail Matteson,+16178641389,,,,2026-08-24,human_drop,none,39
Charles Wald,+16053415027,,,,2026-08-24,fire_transfer,successful,48
Susan Sheriff,+13016099272,,,,2026-08-24,fire_transfer,successful,69
Conni Demark,+17194718115,,,,2026-08-24,fire_transfer,successful,47
David Sarafin,+14154419915,,,,2026-08-24,fire_transfer,successful,44
George Conlon,+13866771841,,,,2026-08-24,fire_transfer,successful,75
Iris Engelson,+12127214136,,,,2026-08-24,fire_transfer,successful,76
Christopher Schirmer,+17134360040,,,,2026-08-24,fire_transfer,successful,33
Francis Kummer,+19547526063,,,,2026-08-24,fire_transfer,successful,76
CENTER POINT,+17707448982,,,,2026-08-24,human_drop,none,43
Richard Ogren,+19039452311,,,,2026-08-24,no_answer,successful,73
Walter Scott,+12108244739,,,,2026-08-24,fire_transfer,successful,25
Donnial Beauchamp,+13239888652,,,,2026-08-24,fire_transfer,successful,67
Bettye Emerson,+14232660555,,,,2026-08-24,fire_transfer,successful,38
Dan Harrison,+19414743619,,,,2026-08-24,fire_transfer,successful,60
Henry Spieker,+13106705736,,,,2026-08-24,fire_transfer,successful,118
Barbara Byrd,+19783695787,,,,2026-08-24,human_drop,none,30
Mariann Althoff,+17184485972,,,,2026-08-24,fire_transfer,successful,24
Barbara Byrd,+19783695787,,,,2026-08-24,human_drop,none,38
Patricia Hand,+15122822886,,,,2026-08-24,fire_transfer,successful,20
Suzanne Mathews,+12124103257,,,,2026-08-24,human_drop,none,44
14252283914,+14252283914,,,,2026-08-24,human_drop,none,30
Gail Phillips,+13052321336,,,,2026-08-24,fire_transfer,successful,26
Suzanne Mathews,+12124103257,,,,2026-08-24,human_drop,none,24
Jacqueline Armborst,+13604682126,,,,2026-08-24,human_drop,none,45
Patricia Hand,+15122822886,,,,2026-08-24,human_drop,none,19
Sonja Sax,+15084253339,,,,2026-08-24,human_drop,none,48
Francisco Castruita,+12143530515,,,,2026-08-24,human_drop,none,24
15122607414,+15122607414,,,,2026-08-24,fire_transfer,successful,71
Steven Davis,+16084573072,,,,2026-08-24,fire_transfer,successful,42
Pn Rao,+12104341738,,,,2026-08-24,fire_transfer,successful,32
Betty Hansen,+15074376069,,,,2026-08-24,fire_transfer,successful,55
Susan Skieresz,+16503499371,,,,2026-08-24,fire_transfer,successful,72
Eileen Harty,+16172419343,,,,2026-08-24,fire_transfer,successful,56
Crystal Kindred,+18308394332,,,,2026-08-24,fire_transfer,successful,70
Sheila Amendola,+15166263984,,,,2026-08-24,human_drop,none,31
Joseph Randinitis,+13132715490,,,,2026-08-24,fire_transfer,successful,34
,+17184485972,,,,2026-08-24,fire_transfer,successful,71
Brian Rosetti,+18175783302,,,,2026-08-24,fire_transfer,successful,37
Darlene Fries,+19896894732,,,,2026-08-24,fire_transfer,successful,62
William Bell,+19722395095,,,,2026-08-24,human_drop,none,41
David Rixmann,+17152942031,,,,2026-08-24,human_drop,none,21
Scott Wootton,+14356542455,,,,2026-08-24,fire_transfer,successful,75
12813424995,+12813424995,,,,2026-08-24,human_drop,none,24
Ed Smith,+15035438595,,,,2026-08-24,fire_transfer,successful,63
Wendy Gerstein,+15164874598,,,,2026-08-24,no_answer,successful,55
Lisa Poritzky,+19149697883,,,,2026-08-24,human_drop,none,19
12813424995,+12813424995,,,,2026-08-24,human_drop,successful,36
Sean Malachi,+13014223224,,,,2026-08-24,human_drop,none,82
,+17182870351,,,,2026-08-24,fire_transfer,successful,62
Phoebe Douglass,+14158855688,,,,2026-08-24,fire_transfer,successful,44
Sandra Peck,+19783696074,,,,2026-08-24,human_drop,none,42
Barbara Mangum,+15048286642,,,,2026-08-24,fire_transfer,successful,62
Emmy Omoto,+12128759629,,,,2026-08-24,fire_transfer,successful,48
Gail Hartwell,+17812752722,,,,2026-08-24,fire_transfer,successful,54
Gloria Lea,+17135287178,,,,2026-08-24,fire_transfer,successful,70
Roy Doremus,+17186227816,,,,2026-08-24,human_drop,none,24
Traci Dapice,+14104613906,,,,2026-08-24,no_answer,none,32
Roy Doremus,+17186227816,,,,2026-08-24,human_drop,none,15
Susan Suvall,+16317577027,,,,2026-08-24,fire_transfer,successful,61
Kathy Nucci,+17278260621,,,,2026-08-24,human_drop,none,82
John Boudreau,+19149641529,,,,2026-08-24,human_drop,none,20
Maria Obrien,+19193018566,,,,2026-08-24,human_drop,none,54
Lisa Block,+18584610657,,,,2026-08-24,fire_transfer,successful,60
Linda Derosa,+18436886059,,,,2026-08-24,fire_transfer,successful,64
Rosann Fasolino,+19736611747,,,,2026-08-24,human_drop,none,74
Susan Marcussian,+17816470124,,,,2026-08-24,human_drop,none,74
Laura Tayloe,+17035274984,,,,2026-08-24,human_drop,none,28
Elizabeth Hendrick,+19146695961,,,,2026-08-24,human_drop,none,33
Susan Marcussian,+17816470124,,,,2026-08-24,human_drop,none,32
Lynette Stufft,+14109231290,,,,2026-08-24,fire_transfer,successful,27
Madeleine Beresford,+12016523537,,,,2026-08-24,fire_transfer,successful,27
Honey Katsarsky,+18083958161,,,,2026-08-24,human_drop,none,126
Eric Carey,+17035243966,"4041 25th St N Arlington, VA 22207","$1,000,000+","$250,000 - $299,999",2026-08-24,fire_transfer,successful,39
Eric Carey,+17035243966,"4041 25th St N Arlington, VA 22207","$1,000,000+","$250,000 - $299,999",2026-08-24,human_drop,none,11
,+18308394332,,,,2026-08-24,fire_transfer,successful,44
,+17184468829,,,,2026-08-24,fire_transfer,successful,37
Satish Puri,+17189611720,"15451 24th Ave Whitestone, NY 11357","$1,000,000+","$100,000 - $124,999",2026-08-24,fire_transfer,successful,44
Amalia Kolivas,+17187467171,"15732 24th Rd Whitestone, NY 11357","$1,000,000+","$90,000 - $99,999",2026-08-24,fire_transfer,successful,42
Rose Rios,+17184235142,"5726 255th St Douglaston, NY 11362","$1,000,000+","$50,000 - $59,999",2026-08-24,human_drop,none,38
Paula Vazquez,+14158243319,"3021 25th St San Francisco, CA 94110","$1,000,000+","$50,000 - $59,999",2026-08-24,fire_transfer,successful,45
Beth Traxler,+12063224848,"401 25th Ave E Seattle, WA 98112","$1,000,000+","$250,000 - $299,999",2026-08-24,fire_transfer,successful,70
,+16192449367,,,,2026-08-24,fire_transfer,successful,44
Shirley Estes,+19187489574,"1117 E 25th St Tulsa, OK 74114","$900,000 - $999,999","$200,000 - $249,999",2026-08-24,fire_transfer,successful,34
Sher Singh,+17184700345,"8015 256th St Floral Park, NY 11004","$1,000,000+","$200,000 - $249,999",2026-08-24,fire_transfer,successful,76
Judith Green,+14157529903,"40 25th Ave San Francisco, CA 94121","$1,000,000+","$250,000 - $299,999",2026-08-24,human_drop,none,27
Thomas Abraham,+17184706524,"8037 255th St Floral Park, NY 11004","$1,000,000+","$100,000 - $124,999",2026-08-24,fire_transfer,successful,25
Steven Klinger,+19545648777,"3617 NE 25th Ter Fort Lauderdale, FL 33308","$1,000,000+","$250,000 - $299,999",2026-08-24,fire_transfer,successful,54
Theresa Divito,+17272891934,"547 25th Ave N Saint Petersburg, FL 33704","$1,000,000+","$250,000 - $299,999",2026-08-24,fire_transfer,successful,53
Pamela Gavin,+17033517552,"4101 25th Pl N Arlington, VA 22207","$1,000,000+","$400,000 - $499,999",2026-08-24,human_drop,none,27
Mohammad Khan,+13474265899,"8325 258th St Glen Oaks, NY 11004","$1,000,000+","$70,000 - $79,999",2026-08-24,fire_transfer,successful,31
Gerald Phipps,+17123363757,"15625 250th Ave Spirit Lake, IA 51360","$1,000,000+","$70,000 - $79,999",2026-08-24,fire_transfer,successful,84
Claudio Stepancic,+17187468112,"15708 24th Ave Whitestone, NY 11357","$1,000,000+","$300,000 - $399,999",2026-08-24,human_drop,none,46
Felicia Rovegno,+12023370050,"800 25th St NW Washington, DC 20037","$1,000,000+","$400,000 - $499,999",2026-08-24,fire_transfer,successful,32
Gale Quentzel,+19549427385,"709 SE 25th Ave Pompano Beach, FL 33062","$1,000,000+","$100,000 - $124,999",2026-08-24,human_drop,none,32
Michael Dinoto,+17185394247,"14934 24th Ave Whitestone, NY 11357","$900,000 - $999,999","$100,000 - $124,999",2026-08-24,human_drop,none,42
Anita May,+16514638541,"2676 250th St E Farmington, MN 55024","$1,000,000+","$70,000 - $79,999",2026-08-24,fire_transfer,successful,46
Mary Crabill,+17035322361,"6304 24th St N Arlington, VA 22207","$1,000,000+","$250,000 - $299,999",2026-08-24,fire_transfer,successful,70
Megan Lee,+16166772184,"14162 24th Ave Marne, MI 49435","$1,000,000+","$300,000 - $399,999",2026-08-24,human_drop,none,40
Gary Bengtson,+13103795649,"115 25th St Hermosa Beach, CA 90254","$1,000,000+","$70,000 - $79,999",2026-08-24,fire_transfer,successful,56
Alma Rolleri,+17187467368,"15723 24th Rd Whitestone, NY 11357","$1,000,000+","$50,000 - $59,999",2026-08-24,fire_transfer,successful,33
Richard Stephenson,+17035272042,"4415 25th St N Arlington, VA 22207","$1,000,000+","$400,000 - $499,999",2026-08-24,fire_transfer,successful,36
James Kennerly,+13103921441,"2519 25th St Santa Monica, CA 90405","$900,000 - $999,999","$400,000 - $499,999",2026-08-24,fire_transfer,successful,41
Nediljko Peros,+17187670108,"16041 24th Rd Whitestone, NY 11357","$1,000,000+","$50,000 - $59,999",2026-08-24,fire_transfer,successful,72
Nandika Ekanayake,+17183476264,"8064 258th St Floral Park, NY 11004","$900,000 - $999,999","$100,000 - $124,999",2026-08-24,fire_transfer,successful,47
Sonia Sandoval,+14152069068,"3052 25th St San Francisco, CA 94110","$1,000,000+","$60,000 - $69,999",2026-08-24,fire_transfer,successful,74
Rebecca Reddick,+17036842093,"809 25th St S Arlington, VA 22202","$1,000,000+","$400,000 - $499,999",2026-08-24,fire_transfer,successful,71
Mattie Roter,+17184344025,"632 E 26th St Brooklyn, NY 11210","$1,000,000+","$70,000 - $79,999",2026-08-24,fire_transfer,successful,41
Chester Jangala,+14254324411,"23532 262nd Ave SE Maple Valley, WA 98038","$1,000,000+","$400,000 - $499,999",2026-08-24,fire_transfer,successful,40
John Borga,+14257784631,"22928 25th Ave W Lynnwood, WA 98036","$900,000 - $999,999","$70,000 - $79,999",2026-08-24,fire_transfer,successful,40
Satish Chopra,+17183430112,"7939 268th St Glen Oaks, NY 11004","$1,000,000+","$70,000 - $79,999",2026-08-24,fire_transfer,successful,33
Kent Goold,+15032451818,"7424 SW 25th Ave Portland, OR 97219","$1,000,000+","$100,000 - $124,999",2026-08-24,fire_transfer,successful,40
Michael Lasky,+17035339747,"6740 25th St N Arlington, VA 22213","$1,000,000+","$200,000 - $249,999",2026-08-24,fire_transfer,successful,40
,+17032436440,,,,2026-08-24,fire_transfer,successful,60
Joseph Poltorak,+17278955205,"800 26th Ave N Saint Petersburg, FL 33704","$1,000,000+","$175,000 - $199,999",2026-08-24,fire_transfer,successful,40
Curtis Wambold,+13059361620,"21210 NE 25th Ct Miami, FL 33180","$900,000 - $999,999","$100,000 - $124,999",2026-08-24,fire_transfer,successful,40
,+17032436440,,,,2026-08-24,fire_transfer,successful,51
Larry Crichlow,+17183472648,"7959 266th St Floral Park, NY 11004","$900,000 - $999,999","$100,000 - $124,999",2026-08-24,fire_transfer,successful,40
Laurence King,+13108273087,"31 26th Ave Venice, CA 90291","$1,000,000+","$400,000 - $499,999",2026-08-24,fire_transfer,successful,40
Linh Wong,+17188862875,"14957 25th Ave Whitestone, NY 11357","$1,000,000+","$50,000 - $59,999",2026-08-24,human_drop,none,24
Martin Zalta,+17186275069,"1740 E 26th St Brooklyn, NY 11229","$1,000,000+","$60,000 - $69,999",2026-08-24,fire_transfer,successful,40
Mark Ritchie,+13103199840,"470 26th St Santa Monica, CA 90402","$1,000,000+","$300,000 - $399,999",2026-08-24,fire_transfer,successful,69
David Sanua,+17183774751,"1486 E 26th St Brooklyn, NY 11210","$1,000,000+","$100,000 - $124,999",2026-08-24,fire_transfer,successful,84
,+18013591833,,,,2026-08-24,fire_transfer,successful,56
,+17707448982,,,,2026-08-24,fire_transfer,successful,55
Marc Tohir,+17035497848,"713 26th St S Arlington, VA 22202","$900,000 - $999,999","$250,000 - $299,999",2026-08-24,fire_transfer,successful,40
Sandra Wheeler,+17035333376,"5122 25th Rd N Arlington, VA 22207","$1,000,000+","$400,000 - $499,999",2026-08-24,fire_transfer,successful,32
Dinesh Khanna,+17183435907,"8321 260th St Floral Park, NY 11004","$1,000,000+","$100,000 - $124,999",2026-08-24,human_drop,none,25
George Korahais,+17187467756,"16305 25th Dr Flushing, NY 11358","$900,000 - $999,999","$100,000 - $124,999",2026-08-24,fire_transfer,successful,35
Harold Lewkowitz,+16026676767,"5745 N 25th St Phoenix, AZ 85016","$1,000,000+","$300,000 - $399,999",2026-08-24,human_drop,none,25
Jean Urruty,+14156642921,"1650 26th Ave San Francisco, CA 94122","$1,000,000+","$30,000 - $39,999",2026-08-24,human_drop,none,25
Peter Merani,+17187468550,"15726 25th Ave Whitestone, NY 11357","$1,000,000+","$60,000 - $69,999",2026-08-24,fire_transfer,successful,25
Ronald Edelstein,+17183390927,"1880 E 26th St Brooklyn, NY 11229","$1,000,000+","$100,000 - $124,999",2026-08-24,fire_transfer,successful,25
Arnold Griffith,+13103943115,"318 26th St Santa Monica, CA 90402","$1,000,000+","$60,000 - $69,999",2026-08-24,fire_transfer,successful,25
Jacob Lieberman,+17187693497,"2168 E 26th St Brooklyn, NY 11229","$1,000,000+","$50,000 - $59,999",2026-08-24,fire_transfer,successful,25
Sam Jacobs,+17183397811,"1868 E 26th St Brooklyn, NY 11229","$1,000,000+","$70,000 - $79,999",2026-08-24,fire_transfer,successful,25
Ines Cizmic,+16503490624,"765 26th Ave San Mateo, CA 94403","$1,000,000+","$70,000 - $79,999",2026-08-24,human_drop,none,90
Steven Placek,+17184287250,"5718 262nd St Douglaston, NY 11362","$1,000,000+","$100,000 - $124,999",2026-08-24,human_drop,none,25
Linda Oliver,+17035482317,"824 26th Pl S Arlington, VA 22202","$1,000,000+","$400,000 - $499,999",2026-08-24,voice_message,requested,25
Spiros Karidis,+13106569840,"440 26th St Santa Monica, CA 90402","$1,000,000+","$200,000 - $249,999",2026-08-24,fire_transfer,successful,25
Rick Chen,+17187676223,"15766 25th Ave Whitestone, NY 11357","$1,000,000+","$300,000 - $399,999",2026-08-24,human_drop,none,25
John Morrow,+17187261235,"2016 26th St Long Island City, NY 11105","$900,000 - $999,999","$400,000 - $499,999",2026-08-24,human_drop,none,25
Yosef Bauman,+17184211636,"1416 E 26th St Brooklyn, NY 11210","$1,000,000+","$100,000 - $124,999",2026-08-24,human_drop,none,25
Mark Thaler,+19547645342,"341 SE 26th Ave Fort Lauderdale, FL 33301","$1,000,000+","$300,000 - $399,999",2026-08-24,fire_transfer,successful,25
Helen Hecht,+17184637041,"12516 25th Ave College Point, NY 11356","$900,000 - $999,999","$20,000 - $29,999",2026-08-24,fire_transfer,successful,82
H Bibi,+17183471390,"8118 261st St Floral Park, NY 11004","$900,000 - $999,999","$300,000 - $399,999",2026-08-24,fire_transfer,successful,20
Monica Maroone,+19547670009,"909 SE 26th Ave Fort Lauderdale, FL 33301","$1,000,000+","$200,000 - $249,999",2026-08-24,human_drop,none,20
Myra Tucker,+13526691983,"17269 SE 260th Avenue Rd Umatilla, FL 32784","$1,000,000+","$30,000 - $39,999",2026-08-24,human_drop,none,20
Carol Caldera,+17186274136,"1762 E 26th St Brooklyn, NY 11229","$1,000,000+","$60,000 - $69,999",2026-08-24,human_drop,none,20
Param Singh,+17187669345,"8564 261st St Floral Park, NY 11001","$1,000,000+","$300,000 - $399,999",2026-08-24,human_drop,none,20
Kwai Chan,+17188869862,"14116 25th Rd Apt 5a Flushing, NY 11354","$900,000 - $999,999","$30,000 - $39,999",2026-08-24,human_drop,none,20
Raymond Dobrin,+17189989590,"1770 E 27th St Brooklyn, NY 11229","$1,000,000+","$70,000 - $79,999",2026-08-24,human_drop,none,20
Elliot Shakarchi,+17182533229,"1568 E 27th St Brooklyn, NY 11229","$1,000,000+","$60,000 - $69,999",2026-08-24,fire_transfer,successful,20
Victor Caroli,+17189340476,"2211 E 27th St Brooklyn, NY 11229","$900,000 - $999,999","$100,000 - $124,999",2026-08-24,fire_transfer,successful,20
Gay Merrill,+17035271655,"2914 27th St N Arlington, VA 22207","$1,000,000+","$250,000 - $299,999",2026-08-24,human_drop,none,20
Mary Luhring,+13034433051,"4226 26th St Boulder, CO 80304","$1,000,000+","$250,000 - $299,999",2026-08-24,fire_transfer,successful,20
Felice Teta,+17183524978,"20405 26th Ave Bayside, NY 11360","$1,000,000+","$50,000 - $59,999",2026-08-24,fire_transfer,successful,20
Mary Luhring,+13034433051,"4226 26th St Boulder, CO 80304","$1,000,000+","$250,000 - $299,999",2026-08-24,human_drop,none,20
Jose Melara,+14156419989,"3304 26th St San Francisco, CA 94110","$1,000,000+","$50,000 - $59,999",2026-08-24,human_drop,none,39
Robert Lowinger,+17182530444,"975 E 27th St Brooklyn, NY 11210","$1,000,000+","$100,000 - $124,999",2026-08-24,human_drop,none,58
Joseph Perazzo,+13105455509,"716 27th St Manhattan Beach, CA 90266","$1,000,000+","$300,000 - $399,999",2026-08-24,fire_transfer,successful,30
Bobby Pavlatos,+17184236010,"21542 26th Ave Bayside, NY 11360","$1,000,000+","$300,000 - $399,999",2026-08-24,human_drop,none,30
John Papadopoulos,+17187282174,"2436 26th St Astoria, NY 11102","$1,000,000+","$50,000 - $59,999",2026-08-24,fire_transfer,successful,30
Charles Middagh,+15073763554,"29605 270th St Worthington, MN 56187","$1,000,000+","$70,000 - $79,999",2026-08-24,human_drop,none,30
Larry Kerychuk,+16234659093,"40577 N 26th St Cave Creek, AZ 85331","$1,000,000+","$100,000 - $124,999",2026-08-24,human_drop,none,30
,+17035250220,,,,2026-08-24,fire_transfer,successful,56
Anastasios Sarikas,+17182048470,"1415 27th Ave Astoria, NY 11102","$1,000,000+","$100,000 - $124,999",2026-08-24,fire_transfer,successful,30
Brian Quinn,+13105462857,"591 27th St Manhattan Beach, CA 90266","$1,000,000+","$400,000 - $499,999",2026-08-24,fire_transfer,successful,20
Sandy Epstein,+19546303192,"4101 NE 26th Ave Fort Lauderdale, FL 33308","$900,000 - $999,999","$60,000 - $69,999",2026-08-24,fire_transfer,successful,20
Joseph Keyes,+17035281247,"4555 26th St N Arlington, VA 22207","$1,000,000+","$300,000 - $399,999",2026-08-24,human_drop,none,20
Edward White,+19547859755,"1081 NE 27th Ter Pompano Beach, FL 33062","$1,000,000+","$300,000 - $399,999",2026-08-24,fire_transfer,successful,20
Richard Washington,+12067212308,"1131 27th Ave Seattle, WA 98122","$1,000,000+","$20,000 - $29,999",2026-08-24,human_drop,none,20
Thomas Cronin,+17184238261,"21506 26th Ave Bayside, NY 11360","$1,000,000+","$300,000 - $399,999",2026-08-24,human_drop,none,20
Jarnail Singh,+17184135750,"7824 271st St New Hyde Park, NY 11040","$900,000 - $999,999","$150,000 - $174,999",2026-08-24,human_drop,none,20
Louis Derdik,+17184340191,"1333 E 27th St Brooklyn, NY 11210","$1,000,000+","$100,000 - $124,999",2026-08-24,human_drop,none,20
Saul Gold,+17183768217,"964 E 27th St Brooklyn, NY 11210","$900,000 - $999,999","$100,000 - $124,999",2026-08-24,fire_transfer,successful,25
Stuart Winans,+19549469243,"3820 NE 26th Ave Lighthouse Point, FL 33064","$1,000,000+","$150,000 - $174,999",2026-08-24,human_drop,none,25
Maida Withers,+17035227060,"2937 26th St N Arlington, VA 22207","$1,000,000+","$400,000 - $499,999",2026-08-24,human_drop,none,25
Luis Burgos,+13237348115,"2248 W 27th St Los Angeles, CA 90018","$900,000 - $999,999","$40,000 - $49,999",2026-08-24,human_drop,none,25
James Terlizzi,+19549463386,"3810 NE 27th Ave Lighthouse Point, FL 33064","$1,000,000+","$400,000 - $499,999",2026-08-24,human_drop,none,25
Hedy Weiss,+17183380927,"1032 E 28th St Brooklyn, NY 11210","$1,000,000+","$50,000 - $59,999",2026-08-24,fire_transfer,successful,25
Frank Perry,+12394587733,"2278 SE 28th St Cape Coral, FL 33904","$900,000 - $999,999","$50,000 - $59,999",2026-08-24,fire_transfer,successful,25
Ronald Pye,+12395424388,"5308 SW 28th Pl Cape Coral, FL 33914","$1,000,000+","$400,000 - $499,999",2026-08-24,fire_transfer,successful,25
Jarnail Singh,+17184135750,"7824 271st St New Hyde Park, NY 11040","$900,000 - $999,999","$150,000 - $174,999",2026-08-24,human_drop,none,29
Maida Withers,+17035227060,"2937 26th St N Arlington, VA 22207","$1,000,000+","$400,000 - $499,999",2026-08-24,human_drop,none,14
James Terlizzi,+19549463386,"3810 NE 27th Ave Lighthouse Point, FL 33064","$1,000,000+","$400,000 - $499,999",2026-08-24,human_drop,none,28
Anastasios Sarikas,+17182048470,"1415 27th Ave Astoria, NY 11102","$1,000,000+","$100,000 - $124,999",2026-08-24,human_drop,none,30
John Papadopoulos,+17187282174,"2436 26th St Astoria, NY 11102","$1,000,000+","$50,000 - $59,999",2026-08-24,fire_transfer,successful,136
Jose Melara,+14156419989,"3304 26th St San Francisco, CA 94110","$1,000,000+","$50,000 - $59,999",2026-08-24,human_drop,none,45
Bobby Pavlatos,+17184236010,"21542 26th Ave Bayside, NY 11360","$1,000,000+","$300,000 - $399,999",2026-08-24,human_drop,none,31
Carol Caldera,+17186274136,"1762 E 26th St Brooklyn, NY 11229","$1,000,000+","$60,000 - $69,999",2026-08-24,human_drop,none,34
Linh Wong,+17188862875,"14957 25th Ave Whitestone, NY 11357","$1,000,000+","$50,000 - $59,999",2026-08-24,human_drop,none,28
Curtis Wambold,+13059361620,"21210 NE 25th Ct Miami, FL 33180","$900,000 - $999,999","$100,000 - $124,999",2026-08-24,human_drop,none,40
Chester Jangala,+14254324411,"23532 262nd Ave SE Maple Valley, WA 98038","$1,000,000+","$400,000 - $499,999",2026-08-24,human_drop,none,63
Felicia Rovegno,+12023370050,"800 25th St NW Washington, DC 20037","$1,000,000+","$400,000 - $499,999",2026-08-24,human_drop,none,44
Pamela Gavin,+17033517552,"4101 25th Pl N Arlington, VA 22207","$1,000,000+","$400,000 - $499,999",2026-08-24,human_drop,none,43
Madeleine Beresford,+12016523537,,,,2026-08-24,fire_transfer,successful,36
Joseph Randinitis,+13132715490,,,,2026-08-24,human_drop,none,48
Gail Phillips,+13052321336,,,,2026-08-24,human_drop,none,27
Francisco Castruita,+12143530515,,,,2026-08-24,human_drop,none,29
CENTER POINT,+17707448982,,,,2026-08-24,human_drop,none,11
Barbara Byrd,+19783695787,,,,2026-08-24,human_drop,none,37
Abigail Matteson,+16178641389,,,,2026-08-24,human_drop,none,51
Juliann Bly,+18584125177,,,,2026-08-24,human_drop,none,50
Nanette Scroggins,+12149417021,,,,2026-08-24,human_drop,none,33
Mary Renner,+12098445390,,,,2026-08-24,human_drop,none,39
Christine Mance,+12025293578,,,,2026-08-24,fire_transfer,successful,40
Stuart Winans,+19549469243,"3820 NE 26th Ave Lighthouse Point, FL 33064","$1,000,000+","$150,000 - $174,999",2026-08-24,human_drop,none,69
Luis Burgos,+13237348115,"2248 W 27th St Los Angeles, CA 90018","$900,000 - $999,999","$40,000 - $49,999",2026-08-24,human_drop,none,60
Louis Derdik,+17184340191,"1333 E 27th St Brooklyn, NY 11210","$1,000,000+","$100,000 - $124,999",2026-08-24,human_drop,none,29
Felice Teta,+17183524978,"20405 26th Ave Bayside, NY 11360","$1,000,000+","$50,000 - $59,999",2026-08-24,human_drop,none,54
Monica Maroone,+19547670009,"909 SE 26th Ave Fort Lauderdale, FL 33301","$1,000,000+","$200,000 - $249,999",2026-08-24,human_drop,none,16
H Bibi,+17183471390,"8118 261st St Floral Park, NY 11004","$900,000 - $999,999","$300,000 - $399,999",2026-08-24,human_drop,none,65
Harold Lewkowitz,+16026676767,"5745 N 25th St Phoenix, AZ 85016","$1,000,000+","$300,000 - $399,999",2026-08-24,human_drop,none,43
Sandra Wheeler,+17035333376,"5122 25th Rd N Arlington, VA 22207","$1,000,000+","$400,000 - $499,999",2026-08-24,fire_transfer,successful,38
Larry Crichlow,+17183472648,"7959 266th St Floral Park, NY 11004","$900,000 - $999,999","$100,000 - $124,999",2026-08-24,human_drop,none,53
James Kennerly,+13103921441,"2519 25th St Santa Monica, CA 90405","$900,000 - $999,999","$400,000 - $499,999",2026-08-24,human_drop,none,47
Nediljko Peros,+17187670108,"16041 24th Rd Whitestone, NY 11357","$1,000,000+","$50,000 - $59,999",2026-08-24,human_drop,none,42
Mohammad Khan,+13474265899,"8325 258th St Glen Oaks, NY 11004","$1,000,000+","$70,000 - $79,999",2026-08-24,human_drop,none,42
Shirley Estes,+19187489574,"1117 E 25th St Tulsa, OK 74114","$900,000 - $999,999","$200,000 - $249,999",2026-08-24,human_drop,none,47
Eric Carey,+17035243966,"4041 25th St N Arlington, VA 22207","$1,000,000+","$250,000 - $299,999",2026-08-24,human_drop,none,51
Susan Marcussian,+17816470124,,,,2026-08-24,human_drop,none,26
Susan Suvall,+16317577027,,,,2026-08-24,human_drop,none,54
12813424995,+12813424995,,,,2026-08-24,human_drop,none,26
Crystal Kindred,+18308394332,,,,2026-08-24,human_drop,none,45
Patricia Hand,+15122822886,,,,2026-08-24,human_drop,none,122
Suzanne Mathews,+12124103257,,,,2026-08-24,human_drop,none,25
Robert Denenberg,+19723817996,,,,2026-08-24,human_drop,none,140
Jonathan Cunningham,+12537561940,,,,2026-08-24,human_drop,none,18
,+16822245394,,,,2026-08-24,fire_transfer,successful,63
James Santo,+13523511123,"8044 NW 28th St Ocala, FL 34482","$900,000 - $999,999","$70,000 - $79,999",2026-08-25,human_drop,none,25
Lawrence Rosen,+19545322866,"2398 NE 28th St Lighthouse Point, FL 33064","$1,000,000+","$250,000 - $299,999",2026-08-25,fire_transfer,successful,25
Robert Spinney,+17184616518,"15150 28th Ave Flushing, NY 11354","$900,000 - $999,999","$50,000 - $59,999",2026-08-25,fire_transfer,successful,25
Richard Hoffman,+12026676481,"2925 28th St NW Washington, DC 20008","$1,000,000+","$200,000 - $249,999",2026-08-25,fire_transfer,successful,25
Joseph Friedman,+17183779712,"1115 E 28th St Brooklyn, NY 11210","$1,000,000+","$400,000 - $499,999",2026-08-25,human_drop,none,25
William Garner,+13108219529,"313 28th Ave Venice, CA 90291","$1,000,000+","$100,000 - $124,999",2026-08-25,fire_transfer,successful,25
Jehoshua Scharf,+17182589827,"1078 E 28th St Brooklyn, NY 11210","$1,000,000+","$250,000 - $299,999",2026-08-25,fire_transfer,successful,25
Cleonice Rameh,+12023376984,"1232 28th St NW Washington, DC 20007","$1,000,000+","$400,000 - $499,999",2026-08-25,human_drop,none,24
Barry Holt,+17038470371,"5214 27th St N Arlington, VA 22207","$1,000,000+","$300,000 - $399,999",2026-08-25,human_drop,none,30
Steven Ryan,+14256369392,"20537 NE 27th Pl Redmond, WA 98074","$1,000,000+","$300,000 - $399,999",2026-08-25,human_drop,none,50
Paul Schleifman,+17032438611,"4118 27th St N Arlington, VA 22207","$1,000,000+","$400,000 - $499,999",2026-08-25,human_drop,none,20
Emily Baker,+12023631592,"4531 28th St NW Washington, DC 20008","$1,000,000+","$300,000 - $399,999",2026-08-25,fire_transfer,successful,50
David Dintenfass,+12067844803,"7549 27th Ave NW Seattle, WA 98117","$900,000 - $999,999","$400,000 - $499,999",2026-08-25,human_drop,none,46
Mario Cavallino,+17186276042,"1819 E 28th St Brooklyn, NY 11229","$1,000,000+","$30,000 - $39,999",2026-08-25,human_drop,none,43
Robert Wynn,+15614835651,"2757 NW 28th St Boca Raton, FL 33434","$900,000 - $999,999","$250,000 - $299,999",2026-08-25,human_drop,none,34
Norita Suveg,+13105467918,"230 28th St Manhattan Beach, CA 90266","$1,000,000+","$200,000 - $249,999",2026-08-25,fire_transfer,successful,73
Mendel Bobker,+17182582515,"1436 E 28th St Brooklyn, NY 11210","$900,000 - $999,999","$50,000 - $59,999",2026-08-25,fire_transfer,successful,74
Francis Colaco,+12023629574,"5420 27th St NW Washington, DC 20015","$1,000,000+","$300,000 - $399,999",2026-08-25,fire_transfer,successful,50
Charles Spiteri,+17187468776,"15725 28th Ave Flushing, NY 11354","$1,000,000+","$40,000 - $49,999",2026-08-25,human_drop,none,50
Carl Kilgore,+12063296522,"522 28th Ave E Seattle, WA 98112","$1,000,000+","$250,000 - $299,999",2026-08-25,human_drop,none,17
Glenda Poletti,+12066328300,"9103 27th Ave NW Seattle, WA 98117","$1,000,000+","$200,000 - $249,999",2026-08-25,fire_transfer,successful,32
Pesie Horowitz,+17182589030,"1586 E 28th St Brooklyn, NY 11229","$1,000,000+","$100,000 - $124,999",2026-08-25,fire_transfer,successful,50
Marilyn Behrmann,+17187672123,"15902 28th Ave Flushing, NY 11358","$1,000,000+","$70,000 - $79,999",2026-08-25,fire_transfer,successful,50
Peter Cervasio,+17187460679,"15731 27th Ave Flushing, NY 11354","$1,000,000+","$100,000 - $124,999",2026-08-25,human_drop,none,25
David Yaloz,+17182257589,"21611 28th Ave Bayside, NY 11360","$1,000,000+","$100,000 - $124,999",2026-08-25,human_drop,none,21
Robert Beckey,+19547729823,"4781 NE 27th Ave Fort Lauderdale, FL 33308","$1,000,000+","$300,000 - $399,999",2026-08-25,fire_transfer,successful,66
Colman Cope,+17035333977,"6308 27th St N Arlington, VA 22207","$900,000 - $999,999","$300,000 - $399,999",2026-08-25,human_drop,none,50
Rocco Marchese,+17182749199,"3709 28th Ave Astoria, NY 11103","$1,000,000+","$30,000 - $39,999",2026-08-25,human_drop,none,39
Christopher Miceli,+13474923302,"1245 E 28th St Brooklyn, NY 11210","$1,000,000+","$300,000 - $399,999",2026-08-25,fire_transfer,successful,50
Mary Stahl,+16024689495,"6414 N 27th St Phoenix, AZ 85016","$1,000,000+","$100,000 - $124,999",2026-08-25,fire_transfer,successful,50
Gary Yost,+12062843671,"3034 28th Ave W Seattle, WA 98199","$1,000,000+","$300,000 - $399,999",2026-08-25,fire_transfer,successful,50
Martin Corrigan,+17182292788,"20908 28th Rd Bayside, NY 11360","$1,000,000+","$60,000 - $69,999",2026-08-25,human_drop,none,31
Jay Rosner,+17187438620,"2431 E 28th St Brooklyn, NY 11235","$1,000,000+","$50,000 - $59,999",2026-08-25,human_drop,none,80
Eileen Miller,+17035348542,"6001 27th St N Arlington, VA 22207","$1,000,000+","$400,000 - $499,999",2026-08-25,fire_transfer,successful,76
Edward Jaworski,+17183759158,"1821 E 28th St Brooklyn, NY 11229","$1,000,000+","$60,000 - $69,999",2026-08-25,human_drop,none,50
Teresa Esquivel,+12128894879,"201 E 28th St New York, NY 10016","$1,000,000+","$300,000 - $399,999",2026-08-25,human_drop,none,50
Ronald Lehenbauer,+17183597022,"15012 28th Ave Flushing, NY 11354","$900,000 - $999,999","$50,000 - $59,999",2026-08-25,fire_transfer,successful,60
Stanley Hallet,+12022375464,"4542 28th St NW Washington, DC 20008","$1,000,000+","$300,000 - $399,999",2026-08-25,human_drop,none,28
Alfred Goldstein,+17183321657,"2348 E 28th St Brooklyn, NY 11229","$900,000 - $999,999","$20,000 - $29,999",2026-08-25,fire_transfer,successful,74
Simon Stephenson,+17035340653,"5616 27th St N Arlington, VA 22207","$900,000 - $999,999","$300,000 - $399,999",2026-08-25,human_drop,none,7
Julie Newman,+12065247091,"6223 28th Ave NE Seattle, WA 98115","$1,000,000+","$400,000 - $499,999",2026-08-25,human_drop,none,40
Daniel Elefant,+17189516027,"871 E 28th St Brooklyn, NY 11210","$900,000 - $999,999","$90,000 - $99,999",2026-08-25,fire_transfer,successful,58
Diosdado Ramos,+17183842704,"83 S 2nd St Brooklyn, NY 11249","$1,000,000+","$70,000 - $79,999",2026-08-25,human_drop,none,44
Elaine Lloyd,+13606873579,"8916 NE 299th St Battle Ground, WA 98604","$1,000,000+","$300,000 - $399,999",2026-08-25,fire_transfer,successful,63
Zahida Sheikh,+17188592646,"644 E 29th St Brooklyn, NY 11210","$1,000,000+","$30,000 - $39,999",2026-08-25,fire_transfer,successful,57
Benjamin Gifter,+17189516513,"933 E 29th St Brooklyn, NY 11210","$900,000 - $999,999","$60,000 - $69,999",2026-08-25,human_drop,none,21
David Sherbrooke,+14258224051,"10003 NE 29th Pl Bellevue, WA 98004","$1,000,000+","$200,000 - $249,999",2026-08-25,human_drop,none,28
Howard Feldman,+12023624266,"4455 29th St NW Washington, DC 20008","$1,000,000+","$400,000 - $499,999",2026-08-25,fire_transfer,successful,73
Gyaneshwar Gaur,+13104502038,"2448 29th St Santa Monica, CA 90405","$900,000 - $999,999","$50,000 - $59,999",2026-08-25,fire_transfer,successful,66
Gary Peterson,+13602635914,"5403 NE 299th St La Center, WA 98629","$900,000 - $999,999","$80,000 - $89,999",2026-08-25,human_drop,none,23
Patricia Samuels,+17189653069,"385 2nd St Brooklyn, NY 11215","$1,000,000+","$60,000 - $69,999",2026-08-25,fire_transfer,successful,57
Patricia Peart,+13237357082,"2180 W 29th St Los Angeles, CA 90018","$900,000 - $999,999","$40,000 - $49,999",2026-08-25,fire_transfer,successful,54
Elizabeth Bagley,+12023335984,"1539 29th St NW Washington, DC 20007","$1,000,000+","$200,000 - $249,999",2026-08-25,fire_transfer,successful,69
Carol Mindermann,+14157311579,"2570 29th Ave San Francisco, CA 94116","$1,000,000+","$250,000 - $299,999",2026-08-25,fire_transfer,successful,69
Stanley Bodner,+17183394916,"1579 E 29th St Brooklyn, NY 11229","$1,000,000+","$100,000 - $124,999",2026-08-25,fire_transfer,successful,71
Thomas Luken,+19545633741,"2842 NE 29th St Fort Lauderdale, FL 33306","$1,000,000+","$300,000 - $399,999",2026-08-25,fire_transfer,successful,34
Wai Tam,+14157515992,"249 2nd Ave San Francisco, CA 94118","$1,000,000+","$30,000 - $39,999",2026-08-25,human_drop,none,37
Gerald Fruchter,+17182531142,"1535 E 29th St Brooklyn, NY 11229","$1,000,000+","$60,000 - $69,999",2026-08-25,human_drop,none,46
Howard Weber,+17187692465,"2263 E 29th St Brooklyn, NY 11229","$1,000,000+","$100,000 - $124,999",2026-08-25,fire_transfer,successful,67
Robert Nicholas,+12023338427,"1405 29th St NW Washington, DC 20007","$1,000,000+","$400,000 - $499,999",2026-08-25,human_drop,none,45
Andrea Rodrigues,+17188519065,"195 E 2nd St Brooklyn, NY 11218","$1,000,000+","$40,000 - $49,999",2026-08-25,fire_transfer,successful,65
Joseph Dirks,+17182370650,"60 2nd St Brooklyn, NY 11231","$1,000,000+","$50,000 - $59,999",2026-08-25,fire_transfer,successful,43
Margaret Acerra,+17183770978,"1545 E 29th St Brooklyn, NY 11229","$1,000,000+","$50,000 - $59,999",2026-08-25,fire_transfer,successful,43
Anne Deleon,+13105455487,"301 29th St Manhattan Beach, CA 90266","$1,000,000+","$400,000 - $499,999",2026-08-25,human_drop,none,43
Mitchell Judd,+17186486468,"2559 E 29th St Brooklyn, NY 11235","$1,000,000+","$100,000 - $124,999",2026-08-25,human_drop,none,36
Anna Messineo,+17184365229,"399 E 2nd St Brooklyn, NY 11218","$900,000 - $999,999","$40,000 - $49,999",2026-08-25,human_drop,none,49
Stephanie Edmark,+13606661285,"7611 NE 296th Way Battle Ground, WA 98604","$900,000 - $999,999","$200,000 - $249,999",2026-08-25,fire_transfer,successful,75
Daniel Buonocore,+17188587906,"33 2nd St Brooklyn, NY 11231","$1,000,000+","$50,000 - $59,999",2026-08-25,fire_transfer,successful,44
Beth Sabo,+17184215010,"1375 E 29th St Brooklyn, NY 11210","$900,000 - $999,999","$40,000 - $49,999",2026-08-25,fire_transfer,successful,84
Joan Greene,+16503495869,"323 29th Ave San Mateo, CA 94403","$900,000 - $999,999","$250,000 - $299,999",2026-08-25,fire_transfer,successful,31
Francesca Benoit,+12062824066,"3044 29th Ave W Seattle, WA 98199","$1,000,000+","$200,000 - $249,999",2026-08-25,fire_transfer,successful,61
Howard Weber,+17187692465,"2263 E 29th St Brooklyn, NY 11229","$1,000,000+","$100,000 - $124,999",2026-08-25,fire_transfer,successful,105
Stanley Bodner,+17183394916,"1579 E 29th St Brooklyn, NY 11229","$1,000,000+","$100,000 - $124,999",2026-08-25,human_drop,none,47
Wai Tam,+14157515992,"249 2nd Ave San Francisco, CA 94118","$1,000,000+","$30,000 - $39,999",2026-08-25,human_drop,none,46
Ronald Lehenbauer,+17183597022,"15012 28th Ave Flushing, NY 11354","$900,000 - $999,999","$50,000 - $59,999",2026-08-25,human_drop,none,111
Rocco Marchese,+17182749199,"3709 28th Ave Astoria, NY 11103","$1,000,000+","$30,000 - $39,999",2026-08-25,human_drop,none,37
Glenda Poletti,+12066328300,"9103 27th Ave NW Seattle, WA 98117","$1,000,000+","$200,000 - $249,999",2026-08-25,human_drop,none,44
Richard Hoffman,+12026676481,"2925 28th St NW Washington, DC 20008","$1,000,000+","$200,000 - $249,999",2026-08-25,fire_transfer,successful,133
Robert Wynn,+15614835651,"2757 NW 28th St Boca Raton, FL 33434","$900,000 - $999,999","$250,000 - $299,999",2026-08-25,human_drop,none,38
,+16822245394,,,,2026-08-25,fire_transfer,successful,130
Christine Mance,+12025293578,,,,2026-08-25,human_drop,none,84
Abigail Matteson,+16178641389,,,,2026-08-25,human_drop,none,39
Juliann Bly,+18584125177,,,,2026-08-25,human_drop,none,44
Nanette Scroggins,+12149417021,,,,2026-08-25,human_drop,none,36
Francisco Castruita,+12143530515,,,,2026-08-25,human_drop,none,24
Joseph Randinitis,+13132715490,,,,2026-08-25,human_drop,none,21
Gail Phillips,+13052321336,,,,2026-08-25,human_drop,none,21
Madeleine Beresford,+12016523537,,,,2026-08-25,fire_transfer,successful,85
Felicia Rovegno,+12023370050,"800 25th St NW Washington, DC 20037","$1,000,000+","$400,000 - $499,999",2026-08-25,human_drop,none,42
Chester Jangala,+14254324411,"23532 262nd Ave SE Maple Valley, WA 98038","$1,000,000+","$400,000 - $499,999",2026-08-25,human_drop,none,74
Pamela Gavin,+17033517552,"4101 25th Pl N Arlington, VA 22207","$1,000,000+","$400,000 - $499,999",2026-08-25,human_drop,none,30
Linh Wong,+17188862875,"14957 25th Ave Whitestone, NY 11357","$1,000,000+","$50,000 - $59,999",2026-08-25,human_drop,none,29
Curtis Wambold,+13059361620,"21210 NE 25th Ct Miami, FL 33180","$900,000 - $999,999","$100,000 - $124,999",2026-08-25,human_drop,none,34
John Papadopoulos,+17187282174,"2436 26th St Astoria, NY 11102","$1,000,000+","$50,000 - $59,999",2026-08-25,fire_transfer,successful,122
Bobby Pavlatos,+17184236010,"21542 26th Ave Bayside, NY 11360","$1,000,000+","$300,000 - $399,999",2026-08-25,human_drop,none,33
Maida Withers,+17035227060,"2937 26th St N Arlington, VA 22207","$1,000,000+","$400,000 - $499,999",2026-08-25,human_drop,none,22
Anastasios Sarikas,+17182048470,"1415 27th Ave Astoria, NY 11102","$1,000,000+","$100,000 - $124,999",2026-08-25,human_drop,none,33
James Terlizzi,+19549463386,"3810 NE 27th Ave Lighthouse Point, FL 33064","$1,000,000+","$400,000 - $499,999",2026-08-25,human_drop,none,30
Jarnail Singh,+17184135750,"7824 271st St New Hyde Park, NY 11040","$900,000 - $999,999","$150,000 - $174,999",2026-08-25,human_drop,none,35
Ines Cizmic,+16503490624,"765 26th Ave San Mateo, CA 94403","$1,000,000+","$70,000 - $79,999",2026-08-25,human_drop,none,89
John Borga,+14257784631,"22928 25th Ave W Lynnwood, WA 98036","$900,000 - $999,999","$70,000 - $79,999",2026-08-25,human_drop,none,32
Sandra Peck,+19783696074,,,,2026-08-25,human_drop,none,37
12813424995,+12813424995,,,,2026-08-25,human_drop,none,18
Henry Spieker,+13106705736,,,,2026-08-25,fire_transfer,successful,133
Lorrie Lejeune,+17816414878,,,,2026-08-25,human_drop,none,43
Timothy Witten,+18324516565,,,,2026-08-25,human_drop,none,16
Patti Stewart,+13149912927,,,,2026-08-25,human_drop,none,36
Johny Andrade,+19544325908,,,,2026-08-25,human_drop,none,27
John Madrid,+19516885159,,,,2026-08-25,human_drop,none,41
Frances Sampson,+17136228133,,,,2026-08-25,fire_transfer,successful,133
Moshe Eisen,+17186339167,,,,2026-08-25,fire_transfer,successful,68
Joseph Bronikowski,+14145294515,,,,2026-08-25,human_drop,none,26
Gary Malasky,+12023629565,,,,2026-08-25,human_drop,none,61
Beth Sabo,+17184215010,"1375 E 29th St Brooklyn, NY 11210","$900,000 - $999,999","$40,000 - $49,999",2026-08-25,human_drop,none,55
Carol Mindermann,+14157311579,"2570 29th Ave San Francisco, CA 94116","$1,000,000+","$250,000 - $299,999",2026-08-25,human_drop,none,47
Paul Schleifman,+17032438611,"4118 27th St N Arlington, VA 22207","$1,000,000+","$400,000 - $499,999",2026-08-25,human_drop,none,21
Martin Corrigan,+17182292788,"20908 28th Rd Bayside, NY 11360","$1,000,000+","$60,000 - $69,999",2026-08-25,human_drop,none,61
James Santo,+13523511123,"8044 NW 28th St Ocala, FL 34482","$900,000 - $999,999","$70,000 - $79,999",2026-08-25,fire_transfer,successful,136
Charles Middagh,+15073763554,"29605 270th St Worthington, MN 56187","$1,000,000+","$70,000 - $79,999",2026-08-25,human_drop,none,42
,+17035250220,,,,2026-08-25,human_drop,none,58
Brian Quinn,+13105462857,"591 27th St Manhattan Beach, CA 90266","$1,000,000+","$400,000 - $499,999",2026-08-25,fire_transfer,successful,141
Helen Hecht,+17184637041,"12516 25th Ave College Point, NY 11356","$900,000 - $999,999","$20,000 - $29,999",2026-08-25,human_drop,none,50
Gloria Lea,+17135287178,,,,2026-08-25,human_drop,none,113
,+17182870351,,,,2026-08-25,fire_transfer,successful,146
Phoebe Douglass,+14158855688,,,,2026-08-25,human_drop,none,66
Scott Wootton,+14356542455,,,,2026-08-25,fire_transfer,successful,141
William Bell,+19722395095,,,,2026-08-25,human_drop,none,11
Jacqueline Armborst,+13604682126,,,,2026-08-25,fire_transfer,successful,111
Patricia Hand,+15122822886,,,,2026-08-25,human_drop,none,27
Steven Davis,+16084573072,,,,2026-08-25,human_drop,none,48
Walter Scott,+12108244739,,,,2026-08-25,human_drop,none,38
Christopher Schirmer,+17134360040,,,,2026-08-25,human_drop,none,25
Charles Wald,+16053415027,,,,2026-08-25,human_drop,none,46
Rachel Weiner,+17189721776,,,,2026-08-25,human_drop,none,23
Russ Harris,+15122492331,,,,2026-08-25,human_drop,none,53
Carmen Porto,+18187909604,,,,2026-08-25,human_drop,none,49
Judy Zeeman,+18014653476,,,,2026-08-25,human_drop,none,25
Linton Brooks,+15123275933,,,,2026-08-25,fire_transfer,successful,87
Ramon Bringas,+17863532389,,,,2026-08-25,human_drop,none,7
Cheryl Spencer,+19062653706,,,,2026-08-25,human_drop,none,33
Joseph Reid,+19544735951,,,,2026-08-25,human_drop,none,57
Murielle Desir,+17182520892,"1054 E 40th St Brooklyn, NY 11210","$900,000 - $999,999","$20,000 - $29,999",2026-08-25,human_drop,none,33
Erica Harnett,+12122225125,,,,2026-08-25,human_drop,none,44
Nancy Costenoble,+15167672730,"15 2nd Ave Port Washington, NY 11050","$900,000 - $999,999","$300,000 - $399,999",2026-08-25,fire_transfer,successful,50
James Fish,+12539461613,"902 S 291st St Federal Way, WA 98003","$900,000 - $999,999","$70,000 - $79,999",2026-08-25,fire_transfer,successful,50
Kathleen Brown,+17324497046,"5 2nd Ave Sea Girt, NJ 08750","$1,000,000+","$100,000 - $124,999",2026-08-25,fire_transfer,successful,50
Warren Brahms,+17183756729,"1739 E 29th St Brooklyn, NY 11229","$1,000,000+","$100,000 - $124,999",2026-08-25,fire_transfer,successful,50
Daniel Solomon,+17073437203,"684 2nd St E Sonoma, CA 95476","$1,000,000+","$400,000 - $499,999",2026-08-25,human_drop,none,27
Dean Jelmini,+13107989891,"1560 2nd St Manhattan Beach, CA 90266","$900,000 - $999,999","$200,000 - $249,999",2026-08-25,human_drop,none,50
Charles Wells,+14078762471,"706 W 2nd Ave Windermere, FL 34786","$1,000,000+","$200,000 - $249,999",2026-08-25,fire_transfer,successful,50
Joanne Sprunger,+12065280927,"8245 2nd Ave NE Seattle, WA 98115","$900,000 - $999,999","$300,000 - $399,999",2026-08-25,fire_transfer,successful,50
Norma Shafer,+16022654818,"5547 N 2nd St Phoenix, AZ 85012","$900,000 - $999,999","$100,000 - $124,999",2026-08-25,fire_transfer,successful,50
Robert Weiland,+15083580145,"62 3 Ponds Rd Wayland, MA 01778","$1,000,000+","$200,000 - $249,999",2026-08-25,fire_transfer,successful,50
Pnina Krindel,+14157317136,"1237 2nd Ave San Francisco, CA 94122","$1,000,000+","$40,000 - $49,999",2026-08-25,fire_transfer,successful,43
David Sherbrooke,+14258224051,"10003 NE 29th Pl Bellevue, WA 98004","$1,000,000+","$200,000 - $249,999",2026-08-25,human_drop,none,23
Christopher Miceli,+13474923302,"1245 E 28th St Brooklyn, NY 11210","$1,000,000+","$300,000 - $399,999",2026-08-25,fire_transfer,successful,132
Colman Cope,+17035333977,"6308 27th St N Arlington, VA 22207","$900,000 - $999,999","$300,000 - $399,999",2026-08-25,human_drop,none,58
Cleonice Rameh,+12023376984,"1232 28th St NW Washington, DC 20007","$1,000,000+","$400,000 - $499,999",2026-08-25,human_drop,none,35
Carl Kilgore,+12063296522,"522 28th Ave E Seattle, WA 98112","$1,000,000+","$250,000 - $299,999",2026-08-25,human_drop,none,38
Lawrence Rosen,+19545322866,"2398 NE 28th St Lighthouse Point, FL 33064","$1,000,000+","$250,000 - $299,999",2026-08-25,human_drop,none,111
Edward White,+19547859755,"1081 NE 27th Ter Pompano Beach, FL 33062","$1,000,000+","$300,000 - $399,999",2026-08-25,human_drop,none,56
Joseph Perazzo,+13105455509,"716 27th St Manhattan Beach, CA 90266","$1,000,000+","$300,000 - $399,999",2026-08-25,human_drop,none,70
Larry Kerychuk,+16234659093,"40577 N 26th St Cave Creek, AZ 85331","$1,000,000+","$100,000 - $124,999",2026-08-25,fire_transfer,successful,101
Elliot Shakarchi,+17182533229,"1568 E 27th St Brooklyn, NY 11229","$1,000,000+","$60,000 - $69,999",2026-08-25,fire_transfer,successful,137
Gay Merrill,+17035271655,"2914 27th St N Arlington, VA 22207","$1,000,000+","$250,000 - $299,999",2026-08-25,human_drop,none,34
Kwai Chan,+17188869862,"14116 25th Rd Apt 5a Flushing, NY 11354","$900,000 - $999,999","$30,000 - $39,999",2026-08-25,human_drop,none,40
Jean Urruty,+14156642921,"1650 26th Ave San Francisco, CA 94122","$1,000,000+","$30,000 - $39,999",2026-08-25,human_drop,none,143
Dinesh Khanna,+17183435907,"8321 260th St Floral Park, NY 11004","$1,000,000+","$100,000 - $124,999",2026-08-25,human_drop,none,47
Alma Rolleri,+17187467368,"15723 24th Rd Whitestone, NY 11357","$1,000,000+","$50,000 - $59,999",2026-08-25,human_drop,none,41
Barbara Mangum,+15048286642,,,,2026-08-25,human_drop,none,148
Lisa Poritzky,+19149697883,,,,2026-08-25,human_drop,none,19
Pn Rao,+12104341738,,,,2026-08-25,human_drop,none,64
Sheila Amendola,+15166263984,,,,2026-08-25,human_drop,none,61
Bettye Emerson,+14232660555,,,,2026-08-25,human_drop,none,53
Donnial Beauchamp,+13239888652,,,,2026-08-25,human_drop,none,128
George Conlon,+13866771841,,,,2026-08-25,fire_transfer,successful,135
Maria Kuchta,+19082776651,,,,2026-08-25,human_drop,none,90
Norbert Mcnamara,+15615858365,,,,2026-08-25,human_drop,none,63
Michael Morgan,+13619920639,,,,2026-08-25,fire_transfer,successful,58
Joseph Field,+16509485524,,,,2026-08-25,human_drop,none,24
Dennis Alspaugh,+17277330948,,,,2026-08-25,human_drop,none,38
Wallace Ramm,+15122514029,,,,2026-08-25,human_drop,none,34
Jerome Conlon,+12025466195,,,,2026-08-25,human_drop,none,66
Millie Carrick,+19062485849,,,,2026-08-25,human_drop,none,121
Daniel Solomon,+17073437203,"684 2nd St E Sonoma, CA 95476","$1,000,000+","$400,000 - $499,999",2026-08-26,human_drop,none,20
Warren Brahms,+17183756729,"1739 E 29th St Brooklyn, NY 11229","$1,000,000+","$100,000 - $124,999",2026-08-26,fire_transfer,successful,135
Joseph Dirks,+17182370650,"60 2nd St Brooklyn, NY 11231","$1,000,000+","$50,000 - $59,999",2026-08-26,human_drop,none,42
Elizabeth Bagley,+12023335984,"1539 29th St NW Washington, DC 20007","$1,000,000+","$200,000 - $249,999",2026-08-26,human_drop,none,76
Margaret Acerra,+17183770978,"1545 E 29th St Brooklyn, NY 11229","$1,000,000+","$50,000 - $59,999",2026-08-26,fire_transfer,successful,134
Benjamin Gifter,+17189516513,"933 E 29th St Brooklyn, NY 11210","$900,000 - $999,999","$60,000 - $69,999",2026-08-26,human_drop,none,25
Pesie Horowitz,+17182589030,"1586 E 28th St Brooklyn, NY 11229","$1,000,000+","$100,000 - $124,999",2026-08-26,human_drop,none,15
Mario Cavallino,+17186276042,"1819 E 28th St Brooklyn, NY 11229","$1,000,000+","$30,000 - $39,999",2026-08-26,human_drop,none,51
Marilyn Behrmann,+17187672123,"15902 28th Ave Flushing, NY 11358","$1,000,000+","$70,000 - $79,999",2026-08-26,human_drop,none,66
David Dintenfass,+12067844803,"7549 27th Ave NW Seattle, WA 98117","$900,000 - $999,999","$400,000 - $499,999",2026-08-26,fire_transfer,successful,52
Jonathan Cunningham,+12537561940,,,,2026-08-26,human_drop,none,19
William Garner,+13108219529,"313 28th Ave Venice, CA 90291","$1,000,000+","$100,000 - $124,999",2026-08-26,fire_transfer,successful,140
Robert Denenberg,+19723817996,,,,2026-08-26,human_drop,none,136
Patricia Hand,+15122822886,,,,2026-08-26,human_drop,none,35
Crystal Kindred,+18308394332,,,,2026-08-26,fire_transfer,successful,58
Susan Marcussian,+17816470124,,,,2026-08-26,human_drop,none,39
12813424995,+12813424995,,,,2026-08-26,human_drop,none,22
Eric Carey,+17035243966,"4041 25th St N Arlington, VA 22207","$1,000,000+","$250,000 - $299,999",2026-08-26,human_drop,none,33
Mohammad Khan,+13474265899,"8325 258th St Glen Oaks, NY 11004","$1,000,000+","$70,000 - $79,999",2026-08-26,human_drop,none,45
Nediljko Peros,+17187670108,"16041 24th Rd Whitestone, NY 11357","$1,000,000+","$50,000 - $59,999",2026-08-26,human_drop,none,36
James Kennerly,+13103921441,"2519 25th St Santa Monica, CA 90405","$900,000 - $999,999","$400,000 - $499,999",2026-08-26,human_drop,none,37
Felice Teta,+17183524978,"20405 26th Ave Bayside, NY 11360","$1,000,000+","$50,000 - $59,999",2026-08-26,human_drop,none,53
Monica Maroone,+19547670009,"909 SE 26th Ave Fort Lauderdale, FL 33301","$1,000,000+","$200,000 - $249,999",2026-08-26,human_drop,none,18
Hedy Weiss,+17183380927,"1032 E 28th St Brooklyn, NY 11210","$1,000,000+","$50,000 - $59,999",2026-08-26,fire_transfer,successful,132
Peter Merani,+17187468550,"15726 25th Ave Whitestone, NY 11357","$1,000,000+","$60,000 - $69,999",2026-08-26,human_drop,none,43
Nandika Ekanayake,+17183476264,"8064 258th St Floral Park, NY 11004","$900,000 - $999,999","$100,000 - $124,999",2026-08-26,human_drop,none,19
Gerald Phipps,+17123363757,"15625 250th Ave Spirit Lake, IA 51360","$1,000,000+","$70,000 - $79,999",2026-08-26,fire_transfer,successful,84
Linda Derosa,+18436886059,,,,2026-08-26,fire_transfer,successful,152
Emmy Omoto,+12128759629,,,,2026-08-26,human_drop,none,57
Betty Hansen,+15074376069,,,,2026-08-26,fire_transfer,successful,63
Susan Skieresz,+16503499371,,,,2026-08-26,fire_transfer,successful,67
Sonja Sax,+15084253339,,,,2026-08-26,human_drop,none,35
Elizabeth Buckingham,+16128220080,,,,2026-08-26,human_drop,none,51
Steven Privitera,+15854460469,,,,2026-08-26,human_drop,none,104
,+19725242526,,,,2026-08-26,human_drop,none,62
Lavelle Dekramer,+16052963365,,,,2026-08-26,fire_transfer,successful,125
18503855056,+18503855056,,,,2026-08-26,human_drop,none,47
Stuart Taylor,+17723404464,,,,2026-08-26,human_drop,none,72
Sidney Evans,+12513423366,,,,2026-08-26,human_drop,none,52
Frank Zuber,+15624272596,,,,2026-08-26,human_drop,none,43
George Davis,+12104793222,,,,2026-08-26,human_drop,none,59
Andrew Kyles,+14252908081,,,,2026-08-26,human_drop,none,25
Jeff Abolofia,+12062461019,,,,2026-08-26,human_drop,none,60
Beverly Kingwood,+12027239384,,,,2026-08-26,human_drop,none,38
Vincent Biancaniello,+17183436794,"8728 257th St Floral Park, NY 11001","$1,000,000+","$50,000 - $59,999",2026-08-26,human_drop,none,54
Toby Deligdish,+17182523457,"1056 E 24th St Brooklyn, NY 11210","$1,000,000+","$50,000 - $59,999",2026-08-26,human_drop,none,55
Mark Leonard,+16054463885,"46468 246th St Colton, SD 57018","$900,000 - $999,999","$400,000 - $499,999",2026-08-26,human_drop,none,67
Stephen Spann,+12538471068,"26302 23rd Ave E Spanaway, WA 98387","$900,000 - $999,999","$50,000 - $59,999",2026-08-26,human_drop,none,45
Vasilios Makresias,+17182783349,"2163 24th St Long Island City, NY 11105","$1,000,000+","$20,000 - $29,999",2026-08-26,human_drop,none,54
Marie Vassilev,+17035282917,"2214 24th St N Arlington, VA 22207","$1,000,000+","$250,000 - $299,999",2026-08-26,human_drop,none,33
Shelley Dahlgren,+14253925172,"4449 242nd Ave SE Sammamish, WA 98029","$1,000,000+","$200,000 - $249,999",2026-08-26,human_drop,none,46
Steven Black,+14022893737,"926 S 243rd St Waterloo, NE 68069","$1,000,000+","$300,000 - $399,999",2026-08-26,human_drop,none,36
Alice Galang,+13103262868,"2160 W 236th St Torrance, CA 90501","$1,000,000+","$400,000 - $499,999",2026-08-26,human_drop,none,43
Irwin Gellis,+17189516924,"1159 E 23rd St Brooklyn, NY 11210","$1,000,000+","$100,000 - $124,999",2026-08-26,human_drop,none,21
John Madrid,+19516885159,,,,2026-08-26,human_drop,none,38
Norma Shafer,+16022654818,"5547 N 2nd St Phoenix, AZ 85012","$900,000 - $999,999","$100,000 - $124,999",2026-08-26,human_drop,none,54
Joseph Bronikowski,+14145294515,,,,2026-08-26,human_drop,none,29
Jarnail Singh,+17184135750,"7824 271st St New Hyde Park, NY 11040","$900,000 - $999,999","$150,000 - $174,999",2026-08-26,human_drop,none,32
John Borga,+14257784631,"22928 25th Ave W Lynnwood, WA 98036","$900,000 - $999,999","$70,000 - $79,999",2026-08-26,human_drop,none,76
Timothy Witten,+18324516565,,,,2026-08-26,human_drop,none,13
Henry Spieker,+13106705736,,,,2026-08-26,fire_transfer,successful,105
James Terlizzi,+19549463386,"3810 NE 27th Ave Lighthouse Point, FL 33064","$1,000,000+","$400,000 - $499,999",2026-08-26,human_drop,none,30
Bobby Pavlatos,+17184236010,"21542 26th Ave Bayside, NY 11360","$1,000,000+","$300,000 - $399,999",2026-08-26,human_drop,none,46
Maida Withers,+17035227060,"2937 26th St N Arlington, VA 22207","$1,000,000+","$400,000 - $499,999",2026-08-26,human_drop,none,14
John Papadopoulos,+17187282174,"2436 26th St Astoria, NY 11102","$1,000,000+","$50,000 - $59,999",2026-08-26,fire_transfer,successful,140
Francisco Castruita,+12143530515,,,,2026-08-26,human_drop,none,73
Nanette Scroggins,+12149417021,,,,2026-08-26,human_drop,none,45
Robert Wynn,+15614835651,"2757 NW 28th St Boca Raton, FL 33434","$900,000 - $999,999","$250,000 - $299,999",2026-08-26,human_drop,none,16
Gail Phillips,+13052321336,,,,2026-08-26,human_drop,none,19
Christine Mance,+12025293578,,,,2026-08-26,human_drop,none,38
Juliann Bly,+18584125177,,,,2026-08-26,human_drop,none,43
Rocco Marchese,+17182749199,"3709 28th Ave Astoria, NY 11103","$1,000,000+","$30,000 - $39,999",2026-08-26,human_drop,none,32
Wai Tam,+14157515992,"249 2nd Ave San Francisco, CA 94118","$1,000,000+","$30,000 - $39,999",2026-08-26,human_drop,none,25
Glenda Poletti,+12066328300,"9103 27th Ave NW Seattle, WA 98117","$1,000,000+","$200,000 - $249,999",2026-08-26,human_drop,none,28
Daniel Buonocore,+17188587906,"33 2nd St Brooklyn, NY 11231","$1,000,000+","$50,000 - $59,999",2026-08-26,human_drop,none,41
Diosdado Ramos,+17183842704,"83 S 2nd St Brooklyn, NY 11249","$1,000,000+","$70,000 - $79,999",2026-08-26,human_drop,none,89
Alfred Goldstein,+17183321657,"2348 E 28th St Brooklyn, NY 11229","$900,000 - $999,999","$20,000 - $29,999",2026-08-26,human_drop,none,54
Mary Renner,+12098445390,,,,2026-08-26,human_drop,none,63
Carol Caldera,+17186274136,"1762 E 26th St Brooklyn, NY 11229","$1,000,000+","$60,000 - $69,999",2026-08-26,human_drop,none,27
Mary Luhring,+13034433051,"4226 26th St Boulder, CO 80304","$1,000,000+","$250,000 - $299,999",2026-08-26,fire_transfer,successful,85
Jose Melara,+14156419989,"3304 26th St San Francisco, CA 94110","$1,000,000+","$50,000 - $59,999",2026-08-26,human_drop,none,94
John Carpenter,+14258277097,,,,2026-08-26,human_drop,none,36
Peter Wolfe,+17865362941,,,,2026-08-26,human_drop,none,18
Arnold Higginbotham,+12104838902,,,,2026-08-26,human_drop,none,27
Jameel Ali,+17186598614,,,,2026-08-26,fire_transfer,successful,122
Gary Bucholz,+17326812370,,,,2026-08-26,human_drop,none,76
Patricia Mederos,+13056678325,,,,2026-08-26,fire_transfer,successful,106
Gretchen Lambert,+12063653734,,,,2026-08-26,human_drop,none,66
Farnsworth Munro,+17184697166,,,,2026-08-26,human_drop,none,48
Paul Dasilva,+19544435266,,,,2026-08-26,human_drop,none,72
Nolca Decena,+12679005866,,,,2026-08-26,human_drop,none,130
Mabelanne Marston,+12133865683,,,,2026-08-26,fire_transfer,successful,77
18309972151,+18309972151,,,,2026-08-26,human_drop,none,44
Mary Baldwin,+12122426231,,,,2026-08-26,human_drop,none,67
Louise Villela,+15617385579,,,,2026-08-26,human_drop,none,55
Rita Baker,+14254833594,,,,2026-08-26,human_drop,none,126
Michael Henniger,+15033311561,,,,2026-08-26,fire_transfer,successful,84
Mary Collins,+14254510674,,,,2026-08-26,human_drop,none,69
Dennis Holland,+14805632634,,,,2026-08-26,fire_transfer,successful,96
Rafael Ng,+17187883667,,,,2026-08-26,human_drop,none,48
John Fazio,+17183311829,,,,2026-08-26,human_drop,none,25
Cindy White,+19073461977,,,,2026-08-26,human_drop,none,41
James Krainson,+13056660211,,,,2026-08-26,human_drop,none,38
Albert Podob,+17183800323,,,,2026-08-26,human_drop,none,22
Suryakant Desai,+15168254987,"8224 250th St Bellerose, NY 11426","$900,000 - $999,999","$250,000 - $299,999",2026-08-26,human_drop,none,42
Daniel Dufour,+19073495490,,,,2026-08-26,human_drop,none,51
John Larissou,+14157310622,"2651 25th Ave San Francisco, CA 94116","$1,000,000+","$70,000 - $79,999",2026-08-26,human_drop,none,45
John Tutewohl,+16514634364,"4412 255th St W Farmington, MN 55024","$1,000,000+","$60,000 - $69,999",2026-08-26,human_drop,none,71
John Wood,+15614837364,"2925 NW 24th Ter Boca Raton, FL 33431","$900,000 - $999,999","$400,000 - $499,999",2026-08-26,human_drop,none,27
Debra Hollander,+17032437544,"3618 22nd St N Arlington, VA 22207","$900,000 - $999,999","$400,000 - $499,999",2026-08-26,human_drop,none,29
Joseph Field,+16509485524,,,,2026-08-26,human_drop,none,13
Wallace Ramm,+15122514029,,,,2026-08-26,human_drop,none,56
Norbert Mcnamara,+15615858365,,,,2026-08-26,human_drop,none,29
Millie Carrick,+19062485849,,,,2026-08-26,human_drop,none,53
Dennis Alspaugh,+17277330948,,,,2026-08-26,human_drop,none,49
Maria Kuchta,+19082776651,,,,2026-08-26,human_drop,none,59
Jerome Conlon,+12025466195,,,,2026-08-26,human_drop,none,65
George Conlon,+13866771841,,,,2026-08-26,fire_transfer,successful,131
Alma Rolleri,+17187467368,"15723 24th Rd Whitestone, NY 11357","$1,000,000+","$50,000 - $59,999",2026-08-26,human_drop,none,36
Sheila Amendola,+15166263984,,,,2026-08-26,human_drop,none,70
Dinesh Khanna,+17183435907,"8321 260th St Floral Park, NY 11004","$1,000,000+","$100,000 - $124,999",2026-08-26,human_drop,none,48
Bettye Emerson,+14232660555,,,,2026-08-26,fire_transfer,successful,94
Gay Merrill,+17035271655,"2914 27th St N Arlington, VA 22207","$1,000,000+","$250,000 - $299,999",2026-08-26,human_drop,none,49
Edward White,+19547859755,"1081 NE 27th Ter Pompano Beach, FL 33062","$1,000,000+","$300,000 - $399,999",2026-08-26,human_drop,none,33
Larry Kerychuk,+16234659093,"40577 N 26th St Cave Creek, AZ 85331","$1,000,000+","$100,000 - $124,999",2026-08-26,human_drop,none,36
Carl Kilgore,+12063296522,"522 28th Ave E Seattle, WA 98112","$1,000,000+","$250,000 - $299,999",2026-08-26,human_drop,none,36
David Sherbrooke,+14258224051,"10003 NE 29th Pl Bellevue, WA 98004","$1,000,000+","$200,000 - $249,999",2026-08-26,human_drop,none,79
Colman Cope,+17035333977,"6308 27th St N Arlington, VA 22207","$900,000 - $999,999","$300,000 - $399,999",2026-08-26,human_drop,none,78
David Yaloz,+17182257589,"21611 28th Ave Bayside, NY 11360","$1,000,000+","$100,000 - $124,999",2026-08-26,human_drop,none,26
Patricia Peart,+13237357082,"2180 W 29th St Los Angeles, CA 90018","$900,000 - $999,999","$40,000 - $49,999",2026-08-26,fire_transfer,successful,141
Stanley Hallet,+12022375464,"4542 28th St NW Washington, DC 20008","$1,000,000+","$300,000 - $399,999",2026-08-26,human_drop,none,52
Saul Gold,+17183768217,"964 E 27th St Brooklyn, NY 11210","$900,000 - $999,999","$100,000 - $124,999",2026-08-26,human_drop,none,46
Frank Perry,+12394587733,"2278 SE 28th St Cape Coral, FL 33904","$900,000 - $999,999","$50,000 - $59,999",2026-08-26,fire_transfer,successful,169
David Sanua,+17183774751,"1486 E 26th St Brooklyn, NY 11210","$1,000,000+","$100,000 - $124,999",2026-08-26,human_drop,none,55
David Sarafin,+14154419915,,,,2026-08-26,human_drop,none,53
Brian Rosetti,+18175783302,,,,2026-08-26,human_drop,none,40
Iris Engelson,+12127214136,,,,2026-08-26,fire_transfer,successful,143
Richard Gansle,+18303587402,,,,2026-08-26,human_drop,none,45
Patrick Pellerin,+12023630847,,,,2026-08-26,human_drop,none,25
Tina Goldman,+19549990737,,,,2026-08-26,human_drop,none,22
Susan Sheriff,+13016099272,,,,2026-08-26,human_drop,none,57
17018382979,+17018382979,,,,2026-08-26,human_drop,none,38
Roger Mogonye,+15122813755,,,,2026-08-26,human_drop,none,19
David Rassin,+14097418180,,,,2026-08-26,human_drop,none,33
Stanley Kamerick,+15629463752,,,,2026-08-26,human_drop,none,62
Rita Alvarez,+13058586265,"711 SW 23rd Rd Miami, FL 33129","$1,000,000+","$70,000 - $79,999",2026-08-26,human_drop,none,12
Timothy Meyer,+17602447196,,,,2026-08-26,human_drop,none,38
Lola Libal,+17183521240,"16643 21st Rd Whitestone, NY 11357","$900,000 - $999,999","$40,000 - $49,999",2026-08-26,human_drop,none,33
Virginia Chiu,+17188918627,"2073 E 22nd St Brooklyn, NY 11229","$1,000,000+","$50,000 - $59,999",2026-08-26,human_drop,none,39
Sophie Finkelman,+17186462973,"2121 E 21st St Brooklyn, NY 11229","$1,000,000+","$20,000 - $29,999",2026-08-26,fire_transfer,successful,66
Thomas Henderson,+14152216402,"634 21st Ave San Francisco, CA 94121","$1,000,000+","$60,000 - $69,999",2026-08-26,human_drop,none,55
Ivan Bueno,+17186261268,"2363 21st St Astoria, NY 11105","$1,000,000+","$50,000 - $59,999",2026-08-26,human_drop,none,75
,+17189989609,"1870 E 21st St Brooklyn, NY 11229","$1,000,000+","$70,000 - $79,999",2026-08-26,human_drop,none,36
Kenny Ali,+15162311009,"8923 217th St Queens Village, NY 11427","$900,000 - $999,999","$150,000 - $174,999",2026-08-26,human_drop,none,55
Carol Wolf,+15077672248,"62931 220th Ave Kellogg, MN 55945","$1,000,000+","$100,000 - $124,999",2026-08-26,fire_transfer,successful,133
Alfred Ayvazian,+17184280252,"6121 218th St Oakland Gardens, NY 11364","$1,000,000+","$30,000 - $39,999",2026-08-26,human_drop,none,62
Gary Sefilian,+17182291428,"5815 203rd St Oakland Gardens, NY 11364","$1,000,000+","$70,000 - $79,999",2026-08-26,human_drop,none,46
Mabelanne Marston,+12133865683,,,,2026-08-26,fire_transfer,successful,70
Norma Shafer,+16022654818,"5547 N 2nd St Phoenix, AZ 85012","$900,000 - $999,999","$100,000 - $124,999",2026-08-26,human_drop,none,39
Dennis Holland,+14805632634,,,,2026-08-26,human_drop,none,54
Mary Luhring,+13034433051,"4226 26th St Boulder, CO 80304","$1,000,000+","$250,000 - $299,999",2026-08-26,fire_transfer,successful,129
Jameel Ali,+17186598614,,,,2026-08-26,human_drop,none,9
Henry Spieker,+13106705736,,,,2026-08-26,fire_transfer,successful,96
John Papadopoulos,+17187282174,"2436 26th St Astoria, NY 11102","$1,000,000+","$50,000 - $59,999",2026-08-26,human_drop,none,31
Kathleen Brown,+17324497046,"5 2nd Ave Sea Girt, NJ 08750","$1,000,000+","$100,000 - $124,999",2026-08-26,human_drop,none,41
Daniel Buonocore,+17188587906,"33 2nd St Brooklyn, NY 11231","$1,000,000+","$50,000 - $59,999",2026-08-26,human_drop,none,66
Moshe Eisen,+17186339167,,,,2026-08-26,human_drop,none,63
Francis Colaco,+12023629574,"5420 27th St NW Washington, DC 20015","$1,000,000+","$300,000 - $399,999",2026-08-26,fire_transfer,successful,130
Alfred Goldstein,+17183321657,"2348 E 28th St Brooklyn, NY 11229","$900,000 - $999,999","$20,000 - $29,999",2026-08-26,human_drop,none,51
Christine Mance,+12025293578,,,,2026-08-26,human_drop,none,34
John Borga,+14257784631,"22928 25th Ave W Lynnwood, WA 98036","$900,000 - $999,999","$70,000 - $79,999",2026-08-26,fire_transfer,successful,64
Mary Renner,+12098445390,,,,2026-08-26,human_drop,none,24
Gail Phillips,+13052321336,,,,2026-08-26,fire_transfer,successful,128
Eileen Harty,+16172419343,,,,2026-08-26,human_drop,none,56
Patti Stewart,+13149912927,,,,2026-08-26,human_drop,none,27
Johny Andrade,+19544325908,,,,2026-08-26,human_drop,none,26
Joseph Bronikowski,+14145294515,,,,2026-08-26,fire_transfer,successful,21
Farnsworth Munro,+17184697166,,,,2026-08-26,human_drop,none,25
Arnold Higginbotham,+12104838902,,,,2026-08-26,human_drop,none,32
Gretchen Lambert,+12063653734,,,,2026-08-26,human_drop,none,67
Peter Wolfe,+17865362941,,,,2026-08-26,human_drop,none,31
18309972151,+18309972151,,,,2026-08-26,human_drop,none,26
John Carpenter,+14258277097,,,,2026-08-26,human_drop,none,37
Gary Malasky,+12023629565,,,,2026-08-26,human_drop,none,55
Nolca Decena,+12679005866,,,,2026-08-26,human_drop,none,48
William Starks,+14252267450,,,,2026-08-26,human_drop,none,41
Rita Baker,+14254833594,,,,2026-08-26,fire_transfer,successful,91
Thomas Ocallaghan,+14156810448,,,,2026-08-26,human_drop,none,42
John Larissou,+14157310622,"2651 25th Ave San Francisco, CA 94116","$1,000,000+","$70,000 - $79,999",2026-08-26,human_drop,none,37
Simje Slomiuc,+17184354829,,,,2026-08-26,fire_transfer,successful,133
James Krainson,+13056660211,,,,2026-08-26,human_drop,none,37
Suryakant Desai,+15168254987,"8224 250th St Bellerose, NY 11426","$900,000 - $999,999","$250,000 - $299,999",2026-08-26,human_drop,none,45
Maria Lopez,+13058544551,"734 SW 24th Rd Miami, FL 33129","$1,000,000+","$100,000 - $124,999",2026-08-26,human_drop,none,38
Rita Baker,+14254833594,,,,2026-08-26,fire_transfer,successful,121
,+17182870351,,,,2026-08-26,fire_transfer,successful,96
Scott Wootton,+14356542455,,,,2026-08-26,fire_transfer,successful,122
Linton Brooks,+15123275933,,,,2026-08-26,fire_transfer,successful,131
James Santo,+13523511123,"8044 NW 28th St Ocala, FL 34482","$900,000 - $999,999","$70,000 - $79,999",2026-08-26,human_drop,none,53
Nancy Costenoble,+15167672730,"15 2nd Ave Port Washington, NY 11050","$900,000 - $999,999","$300,000 - $399,999",2026-08-26,human_drop,none,80
Jacqueline Armborst,+13604682126,,,,2026-08-26,fire_transfer,successful,57
Beth Sabo,+17184215010,"1375 E 29th St Brooklyn, NY 11210","$900,000 - $999,999","$40,000 - $49,999",2026-08-26,human_drop,none,58
Carol Mindermann,+14157311579,"2570 29th Ave San Francisco, CA 94116","$1,000,000+","$250,000 - $299,999",2026-08-26,human_drop,none,69
,+17035250220,,,,2026-08-26,human_drop,none,43
Helen Hecht,+17184637041,"12516 25th Ave College Point, NY 11356","$900,000 - $999,999","$20,000 - $29,999",2026-08-26,fire_transfer,successful,70
Zahida Sheikh,+17188592646,"644 E 29th St Brooklyn, NY 11210","$1,000,000+","$30,000 - $39,999",2026-08-26,human_drop,none,27
,+18013591833,,,,2026-08-26,human_drop,none,57
Gail Hartwell,+17812752722,,,,2026-08-26,human_drop,none,29
Phoebe Douglass,+14158855688,,,,2026-08-26,human_drop,none,46
Ed Smith,+15035438595,,,,2026-08-26,human_drop,none,38
John Borga,+14257784631,"22928 25th Ave W Lynnwood, WA 98036","$900,000 - $999,999","$70,000 - $79,999",2026-08-26,fire_transfer,successful,74
,+18013591833,,,,2026-08-26,human_drop,none,54
Zahida Sheikh,+17188592646,"644 E 29th St Brooklyn, NY 11210","$1,000,000+","$30,000 - $39,999",2026-08-26,fire_transfer,successful,90
Helen Hecht,+17184637041,"12516 25th Ave College Point, NY 11356","$900,000 - $999,999","$20,000 - $29,999",2026-08-26,human_drop,none,51
,+17182870351,,,,2026-08-26,human_drop,none,124
Scott Wootton,+14356542455,,,,2026-08-26,fire_transfer,successful,144
Joseph Reid,+19544735951,,,,2026-08-26,human_drop,none,52
Erica Harnett,+12122225125,,,,2026-08-26,human_drop,none,47
Linton Brooks,+15123275933,,,,2026-08-26,fire_transfer,successful,115
Henry Spieker,+13106705736,,,,2026-08-26,fire_transfer,successful,129
Francis Colaco,+12023629574,"5420 27th St NW Washington, DC 20015","$1,000,000+","$300,000 - $399,999",2026-08-26,fire_transfer,successful,106
Christopher Schirmer,+17134360040,,,,2026-08-26,human_drop,none,73
Walter Scott,+12108244739,,,,2026-08-26,human_drop,none,33
Ramon Bringas,+17863532389,,,,2026-08-26,human_drop,none,20
Rachel Weiner,+17189721776,,,,2026-08-26,human_drop,none,80
Steven Davis,+16084573072,,,,2026-08-26,human_drop,none,72
Scott Wootton,+14356542455,,,,2026-08-26,fire_transfer,successful,142
Walter Scott,+12108244739,,,,2026-08-26,human_drop,none,31
Steven Davis,+16084573072,,,,2026-08-26,human_drop,none,89
Ramon Bringas,+17863532389,,,,2026-08-26,human_drop,none,15
Linton Brooks,+15123275933,,,,2026-08-26,fire_transfer,successful,88
Erica Harnett,+12122225125,,,,2026-08-26,human_drop,none,37
Joseph Reid,+19544735951,,,,2026-08-26,human_drop,none,73
Carol Mindermann,+14157311579,"2570 29th Ave San Francisco, CA 94116","$1,000,000+","$250,000 - $299,999",2026-08-26,human_drop,none,73
Beth Sabo,+17184215010,"1375 E 29th St Brooklyn, NY 11210","$900,000 - $999,999","$40,000 - $49,999",2026-08-26,human_drop,none,53
,+18013591833,,,,2026-08-26,fire_transfer,successful,145
,+17035250220,,,,2026-08-26,human_drop,none,59
Helen Hecht,+17184637041,"12516 25th Ave College Point, NY 11356","$900,000 - $999,999","$20,000 - $29,999",2026-08-26,human_drop,none,27
Jacqueline Armborst,+13604682126,,,,2026-08-26,human_drop,none,34
Judy Zeeman,+18014653476,,,,2026-08-26,human_drop,none,29
Pnina Krindel,+14157317136,"1237 2nd Ave San Francisco, CA 94122","$1,000,000+","$40,000 - $49,999",2026-08-26,human_drop,none,42
Brian Quinn,+13105462857,"591 27th St Manhattan Beach, CA 90266","$1,000,000+","$400,000 - $499,999",2026-08-26,human_drop,none,33
Beth Sabo,+17184215010,"1375 E 29th St Brooklyn, NY 11210","$900,000 - $999,999","$40,000 - $49,999",2026-08-26,human_drop,none,56
Robert Spinney,+17184616518,"15150 28th Ave Flushing, NY 11354","$900,000 - $999,999","$50,000 - $59,999",2026-08-26,human_drop,none,50
Daniel Elefant,+17189516027,"871 E 28th St Brooklyn, NY 11210","$900,000 - $999,999","$90,000 - $99,999",2026-08-26,human_drop,none,40
Mabelanne Marston,+12133865683,,,,2026-08-26,fire_transfer,successful,31
Mary Luhring,+13034433051,"4226 26th St Boulder, CO 80304","$1,000,000+","$250,000 - $299,999",2026-08-26,fire_transfer,successful,144
Spiros Karidis,+13106569840,"440 26th St Santa Monica, CA 90402","$1,000,000+","$200,000 - $249,999",2026-08-26,human_drop,none,34
Marc Tohir,+17035497848,"713 26th St S Arlington, VA 22202","$900,000 - $999,999","$250,000 - $299,999",2026-08-26,fire_transfer,successful,134
Gloria Lea,+17135287178,,,,2026-08-26,human_drop,none,71
George Korahais,+17187467756,"16305 25th Dr Flushing, NY 11358","$900,000 - $999,999","$100,000 - $124,999",2026-08-26,human_drop,none,76
Michael Henniger,+15033311561,,,,2026-08-26,fire_transfer,successful,33
Mabelanne Marston,+12133865683,,,,2026-08-26,fire_transfer,successful,33
James Fish,+12539461613,"902 S 291st St Federal Way, WA 98003","$900,000 - $999,999","$70,000 - $79,999",2026-08-26,fire_transfer,successful,86
Henry Spieker,+13106705736,,,,2026-08-26,fire_transfer,successful,130
Norma Shafer,+16022654818,"5547 N 2nd St Phoenix, AZ 85012","$900,000 - $999,999","$100,000 - $124,999",2026-08-26,fire_transfer,successful,29
Daniel Elefant,+17189516027,"871 E 28th St Brooklyn, NY 11210","$900,000 - $999,999","$90,000 - $99,999",2026-08-26,human_drop,none,42
Beth Sabo,+17184215010,"1375 E 29th St Brooklyn, NY 11210","$900,000 - $999,999","$40,000 - $49,999",2026-08-26,human_drop,none,43
Judy Zeeman,+18014653476,,,,2026-08-26,human_drop,none,38
Gloria Lea,+17135287178,,,,2026-08-26,human_drop,none,73
Erica Harnett,+12122225125,,,,2026-08-26,human_drop,none,51
Joseph Reid,+19544735951,,,,2026-08-26,fire_transfer,successful,88
Ramon Bringas,+17863532389,,,,2026-08-26,human_drop,none,45
Mehmood Bhatti,+17183360714,"1821 E 2nd St Brooklyn, NY 11223","$1,000,000+","$60,000 - $69,999",2026-08-26,human_drop,none,42
Scott Wootton,+14356542455,,,,2026-08-26,fire_transfer,successful,140
Ed Smith,+15035438595,,,,2026-08-26,human_drop,none,58
Christopher Schirmer,+17134360040,,,,2026-08-26,human_drop,none,36
Rachel Weiner,+17189721776,,,,2026-08-26,human_drop,none,32
Walter Scott,+12108244739,,,,2026-08-26,human_drop,none,27
Pearl Campbell,+14256411334,"13876 SE 2nd St Bellevue, WA 98005","$1,000,000+","$80,000 - $89,999",2026-08-26,fire_transfer,successful,53
Florence Hitchcock,+14156483689,"408 30th St San Francisco, CA 94131","$1,000,000+","$50,000 - $59,999",2026-08-26,fire_transfer,successful,78
Donn Best,+14253186032,"10215 302nd Way NE Carnation, WA 98014","$1,000,000+","$300,000 - $399,999",2026-08-26,no_answer,none,50
Warren Stern,+13058584554,"420 SW 30th Rd Miami, FL 33129","$900,000 - $999,999","$50,000 - $59,999",2026-08-26,human_drop,none,50
Carolyn Peinhardt,+12567391493,"1411 2nd Ave NW Cullman, AL 35055","$900,000 - $999,999","$50,000 - $59,999",2026-08-26,no_answer,successful,50
Jane Ashley,+12069564486,"2033 2nd Ave Apt 1002 Seattle, WA 98121","$1,000,000+","$400,000 - $499,999",2026-08-26,human_drop,none,44
Gary Stroup,+16093683724,"11007 2nd Ave Stone Harbor, NJ 08247","$1,000,000+","$40,000 - $49,999",2026-08-26,human_drop,none,25
Stephen Carr,+13608339971,"3148 NW 30th Cir Camas, WA 98607","$900,000 - $999,999","$400,000 - $499,999",2026-08-26,fire_transfer,successful,65
John Brainerd,+19496755036,"2675 2nd Ave Corona Del Mar, CA 92625","$1,000,000+","$300,000 - $399,999",2026-08-26,fire_transfer,successful,59
Loren Weeks,+17188329874,"435 2nd St Apt 4 Brooklyn, NY 11215","$1,000,000+","$300,000 - $399,999",2026-08-26,human_drop,none,50
Loren Weeks,+17188329874,"435 2nd St Apt 4 Brooklyn, NY 11215","$1,000,000+","$300,000 - $399,999",2026-08-26,no_answer,none,50
Stephen Carr,+13608339971,"3148 NW 30th Cir Camas, WA 98607","$900,000 - $999,999","$400,000 - $499,999",2026-08-26,fire_transfer,successful,83
Mabelanne Marston,+12133865683,,,,2026-08-26,fire_transfer,successful,134
Florence Hitchcock,+14156483689,"408 30th St San Francisco, CA 94131","$1,000,000+","$50,000 - $59,999",2026-08-26,human_drop,none,88
Mary Luhring,+13034433051,"4226 26th St Boulder, CO 80304","$1,000,000+","$250,000 - $299,999",2026-08-26,human_drop,none,57
Michael Henniger,+15033311561,,,,2026-08-26,human_drop,none,35
James Krainson,+13056660211,,,,2026-08-26,human_drop,none,59
Simje Slomiuc,+17184354829,,,,2026-08-26,fire_transfer,successful,135
Rita Baker,+14254833594,,,,2026-08-26,fire_transfer,successful,126
Thomas Ocallaghan,+14156810448,,,,2026-08-26,human_drop,none,36
Charles Wells,+14078762471,"706 W 2nd Ave Windermere, FL 34786","$1,000,000+","$200,000 - $249,999",2026-08-26,human_drop,none,41
Gabriela Riggleman,+12813941153,,,,2026-08-26,fire_transfer,successful,126
Sandra Reeves,+17182822968,,,,2026-08-26,human_drop,none,59
Lynne Tilsen,+15106544778,,,,2026-08-26,human_drop,none,53
Bradford Lyttle,+17733240654,,,,2026-08-26,fire_transfer,successful,125
Stephen Carr,+13608339971,"3148 NW 30th Cir Camas, WA 98607","$900,000 - $999,999","$400,000 - $499,999",2026-08-26,human_drop,none,51
Kenneth Miller,+13205972411,,,,2026-08-26,human_drop,none,76
Hamdi Kanawati,+19722174441,,,,2026-08-26,human_drop,none,127
Dana Abrahamsen,+17032809782,,,,2026-08-26,human_drop,none,27
Jack Ewing,+19566822853,,,,2026-08-26,human_drop,none,14
Eugene Noeldner,+16057564156,,,,2026-08-26,human_drop,none,34
Phoebe Douglass,+14158855688,,,,2026-08-26,human_drop,none,40
Ed Smith,+15035438595,,,,2026-08-26,human_drop,none,67
Russ Harris,+15122492331,,,,2026-08-26,human_drop,none,56
Jacqueline Armborst,+13604682126,,,,2026-08-26,human_drop,none,50
Quentin Fairchild,+19364351267,,,,2026-08-26,fire_transfer,successful,142
Beverly Basile,+16172327333,,,,2026-08-26,human_drop,none,37
Sandra Pearson,+16162855390,,,,2026-08-26,human_drop,none,68
Ellen Hales,+15108650232,,,,2026-08-26,human_drop,none,35
,+17035250220,,,,2026-08-26,human_drop,none,33
Cheryl Bevington,+13108372783,,,,2026-08-26,human_drop,none,41
Wayne Blanchette,+18159332429,,,,2026-08-26,human_drop,none,45
Gloria Lea,+17135287178,,,,2026-08-26,human_drop,none,49
Ali Sadjadi,+15125246027,,,,2026-08-26,fire_transfer,successful,133
Helen Hecht,+17184637041,"12516 25th Ave College Point, NY 11356","$900,000 - $999,999","$20,000 - $29,999",2026-08-26,human_drop,none,24
Esmeralda Arias,+18187096852,,,,2026-08-26,human_drop,none,30
Frederic Loden,+19726442672,,,,2026-08-26,human_drop,none,33
Carol Mindermann,+14157311579,"2570 29th Ave San Francisco, CA 94116","$1,000,000+","$250,000 - $299,999",2026-08-26,human_drop,none,44
Christopher Schirmer,+17134360040,,,,2026-08-26,human_drop,none,44
Sandra Watkins,+19259348004,,,,2026-08-26,human_drop,none,80
Charles Petrek,+18174440782,,,,2026-08-26,human_drop,none,42
Deborah Clefish,+15158364727,,,,2026-08-26,human_drop,none,43
Beatriz Bueno,+13054441993,,,,2026-08-26,human_drop,none,46
Steven Davis,+16084573072,,,,2026-08-26,human_drop,none,63
Orlando Gaut,+16362731112,,,,2026-08-26,human_drop,none,90
Jo Rodda,+13103797966,,,,2026-08-26,human_drop,none,28
Steven Flickinger,+13606590895,,,,2026-08-26,human_drop,none,37
Jo Moore,+15304778099,,,,2026-08-26,human_drop,none,43
Sara Brandon,+15106538213,,,,2026-08-26,human_drop,none,37
Pnina Krindel,+14157317136,"1237 2nd Ave San Francisco, CA 94122","$1,000,000+","$40,000 - $49,999",2026-08-26,human_drop,none,29
Sharon Berrier,+17195479350,,,,2026-08-26,fire_transfer,successful,61
Michael Kahan,+17189989538,,,,2026-08-26,human_drop,none,43
Carol Anderson,+16056934207,,,,2026-08-26,fire_transfer,successful,135
Janice Brazzle,+19315823326,,,,2026-08-26,human_drop,none,44
Irene Mccarthy,+17189793079,,,,2026-08-26,human_drop,none,62
Richard Fitch,+18582742447,,,,2026-08-26,human_drop,none,52
Gail Hartwell,+17812752722,,,,2026-08-26,human_drop,none,37
Brad Mancuso,+14025585142,,,,2026-08-26,human_drop,none,41
Carole Doneski,+16827088254,,,,2026-08-26,human_drop,none,40
Mark Cherry,+15122490027,,,,2026-08-26,human_drop,none,23
Robert Spinney,+17184616518,"15150 28th Ave Flushing, NY 11354","$900,000 - $999,999","$50,000 - $59,999",2026-08-26,human_drop,none,37
Barbara Buell,+15083586134,,,,2026-08-26,human_drop,none,50
Nadine Tunnell,+17072573059,,,,2026-08-26,human_drop,none,17
Dianna Paz,+15416891069,,,,2026-08-26,human_drop,none,41
Josianne Passanante,+18453628241,,,,2026-08-26,human_drop,none,28
Lori Crane,+15737544269,,,,2026-08-26,human_drop,none,64
Dale Venne,+13192346418,,,,2026-08-26,fire_transfer,successful,32
Ralph Mehling,+18124812302,,,,2026-08-26,human_drop,none,71
Charles Yates,+12813425997,,,,2026-08-26,human_drop,none,38
John Travis,+12104813022,,,,2026-08-26,human_drop,none,21
Lei Tang,+16029770844,,,,2026-08-26,human_drop,none,96
Claire Holzman,+17817620087,,,,2026-08-26,human_drop,none,38
Herminia Hunter,+15036535814,,,,2026-08-26,human_drop,none,50
Rita Fleischer,+12122550327,,,,2026-08-26,human_drop,none,30
Rachel Weiner,+17189721776,,,,2026-08-26,human_drop,none,33
Christopher Bailey,+12143837455,,,,2026-08-26,fire_transfer,successful,73
Jennie Meehan,+14087230385,,,,2026-08-26,human_drop,none,81
William Dautrechy,+16094943016,,,,2026-08-26,human_drop,none,50
Patricia Hand,+15122822886,,,,2026-08-26,human_drop,none,24
Ellen Ashcraft,+13037567389,,,,2026-08-26,human_drop,none,45
Lawrence Miggins,+17135237222,,,,2026-08-26,human_drop,none,131
Sandra Schiller,+15128366615,,,,2026-08-26,human_drop,none,42
Cora Long,+18136451942,,,,2026-08-26,human_drop,none,57
Mary Henderson,+17136642061,,,,2026-08-26,human_drop,none,71
Arthur Shaw,+13606519353,,,,2026-08-26,human_drop,none,134
Saul Ganchrow,+19549614135,,,,2026-08-26,human_drop,none,41
12813639913,+12813639913,,,,2026-08-26,human_drop,none,32
Catherine Vouvoudakis,+17187621071,,,,2026-08-26,human_drop,none,43
Joan Delanoy,+17603242921,,,,2026-08-26,human_drop,none,87
James Lipsey,+19364474944,,,,2026-08-26,human_drop,none,21
Patrick Mcmanus,+16182341492,,,,2026-08-26,fire_transfer,successful,76
David Frager,+15127948886,,,,2026-08-26,human_drop,none,45
Walter Born,+19367012062,,,,2026-08-26,human_drop,none,26
Rose Kosmoski,+17725450829,,,,2026-08-26,human_drop,none,64
John Yackshaw,+12065463593,,,,2026-08-26,human_drop,none,68
Lloyd Sakazaki,+14254530356,,,,2026-08-26,human_drop,none,38
Terry Miller,+17403533247,,,,2026-08-26,human_drop,none,46
Richard Weaver,+14098980037,,,,2026-08-26,fire_transfer,successful,124
17136234105,+17136234105,,,,2026-08-26,human_drop,none,49
Bryan Decaul,+13214413008,,,,2026-08-26,fire_transfer,successful,128
Donna Posard,+14154914118,,,,2026-08-26,human_drop,none,135
Charles Turney,+15594853419,,,,2026-08-26,human_drop,none,136
Katherine Williams,+13108335002,,,,2026-08-26,human_drop,none,48
Ruth Kessler,+13052715090,,,,2026-08-26,fire_transfer,successful,133
John Smith,+12147269219,,,,2026-08-26,human_drop,none,26
Theodore Sarafoglu,+13056617548,,,,2026-08-26,human_drop,none,117
Jay Goldberg,+19543459820,,,,2026-08-26,human_drop,none,34
Craig Zastera,+14258442811,"19407 229th Ave NE Woodinville, WA 98077","$1,000,000+","$300,000 - $399,999",2026-08-26,human_drop,none,16
Kenneth Carter,+19366377785,,,,2026-08-26,human_drop,none,42
15616596848,+15616596848,,,,2026-08-26,human_drop,none,58
Joan Cooper,+14157524516,"40 21st Ave San Francisco, CA 94121","$1,000,000+","$40,000 - $49,999",2026-08-26,human_drop,none,20
Robert Duron,+15122856426,,,,2026-08-26,human_drop,none,30
Rita Baker,+14254833594,,,,2026-08-26,fire_transfer,successful,127
Grace Raggi,+17183523137,"2732 203rd St # 2 Bayside, NY 11360","$1,000,000+","$60,000 - $69,999",2026-08-26,human_drop,none,63
Irving Kodimer,+13105454363,"213 20th St Manhattan Beach, CA 90266","$1,000,000+","$200,000 - $249,999",2026-08-26,human_drop,none,58
Bona Scarpa,+16099670505,"8601 1st Ave Stone Harbor, NJ 08247","$1,000,000+","$400,000 - $499,999",2026-08-26,human_drop,none,66
Mary Malfi,+17184427024,,,,2026-08-26,human_drop,none,59
Mary Goungoudis,+13474720404,"7815 21st Ave East Elmhurst, NY 11370","$900,000 - $999,999","$80,000 - $89,999",2026-08-26,fire_transfer,successful,134
Susan Morgan,+19038763920,,,,2026-08-26,fire_transfer,successful,92
Calogro Messina,+17182744647,"4507 20th Rd Long Island City, NY 11105","$1,000,000+","$60,000 - $69,999",2026-08-26,human_drop,none,37
Russell Beltz,+14258821783,"14251 214th Way NE Woodinville, WA 98077","$1,000,000+","$400,000 - $499,999",2026-08-26,human_drop,none,72
Christopher Schirmer,+17134360040,,,,2026-08-26,human_drop,none,16
John Travis,+12104813022,,,,2026-08-26,human_drop,none,30
Marilynn Deforge,+13015308830,,,,2026-08-26,human_drop,none,68
Darlene Fries,+19896894732,,,,2026-08-26,human_drop,none,26
Darlene Weber,+12106795539,,,,2026-08-26,fire_transfer,successful,129
Linton Brooks,+15123275933,,,,2026-08-26,fire_transfer,successful,131
Charles Petrek,+18174440782,,,,2026-08-26,human_drop,none,26
Barbara Buell,+15083586134,,,,2026-08-26,human_drop,none,24
Bluma Lebron,+17184359494,,,,2026-08-26,human_drop,none,35
Mark Cherry,+15122490027,,,,2026-08-26,human_drop,none,128
Hannah Miles,+17033605324,,,,2026-08-26,human_drop,none,23
,+17182870351,,,,2026-08-26,fire_transfer,successful,150
Steven Davis,+16084573072,,,,2026-08-26,human_drop,none,57
Sandra Watkins,+19259348004,,,,2026-08-26,human_drop,none,95
Chi Wong,+15108395908,,,,2026-08-26,human_drop,none,133
Joseph Reid,+19544735951,,,,2026-08-26,fire_transfer,successful,125
Texe Marrs,+15122639780,,,,2026-08-26,fire_transfer,successful,123
Malinda Sayers,+15403897105,,,,2026-08-26,fire_transfer,successful,93
Dale Venne,+13192346418,,,,2026-08-26,human_drop,none,30
Leib Schapiro,+13055318079,,,,2026-08-26,human_drop,none,31
Irene Mccarthy,+17189793079,,,,2026-08-26,fire_transfer,successful,130
Carol Cappiello,+17183202680,,,,2026-08-26,fire_transfer,successful,139
James Ebner,+18308994026,,,,2026-08-26,fire_transfer,successful,84
Susan Denmark,+15163745996,,,,2026-08-26,fire_transfer,successful,137
Carole Doneski,+16827088254,,,,2026-08-26,human_drop,none,25
Eva Moldovan,+17187453218,,,,2026-08-26,human_drop,none,31
Louis Cashiola,+17137800056,,,,2026-08-26,human_drop,none,31
Helen Moloney,+17187265050,,,,2026-08-26,fire_transfer,successful,148
Terry Rupe,+16205873880,,,,2026-08-26,fire_transfer,successful,103
Jennie Meehan,+14087230385,,,,2026-08-26,fire_transfer,successful,41
Janice Brazzle,+19315823326,,,,2026-08-26,human_drop,none,31
Kenneth Carter,+19366377785,,,,2026-08-26,human_drop,none,20
Stanley Lease,+17324945658,,,,2026-08-26,fire_transfer,successful,138
Claire Holzman,+17817620087,,,,2026-08-26,human_drop,none,33
Sara Brandon,+15106538213,,,,2026-08-26,human_drop,none,45
Sandra Thompson,+12143500360,,,,2026-08-26,fire_transfer,successful,142
Mary Henderson,+17136642061,,,,2026-08-26,human_drop,none,42
Harry Paltoo,+17185232803,,,,2026-08-26,human_drop,none,32
Beverly Solochek,+17186253715,,,,2026-08-26,human_drop,none,10
Patricia Tedder,+17136678722,,,,2026-08-26,human_drop,none,121
David Frager,+15127948886,,,,2026-08-26,human_drop,none,44
Christina Folino,+19149373728,,,,2026-08-26,fire_transfer,successful,75
Beatriz Bueno,+13054441993,,,,2026-08-26,fire_transfer,successful,61
13103744004,+13103744004,,,,2026-08-26,human_drop,none,32
Joan Delanoy,+17603242921,,,,2026-08-26,human_drop,none,68
Filemon Villagran,+12149481226,,,,2026-08-26,human_drop,none,26
Margaret Sarra,+17818287146,,,,2026-08-26,human_drop,none,23
Monica Meachem,+12129827412,,,,2026-08-26,human_drop,none,41
Jo Moore,+15304778099,,,,2026-08-26,human_drop,none,44
Charles Yates,+12813425997,,,,2026-08-26,human_drop,none,31
Christopher Klassen,+19722558482,,,,2026-08-26,human_drop,none,24
Joy Galariada,+18087346741,,,,2026-08-26,human_drop,none,48
Ruth Kessler,+13052715090,,,,2026-08-26,human_drop,none,28
Lylith Wadsworth,+13052381267,,,,2026-08-26,human_drop,none,61
Molly Delain,+19204069030,,,,2026-08-26,human_drop,none,98
David Price,+19797790375,,,,2026-08-26,human_drop,none,39
Brenda Goldstein,+17186318144,"4928 215th St Bayside Hills, NY 11364","$1,000,000+","$50,000 - $59,999",2026-08-26,human_drop,none,34
David Abramowitz,+17032475515,"3402 21st Ave N Arlington, VA 22207","$1,000,000+","$400,000 - $499,999",2026-08-26,human_drop,none,24
Pedro Cirera,+13055534707,"13990 SW 20th St Miami, FL 33175","$1,000,000+","$100,000 - $124,999",2026-08-26,human_drop,none,37
Lawrence Miggins,+17135237222,,,,2026-08-26,human_drop,none,49
12813639913,+12813639913,,,,2026-08-26,human_drop,none,36
Egozi Sarah,+13058640533,,,,2026-08-26,fire_transfer,successful,38
Bernard Stein,+13052321422,,,,2026-08-26,human_drop,none,28
Joseph Moushey,+12062444318,"12015 21st Ave SW Burien, WA 98146","$900,000 - $999,999","$80,000 - $89,999",2026-08-26,human_drop,none,30
Therese Deasy,+14156812590,"2611 21st Ave San Francisco, CA 94116","$1,000,000+","$30,000 - $39,999",2026-08-26,human_drop,none,23
Arie Abitol,+17184797217,"8023 210th St Queens Village, NY 11427","$900,000 - $999,999","$300,000 - $399,999",2026-08-26,human_drop,none,33
Adeline Phildor,+17185267776,,,,2026-08-26,human_drop,none,32
Walter Born,+19367012062,,,,2026-08-26,human_drop,none,27
Gregory Dewitt,+19413222307,"6907 207th St E Bradenton, FL 34211","$1,000,000+","$100,000 - $124,999",2026-08-26,human_drop,none,24
Russell Beltz,+14258821783,"14251 214th Way NE Woodinville, WA 98077","$1,000,000+","$400,000 - $499,999",2026-08-26,human_drop,none,75
Joan Cooper,+14157524516,"40 21st Ave San Francisco, CA 94121","$1,000,000+","$40,000 - $49,999",2026-08-26,human_drop,none,18
James Diaz,+14153876923,"139 20th Ave San Francisco, CA 94121","$1,000,000+","$50,000 - $59,999",2026-08-26,human_drop,none,38
Lloyd Sakazaki,+14254530356,,,,2026-08-26,human_drop,none,20
John Carpenter,+14258277097,,,,2026-08-26,human_drop,none,28
Mary Collins,+14254510674,,,,2026-08-26,human_drop,none,38
Diane Hunsaker,+19549159975,"13931 SW 24th St Davie, FL 33325","$1,000,000+","$100,000 - $124,999",2026-08-26,fire_transfer,successful,122
Jay Goldberg,+19543459820,,,,2026-08-26,human_drop,none,28
John Griffin,+14803918370,,,,2026-08-26,human_drop,none,65
Nigel Bennett,+17182291241,"4806 215th St Bayside Hills, NY 11364","$1,000,000+","$90,000 - $99,999",2026-08-26,human_drop,none,32
Gretchen Lambert,+12063653734,,,,2026-08-26,human_drop,none,23
Andrea Rodrigues,+17188519065,"195 E 2nd St Brooklyn, NY 11218","$1,000,000+","$40,000 - $49,999",2026-08-26,human_drop,none,52
Steven Gross,+12103660980,,,,2026-08-26,human_drop,none,28
Jameel Ali,+17186598614,,,,2026-08-26,human_drop,none,42
Rita Baker,+14254833594,,,,2026-08-26,fire_transfer,successful,121
Timothy Henning,+12186822331,"3080 20th Ave NW Hackensack, MN 56452","$1,000,000+","$60,000 - $69,999",2026-08-26,human_drop,none,28
John Fazio,+17183311829,,,,2026-08-26,fire_transfer,successful,76
Marilyn Labrocca,+17183577609,,,,2026-08-26,fire_transfer,successful,142
,+16822245394,,,,2026-08-26,human_drop,none,136
Alan Goldberg,+13059325877,"2011 NE 209th St Miami, FL 33179","$1,000,000+","$400,000 - $499,999",2026-08-26,human_drop,none,27
Stanley Ocheltree,+17074437496,,,,2026-08-26,human_drop,none,45
Irving Kodimer,+13105454363,"213 20th St Manhattan Beach, CA 90266","$1,000,000+","$200,000 - $249,999",2026-08-26,human_drop,none,52
Curtis Wambold,+13059361620,"21210 NE 25th Ct Miami, FL 33180","$900,000 - $999,999","$100,000 - $124,999",2026-08-26,fire_transfer,successful,34
Sarath Kotelawala,+12068784619,"1653 S 225th St Des Moines, WA 98198","$900,000 - $999,999","$80,000 - $89,999",2026-08-26,human_drop,none,70
Mary Renner,+12098445390,,,,2026-08-26,fire_transfer,successful,41
Calogro Messina,+17182744647,"4507 20th Rd Long Island City, NY 11105","$1,000,000+","$60,000 - $69,999",2026-08-26,human_drop,none,21
Patrick Mcmanus,+16182341492,,,,2026-08-26,human_drop,none,31
Juliann Bly,+18584125177,,,,2026-08-26,fire_transfer,successful,77
Nolca Decena,+12679005866,,,,2026-08-26,fire_transfer,successful,141
Madeleine Beresford,+12016523537,,,,2026-08-26,human_drop,none,47
Gary Malasky,+12023629565,,,,2026-08-26,human_drop,none,56
Holly Schickler,+17035215610,"1416 22nd St S Arlington, VA 22202","$1,000,000+","$200,000 - $249,999",2026-08-26,human_drop,none,40
Peter Wolfe,+17865362941,,,,2026-08-26,human_drop,none,21
Stuart Taylor,+17723404464,,,,2026-08-26,human_drop,none,23
Eric Carey,+17035243966,"4041 25th St N Arlington, VA 22207","$1,000,000+","$250,000 - $299,999",2026-08-26,human_drop,none,26
,,,,,2026-08-27,no_answer,none,0
Roman Karlinsky,+17189981133,"2422 E 2nd St Brooklyn, NY 11223","$1,000,000+","$50,000 - $59,999",2026-08-27,human_drop,none,50
Anne Hellman,+17183774182,"1026 E 2nd St Brooklyn, NY 11230","$1,000,000+","$100,000 - $124,999",2026-08-27,human_drop,none,50
Karen Hamilton,+12069716381,"2033 2nd Ave Apt 1509 Seattle, WA 98121","$1,000,000+","$20,000 - $29,999",2026-08-27,human_drop,none,50
William Freese,+17183762354,"1669 W 2nd St Brooklyn, NY 11223","$900,000 - $999,999","$60,000 - $69,999",2026-08-27,human_drop,none,50
William Freese,+17183762354,"1669 W 2nd St Brooklyn, NY 11223","$900,000 - $999,999","$60,000 - $69,999",2026-08-27,human_drop,none,50
William Jenson,+17035272469,"4613 2nd Rd N Arlington, VA 22203","$900,000 - $999,999","$250,000 - $299,999",2026-08-27,human_drop,none,50
Gloria Smith,+12063236606,"1516 30th Ave Seattle, WA 98122","$900,000 - $999,999","$250,000 - $299,999",2026-08-27,human_drop,none,50
Maria Tomes,+19099821615,"2387 N 2nd Ave Upland, CA 91784","$900,000 - $999,999","$400,000 - $499,999",2026-08-27,human_drop,none,50
Karen Pane,+17188534677,"676 E 2nd St Brooklyn, NY 11218","$1,000,000+","$40,000 - $49,999",2026-08-27,human_drop,none,50
Robert Mendoza,+15124742180,"1407 E 2nd St Austin, TX 78702","$1,000,000+","$90,000 - $99,999",2026-08-27,human_drop,none,50
Marco Rodriguez,+12023382304,"1035 30th St NW Washington, DC 20007","$1,000,000+","$300,000 - $399,999",2026-08-27,human_drop,none,50
Eric Nelson,+12067830769,"4421 2nd Ave NW Seattle, WA 98107","$1,000,000+","$400,000 - $499,999",2026-08-27,human_drop,none,50
Frances Schwenn,+14256412660,"16311 SE 2nd St Bellevue, WA 98008","$900,000 - $999,999","$300,000 - $399,999",2026-08-27,human_drop,none,50
Susan Kwong,+14254293253,"16043 NE 2nd St Bellevue, WA 98008","$1,000,000+","$50,000 - $59,999",2026-08-27,human_drop,none,50
Silvia Dasilva,+12024834092,"2110 2nd St NW Washington, DC 20001","$900,000 - $999,999","$300,000 - $399,999",2026-08-27,human_drop,none,50
Brad Velcoff,+17188329495,"507 2nd St Apt 3r Brooklyn, NY 11215","$1,000,000+","$60,000 - $69,999",2026-08-27,human_drop,none,50
Mildred Wolcott,+13105451546,"204 30th St Manhattan Beach, CA 90266","$1,000,000+","$400,000 - $499,999",2026-08-27,human_drop,none,50
Yaakov Ifrah,+17186274975,"1480 E 2nd St Brooklyn, NY 11230","$1,000,000+","$50,000 - $59,999",2026-08-27,human_drop,none,50
Natalie Denicola,+17186458343,"1553 E 2nd St Brooklyn, NY 11230","$1,000,000+","$60,000 - $69,999",2026-08-27,human_drop,none,50
James Edmiston,+13057547521,"9536 NE 2nd Ave Miami Shores, FL 33138","$900,000 - $999,999","$70,000 - $79,999",2026-08-27,human_drop,none,50
Roger Faris,+12067848019,"6051 2nd Ave NW Seattle, WA 98107","$1,000,000+","$400,000 - $499,999",2026-08-27,human_drop,none,50
Susan Houchins,+15124421890,"2416 S 2nd St Austin, TX 78704","$1,000,000+","$300,000 - $399,999",2026-08-27,human_drop,none,50
Elefteria Mokanos,+12019442175,"443 2nd St Palisades Park, NJ 07650","$900,000 - $999,999","$80,000 - $89,999",2026-08-27,human_drop,none,50
Harry Strickland,+14078762387,"745 W 2nd Ave Windermere, FL 34786","$1,000,000+","$300,000 - $399,999",2026-08-27,human_drop,none,50
Dale Speer,+15078762900,"52823 305th Ave Elgin, MN 55932","$1,000,000+","$300,000 - $399,999",2026-08-27,human_drop,none,50
John Havac,+12062846218,"1615 2nd Ave W Seattle, WA 98119","$1,000,000+","$300,000 - $399,999",2026-08-27,human_drop,none,50
Connie Dickerson,+13203544272,"13194 2nd St NE Spicer, MN 56288","$1,000,000+","$100,000 - $124,999",2026-08-27,human_drop,none,50
Robert Stone,+13104068238,"930 2nd St Manhattan Beach, CA 90266","$1,000,000+","$400,000 - $499,999",2026-08-27,human_drop,none,50
Juan Basterra,+12023623286,"6135 31st St NW Washington, DC 20015","$1,000,000+","$400,000 - $499,999",2026-08-27,fire_transfer,successful,30
Victor Hook,+13105811509,"2315 31st St Santa Monica, CA 90405","$900,000 - $999,999","$70,000 - $79,999",2026-08-27,fire_transfer,successful,26
Neil Rodgers,+12022441933,"4601 31st St NW Washington, DC 20008","$1,000,000+","$400,000 - $499,999",2026-08-27,human_drop,none,33
William Coyle,+12029664975,"6155 31st Pl NW Washington, DC 20015","$1,000,000+","$400,000 - $499,999",2026-08-27,human_drop,none,50
Thomas Taggart,+12065226011,"5712 31st Ave NE Seattle, WA 98105","$1,000,000+","$200,000 - $249,999",2026-08-27,human_drop,none,50
David Grimsted,+12029663264,"3434 30th St NW Washington, DC 20008","$1,000,000+","$400,000 - $499,999",2026-08-27,human_drop,none,50
Yvonne Plummer,+17183357547,"10705 31st Ave East Elmhurst, NY 11369","$900,000 - $999,999","$70,000 - $79,999",2026-08-27,human_drop,none,50
Elliot Gittleman,+14156686345,"842 32nd Ave San Francisco, CA 94121","$900,000 - $999,999","$70,000 - $79,999",2026-08-27,fire_transfer,successful,50
James Cantrell,+12026863151,"6143 30th St NW Washington, DC 20015","$1,000,000+","$200,000 - $249,999",2026-08-27,human_drop,none,50
Marc Mcdaniel,+15124594290,"811 W 31st St Austin, TX 78705","$1,000,000+","$50,000 - $59,999",2026-08-27,human_drop,none,50
Rebecca Morgan,+17278220438,"612 32nd Ave N Saint Petersburg, FL 33704","$1,000,000+","$90,000 - $99,999",2026-08-27,fire_transfer,successful,42
Laura Sereno,+12022445666,"3409 30th St NW Washington, DC 20008","$1,000,000+","$400,000 - $499,999",2026-08-27,human_drop,none,50
Marilyn Stroble,+12187454473,"13825 320th Ave NW Warren, MN 56762","$1,000,000+","$90,000 - $99,999",2026-08-27,human_drop,none,33
Mary Haig,+17182058603,"7315 31st Ave Apt 2 East Elmhurst, NY 11370","$1,000,000+","$30,000 - $39,999",2026-08-27,fire_transfer,successful,50
Christopher Paddack,+12023641040,"5460 30th Pl NW Washington, DC 20015","$900,000 - $999,999","$300,000 - $399,999",2026-08-27,fire_transfer,successful,50
Thomas Curry,+12063256797,"1116 31st Ave Seattle, WA 98122","$1,000,000+","$200,000 - $249,999",2026-08-27,fire_transfer,successful,50
Anne Steen,+17035368070,"6100 30th St N Arlington, VA 22207","$1,000,000+","$250,000 - $299,999",2026-08-27,human_drop,none,50
Elizabeth Schott,+12063249627,"1027 31st Ave E Seattle, WA 98112","$1,000,000+","$200,000 - $249,999",2026-08-27,fire_transfer,successful,64
Farooq Asi,+17189328524,"1225 31st Ave Long Island City, NY 11106","$900,000 - $999,999","$30,000 - $39,999",2026-08-27,fire_transfer,successful,74
James Werner,+16503458076,"1160 31st Ave San Mateo, CA 94403","$1,000,000+","$60,000 - $69,999",2026-08-27,fire_transfer,successful,30
Mary Sturtevant,+17035224279,"3821 30th Rd N Arlington, VA 22207","$1,000,000+","$400,000 - $499,999",2026-08-27,fire_transfer,successful,43
Peter Hui,+14156811436,"2371 31st Ave San Francisco, CA 94116","$1,000,000+","$60,000 - $69,999",2026-08-27,no_answer,none,50
William Mcdonnell,+14158317857,"234 32nd Ave San Francisco, CA 94121","$1,000,000+","$400,000 - $499,999",2026-08-27,fire_transfer,successful,26
Michael Grebb,+17035384226,"5416 31st St N Arlington, VA 22207","$1,000,000+","$400,000 - $499,999",2026-08-27,human_drop,none,50
Robert Sieh,+12063243923,"1001 31st Ave E Seattle, WA 98112","$1,000,000+","$200,000 - $249,999",2026-08-27,fire_transfer,successful,28
Shanti Conly,+12023630059,"6340 31st St NW Washington, DC 20015","$1,000,000+","$200,000 - $249,999",2026-08-27,human_drop,none,28
William Miller,+17032379470,"6728 31st St N Arlington, VA 22213","$1,000,000+","$400,000 - $499,999",2026-08-27,fire_transfer,successful,50
Heidi Helgeson,+12188916458,"26725 320th Ave SW Crookston, MN 56716","$1,000,000+","$90,000 - $99,999",2026-08-27,human_drop,none,50
Michele Perillo,+16029572589,"6258 N 31st Way Phoenix, AZ 85016","$1,000,000+","$250,000 - $299,999",2026-08-27,human_drop,none,50
Susan Johanson,+19544916255,"5335 NE 31st Ave Fort Lauderdale, FL 33308","$1,000,000+","$300,000 - $399,999",2026-08-27,fire_transfer,successful,50
Corrine Leon,+14157318460,"2578 31st Ave San Francisco, CA 94116","$1,000,000+","$50,000 - $59,999",2026-08-27,human_drop,none,50
Nancy Grinsell,+14258818346,"16814 NE 30th St Bellevue, WA 98008","$1,000,000+","$300,000 - $399,999",2026-08-27,human_drop,none,50
Mary Pekot,+17033516396,"3883 30th St N Arlington, VA 22207","$1,000,000+","$200,000 - $249,999",2026-08-27,fire_transfer,successful,17
Timothy Dyk,+12023628001,"4638 30th St NW Washington, DC 20008","$1,000,000+","$250,000 - $299,999",2026-08-27,human_drop,none,50
Max Valbuena,+12023632486,"6928 32nd St NW Washington, DC 20015","$1,000,000+","$200,000 - $249,999",2026-08-27,no_answer,successful,50
John Boffa,+12029659779,"1663 32nd St NW Washington, DC 20007","$1,000,000+","$300,000 - $399,999",2026-08-27,human_drop,none,26
Judith Perry,+15037773489,"6106 SE 32nd Ave Portland, OR 97202","$900,000 - $999,999","$60,000 - $69,999",2026-08-27,fire_transfer,successful,50
Joan Biskupic,+12023641323,"6401 32nd St NW Washington, DC 20015","$1,000,000+","$200,000 - $249,999",2026-08-27,human_drop,none,50
Georgia Sambunaris,+12023420072,"1565 33rd St NW Washington, DC 20007","$1,000,000+","$300,000 - $399,999",2026-08-27,human_drop,none,24
Francis Keppel,+17189395457,"15061 32nd Ave Flushing, NY 11354","$1,000,000+","$300,000 - $399,999",2026-08-27,human_drop,none,50
Michael Salveson,+17035330712,"5606 32nd St N Arlington, VA 22207","$1,000,000+","$300,000 - $399,999",2026-08-27,human_drop,none,47
Dennis Goerdt,+12184582115,"31898 330th St Wendell, MN 56590","$1,000,000+","$50,000 - $59,999",2026-08-27,fire_transfer,successful,50
Domenick Macri,+17183770679,"1505 E 33rd St Brooklyn, NY 11234","$900,000 - $999,999","$50,000 - $59,999",2026-08-27,human_drop,none,36
Steven Lough,+12065241351,"6021 32nd Ave NE Seattle, WA 98115","$900,000 - $999,999","$200,000 - $249,999",2026-08-27,fire_transfer,successful,43
Michele Morris,+12022445997,"6200 32nd Pl NW Washington, DC 20015","$1,000,000+","$50,000 - $59,999",2026-08-27,human_drop,none,36
Nicholas Reilly,+17182584540,"1246 E 32nd St Brooklyn, NY 11210","$1,000,000+","$50,000 - $59,999",2026-08-27,fire_transfer,successful,50
Eric Williams,+17035365904,"5313 32nd St N Arlington, VA 22207","$1,000,000+","$250,000 - $299,999",2026-08-27,human_drop,none,20
Dov Mesch,+17189516923,"1129 E 32nd St Brooklyn, NY 11210","$900,000 - $999,999","$100,000 - $124,999",2026-08-27,human_drop,none,50
Charles Ott,+12026861625,"6656 32nd St NW Washington, DC 20015","$1,000,000+","$250,000 - $299,999",2026-08-27,human_drop,none,29
Jeffrey Blumenfeld,+12029666614,"6614 32nd St NW Washington, DC 20015","$1,000,000+","$300,000 - $399,999",2026-08-27,fire_transfer,successful,50
Rita Mendez,+12022441667,"6633 32nd St NW Washington, DC 20015","$1,000,000+","$250,000 - $299,999",2026-08-27,human_drop,none,50
Walter Fingerer,+19549639552,"5841 SW 33rd Ter Fort Lauderdale, FL 33312","$1,000,000+","$400,000 - $499,999",2026-08-27,human_drop,none,50
Paul Francis,+13103796334,"320 33rd St Hermosa Beach, CA 90254","$1,000,000+","$60,000 - $69,999",2026-08-28,human_drop,none,30
Robert Faine,+12062323939,"7015 SE 32nd St Mercer Island, WA 98040","$1,000,000+","$400,000 - $499,999",2026-08-28,fire_transfer,successful,50
Harold Broome,+12023627748,"6313 32nd St NW Washington, DC 20015","$1,000,000+","$250,000 - $299,999",2026-08-28,human_drop,none,20
Herman Mitchell,+12025827249,"2801 33rd St SE Washington, DC 20020","$1,000,000+","$175,000 - $199,999",2026-08-28,fire_transfer,successful,54
Arthuro Lawson,+12028323167,"6932 32nd St NW Washington, DC 20015","$1,000,000+","$300,000 - $399,999",2026-08-28,human_drop,none,28
William Reed,+14356570744,"1471 S 3350 E Heber City, UT 84032","$1,000,000+","$400,000 - $499,999",2026-08-28,fire_transfer,successful,63
Thomas Starnes,+12023629202,"5416 32nd St NW Washington, DC 20015","$1,000,000+","$250,000 - $299,999",2026-08-28,human_drop,none,50
Caesar Quitevis,+14157026260,"575 33rd Ave San Francisco, CA 94121","$1,000,000+","$90,000 - $99,999",2026-08-28,human_drop,none,50
Arthur Over,+12022378404,"4825 32nd St NW Washington, DC 20008","$1,000,000+","$400,000 - $499,999",2026-08-28,human_drop,none,79
Bruce Stock,+12063258364,"537 33rd Ave S Seattle, WA 98144","$1,000,000+","$80,000 - $89,999",2026-08-28,human_drop,none,50
Joseph Engesmoe,+15072753439,"1423 330th St Hendricks, MN 56136","$1,000,000+","$50,000 - $59,999",2026-08-28,fire_transfer,successful,50
Steven Storaasli,+12537520335,"3020 N 32nd St Tacoma, WA 98407","$1,000,000+","$250,000 - $299,999",2026-08-28,voice_message,none,50
Mark Hipsey,+12023631732,"6113 32nd Pl NW Washington, DC 20015","$1,000,000+","$200,000 - $249,999",2026-08-28,human_drop,none,50
Gloria Zigouris,+17182786411,"2011 33rd St Long Island City, NY 11105","$1,000,000+","$20,000 - $29,999",2026-08-28,human_drop,none,50
Ardis Danon,+12026863615,"6314 32nd St NW Washington, DC 20015","$1,000,000+","$400,000 - $499,999",2026-08-28,human_drop,none,50
Scott Newman,+15619610576,"6579 NW 32nd Ter Boca Raton, FL 33496","$1,000,000+","$400,000 - $499,999",2026-08-28,human_drop,none,50
Roy Mattox,+14257889432,"11715 338th Ave NE Carnation, WA 98014","$1,000,000+","$400,000 - $499,999",2026-08-28,fire_transfer,successful,50
Juan Basterra,+12023623286,,,,2026-08-31,human_drop,none,39
Elizabeth Schott,+12063249627,,,,2026-08-31,fire_transfer,successful,64
Lynnette Woerne,+12063645248,,,,2026-08-31,human_drop,none,50
Elizabeth Mohr,+12023330786,"1568 33rd St NW Washington, DC 20007","$1,000,000+","$400,000 - $499,999",2026-08-31,no_answer,none,50
John Yackshaw,+12065463593,,,,2026-08-31,human_drop,none,50
Eleni Alatzelis,+17187281453,"2448 32nd St Astoria, NY 11102","$1,000,000+","$30,000 - $39,999",2026-08-31,fire_transfer,successful,50
John Travis,+12104813022,,,,2026-08-31,human_drop,none,40
Milena Choumenkovitch,+12023334296,"1688 32nd St NW Washington, DC 20007","$1,000,000+","$200,000 - $249,999",2026-08-31,fire_transfer,successful,56
Steven Gross,+12103660980,,,,2026-08-31,human_drop,none,50
Beverly Kingwood,+12027239384,,,,2026-08-31,human_drop,none,50
Mary Renner,+12098445390,,,,2026-08-31,human_drop,none,50
Herman Mitchell,+12025827249,,,,2026-08-31,human_drop,none,50
Christine Mance,+12025293578,,,,2026-08-31,human_drop,none,50
Jeff Abolofia,+12062461019,,,,2026-08-31,human_drop,none,42
Erica Harnett,+12122225125,,,,2026-08-31,human_drop,none,23
Serafina Zerilli,+17183217587,"15305 32nd Ave Flushing, NY 11354","$1,000,000+","$60,000 - $69,999",2026-08-31,human_drop,none,29
Beth Traxler,+12063224848,,,,2026-08-31,human_drop,none,24
Bettina Paley,+12122423143,,,,2026-08-31,fire_transfer,successful,26
James Mcarthur,+14356739094,"2246 E 3350 S Saint George, UT 84790","$1,000,000+","$400,000 - $499,999",2026-08-31,human_drop,none,50
Larry Fuchsman,+12124201225,,,,2026-08-31,human_drop,none,50
Arnold Higginbotham,+12104838902,,,,2026-08-31,fire_transfer,successful,50
Yvonne Quinn,+12126280932,,,,2026-08-31,human_drop,none,33
Robert Janshego,+12029664721,"5801 33rd St NW Washington, DC 20015","$1,000,000+","$400,000 - $499,999",2026-08-31,fire_transfer,successful,50
Cleveland Bateman,+12029653478,"1508 33rd St NW Washington, DC 20007","$1,000,000+","$250,000 - $299,999",2026-08-31,human_drop,none,50
Emmy Omoto,+12128759629,,,,2026-08-31,human_drop,none,49
Sally Hamlin,+12029652855,"1650 32nd St NW Washington, DC 20007","$1,000,000+","$400,000 - $499,999",2026-08-31,human_drop,none,50
Monica Meachem,+12129827412,,,,2026-08-31,fire_transfer,successful,45
Sandra Thompson,+12143500360,,,,2026-08-31,fire_transfer,successful,69
Sidney Evans,+12513423366,,,,2026-08-31,human_drop,none,50
John Smith,+12147269219,,,,2026-08-31,human_drop,none,39
Filemon Villagran,+12149481226,,,,2026-08-31,fire_transfer,successful,25
Gretchen Lambert,+12063653734,,,,2026-08-31,human_drop,none,27
Joanne Sprunger,+12065280927,,,,2026-08-31,fire_transfer,successful,64
Aleatha Burford,+12813313627,,,,2026-08-31,human_drop,none,50
John Priest,+12564355089,,,,2026-08-31,human_drop,none,50
Robert Gonzales,+12022445057,"6940 32nd St NW Washington, DC 20015","$1,000,000+","$400,000 - $499,999",2026-08-31,human_drop,none,50
Edward Fournier,+12812592291,,,,2026-08-31,human_drop,none,50
Barclay Manley,+12812596557,,,,2026-08-31,human_drop,none,50
John Lombardi,+17183368344,"1812 E 33rd St Brooklyn, NY 11234","$900,000 - $999,999","$80,000 - $89,999",2026-08-31,fire_transfer,successful,50
Mary Luhring,+13034433051,,,,2026-08-31,human_drop,none,50
Ronald Sage,+12538740832,"416 SW 335th St Federal Way, WA 98023","$1,000,000+","$300,000 - $399,999",2026-08-31,fire_transfer,successful,50
Patricia Mederos,+13056678325,,,,2026-08-31,human_drop,none,50
Gabriela Riggleman,+12813941153,,,,2026-08-31,fire_transfer,successful,50
Gail Phillips,+13052321336,,,,2026-08-31,human_drop,none,50
12813639913,+12813639913,,,,2026-08-31,human_drop,none,50
Charles Yates,+12813425997,,,,2026-08-31,fire_transfer,successful,50
Merilee Janssen,+12029664192,"6682 32nd St NW Washington, DC 20015","$1,000,000+","$200,000 - $249,999",2026-08-31,human_drop,none,20
Alice Galang,+13103262868,,,,2026-08-31,human_drop,none,36
Eve Murty,+17032411941,"4736 32nd St N Arlington, VA 22207","$1,000,000+","$400,000 - $499,999",2026-08-31,human_drop,none,50
John Cohen,+12023644364,"4724 32nd St NW Washington, DC 20008","$1,000,000+","$250,000 - $299,999",2026-08-31,human_drop,none,50
Betty Dow,+13052352617,,,,2026-08-31,human_drop,none,50
Brenda Webb,+13052336446,,,,2026-08-31,human_drop,none,50
Alan Krueger,+13052556901,,,,2026-08-31,fire_transfer,successful,50
Donald Kustudia,+13105458368,,,,2026-08-31,human_drop,none,45
Lylith Wadsworth,+13052381267,,,,2026-08-31,human_drop,requested,50
Aaron Gindoff,+17183384669,"1040 E 32nd St Brooklyn, NY 11210","$1,000,000+","$100,000 - $124,999",2026-08-31,human_drop,none,50
Ruth Kessler,+13052715090,,,,2026-08-31,fire_transfer,successful,49
Henry Spieker,+13106705736,,,,2026-08-31,fire_transfer,successful,69
Quang Ngo,+14156655548,"1831 33rd Ave San Francisco, CA 94122","$1,000,000+","$90,000 - $99,999",2026-08-31,human_drop,none,37
Beatriz Bueno,+13054441993,,,,2026-08-31,human_drop,none,41
Randy Eastman,+17184602226,"16417 32nd Ave Flushing, NY 11358","$1,000,000+","$100,000 - $124,999",2026-08-31,fire_transfer,successful,25
Everett Lindberg,+13602569702,,,,2026-08-31,human_drop,none,45
Stephanie Edmark,+13606661285,,,,2026-08-31,fire_transfer,successful,60
Daniel Sussman,+17184636990,"15810 32nd Ave Flushing, NY 11358","$1,000,000+","$70,000 - $79,999",2026-08-31,fire_transfer,successful,50
Elaine Lloyd,+13606873579,,,,2026-08-31,fire_transfer,successful,63
Bonnie Smith,+13059323070,,,,2026-08-31,human_drop,none,50
Alan Goldberg,+13059325877,,,,2026-08-31,fire_transfer,successful,50
Cynthia Tuite,+12023634645,"6223 33rd St NW Washington, DC 20015","$1,000,000+","$300,000 - $399,999",2026-08-31,human_drop,none,50
Anthony Bruno,+17187685756,"197 33rd St Brooklyn, NY 11232","$1,000,000+","$50,000 - $59,999",2026-08-31,human_drop,none,50
Joseph Brannan,+17035347551,"4518 32nd St N Arlington, VA 22207","$1,000,000+","$300,000 - $399,999",2026-08-31,human_drop,none,50
Doris Miguelez,+13103784944,,,,2026-08-31,human_drop,none,50
Maria Devaldenebro,+12023635028,"5444 32nd St NW Washington, DC 20015","$900,000 - $999,999","$250,000 - $299,999",2026-08-31,human_drop,none,50
Thomas Ocallaghan,+14156810448,,,,2026-08-31,fire_transfer,successful,50
John Larissou,+14157310622,,,,2026-08-31,human_drop,none,50
Enkhtuya Sonompel,+13103972743,,,,2026-08-31,human_drop,none,50
Spiros Karidis,+13106569840,,,,2026-08-31,human_drop,none,50
Shelley Dahlgren,+14253925172,,,,2026-08-31,fire_transfer,successful,28
Michael Henniger,+15033311561,,,,2026-08-31,fire_transfer,successful,50
Dale Venne,+13192346418,,,,2026-08-31,human_drop,none,50
John Borga,+14257784631,,,,2026-08-31,human_drop,none,50
Rudy Deluca,+13238749855,,,,2026-08-31,fire_transfer,successful,50
Bryan Decaul,+13214413008,,,,2026-08-31,human_drop,requested,50
Rita Baker,+14254833594,,,,2026-08-31,human_drop,none,50
Mary Collins,+14254510674,,,,2026-08-31,human_drop,none,50
Mary Goungoudis,+13474720404,,,,2026-08-31,fire_transfer,successful,69
Robert Weiland,+15083580145,,,,2026-08-31,human_drop,none,50
William Huyette,+13608928378,,,,2026-08-31,fire_transfer,successful,44
Ronald Howe,+13612261147,,,,2026-08-31,human_drop,none,50
Peter Karagiannis,+17189561833,"2057 35th St Long Island City, NY 11105","$1,000,000+","$40,000 - $49,999",2026-08-31,human_drop,none,50
John Carpenter,+14258277097,,,,2026-08-31,no_answer,successful,50
Norma Shafer,+16022654818,,,,2026-08-31,human_drop,none,50
Brad Mancuso,+14025585142,,,,2026-08-31,human_drop,none,50
Rex Lucke,+14022892726,,,,2026-08-31,human_drop,none,50
Lavelle Dekramer,+16052963365,,,,2026-08-31,human_drop,none,50
Betty Hansen,+15074376069,,,,2026-08-31,human_drop,none,50
Steven Flickinger,+13606590895,,,,2026-08-31,human_drop,none,50
Suryakant Desai,+15168254987,,,,2026-08-31,human_drop,none,50
Susan Skieresz,+16503499371,,,,2026-08-31,no_answer,successful,50
Arlene Dragon,+14108206600,,,,2026-08-31,no_answer,successful,50
Richard Weaver,+14098980037,,,,2026-08-31,human_drop,none,31
Lynette Stufft,+14109231290,,,,2026-08-31,human_drop,none,38
Vincent Scott,+14805853123,"36436 N 34th St Cave Creek, AZ 85331","$1,000,000+","$400,000 - $499,999",2026-08-31,no_answer,successful,50
Neil Nathan,+14097441017,,,,2026-08-31,fire_transfer,successful,35
Michael Zimmerman,+15619887024,"807 NE 35th St Boca Raton, FL 33431","$1,000,000+","$300,000 - $399,999",2026-08-31,fire_transfer,successful,50
Lin Ko,+14153793812,,,,2026-08-31,human_drop,none,50
Carolyn Middlemist,+16029552840,"6212 N 34th Pl Paradise Valley, AZ 85253","$1,000,000+","$300,000 - $399,999",2026-08-31,fire_transfer,successful,50
Gerald Berkley,+15159648074,"8922 NW 35th St Ankeny, IA 50023","$1,000,000+","$300,000 - $399,999",2026-08-31,no_answer,successful,50
Donna Posard,+14154914118,,,,2026-08-31,no_answer,none,50
Sandra Wheeler,+17035333376,,,,2026-08-31,human_drop,none,22
Julie House,+14158211747,,,,2026-08-31,human_drop,none,50
Frances Sampson,+17136228133,,,,2026-08-31,human_drop,none,50
Joan Cooper,+14157524516,,,,2026-08-31,human_drop,none,22
Phoebe Douglass,+14158855688,,,,2026-08-31,fire_transfer,successful,50
Ruth Turpin,+13105455592,"436 35th St Manhattan Beach, CA 90266","$1,000,000+","$400,000 - $499,999",2026-08-31,human_drop,none,50
Lloyd Sakazaki,+14254530356,,,,2026-08-31,human_drop,none,36
Leonard Rifas,+12069859483,"6838 32nd Ave NE Seattle, WA 98115","$900,000 - $999,999","$250,000 - $299,999",2026-08-31,human_drop,none,28
Robert Nelson,+14254010220,,,,2026-08-31,human_drop,none,50
James Kadlec,+13205231060,"85845 330th St Olivia, MN 56277","$900,000 - $999,999","$60,000 - $69,999",2026-08-31,human_drop,none,50
Donald Jones,+14258610844,,,,2026-08-31,fire_transfer,successful,50
Robert Squillari,+17183597488,"15905 33rd Ave Flushing, NY 11358","$1,000,000+","$60,000 - $69,999",2026-08-31,human_drop,none,50
Kathryn Turner,+14357520637,,,,2026-08-31,human_drop,none,50
Scott Wootton,+14356542455,,,,2026-08-31,fire_transfer,successful,50
Russell Beltz,+14258821783,,,,2026-08-31,human_drop,none,50
Ed Smith,+15035438595,,,,2026-08-31,no_answer,successful,50
John Griffin,+14803918370,,,,2026-08-31,human_drop,none,23
Joseph Bartolini,+17184635449,"15605 33rd Ave Flushing, NY 11354","$1,000,000+","$40,000 - $49,999",2026-08-31,fire_transfer,successful,50
Herminia Hunter,+15036535814,,,,2026-08-31,human_drop,none,37
Lynne Tilsen,+15106544778,,,,2026-08-31,human_drop,none,59
Chi Trac,+14152215194,"624 35th Ave San Francisco, CA 94121","$900,000 - $999,999","$60,000 - $69,999",2026-08-31,human_drop,none,50
Robert Duron,+15122856426,,,,2026-08-31,human_drop,none,50
Patricia Hand,+15122822886,,,,2026-08-31,human_drop,none,50
Texe Marrs,+15122639780,,,,2026-08-31,fire_transfer,successful,51
Barbara Buell,+15083586134,,,,2026-08-31,fire_transfer,successful,55
15122593187,+15122593187,,,,2026-08-31,human_drop,none,50
Daniel Kolar,+15122582517,,,,2026-08-31,human_drop,none,50
Herminia Hunter,+15036535814,,,,2026-08-31,human_drop,none,50
Linda Malek,+13105459758,"640 35th St Manhattan Beach, CA 90266","$900,000 - $999,999","$400,000 - $499,999",2026-08-31,human_drop,none,50
Israel Trevino,+15123089914,,,,2026-08-31,human_drop,none,50
Sandra Schiller,+15128366615,,,,2026-08-31,human_drop,none,50
Charles Gangone,+15163541201,,,,2026-08-31,human_drop,none,50
Malinda Sayers,+15403897105,,,,2026-08-31,human_drop,none,50
Carol Hodges,+15302562794,,,,2026-08-31,fire_transfer,successful,48
Heidi Scheinin,+17182293945,,,,2026-08-31,human_drop,none,50
Jo Moore,+15304778099,,,,2026-08-31,human_drop,none,50
Anna Chew,+14154244620,"2574 35th Ave San Francisco, CA 94116","$1,000,000+","$50,000 - $59,999",2026-08-31,human_drop,none,50
Hylton Walter,+15408868681,,,,2026-08-31,human_drop,none,50
Kevin Dopart,+12022441349,"3515 35th St NW Washington, DC 20016","$1,000,000+","$400,000 - $499,999",2026-08-31,human_drop,none,24
Roger Myers,+12029663736,"3718 35th St NW Washington, DC 20016","$1,000,000+","$200,000 - $249,999",2026-08-31,human_drop,none,50
Charles Turney,+15594853419,,,,2026-08-31,human_drop,none,50
Robert Pieper,+15636896709,,,,2026-08-31,human_drop,none,67
Brian Fyock,+17035362093,"4206 35th St N Arlington, VA 22207","$1,000,000+","$300,000 - $399,999",2026-08-31,fire_transfer,successful,42
William Dautrechy,+16094943016,,,,2026-08-31,fire_transfer,successful,41
Peter Day,+12062326510,"6915 SE 33rd St Mercer Island, WA 98040","$1,000,000+","$250,000 - $299,999",2026-08-31,human_drop,none,50
Charles Wald,+16053415027,,,,2026-08-31,no_answer,none,50
Michael Powers,+16029971887,,,,2026-08-31,human_drop,none,50
Lei Tang,+16029770844,,,,2026-08-31,fire_transfer,successful,50
Carol Anderson,+16056934207,,,,2026-08-31,human_drop,none,50
Ralph Lewis,+17273432465,"8375 35th Ave N Saint Petersburg, FL 33710","$1,000,000+","$70,000 - $79,999",2026-08-31,human_drop,none,50
Beverly Basile,+16172327333,,,,2026-08-31,fire_transfer,successful,59
Patrick Mcmanus,+16182341492,,,,2026-08-31,fire_transfer,successful,43
Patrick Mcmanus,+16182341492,,,,2026-08-31,human_drop,none,16
James Werner,+16503458076,,,,2026-08-31,human_drop,none,50
Marilyn Watt,+16503412738,,,,2026-08-31,no_answer,successful,50
Carole Doneski,+16827088254,,,,2026-08-31,human_drop,none,50
MYRTLE BEACH,+17032012892,,,,2026-08-31,fire_transfer,successful,50
Beverly Blum,+12065237247,"7012 34th Ave NE Seattle, WA 98115","$1,000,000+","$400,000 - $499,999",2026-08-31,fire_transfer,successful,50
Albert Fernandez,+17187674067,"20939 34th Ave Bayside, NY 11361","$900,000 - $999,999","$100,000 - $124,999",2026-08-31,fire_transfer,successful,86
Dana Abrahamsen,+17032809782,,,,2026-08-31,human_drop,none,28
David Abramowitz,+17032475515,,,,2026-08-31,human_drop,none,24
Alice Sheppard,+17035245668,,,,2026-08-31,human_drop,none,50
Lisa Herzog,+17184235726,"24916 34th Ave Apt 1 Little Neck, NY 11363","$900,000 - $999,999","$50,000 - $59,999",2026-08-31,human_drop,none,50
Nadine Tunnell,+17072573059,,,,2026-08-31,fire_transfer,successful,58
Marc Tohir,+17035497848,,,,2026-08-31,fire_transfer,successful,57
Virginia Bogert,+12063249861,"1506 35th Ave Seattle, WA 98122","$1,000,000+","$200,000 - $249,999",2026-08-31,human_drop,none,50
Christopher Schirmer,+17134360040,,,,2026-08-31,human_drop,none,32
Donald Friese,+19545664917,"2757 NE 35th St Fort Lauderdale, FL 33306","$1,000,000+","$200,000 - $249,999",2026-08-31,fire_transfer,successful,40
Toni Meacham,+19544633091,"2741 NE 35th Dr Fort Lauderdale, FL 33308","$1,000,000+","$400,000 - $499,999",2026-08-31,human_drop,none,33
Lawrence Miggins,+17135237222,,,,2026-08-31,human_drop,none,38
Mary Kelly,+17035252656,"4048 35th St N Arlington, VA 22207","$1,000,000+","$400,000 - $499,999",2026-08-31,fire_transfer,successful,33
17136234105,+17136234105,,,,2026-08-31,human_drop,none,45
Gloria Lea,+17135287178,,,,2026-08-31,fire_transfer,successful,50
William Buck,+17035365211,"4524 35th Rd N Arlington, VA 22207","$1,000,000+","$300,000 - $399,999",2026-08-31,human_drop,none,50
Louis Cashiola,+17137800056,,,,2026-08-31,fire_transfer,successful,50
Mary Henderson,+17136642061,,,,2026-08-31,fire_transfer,successful,50
Patricia Tedder,+17136678722,,,,2026-08-31,fire_transfer,successful,50
Rebecca Phillips,+17138689518,,,,2026-08-31,fire_transfer,successful,50
Mary Haig,+17182058603,,,,2026-08-31,human_drop,none,25
Ben Ebbro,+17182240758,,,,2026-08-31,human_drop,none,34
Leo Murphy,+17184458119,"14615 33rd Ave Flushing, NY 11354","$1,000,000+","$50,000 - $59,999",2026-08-31,human_drop,none,50
Stewart Butler,+15037710528,"6917 SE 34th Ave Portland, OR 97202","$1,000,000+","$400,000 - $499,999",2026-08-31,fire_transfer,successful,50
Antonio Diaz,+17182255783,,,,2026-08-31,fire_transfer,successful,46
Michael Redman,+12067835810,"7405 34th Ave NW Seattle, WA 98117","$1,000,000+","$250,000 - $299,999",2026-08-31,fire_transfer,successful,50
Carol Cappadona,+19545615204,"4009 NE 34th Ave Fort Lauderdale, FL 33308","$1,000,000+","$250,000 - $299,999",2026-08-31,fire_transfer,successful,50
Adele Yadegar,+17184233514,"20118 34th Ave Bayside, NY 11361","$900,000 - $999,999","$40,000 - $49,999",2026-08-31,fire_transfer,successful,50
Helene Demaria,+17182298106,,,,2026-08-31,human_drop,none,27
Nigel Bennett,+17182291241,,,,2026-08-31,fire_transfer,successful,46
Arquimedes Aguirre,+17186313151,"20501 34th Ave Bayside, NY 11361","$900,000 - $999,999","$70,000 - $79,999",2026-08-31,human_drop,none,50
Chris Koutsoutis,+17184455812,"15024 34th Ave Flushing, NY 11354","$900,000 - $999,999","$100,000 - $124,999",2026-08-31,no_answer,none,50
Peter Hoyte,+17182419455,,,,2026-08-31,fire_transfer,successful,50
Soo Moy,+17182714603,,,,2026-08-31,fire_transfer,successful,50
Don Wallace,+12023373974,"2800 35th St NW Washington, DC 20007","$1,000,000+","$300,000 - $399,999",2026-08-31,human_drop,none,46
Calogro Messina,+17182744647,,,,2026-08-31,fire_transfer,successful,43
,+17182870351,,,,2026-08-31,fire_transfer,successful,50
Sandra Reeves,+17182822968,,,,2026-08-31,human_drop,none,50
John Fazio,+17183311829,,,,2026-08-31,fire_transfer,successful,50
Thomas Bierer,+19549831046,"4409 SW 35th Ave Fort Lauderdale, FL 33312","$1,000,000+","$70,000 - $79,999",2026-08-31,fire_transfer,successful,50
Carol Cappiello,+17183202680,,,,2026-08-31,fire_transfer,successful,50
Paul Kuiken,+12189272710,"30853 350th Ave Aitkin, MN 56431","$900,000 - $999,999","$80,000 - $89,999",2026-08-31,fire_transfer,successful,50
Michael Kostel,+17183529178,,,,2026-08-31,fire_transfer,successful,39
Fai Ho,+17183739808,,,,2026-08-31,fire_transfer,successful,34
Judy Mittelmann,+17183762048,,,,2026-08-31,human_drop,none,43
Judith Glogovsky,+17183589589,,,,2026-08-31,human_drop,none,50
Michael Kostel,+17183529178,,,,2026-09-01,fire_transfer,successful,50
Judy Mittelmann,+17183762048,,,,2026-09-01,human_drop,none,50
Paul Kuiken,+12189272710,"30853 350th Ave Aitkin, MN 56431","$900,000 - $999,999","$80,000 - $89,999",2026-09-01,fire_transfer,successful,50
Jehoshua Scharf,+17182589827,,,,2026-09-01,fire_transfer,successful,71
Marilyn Labrocca,+17183577609,,,,2026-09-01,human_drop,none,50
Judith Glogovsky,+17183589589,,,,2026-09-01,human_drop,none,50
Eli Dagmy,+17182585090,,,,2026-09-01,human_drop,none,50
Pesie Horowitz,+17182589030,,,,2026-09-01,human_drop,none,50
Mary Ehlers,+13034773254,"3430 W 34th Ave Denver, CO 80211","$900,000 - $999,999","$250,000 - $299,999",2026-09-01,voice_message,successful,64
Alfred Goldstein,+17183321657,,,,2026-09-01,fire_transfer,successful,58
Fai Ho,+17183739808,,,,2026-09-01,fire_transfer,successful,61
Beth Sabo,+17184215010,,,,2026-09-01,voice_message,successful,63
Maria Disalvo,+17184235713,,,,2026-09-01,voice_message,successful,87
Ronald Edelstein,+17183390927,,,,2026-09-01,human_drop,none,72
Sally Cardaci,+17184281256,,,,2026-09-01,human_drop,none,27
,Anonymous,,,,2026-09-01,fire_transfer,successful,62
,+13107558387,,,,2026-09-01,fire_transfer,successful,63
Gilbert Flanagan,+12065249428,"6803 34th Ave NE Seattle, WA 98115","$900,000 - $999,999","$300,000 - $399,999",2026-09-01,fire_transfer,successful,37
Philip Jaffa,+17032432278,"4054 35th St N Arlington, VA 22207","$1,000,000+","$300,000 - $399,999",2026-09-01,no_answer,successful,72
Duane Hansen,+16513454808,"31068 340th St Lake City, MN 55041","$1,000,000+","$100,000 - $124,999",2026-09-01,human_drop,none,71
Mark Charette,+17035323495,"4915 34th St N Arlington, VA 22207","$1,000,000+","$300,000 - $399,999",2026-09-01,voice_message,successful,72
Duane Timmons,+12063652575,"17015 33rd Ave NE Lake Forest Park, WA 98155","$1,000,000+","$300,000 - $399,999",2026-09-01,human_drop,none,34
Kevin Folkman,+14258854967,"17515 NE 33rd Pl Redmond, WA 98052","$1,000,000+","$400,000 - $499,999",2026-09-01,human_drop,none,72
,+17189514059,,,,2026-09-01,fire_transfer,successful,59
Ai Ha,+14156680832,"532 36th Ave San Francisco, CA 94121","$900,000 - $999,999","Under $20,000",2026-09-01,human_drop,none,59
Robert Mcfarland,+12532653260,"9814 36th St NW Gig Harbor, WA 98335","$1,000,000+","$200,000 - $249,999",2026-09-01,fire_transfer,successful,77
Luis Santiago,+19544379557,"8780 NW 37th Pl Hollywood, FL 33024","$1,000,000+","$200,000 - $249,999",2026-09-01,fire_transfer,successful,71
Richard Hirschfeld,+13059327390,"19982 NE 37th Ct Aventura, FL 33180","$1,000,000+","$90,000 - $99,999",2026-09-01,fire_transfer,successful,71
Larry Shearin,+17035360333,"6500 36th St N Arlington, VA 22213","$900,000 - $999,999","$300,000 - $399,999",2026-09-01,fire_transfer,successful,29
David Russell,+12069382525,"3014 37th Ave SW Seattle, WA 98126","$900,000 - $999,999","$400,000 - $499,999",2026-09-01,human_drop,none,47
Anita Meyerhoff,+12122133418,"137 E 36th St New York, NY 10016","$1,000,000+","$300,000 - $399,999",2026-09-01,human_drop,none,21
Gary Johnson,+13608252156,"25631 SE 380th St Enumclaw, WA 98022","$900,000 - $999,999","$70,000 - $79,999",2026-09-01,human_drop,none,138
Patricia Ballard,+17035326242,"5405 37th St N Arlington, VA 22207","$1,000,000+","$400,000 - $499,999",2026-09-01,human_drop,none,75
Rebecca Aarestad,+12189833788,"30000 374th St Ogema, MN 56569","$1,000,000+","$70,000 - $79,999",2026-09-01,human_drop,none,68
Katherine Wilkins,+12063220316,"1811 36th Ave Seattle, WA 98122","$900,000 - $999,999","$300,000 - $399,999",2026-09-01,fire_transfer,successful,77
Peter Hill,+17035227922,"3633 37th St N Arlington, VA 22207","$1,000,000+","$300,000 - $399,999",2026-09-01,human_drop,none,17
Angelo Lopipero,+17189569329,"2237 37th St Astoria, NY 11105","$1,000,000+","$30,000 - $39,999",2026-09-01,human_drop,none,11
John Crncich,+17185457504,"2579 37th St Astoria, NY 11103","$1,000,000+","$300,000 - $399,999",2026-09-01,human_drop,none,6
Mary Beck,+12062848263,"3038 37th Ave W Seattle, WA 98199","$1,000,000+","$400,000 - $499,999",2026-09-01,human_drop,none,24
William Montalvo,+12126790158,"120 E 36th St Apt 3h New York, NY 10016","$1,000,000+","$40,000 - $49,999",2026-09-01,no_answer,transfer_api_accepted,32
Margaret Markham,+12023376716,"2733 36th St NW Washington, DC 20007","$1,000,000+","$200,000 - $249,999",2026-09-01,human_drop,none,49
Roger Warin,+17035272158,"3508 36th St N Arlington, VA 22207","$1,000,000+","$400,000 - $499,999",2026-09-01,human_drop,none,21
Eric Olden,+12067835857,"6116 36th Ave NW Seattle, WA 98107","$1,000,000+","$100,000 - $124,999",2026-09-02,human_drop,none,36
Harvey Radtke,+12188672715,"14426 370th St Rothsay, MN 56579","$1,000,000+","$100,000 - $124,999",2026-09-02,human_drop,requested,86
Steven Wright,+12023331516,"1925 37th St NW Washington, DC 20007","$1,000,000+","$300,000 - $399,999",2026-09-02,human_drop,none,28
Thomas Sperazza,+17182742427,"2134 37th St Long Island City, NY 11105","$1,000,000+","$400,000 - $499,999",2026-09-02,human_drop,none,13
Mark Perlin,+12126864855,"160 E 38th St Apt 24e New York, NY 10016","$1,000,000+","$300,000 - $399,999",2026-09-02,human_drop,none,11
Merlin Cavender,+12062838491,"2538 36th Ave W Seattle, WA 98199","$1,000,000+","$400,000 - $499,999",2026-09-02,human_drop,none,38
Kenneth Wheeler,+12062828690,"2408 36th Ave W Seattle, WA 98199","$1,000,000+","$400,000 - $499,999",2026-09-02,human_drop,none,18
Melvina Olson,+12189834611,"30003 374th St Ogema, MN 56569","$1,000,000+","$100,000 - $124,999",2026-09-02,human_drop,transfer_api_accepted,53
Paul Mairose,+13602638175,"4606 NW 387th St Woodland, WA 98674","$900,000 - $999,999","$175,000 - $199,999",2026-09-02,human_drop,transfer_api_accepted,181
Grace Taira,+14152213808,"587 36th Ave San Francisco, CA 94121","$1,000,000+","$90,000 - $99,999",2026-09-02,human_drop,requested,45
Edith Burgher,+12063611886,"16066 36th Ave NE Lake Forest Park, WA 98155","$900,000 - $999,999","$80,000 - $89,999",2026-09-02,no_answer,none,191
Curtis Kuramoto,+19545662187,"2633 NE 37th Dr Fort Lauderdale, FL 33308","$1,000,000+","$400,000 - $499,999",2026-09-02,no_answer,none,177
Thanh Nguyen,+17186766150,"2054 E 37th St Brooklyn, NY 11234","$1,000,000+","$20,000 - $29,999",2026-09-02,human_drop,transfer_api_accepted,83
Izabella Fishman,+14152218809,"818 38th Ave San Francisco, CA 94121","$900,000 - $999,999","$80,000 - $89,999",2026-09-02,human_drop,none,43
Shaukat Ali,+17183383290,"1128 E 38th St Brooklyn, NY 11210","$1,000,000+","$300,000 - $399,999",2026-09-02,human_drop,transfer_api_accepted,53
Charles Ralston,+12063224780,"1140 38th Ave Seattle, WA 98122","$1,000,000+","$400,000 - $499,999",2026-09-02,human_drop,none,18
Donald Kaiser,+17189324913,"2124 38th St Long Island City, NY 11105","$1,000,000+","$300,000 - $399,999",2026-09-02,no_answer,transfer_api_accepted,189
Constantino Sferrazza,+17182749762,"2234 38th St Long Island City, NY 11105","$1,000,000+","$60,000 - $69,999",2026-09-02,human_drop,none,22
Carol Johnston,+12069327632,"2656 38th Ave SW Seattle, WA 98126","$900,000 - $999,999","$400,000 - $499,999",2026-09-02,human_drop,none,43
Thomas Roeder,+17186264093,"3225 38th St Astoria, NY 11103","$1,000,000+","$50,000 - $59,999",2026-09-02,human_drop,transfer_api_accepted,42
Myra Gamburg,+12063675757,"15134 38th Ave NE Lake Forest Park, WA 98155","$1,000,000+","$300,000 - $399,999",2026-09-02,human_drop,none,10
Denis Fisher,+17186317081,"23330 38th Dr Douglaston, NY 11363","$900,000 - $999,999","$60,000 - $69,999",2026-09-02,human_drop,none,45
Christopher Henney,+12063227122,"414 39th Ave E Seattle, WA 98112","$1,000,000+","$300,000 - $399,999",2026-09-02,human_drop,none,18
Elvira Maschmeyer,+13034447115,"9000 N 39th St Longmont, CO 80503","$1,000,000+","$50,000 - $59,999",2026-09-02,human_drop,none,50
David Schottke,+12025469342,"11 3rd St NE Washington, DC 20002","$1,000,000+","$250,000 - $299,999",2026-09-02,human_drop,transfer_api_accepted,28
Elizabeth Balsamo,+17185222240,"57 3rd Pl Brooklyn, NY 11231","$1,000,000+","$70,000 - $79,999",2026-09-02,human_drop,requested,65
Phillip Peloquin,+15167471545,"94 3rd St Garden City, NY 11530","$1,000,000+","$400,000 - $499,999",2026-09-02,no_answer,transfer_api_accepted,27
Henry Kulinski,+16094942161,"262 N 3rd St Surf City, NJ 08008","$900,000 - $999,999","$150,000 - $174,999",2026-09-02,human_drop,none,36
Elizabeth Lutz,+17185453490,"2214 38th St Long Island City, NY 11105","$1,000,000+","$50,000 - $59,999",2026-09-02,human_drop,requested,111
David Rejeski,+12022442202,"3243 38th St NW Washington, DC 20016","$1,000,000+","$100,000 - $124,999",2026-09-02,human_drop,none,15
Peter Lockwood,+12022446713,"3122 38th St NW Washington, DC 20016","$1,000,000+","$200,000 - $249,999",2026-09-02,human_drop,none,20
Donald Kramer,+13059330312,"19955 NE 38th Ct Apt 504 Aventura, FL 33180","$1,000,000+","$400,000 - $499,999",2026-09-02,human_drop,none,33
Cecil Burgin,+17184994853,"616 3rd St Brooklyn, NY 11215","$1,000,000+","$300,000 - $399,999",2026-09-02,human_drop,none,163
Joel Siegel,+12532650520,"569 3rd Ct Fox Island, WA 98333","$1,000,000+","$200,000 - $249,999",2026-09-02,no_answer,none,176
Marshall Slacter,+15124531299,"1501 W 40th St Austin, TX 78756","$1,000,000+","$400,000 - $499,999",2026-09-02,no_answer,requested,203
Eliezer Reichman,+17188512310,"1466 40th St Brooklyn, NY 11218","$1,000,000+","$60,000 - $69,999",2026-09-02,no_answer,transfer_api_accepted,201
George Contos,+17182251486,"24904 40th Ave Little Neck, NY 11363","$900,000 - $999,999","$20,000 - $29,999",2026-09-02,no_answer,requested,223
Ray Gullekson,+12189265642,"18627 410th St SW Beltrami, MN 56517","$1,000,000+","$60,000 - $69,999",2026-09-02,no_answer,requested,189
Debra Sonnier,+17136910221,"718 W 41st St Houston, TX 77018","$1,000,000+","$300,000 - $399,999",2026-09-03,human_drop,none,38
Benjamin Binder,+13034992569,"720 S 41st St Boulder, CO 80305","$900,000 - $999,999","$50,000 - $59,999",2026-09-03,human_drop,none,62
Anna Lopiccolo,+17184356085,"1152 41st St Brooklyn, NY 11218","$1,000,000+","$30,000 - $39,999",2026-09-03,human_drop,none,18
Vaughdenan Fuller,+19187421421,"1956 E 41st St Tulsa, OK 74105","$1,000,000+","$60,000 - $69,999",2026-09-03,human_drop,none,5
Antonio Messina,+13478480051,"2150 41st St Long Island City, NY 11105","$1,000,000+","$250,000 - $299,999",2026-09-03,human_drop,none,9
Linda Katz,+12067228228,"3720 41st Ave S Seattle, WA 98144","$1,000,000+","$250,000 - $299,999",2026-09-03,human_drop,none,31
Garland Majette,+12067259878,"4134 41st Ave S Seattle, WA 98118","$900,000 - $999,999","$400,000 - $499,999",2026-09-03,human_drop,none,84
Lucille Leon,+12023335604,"4912 41st St NW Washington, DC 20016","$1,000,000+","$250,000 - $299,999",2026-09-03,human_drop,none,13
Harry Weinreich,+17184358420,"1610 42nd St Apt 1 Brooklyn, NY 11204","$900,000 - $999,999","$100,000 - $124,999",2026-09-03,human_drop,none,66
Israel Halberstam,+17189724793,"1604 42nd St Brooklyn, NY 11204","$1,000,000+","$70,000 - $79,999",2026-09-03,human_drop,none,28
Gabriel Mandel,+17188518925,"1628 42nd St Brooklyn, NY 11204","$1,000,000+","$60,000 - $69,999",2026-09-03,human_drop,none,9
Christopher Carroll,+12065255356,"8233 42nd Ave NE Seattle, WA 98115","$1,000,000+","$250,000 - $299,999",2026-09-03,human_drop,none,187
Edward Cokelet,+12065249467,"9621 42nd Ave NE Seattle, WA 98115","$1,000,000+","$200,000 - $249,999",2026-09-03,no_answer,transfer_api_accepted,185
Sara Beltran,+17182850864,"19004 42nd Ave Flushing, NY 11358","$1,000,000+","$40,000 - $49,999",2026-09-03,human_drop,none,14
Thomas Cipriano,+17182243463,"25046 42nd Ave Little Neck, NY 11363","$1,000,000+","$400,000 - $499,999",2026-09-03,no_answer,none,188
David Antonsen,+12183423056,"29375 430th St Vergas, MN 56587","$900,000 - $999,999","$70,000 - $79,999",2026-09-03,human_drop,none,38
,+17182589827,,,,2026-09-03,no_answer,requested,108
Lucille Leon,+12023335604,"4912 41st St NW Washington, DC 20016","$1,000,000+","$250,000 - $299,999",2026-09-03,human_drop,transfer_api_accepted,24
Jehoshua Scharf,+17182589827,"1078 E 28th St Brooklyn, NY 11210","$1,000,000+","$250,000 - $299,999",2026-09-03,human_drop,requested,96
Harry Weinreich,+17184358420,"1610 42nd St Apt 1 Brooklyn, NY 11204","$900,000 - $999,999","$100,000 - $124,999",2026-09-03,human_drop,requested,57
Israel Halberstam,+17189724793,"1604 42nd St Brooklyn, NY 11204","$1,000,000+","$70,000 - $79,999",2026-09-03,human_drop,none,31
Gabriel Mandel,+17188518925,"1628 42nd St Brooklyn, NY 11204","$1,000,000+","$60,000 - $69,999",2026-09-03,human_drop,none,15
Linda Katz,+12067228228,"3720 41st Ave S Seattle, WA 98144","$1,000,000+","$250,000 - $299,999",2026-09-03,human_drop,none,17
Ray Gullekson,+12189265642,"18627 410th St SW Beltrami, MN 56517","$1,000,000+","$60,000 - $69,999",2026-09-03,human_drop,requested,139
Anna Lopiccolo,+17184356085,"1152 41st St Brooklyn, NY 11218","$1,000,000+","$30,000 - $39,999",2026-09-03,human_drop,none,35
Eliezer Reichman,+17188512310,"1466 40th St Brooklyn, NY 11218","$1,000,000+","$60,000 - $69,999",2026-09-03,no_answer,requested,125
David Rejeski,+12022442202,"3243 38th St NW Washington, DC 20016","$1,000,000+","$100,000 - $124,999",2026-09-03,no_answer,none,190
Phillip Peloquin,+15167471545,"94 3rd St Garden City, NY 11530","$1,000,000+","$400,000 - $499,999",2026-09-03,no_answer,requested,185
Christopher Henney,+12063227122,"414 39th Ave E Seattle, WA 98112","$1,000,000+","$300,000 - $399,999",2026-09-03,human_drop,requested,39
,+17182589827,,,,2026-09-03,no_answer,requested,227
Charles Ralston,+12063224780,"1140 38th Ave Seattle, WA 98122","$1,000,000+","$400,000 - $499,999",2026-09-03,human_drop,requested,55
Merlin Cavender,+12062838491,"2538 36th Ave W Seattle, WA 98199","$1,000,000+","$400,000 - $499,999",2026-09-03,human_drop,none,36
Kenneth Wheeler,+12062828690,"2408 36th Ave W Seattle, WA 98199","$1,000,000+","$400,000 - $499,999",2026-09-03,human_drop,none,47
Margaret Markham,+12023376716,"2733 36th St NW Washington, DC 20007","$1,000,000+","$200,000 - $249,999",2026-09-03,human_drop,transfer_api_accepted,33
Harvey Radtke,+12188672715,"14426 370th St Rothsay, MN 56579","$1,000,000+","$100,000 - $124,999",2026-09-03,human_drop,requested,66
Mary Beck,+12062848263,"3038 37th Ave W Seattle, WA 98199","$1,000,000+","$400,000 - $499,999",2026-09-03,human_drop,none,26
Larry Shearin,+17035360333,"6500 36th St N Arlington, VA 22213","$900,000 - $999,999","$300,000 - $399,999",2026-09-03,human_drop,requested,39
Ai Ha,+14156680832,"532 36th Ave San Francisco, CA 94121","$900,000 - $999,999","Under $20,000",2026-09-03,human_drop,requested,27
Robert Mcfarland,+12532653260,"9814 36th St NW Gig Harbor, WA 98335","$1,000,000+","$200,000 - $249,999",2026-09-03,human_drop,requested,67
Kevin Folkman,+14258854967,"17515 NE 33rd Pl Redmond, WA 98052","$1,000,000+","$400,000 - $499,999",2026-09-03,human_drop,transfer_api_accepted,22
Duane Timmons,+12063652575,"17015 33rd Ave NE Lake Forest Park, WA 98155","$1,000,000+","$300,000 - $399,999",2026-09-03,human_drop,requested,46
Duane Hansen,+16513454808,"31068 340th St Lake City, MN 55041","$1,000,000+","$100,000 - $124,999",2026-09-03,human_drop,none,20
Philip Jaffa,+17032432278,"4054 35th St N Arlington, VA 22207","$1,000,000+","$300,000 - $399,999",2026-09-03,human_drop,requested,72
Gilbert Flanagan,+12065249428,"6803 34th Ave NE Seattle, WA 98115","$900,000 - $999,999","$300,000 - $399,999",2026-09-03,human_drop,requested,86
,+13107558387,,,,2026-09-03,human_drop,none,14
Alfred Goldstein,+17183321657,"2348 E 28th St Brooklyn, NY 11229","$900,000 - $999,999","$20,000 - $29,999",2026-09-03,human_drop,requested,48
Sally Cardaci,+17184281256,"5023 215th St Bayside Hills, NY 11364","$1,000,000+","$60,000 - $69,999",2026-09-03,human_drop,none,24
Fai Ho,+17183739808,,,,2026-09-03,human_drop,requested,32
Beth Sabo,+17184215010,"1375 E 29th St Brooklyn, NY 11210","$900,000 - $999,999","$40,000 - $49,999",2026-09-03,human_drop,none,32
Michael Kostel,+17183529178,"2321 206th St Bayside, NY 11360","$1,000,000+","$100,000 - $124,999",2026-09-03,human_drop,none,39
Judy Mittelmann,+17183762048,"1806 E 22nd St Brooklyn, NY 11229","$1,000,000+","$100,000 - $124,999",2026-09-03,human_drop,none,10
Judith Glogovsky,+17183589589,,,,2026-09-03,human_drop,none,36
Thomas Bierer,+19549831046,"4409 SW 35th Ave Fort Lauderdale, FL 33312","$1,000,000+","$70,000 - $79,999",2026-09-03,human_drop,none,29
Sandra Reeves,+17182822968,,,,2026-09-03,human_drop,requested,49
,+17182870351,,,,2026-09-03,human_drop,none,45
Carol Cappiello,+17183202680,,,,2026-09-03,human_drop,none,14
Don Wallace,+12023373974,"2800 35th St NW Washington, DC 20007","$1,000,000+","$300,000 - $399,999",2026-09-03,human_drop,none,19
Calogro Messina,+17182744647,"4507 20th Rd Long Island City, NY 11105","$1,000,000+","$60,000 - $69,999",2026-09-03,human_drop,requested,83
Soo Moy,+17182714603,,,,2026-09-03,human_drop,requested,47
Helene Demaria,+17182298106,"3636 201st St Bayside, NY 11361","$900,000 - $999,999","$70,000 - $79,999",2026-09-03,human_drop,requested,50
,+17183311829,,,,2026-09-03,no_answer,requested,64
Stewart Butler,+15037710528,"6917 SE 34th Ave Portland, OR 97202","$1,000,000+","$400,000 - $499,999",2026-09-03,human_drop,requested,69
Carol Cappadona,+19545615204,"4009 NE 34th Ave Fort Lauderdale, FL 33308","$1,000,000+","$250,000 - $299,999",2026-09-03,human_drop,requested,69
Leo Murphy,+17184458119,"14615 33rd Ave Flushing, NY 11354","$1,000,000+","$50,000 - $59,999",2026-09-03,human_drop,none,46
Mary Haig,+17182058603,"7315 31st Ave Apt 2 East Elmhurst, NY 11370","$1,000,000+","$30,000 - $39,999",2026-09-03,human_drop,none,40
Patricia Tedder,+17136678722,,,,2026-09-03,human_drop,requested,59
Gloria Lea,+17135287178,,,,2026-09-03,human_drop,requested,70
William Buck,+17035365211,"4524 35th Rd N Arlington, VA 22207","$1,000,000+","$300,000 - $399,999",2026-09-03,human_drop,none,38
Louis Cashiola,+17137800056,,,,2026-09-03,human_drop,requested,85
Christopher Schirmer,+17134360040,,,,2026-09-03,human_drop,requested,41
Lawrence Miggins,+17135237222,,,,2026-09-03,human_drop,none,36
Donald Friese,+19545664917,"2757 NE 35th St Fort Lauderdale, FL 33306","$1,000,000+","$200,000 - $249,999",2026-09-03,human_drop,transfer_api_accepted,21
Toni Meacham,+19544633091,"2741 NE 35th Dr Fort Lauderdale, FL 33308","$1,000,000+","$400,000 - $499,999",2026-09-03,human_drop,none,15
Nadine Tunnell,+17072573059,,,,2026-09-03,human_drop,requested,22
Dana Abrahamsen,+17032809782,,,,2026-09-03,human_drop,requested,51
Beverly Basile,+16172327333,,,,2026-09-03,human_drop,none,44
Patrick Mcmanus,+16182341492,,,,2026-09-03,human_drop,requested,63
William Dautrechy,+16094943016,,,,2026-09-03,human_drop,requested,81
Lei Tang,+16029770844,,,,2026-09-03,human_drop,requested,39
Carol Hodges,+15302562794,,,,2026-09-03,human_drop,none,17
Barbara Buell,+15083586134,,,,2026-09-03,human_drop,none,27
Ed Smith,+15035438595,,,,2026-09-03,human_drop,none,44
Lynne Tilsen,+15106544778,,,,2026-09-03,human_drop,none,35
John Griffin,+14803918370,,,,2026-09-03,human_drop,none,16
Herminia Hunter,+15036535814,,,,2026-09-03,human_drop,requested,42
Russell Beltz,+14258821783,"14251 214th Way NE Woodinville, WA 98077","$1,000,000+","$400,000 - $499,999",2026-09-03,human_drop,none,48
Joan Cooper,+14157524516,"40 21st Ave San Francisco, CA 94121","$1,000,000+","$40,000 - $49,999",2026-09-03,human_drop,none,10
Frances Sampson,+17136228133,,,,2026-09-03,human_drop,requested,69
Gerald Berkley,+15159648074,"8922 NW 35th St Ankeny, IA 50023","$1,000,000+","$300,000 - $399,999",2026-09-03,human_drop,none,47
Donna Posard,+14154914118,,,,2026-09-03,human_drop,transfer_api_accepted,15
Michael Zimmerman,+15619887024,"807 NE 35th St Boca Raton, FL 33431","$1,000,000+","$300,000 - $399,999",2026-09-03,human_drop,transfer_api_accepted,17
Neil Nathan,+14097441017,,,,2026-09-03,human_drop,requested,47
Vincent Scott,+14805853123,"36436 N 34th St Cave Creek, AZ 85331","$1,000,000+","$400,000 - $499,999",2026-09-03,no_answer,transfer_api_accepted,22
Arlene Dragon,+14108206600,,,,2026-09-03,no_answer,requested,28
John Carpenter,+14258277097,,,,2026-09-03,human_drop,none,48
Lavelle Dekramer,+16052963365,,,,2026-09-03,human_drop,requested,64
Peter Karagiannis,+17189561833,"2057 35th St Long Island City, NY 11105","$1,000,000+","$40,000 - $49,999",2026-09-03,human_drop,none,20
William Huyette,+13608928378,,,,2026-09-03,human_drop,none,26
Mary Goungoudis,+13474720404,"7815 21st Ave East Elmhurst, NY 11370","$900,000 - $999,999","$80,000 - $89,999",2026-09-03,human_drop,requested,205
Dale Venne,+13192346418,,,,2026-09-03,human_drop,none,35
John Borga,+14257784631,"22928 25th Ave W Lynnwood, WA 98036","$900,000 - $999,999","$70,000 - $79,999",2026-09-03,human_drop,requested,44
Rudy Deluca,+13238749855,,,,2026-09-03,human_drop,requested,70
Shelley Dahlgren,+14253925172,"4449 242nd Ave SE Sammamish, WA 98029","$1,000,000+","$200,000 - $249,999",2026-09-03,human_drop,transfer_api_accepted,44
Michael Henniger,+15033311561,,,,2026-09-03,human_drop,none,22
Thomas Ocallaghan,+14156810448,,,,2026-09-03,human_drop,requested,43
Bonnie Smith,+13059323070,"2151 NE 205th St Miami, FL 33179","$900,000 - $999,999","$100,000 - $124,999",2026-09-03,human_drop,requested,42
Randy Eastman,+17184602226,"16417 32nd Ave Flushing, NY 11358","$1,000,000+","$100,000 - $124,999",2026-09-03,human_drop,none,14
Quang Ngo,+14156655548,"1831 33rd Ave San Francisco, CA 94122","$1,000,000+","$90,000 - $99,999",2026-09-03,human_drop,none,19
Everett Lindberg,+13602569702,"15612 NE 244th Ave Brush Prairie, WA 98606","$1,000,000+","$250,000 - $299,999",2026-09-03,human_drop,none,36
Henry Spieker,+13106705736,,,,2026-09-03,human_drop,none,25
Ruth Kessler,+13052715090,,,,2026-09-03,human_drop,requested,97
Betty Dow,+13052352617,,,,2026-09-03,human_drop,none,70
Alice Galang,+13103262868,"2160 W 236th St Torrance, CA 90501","$1,000,000+","$400,000 - $499,999",2026-09-03,human_drop,none,44
Gail Phillips,+13052321336,,,,2026-09-03,human_drop,none,10
12813639913,+12813639913,,,,2026-09-03,human_drop,requested,23
Mary Luhring,+13034433051,"4226 26th St Boulder, CO 80304","$1,000,000+","$250,000 - $299,999",2026-09-03,human_drop,none,40
John Lombardi,+17183368344,"1812 E 33rd St Brooklyn, NY 11234","$900,000 - $999,999","$80,000 - $89,999",2026-09-03,human_drop,none,19
Gabriela Riggleman,+12813941153,,,,2026-09-03,no_answer,requested,188
John Priest,+12564355089,,,,2026-09-03,human_drop,requested,40
Gretchen Lambert,+12063653734,,,,2026-09-03,human_drop,requested,90
John Smith,+12147269219,,,,2026-09-03,human_drop,requested,34
Monica Meachem,+12129827412,,,,2026-09-03,human_drop,none,34
Arnold Higginbotham,+12104838902,,,,2026-09-03,human_drop,none,17
Bettina Paley,+12122423143,,,,2026-09-03,human_drop,requested,17
Yvonne Quinn,+12126280932,,,,2026-09-03,human_drop,none,21
Erica Harnett,+12122225125,,,,2026-09-03,human_drop,none,9
Jeff Abolofia,+12062461019,,,,2026-09-03,human_drop,none,34
John Travis,+12104813022,,,,2026-09-03,human_drop,none,28
Eleni Alatzelis,+17187281453,"2448 32nd St Astoria, NY 11102","$1,000,000+","$30,000 - $39,999",2026-09-03,human_drop,requested,26
Roy Mattox,+14257889432,"11715 338th Ave NE Carnation, WA 98014","$1,000,000+","$400,000 - $499,999",2026-09-03,human_drop,requested,125
Juan Basterra,+12023623286,"6135 31st St NW Washington, DC 20015","$1,000,000+","$400,000 - $499,999",2026-09-03,human_drop,none,18
William Reed,+14356570744,"1471 S 3350 E Heber City, UT 84032","$1,000,000+","$400,000 - $499,999",2026-09-03,no_answer,requested,179
Herman Mitchell,+12025827249,"2801 33rd St SE Washington, DC 20020","$1,000,000+","$175,000 - $199,999",2026-09-03,human_drop,requested,43
Robert Faine,+12062323939,"7015 SE 32nd St Mercer Island, WA 98040","$1,000,000+","$400,000 - $499,999",2026-09-03,human_drop,requested,34
Nicholas Reilly,+17182584540,"1246 E 32nd St Brooklyn, NY 11210","$1,000,000+","$50,000 - $59,999",2026-09-03,human_drop,requested,95
Michele Morris,+12022445997,"6200 32nd Pl NW Washington, DC 20015","$1,000,000+","$50,000 - $59,999",2026-09-03,human_drop,transfer_api_accepted,19
Michael Salveson,+17035330712,"5606 32nd St N Arlington, VA 22207","$1,000,000+","$300,000 - $399,999",2026-09-03,human_drop,none,38
Domenick Macri,+17183770679,"1505 E 33rd St Brooklyn, NY 11234","$900,000 - $999,999","$50,000 - $59,999",2026-09-03,human_drop,none,18
Mary Pekot,+17033516396,"3883 30th St N Arlington, VA 22207","$1,000,000+","$200,000 - $249,999",2026-09-03,human_drop,none,13
William Mcdonnell,+14158317857,"234 32nd Ave San Francisco, CA 94121","$1,000,000+","$400,000 - $499,999",2026-09-03,human_drop,none,40
Robert Sieh,+12063243923,"1001 31st Ave E Seattle, WA 98112","$1,000,000+","$200,000 - $249,999",2026-09-03,human_drop,none,21
Mary Sturtevant,+17035224279,"3821 30th Rd N Arlington, VA 22207","$1,000,000+","$400,000 - $499,999",2026-09-03,human_drop,requested,78
James Werner,+16503458076,"1160 31st Ave San Mateo, CA 94403","$1,000,000+","$60,000 - $69,999",2026-09-03,human_drop,none,16
Christopher Paddack,+12023641040,"5460 30th Pl NW Washington, DC 20015","$900,000 - $999,999","$300,000 - $399,999",2026-09-03,human_drop,none,24
Marilyn Stroble,+12187454473,"13825 320th Ave NW Warren, MN 56762","$1,000,000+","$90,000 - $99,999",2026-09-03,human_drop,requested,25
Eric Carey,+17035243966,"4041 25th St N Arlington, VA 22207","$1,000,000+","$250,000 - $299,999",2026-09-03,human_drop,requested,29
Stuart Taylor,+17723404464,,,,2026-09-03,human_drop,none,10
Madeleine Beresford,+12016523537,,,,2026-09-03,no_answer,requested,187
Juliann Bly,+18584125177,,,,2026-09-03,human_drop,transfer_api_accepted,32
Nolca Decena,+12679005866,,,,2026-09-03,human_drop,requested,26
Sarath Kotelawala,+12068784619,"1653 S 225th St Des Moines, WA 98198","$900,000 - $999,999","$80,000 - $89,999",2026-09-03,human_drop,none,20
Stanley Ocheltree,+17074437496,,,,2026-09-03,human_drop,none,28
,+17035384226,,,,2026-09-03,no_answer,requested,23
Timothy Henning,+12186822331,"3080 20th Ave NW Hackensack, MN 56452","$1,000,000+","$60,000 - $69,999",2026-09-03,human_drop,none,20
Jameel Ali,+17186598614,,,,2026-09-03,human_drop,requested,102
Steven Gross,+12103660980,,,,2026-09-03,human_drop,none,28
Patricia Hand,+15122822886,,,,2026-09-03,no_answer,none,187
Rachel Weiner,+17189721776,,,,2026-09-03,human_drop,requested,97
Brad Mancuso,+14025585142,,,,2026-09-03,human_drop,none,10
Dianna Paz,+15416891069,,,,2026-09-03,no_answer,requested,188
Josianne Passanante,+18453628241,,,,2026-09-03,no_answer,requested,187
Richard Fitch,+18582742447,,,,2026-09-03,human_drop,transfer_api_accepted,23
Carol Anderson,+16056934207,,,,2026-09-03,no_answer,requested,182
Michael Kahan,+17189989538,,,,2026-09-03,no_answer,requested,31
Orlando Gaut,+16362731112,,,,2026-09-03,human_drop,requested,70
Jo Rodda,+13103797966,,,,2026-09-03,human_drop,none,30
Carol Mindermann,+14157311579,"2570 29th Ave San Francisco, CA 94116","$1,000,000+","$250,000 - $299,999",2026-09-03,no_answer,requested,177
Sharon Berrier,+17195479350,,,,2026-09-03,human_drop,transfer_api_accepted,39
Pnina Krindel,+14157317136,"1237 2nd Ave San Francisco, CA 94122","$1,000,000+","$40,000 - $49,999",2026-09-03,human_drop,requested,32
Esmeralda Arias,+18187096852,,,,2026-09-03,human_drop,none,38
Frederic Loden,+19726442672,,,,2026-09-03,human_drop,requested,70
Ali Sadjadi,+15125246027,,,,2026-09-03,human_drop,requested,49
Wayne Blanchette,+18159332429,,,,2026-09-03,no_answer,requested,193
,+17035250220,,,,2026-09-03,human_drop,none,32
Sandra Pearson,+16162855390,,,,2026-09-03,human_drop,none,43
Quentin Fairchild,+19364351267,,,,2026-09-03,human_drop,requested,87
Jacqueline Armborst,+13604682126,,,,2026-09-03,human_drop,requested,62
Russ Harris,+15122492331,,,,2026-09-03,human_drop,none,41
Eugene Noeldner,+16057564156,,,,2026-09-03,human_drop,none,32
Hamdi Kanawati,+19722174441,,,,2026-09-03,human_drop,none,128
Bradford Lyttle,+17733240654,,,,2026-09-03,no_answer,requested,187
Jack Ewing,+19566822853,,,,2026-09-03,human_drop,transfer_api_accepted,17
Kenneth Miller,+13205972411,,,,2026-09-03,human_drop,requested,65
Simje Slomiuc,+17184354829,,,,2026-09-03,human_drop,none,7
John Brainerd,+19496755036,"2675 2nd Ave Corona Del Mar, CA 92625","$1,000,000+","$300,000 - $399,999",2026-09-03,human_drop,requested,51
Loren Weeks,+17188329874,"435 2nd St Apt 4 Brooklyn, NY 11215","$1,000,000+","$300,000 - $399,999",2026-09-03,human_drop,none,14
Donn Best,+14253186032,"10215 302nd Way NE Carnation, WA 98014","$1,000,000+","$300,000 - $399,999",2026-09-03,human_drop,none,34
Pearl Campbell,+14256411334,"13876 SE 2nd St Bellevue, WA 98005","$1,000,000+","$80,000 - $89,999",2026-09-03,human_drop,requested,35
Mehmood Bhatti,+17183360714,"1821 E 2nd St Brooklyn, NY 11223","$1,000,000+","$60,000 - $69,999",2026-09-03,human_drop,none,34
Ramon Bringas,+17863532389,,,,2026-09-03,human_drop,none,19
Judy Zeeman,+18014653476,,,,2026-09-03,human_drop,none,11
Daniel Elefant,+17189516027,"871 E 28th St Brooklyn, NY 11210","$900,000 - $999,999","$90,000 - $99,999",2026-09-03,human_drop,none,17
,+12133865683,,,,2026-09-03,no_answer,requested,36
George Korahais,+17187467756,"16305 25th Dr Flushing, NY 11358","$900,000 - $999,999","$100,000 - $124,999",2026-09-03,human_drop,requested,59
,+18013591833,,,,2026-09-03,human_drop,requested,95
Zahida Sheikh,+17188592646,"644 E 29th St Brooklyn, NY 11210","$1,000,000+","$30,000 - $39,999",2026-09-03,human_drop,transfer_api_accepted,24
James Santo,+13523511123,"8044 NW 28th St Ocala, FL 34482","$900,000 - $999,999","$70,000 - $79,999",2026-09-03,human_drop,requested,55
Suryakant Desai,+15168254987,"8224 250th St Bellerose, NY 11426","$900,000 - $999,999","$250,000 - $299,999",2026-09-03,human_drop,requested,40
John Larissou,+14157310622,"2651 25th Ave San Francisco, CA 94116","$1,000,000+","$70,000 - $79,999",2026-09-03,human_drop,none,22
18309972151,+18309972151,,,,2026-09-03,human_drop,requested,75
Eileen Harty,+16172419343,,,,2026-09-03,human_drop,requested,64
Christine Mance,+12025293578,,,,2026-09-03,human_drop,transfer_api_accepted,33
Moshe Eisen,+17186339167,,,,2026-09-03,human_drop,requested,93
John Papadopoulos,+17187282174,"2436 26th St Astoria, NY 11102","$1,000,000+","$50,000 - $59,999",2026-09-03,human_drop,none,75
Dennis Holland,+14805632634,,,,2026-09-03,no_answer,requested,159
Alfred Ayvazian,+17184280252,"6121 218th St Oakland Gardens, NY 11364","$1,000,000+","$30,000 - $39,999",2026-09-03,human_drop,none,31
Kenny Ali,+15162311009,"8923 217th St Queens Village, NY 11427","$900,000 - $999,999","$150,000 - $174,999",2026-09-03,human_drop,requested,25
Sophie Finkelman,+17186462973,"2121 E 21st St Brooklyn, NY 11229","$1,000,000+","$20,000 - $29,999",2026-09-03,human_drop,none,22
Rita Alvarez,+13058586265,"711 SW 23rd Rd Miami, FL 33129","$1,000,000+","$70,000 - $79,999",2026-09-03,human_drop,transfer_api_accepted,25
Virginia Chiu,+17188918627,"2073 E 22nd St Brooklyn, NY 11229","$1,000,000+","$50,000 - $59,999",2026-09-03,human_drop,none,22
David Rassin,+14097418180,,,,2026-09-03,human_drop,requested,38
Stanley Kamerick,+15629463752,,,,2026-09-03,human_drop,none,18
Roger Mogonye,+15122813755,,,,2026-09-03,human_drop,none,19
17018382979,+17018382979,,,,2026-09-03,human_drop,none,20
Patrick Pellerin,+12023630847,,,,2026-09-03,human_drop,none,12
Susan Sheriff,+13016099272,,,,2026-09-03,human_drop,requested,49
Tina Goldman,+19549990737,,,,2026-09-03,human_drop,none,21
Richard Gansle,+18303587402,,,,2026-09-03,human_drop,none,10
Iris Engelson,+12127214136,,,,2026-09-03,human_drop,none,31
David Sanua,+17183774751,"1486 E 26th St Brooklyn, NY 11210","$1,000,000+","$100,000 - $124,999",2026-09-03,no_answer,requested,174
Stanley Hallet,+12022375464,"4542 28th St NW Washington, DC 20008","$1,000,000+","$300,000 - $399,999",2026-09-03,human_drop,transfer_api_accepted,27
Colman Cope,+17035333977,"6308 27th St N Arlington, VA 22207","$900,000 - $999,999","$300,000 - $399,999",2026-09-03,human_drop,transfer_api_accepted,54
David Yaloz,+17182257589,"21611 28th Ave Bayside, NY 11360","$1,000,000+","$100,000 - $124,999",2026-09-03,human_drop,requested,38
Bettye Emerson,+14232660555,,,,2026-09-03,human_drop,transfer_api_accepted,33
George Conlon,+13866771841,,,,2026-09-03,human_drop,requested,26
Dinesh Khanna,+17183435907,"8321 260th St Floral Park, NY 11004","$1,000,000+","$100,000 - $124,999",2026-09-03,human_drop,none,24
Norbert Mcnamara,+15615858365,,,,2026-09-03,human_drop,requested,45
Dennis Alspaugh,+17277330948,,,,2026-09-03,human_drop,requested,77
Wallace Ramm,+15122514029,,,,2026-09-03,human_drop,none,15
John Tutewohl,+16514634364,"4412 255th St W Farmington, MN 55024","$1,000,000+","$60,000 - $69,999",2026-09-03,human_drop,transfer_api_accepted,58
Daniel Dufour,+19073495490,,,,2026-09-03,human_drop,none,8
Rafael Ng,+17187883667,,,,2026-09-03,human_drop,none,30
Louise Villela,+15617385579,,,,2026-09-03,human_drop,none,39
Paul Dasilva,+19544435266,,,,2026-09-03,human_drop,requested,117
Glenda Poletti,+12066328300,"9103 27th Ave NW Seattle, WA 98117","$1,000,000+","$200,000 - $249,999",2026-09-03,human_drop,none,31
Wai Tam,+14157515992,"249 2nd Ave San Francisco, CA 94118","$1,000,000+","$30,000 - $39,999",2026-09-03,human_drop,none,24
Robert Wynn,+15614835651,"2757 NW 28th St Boca Raton, FL 33434","$900,000 - $999,999","$250,000 - $299,999",2026-09-03,human_drop,transfer_api_accepted,20
Bobby Pavlatos,+17184236010,"21542 26th Ave Bayside, NY 11360","$1,000,000+","$300,000 - $399,999",2026-09-03,human_drop,none,22
Francisco Castruita,+12143530515,,,,2026-09-03,human_drop,none,43
Nanette Scroggins,+12149417021,,,,2026-09-03,human_drop,transfer_api_accepted,30
Timothy Witten,+18324516565,,,,2026-09-03,human_drop,none,16
John Madrid,+19516885159,,,,2026-09-03,human_drop,requested,22
Beverly Kingwood,+12027239384,,,,2026-09-03,human_drop,none,14
Vincent Biancaniello,+17183436794,"8728 257th St Floral Park, NY 11001","$1,000,000+","$50,000 - $59,999",2026-09-03,human_drop,none,41
Frank Zuber,+15624272596,,,,2026-09-03,human_drop,none,28
18503855056,+18503855056,,,,2026-09-03,human_drop,requested,31
Elizabeth Buckingham,+16128220080,,,,2026-09-03,human_drop,none,26
Sonja Sax,+15084253339,,,,2026-09-03,human_drop,none,63
Steven Privitera,+15854460469,,,,2026-09-03,human_drop,none,35
Betty Hansen,+15074376069,,,,2026-09-03,human_drop,none,36
Monica Maroone,+19547670009,"909 SE 26th Ave Fort Lauderdale, FL 33301","$1,000,000+","$200,000 - $249,999",2026-09-03,human_drop,none,21
Hedy Weiss,+17183380927,"1032 E 28th St Brooklyn, NY 11210","$1,000,000+","$50,000 - $59,999",2026-09-03,human_drop,none,16
Felice Teta,+17183524978,"20405 26th Ave Bayside, NY 11360","$1,000,000+","$50,000 - $59,999",2026-09-03,human_drop,none,34
James Kennerly,+13103921441,"2519 25th St Santa Monica, CA 90405","$900,000 - $999,999","$400,000 - $499,999",2026-09-03,human_drop,none,31
12813424995,+12813424995,,,,2026-09-03,human_drop,none,22
Mohammad Khan,+13474265899,"8325 258th St Glen Oaks, NY 11004","$1,000,000+","$70,000 - $79,999",2026-09-03,human_drop,none,27
Nediljko Peros,+17187670108,"16041 24th Rd Whitestone, NY 11357","$1,000,000+","$50,000 - $59,999",2026-09-03,human_drop,requested,46
Susan Marcussian,+17816470124,,,,2026-09-03,human_drop,none,14
Robert Denenberg,+19723817996,,,,2026-09-03,human_drop,requested,80
Jonathan Cunningham,+12537561940,,,,2026-09-03,human_drop,none,18
Marilyn Behrmann,+17187672123,"15902 28th Ave Flushing, NY 11358","$1,000,000+","$70,000 - $79,999",2026-09-03,human_drop,none,29
Benjamin Gifter,+17189516513,"933 E 29th St Brooklyn, NY 11210","$900,000 - $999,999","$60,000 - $69,999",2026-09-03,human_drop,requested,49
Elizabeth Bagley,+12023335984,"1539 29th St NW Washington, DC 20007","$1,000,000+","$200,000 - $249,999",2026-09-03,human_drop,none,43
Joseph Dirks,+17182370650,"60 2nd St Brooklyn, NY 11231","$1,000,000+","$50,000 - $59,999",2026-09-03,human_drop,transfer_api_accepted,48
Daniel Solomon,+17073437203,"684 2nd St E Sonoma, CA 95476","$1,000,000+","$400,000 - $499,999",2026-09-03,human_drop,none,23
Michael Morgan,+13619920639,,,,2026-09-03,human_drop,none,32
Barbara Mangum,+15048286642,,,,2026-09-03,human_drop,requested,89
Jean Urruty,+14156642921,"1650 26th Ave San Francisco, CA 94122","$1,000,000+","$30,000 - $39,999",2026-09-03,human_drop,none,30
Elliot Shakarchi,+17182533229,"1568 E 27th St Brooklyn, NY 11229","$1,000,000+","$60,000 - $69,999",2026-09-03,human_drop,transfer_api_accepted,29
Joseph Perazzo,+13105455509,"716 27th St Manhattan Beach, CA 90266","$1,000,000+","$300,000 - $399,999",2026-09-03,human_drop,requested,60
Roy Doremus,+17186227816,,,,2026-09-03,human_drop,none,14
Dan Harrison,+19414743619,,,,2026-09-03,no_answer,requested,187
Norman Gelbart,+15105250174,,,,2026-09-03,human_drop,requested,65
Roman Swan,+17153825126,,,,2026-09-03,human_drop,none,80
Micheal Hamilton,+15078762160,,,,2026-09-03,human_drop,requested,73
Roger Lewis,+18172370238,,,,2026-09-03,human_drop,none,18
13052668204,+13052668204,,,,2026-09-03,human_drop,none,10
Frank Mcginn,+12143405390,,,,2026-09-03,human_drop,requested,56
Jeffrey Miller,+13202743421,,,,2026-09-03,human_drop,requested,93
Grace Antrobus,+17186291090,,,,2026-09-03,no_answer,requested,182
Daniel Kolar,+15122582517,,,,2026-09-03,no_answer,requested,27
David Wagner,+18176401190,,,,2026-09-03,human_drop,none,45
Rose Nazari,+18182456267,,,,2026-09-03,human_drop,none,46
Andres Cruz,+18302284844,,,,2026-09-03,no_answer,requested,188
David Lopez,+13612382069,,,,2026-09-03,no_answer,none,190
Kathryn Turner,+14357520637,,,,2026-09-03,no_answer,transfer_api_accepted,186
Roger Mumm,+19136821197,,,,2026-09-03,no_answer,requested,181
Michael Robson,+18327786035,,,,2026-09-03,no_answer,none,184
Andre Calixte,+19546886377,,,,2026-09-03,human_drop,none,177
Thomas Cipriano,+17182243463,"25046 42nd Ave Little Neck, NY 11363","$1,000,000+","$400,000 - $499,999",2026-09-04,no_answer,requested,59
Vaughdenan Fuller,+19187421421,"1956 E 41st St Tulsa, OK 74105","$1,000,000+","$60,000 - $69,999",2026-09-04,human_drop,requested,354
Marshall Slacter,+15124531299,"1501 W 40th St Austin, TX 78756","$1,000,000+","$400,000 - $499,999",2026-09-04,no_answer,requested,89
Debra Sonnier,+17136910221,"718 W 41st St Houston, TX 77018","$1,000,000+","$300,000 - $399,999",2026-09-04,no_answer,requested,136
Ray Gullekson,+12189265642,"18627 410th St SW Beltrami, MN 56517","$1,000,000+","$60,000 - $69,999",2026-09-04,no_answer,transfer_api_accepted,28
Henry Kulinski,+16094942161,"262 N 3rd St Surf City, NJ 08008","$900,000 - $999,999","$150,000 - $174,999",2026-09-04,no_answer,requested,42
Phillip Peloquin,+15167471545,"94 3rd St Garden City, NY 11530","$1,000,000+","$400,000 - $499,999",2026-09-04,no_answer,requested,119
Christopher Henney,+12063227122,"414 39th Ave E Seattle, WA 98112","$1,000,000+","$300,000 - $399,999",2026-09-04,no_answer,requested,74
Donald Kaiser,+17189324913,"2124 38th St Long Island City, NY 11105","$1,000,000+","$300,000 - $399,999",2026-09-04,human_drop,none,29
Shaukat Ali,+17183383290,"1128 E 38th St Brooklyn, NY 11210","$1,000,000+","$300,000 - $399,999",2026-09-04,human_drop,none,87
Charles Ralston,+12063224780,"1140 38th Ave Seattle, WA 98122","$1,000,000+","$400,000 - $499,999",2026-09-04,no_answer,requested,93
Izabella Fishman,+14152218809,"818 38th Ave San Francisco, CA 94121","$900,000 - $999,999","$80,000 - $89,999",2026-09-04,no_answer,requested,30
Edith Burgher,+12063611886,"16066 36th Ave NE Lake Forest Park, WA 98155","$900,000 - $999,999","$80,000 - $89,999",2026-09-04,no_answer,requested,33
Steven Wright,+12023331516,"1925 37th St NW Washington, DC 20007","$1,000,000+","$300,000 - $399,999",2026-09-04,human_drop,none,28
Merlin Cavender,+12062838491,"2538 36th Ave W Seattle, WA 98199","$1,000,000+","$400,000 - $499,999",2026-09-04,no_answer,requested,71
Harvey Radtke,+12188672715,"14426 370th St Rothsay, MN 56579","$1,000,000+","$100,000 - $124,999",2026-09-04,no_answer,requested,71
Margaret Markham,+12023376716,"2733 36th St NW Washington, DC 20007","$1,000,000+","$200,000 - $249,999",2026-09-04,no_answer,requested,85
Thomas Sperazza,+17182742427,"2134 37th St Long Island City, NY 11105","$1,000,000+","$400,000 - $499,999",2026-09-04,no_answer,requested,24
Katherine Wilkins,+12063220316,"1811 36th Ave Seattle, WA 98122","$900,000 - $999,999","$300,000 - $399,999",2026-09-04,no_answer,requested,57
Rebecca Aarestad,+12189833788,"30000 374th St Ogema, MN 56569","$1,000,000+","$70,000 - $79,999",2026-09-04,no_answer,requested,54
Luis Santiago,+19544379557,"8780 NW 37th Pl Hollywood, FL 33024","$1,000,000+","$200,000 - $249,999",2026-09-04,no_answer,requested,49
Robert Mcfarland,+12532653260,"9814 36th St NW Gig Harbor, WA 98335","$1,000,000+","$200,000 - $249,999",2026-09-04,human_drop,requested,88
Kevin Folkman,+14258854967,"17515 NE 33rd Pl Redmond, WA 98052","$1,000,000+","$400,000 - $499,999",2026-09-04,human_drop,none,14
Gilbert Flanagan,+12065249428,"6803 34th Ave NE Seattle, WA 98115","$900,000 - $999,999","$300,000 - $399,999",2026-09-04,no_answer,requested,43
Alfred Goldstein,+17183321657,"2348 E 28th St Brooklyn, NY 11229","$900,000 - $999,999","$20,000 - $29,999",2026-09-04,human_drop,transfer_api_accepted,30
Judith Glogovsky,+17183589589,,,,2026-09-04,human_drop,none,34
John Fazio,+17183311829,,,,2026-09-04,no_answer,requested,68
Thomas Bierer,+19549831046,"4409 SW 35th Ave Fort Lauderdale, FL 33312","$1,000,000+","$70,000 - $79,999",2026-09-04,no_answer,requested,58
Janey Norman,+14154699745,"248 Addison St San Francisco, CA 94131","$900,000 - $999,999","$30,000 - $39,999",2026-09-08,human_drop,none,33
Donna Inman,+19528542739,"8515 16th Ave S Bloomington, MN 55425",,,2026-09-08,human_drop,requested,50
David Aledort,+15165695062,"764 Addison St Woodmere, NY 11598","$900,000 - $999,999","$400,000 - $499,999",2026-09-08,human_drop,requested,28
Harold Severson,+13203952061,"3747 175th St Lester Prairie, MN 55354",,,2026-09-08,human_drop,requested,114
John Roegiers,+13099492818,"3934 N 1850th Ave Coal Valley, IL 61240",,,2026-09-08,human_drop,none,28
Alan Paige,+17039387921,"361 Church St NE Vienna, VA 22180",,,2026-09-08,human_drop,none,21
Joel Tigett,+17136652346,"2152 Addison Rd Houston, TX 77030","$1,000,000+","$250,000 - $299,999",2026-09-08,human_drop,none,16
Laddie Irion,+17277972496,"2163 Cielo Cir E Clearwater, FL 33759",,,2026-09-08,human_drop,requested,81
Charles Stieglitz,+15165697984,"826 Addison St Woodmere, NY 11598","$900,000 - $999,999","$200,000 - $249,999",2026-09-08,human_drop,none,32
John Drastal,+17187671166,1446 165th St Whitestone  NY 11357,,,2026-09-08,human_drop,requested,35
Hilbert Riemer,+16517143802,"7919 15th St N Oakdale, MN 55128",,,2026-09-08,human_drop,none,48
Joseph Russell,+18185015240,"13033 Addison St Sherman Oaks, CA 91423","$1,000,000+","$250,000 - $299,999",2026-09-08,human_drop,none,26
Dennis Obrecht,+19202934324,"N7464 15th Dr Neshkoro, WI 54960",,,2026-09-08,human_drop,none,29
Robert Gnuse,+17035363981,"6621 19th St N Arlington, VA 22205",,,2026-09-08,human_drop,requested,112
Sally Bitner,+17039380371,"10421 Adel Rd Oakton, VA 22124","$1,000,000+","$400,000 - $499,999",2026-09-08,human_drop,requested,35
Shelley Deutch,+17032552584,"10506 Adel Rd Oakton, VA 22124","$1,000,000+","$300,000 - $399,999",2026-09-08,human_drop,none,14
Allen Kepaa,+18088421231,"1525 Adelaide St Honolulu, HI 96819","$1,000,000+","$200,000 - $249,999",2026-09-08,human_drop,requested,57
John Lannon,+17032810887,"10423 Adel Rd Oakton, VA 22124","$1,000,000+","$200,000 - $249,999",2026-09-08,human_drop,requested,43
Lee Nelson,+17609135025,"27364 Saint Andrews Ln Valley Center, CA 92082",,,2026-09-08,human_drop,transfer_api_accepted,19
Armando De Molina,+19544370089,"16335 SW 26th St Miramar, FL 33027",,,2026-09-08,human_drop,none,123
Marianne Hulbert,+14806295174,"10879 E Addy Way Scottsdale, AZ 85262","$1,000,000+","$400,000 - $499,999",2026-09-08,human_drop,none,11
Claire Manto,+19149677685,"43 Adelaide St Rye, NY 10580","$900,000 - $999,999","$300,000 - $399,999",2026-09-08,human_drop,requested,34
Robert Cowdery,+18506279023,"246 Forest Dr N Havana, FL 32333",,,2026-09-08,human_drop,requested,41
Dannie Fogleman,+13015303591,"9321 Adelaide Dr Bethesda, MD 20817","$1,000,000+","$200,000 - $249,999",2026-09-08,human_drop,none,27
Mildred Adams,+13057581339,"44 NW 93rd St Miami Shores, FL 33150",,,2026-09-08,human_drop,none,20
Joseph Weber,+14242493803,"617 N Sierra Dr Beverly Hills, CA 90210",,,2026-09-08,human_drop,none,23
Wayne Wagner,+17327478863,"17 Adele Ct Red Bank, NJ 07701","$900,000 - $999,999","$400,000 - $499,999",2026-09-08,human_drop,none,87
Edward Moynagh,+17149684243,"9042 Adelia Cir Huntington Beach, CA 92646","$1,000,000+","$60,000 - $69,999",2026-09-08,human_drop,none,24
George Newbill,+12254445271,"7232 Adelia Ln Baton Rouge, LA 70806","$1,000,000+","$200,000 - $249,999",2026-09-08,human_drop,none,13
Anton Reynolds,+16503255571,"351 Sherwood Way Menlo Park, CA 94025",,,2026-09-08,human_drop,none,7
Frank Micheletti,+16578596936,"12362 Eveningside Dr Cowan Heights, CA 92705",,,2026-09-08,human_drop,none,7
Patti Dwinell,+19494957227,"25112 Adelanto Dr Laguna Niguel, CA 92677","$1,000,000+","$20,000 - $29,999",2026-09-08,human_drop,requested,55
Eileen Conaughton,+12017840481,"1 Adele Ave Demarest, NJ 07627","$900,000 - $999,999","$70,000 - $79,999",2026-09-08,human_drop,none,31
John Hart,+13015308792,"9207 Adelaide Ct Bethesda, MD 20817","$900,000 - $999,999","$250,000 - $299,999",2026-09-08,human_drop,none,27
Eugene Knowles,+18012955816,"621 E 1600 S Bountiful, UT 84010",,,2026-09-08,human_drop,none,29
Joseph Martin,+18504381417,"4302 Brittany Ct Pensacola, FL 32504",,,2026-09-08,human_drop,requested,203
Jerry Johnson,+18508974513,"706 Sunningdale Cv Niceville, FL 32578",,,2026-09-08,human_drop,none,33
Richard Krafsur,+13238513363,"3457 Adina Dr Los Angeles, CA 90068","$1,000,000+","$60,000 - $69,999",2026-09-08,human_drop,requested,74
,+15165697984,,,,2026-09-08,no_answer,requested,23
Lela Sarnat,+16508546805,"198 Degas Rd Portola Valley, CA 94028",,,2026-09-08,human_drop,none,8
Peter Cecchini,+17035942013,"12764 Aden Rd Nokesville, VA 20181","$1,000,000+","$300,000 - $399,999",2026-09-08,human_drop,none,86
Adolphus Richards,+17188527234,"299 Adelphi St Apt 105 Brooklyn, NY 11205","$1,000,000+","$60,000 - $69,999",2026-09-08,human_drop,requested,118
Daniel Cruz,+17188755214,"68 Adelphi St Brooklyn, NY 11205","$900,000 - $999,999","$70,000 - $79,999",2026-09-08,human_drop,none,17
Charles Dubose,+17186241869,"319 Adelphi St Brooklyn, NY 11205","$1,000,000+","$60,000 - $69,999",2026-09-09,no_answer,none,30
Jeanne Deangelis,+16179642072,"93 Adella Ave Newton, MA 02465","$1,000,000+","$70,000 - $79,999",2026-09-09,human_drop,none,28
James Potts,+16194352452,"511 Adella Ln Coronado, CA 92118","$1,000,000+","$50,000 - $59,999",2026-09-09,human_drop,none,12
Bernard Esrock,+16194350725,"1000 Adella Ave Coronado, CA 92118","$1,000,000+","$250,000 - $299,999",2026-09-09,human_drop,requested,94
Janet Robertson,+18188892312,"770 Admiral Ct Oak Park, CA 91377","$1,000,000+","$300,000 - $399,999",2026-09-09,human_drop,requested,63
Richard Mines,+18187880281,"16601 Adlon Rd Encino, CA 91436","$1,000,000+","$70,000 - $79,999",2026-09-09,human_drop,none,36
Norman Cram,+17079391425,"19562 Admiral Cooke Ln Sonoma, CA 95476","$1,000,000+","$50,000 - $59,999",2026-09-09,human_drop,requested,93
Bonnie Dennison,+17574965851,"2101 E Admiral Dr Virginia Beach, VA 23451","$900,000 - $999,999","$90,000 - $99,999",2026-09-09,human_drop,requested,95
Joseph Koreie,+18189957528,"4131 Adlon Pl Encino, CA 91436","$1,000,000+","$250,000 - $299,999",2026-09-09,human_drop,none,31
David Rutt,+18187899363,"16917 Adlon Rd Encino, CA 91436","$1,000,000+","$400,000 - $499,999",2026-09-09,human_drop,requested,55
Robert Lippman,+18189900829,"17163 Adlon Rd Encino, CA 91436","$900,000 - $999,999","$250,000 - $299,999",2026-09-09,human_drop,none,25
Nicholas Weigner,+17574120851,"2128 E Admiral Dr Virginia Beach, VA 23451","$1,000,000+","$400,000 - $499,999",2026-09-09,human_drop,none,44
Ralph Tufano,+17183176026,"66 Adlers Ln Staten Island, NY 10307","$1,000,000+","$60,000 - $69,999",2026-09-09,human_drop,requested,62
Robert Johnson,+18314579778,"112 Adobe St Santa Cruz, CA 95060","$900,000 - $999,999","$90,000 - $99,999",2026-09-09,human_drop,none,14
Barbara Brown,+13017659115,"10801 Admirals Way Potomac, MD 20854","$1,000,000+","$400,000 - $499,999",2026-09-09,human_drop,requested,58
Cynthia Pacini,+19257430642,"601 Adobe Dr Danville, CA 94526","$1,000,000+","$400,000 - $499,999",2026-09-09,human_drop,none,32
Bonnie Redmond,+17034300630,"1219 Admiral Zumwalt Ln Herndon, VA 20170","$1,000,000+","$300,000 - $399,999",2026-09-09,human_drop,none,17
Lawrence Schulman,+19146987866,"1 Adrian Cir Scarsdale, NY 10583","$1,000,000+","$250,000 - $299,999",2026-09-09,human_drop,none,16
Edward Polidor,+15857879677,"792 Admiralty Way Webster, NY 14580","$1,000,000+","$250,000 - $299,999",2026-09-09,human_drop,none,40
Lon Carpenter,+12108241062,"301 Evans Ave Alamo Heights, TX 78209",,,2026-09-09,human_drop,requested,33
Jc Puckett,+19723802471,"4319 Creekmeadow Dr Dallas, TX 75287",,,2026-09-09,human_drop,none,20
Barton Hayward,+12106587120,"62 Twynbridge San Antonio, TX 78259",,,2026-09-09,human_drop,none,20
Robert Howells,+18303675940,"160 Bearskin Trl Kerrville, TX 78028",,,2026-09-09,human_drop,none,47
Michel Tanguay,+14802479322,"9429 E Adobe Dr Scottsdale, AZ 85255","$1,000,000+","$200,000 - $249,999",2026-09-09,human_drop,requested,41
David Ramroop,+18136717333,"10702 La Vista Loop Riverview, FL 33578",,,2026-09-09,human_drop,requested,45
Fred Dees,+19416256227,"11768 SW Dallas Dr S Lake Suzy, FL 34269",,,2026-09-09,human_drop,none,45
Lorraine Meenan,+19723804250,"17608 Woods Edge Dr Dallas, TX 75287",,,2026-09-09,human_drop,none,25
Christopher Woods,+19725962308,"4216 Pike Ct Plano, TX 75093",,,2026-09-09,human_drop,none,10
Patricia Johnson,+18433652950,"5600 Adrian Hwy Conway, SC 29526","$1,000,000+","$50,000 - $59,999",2026-09-09,human_drop,requested,37
Dennis Delzer,+19722343004,"1313 Mackie Dr Richardson, TX 75081",,,2026-09-09,human_drop,requested,71
Michael Cohen,+15166264811,"5 Aerie Ct Manhasset, NY 11030","$1,000,000+","$200,000 - $249,999",2026-09-09,human_drop,requested,57
Randy French,+18303724260,"164 Guadalupe Ranch Ln Seguin, TX 78155",,,2026-09-09,no_answer,requested,36
Homer Freeman,+19724621969,"537 Arbor Brook Ln Coppell, TX 75019",,,2026-09-09,human_drop,none,47
William Lebrun,+15128473595,"10 Wilson Cir Wimberley, TX 78676",,,2026-09-09,human_drop,none,34
Nita Sulzer,+15166211712,"6 Aerie Ct Manhasset, NY 11030","$1,000,000+","$100,000 - $124,999",2026-09-09,human_drop,requested,55
Virginia Kennedy,+19035950080,"817 Colonial Dr Tyler, TX 75701",,,2026-09-09,human_drop,requested,117
Dave Leerssen,+19723577531,"10144 Shannon Cir Forney, TX 75126",,,2026-09-09,human_drop,none,20
Michael Kelleher,+17816414337,"51 Aerial St Arlington, MA 02474","$900,000 - $999,999","$400,000 - $499,999",2026-09-09,human_drop,none,49
Denzil Hallmark,+18308165098,"124 Bitter Spgs Boerne, TX 78006",,,2026-09-09,human_drop,none,28
Richard Kistner,+12106999090,"3110 Twisted Creek St San Antonio, TX 78230",,,2026-09-09,human_drop,none,55
Chris Lenau,+19725398986,"1505 Glen Hollow Ln Flower Mound, TX 75028",,,2026-09-09,human_drop,none,29
Jeffrey Edelman,+15166261763,"29 Aerie Ct Manhasset, NY 11030","$1,000,000+","$70,000 - $79,999",2026-09-09,human_drop,requested,57
Reinaldo Morales,+17033238950,"9001 Advantage Ct Burke, VA 22015","$900,000 - $999,999","$400,000 - $499,999",2026-09-09,human_drop,none,36
Norman Boyle,+19723808645,"4303 Cobblers Ln Dallas, TX 75287",,,2026-09-09,human_drop,none,20
Arnold Linden,+17022553232,"6525 Affermato St Las Vegas, NV 89131","$900,000 - $999,999","$175,000 - $199,999",2026-09-09,human_drop,none,49
Anne Hoffer,+18324374711,"6306 Pepper Hollow Ln Katy, TX 77494",,,2026-09-09,human_drop,none,18
Nicholas Garofolo,+14356494427,"1419 Aerie Dr Park City, UT 84060","$1,000,000+","$300,000 - $399,999",2026-09-09,human_drop,none,28
Jimmy Roberts,+16158246481,"103 Affirmed Dr Hendersonville, TN 37075","$1,000,000+","$300,000 - $399,999",2026-09-09,human_drop,none,15
Jim Vacek,+12812464031,"14015 Laskey Manor Ct Cypress, TX 77429",,,2026-09-09,human_drop,none,29
Richard Brochetti,+19724241519,"1905 Gardengrove Ct Plano, TX 75075",,,2026-09-09,human_drop,none,17
Yim Tse-Meyer,+15123672159,"1710 Lakeshore Dr Austin, TX 78746",,,2026-09-09,human_drop,none,23
Clifford Jarman,+15122442192,"1401 Lime Rock Dr Round Rock, TX 78681",,,2026-09-09,human_drop,requested,73
Doyle Fellers,+15128580330,"1300 Creek Rd Dripping Springs, TX 78620",,,2026-09-09,human_drop,requested,106
John Cuellar,+19727334463,"16302 Sunset Valley Dr Dallas, TX 75248",,,2026-09-09,human_drop,requested,78
George Fraser,+16265771272,"1155 Afton St Pasadena, CA 91103","$1,000,000+","$60,000 - $69,999",2026-09-09,human_drop,none,32
Gerald Ainsworth,+19798284983,"7649 Fm 1940 Franklin, TX 77856",,,2026-09-09,human_drop,none,21
Carl Pietsch,+18303364794,"106 Spring Rdg Boerne, TX 78006",,,2026-09-09,human_drop,none,28
Donald Ivey,+19723902583,"1203 Pinkerton Ln Allen, TX 75002",,,2026-09-09,human_drop,none,33
Buford Cates,+19722435560,"4066 Deep Valley Dr Farmers Branch, TX 75244",,,2026-09-09,human_drop,none,15
John Quattrocchi,+19738577284,"44 Afterglow Way Verona, NJ 07044","$1,000,000+","$250,000 - $299,999",2026-09-09,human_drop,requested,40
Vincent Parro,+12547283135,"425 Anglers Cove Dr Bluff Dale, TX 76433",,,2026-09-09,human_drop,none,55
Walter Schiller,+19729082453,"2342 Wingsong Ln Allen, TX 75013",,,2026-09-09,human_drop,requested,84
Charles Terranova,+13606470441,"3337 Agate Heights Rd Bellingham, WA 98226","$1,000,000+","$80,000 - $89,999",2026-09-09,human_drop,none,95
William Brown,+18176493045,"4030 Jasmine Fox Ln Arlington, TX 76005",,,2026-09-09,human_drop,requested,85
Katherine Seifert,+12185473553,"7937 Agency Narrows Dr NW Walker, MN 56484","$1,000,000+","$80,000 - $89,999",2026-09-09,no_answer,requested,45
Theressa Fisher,+15418264580,"13555 Agate Rd Eagle Point, OR 97524","$1,000,000+","$40,000 - $49,999",2026-09-09,human_drop,requested,72
Richard Caves,+16175474939,"24 Agassiz St Cambridge, MA 02140","$1,000,000+","$300,000 - $399,999",2026-09-09,human_drop,none,14
Conrad Fjetland,+15122957839,"159 Carey Rd Buda, TX 78610",,,2026-09-09,human_drop,requested,25
Winfred Arthur,+19796900515,"4305 Clipstone Pl College Station, TX 77845",,,2026-09-09,human_drop,none,15
Steven Casella,+14804713639,"27507 N Agua Verde Dr Rio Verde, AZ 85263","$1,000,000+","$250,000 - $299,999",2026-09-09,human_drop,requested,59
Bill Biggs,+15128375955,24501 Pedernales Cliff Trl Spicewood  TX 78669,,,2026-09-09,human_drop,none,80
Lewis Fleishman,+15126141025,10641 Floral Park Dr Austin  TX 78759,,,2026-09-09,human_drop,none,26
Ina Spaeth,+14804712224,"27501 N Agua Verde Dr Rio Verde, AZ 85263","$900,000 - $999,999","$50,000 - $59,999",2026-09-09,human_drop,requested,100
Delvis Hall,+19034856031,"3269 County Road 1163 Brashear, TX 75420",,,2026-09-09,human_drop,none,42
Barry Oneal,+19725791535,"1614 Post Oak Dr Irving, TX 75061",,,2026-09-09,human_drop,none,29
Robert Fleisher,+17134855463,1615 W Clay St Houston  TX 77019,,,2026-09-09,human_drop,none,21
Camille Boucher,+17818931716,"15 Agrillo Cir Waltham, MA 02451","$900,000 - $999,999","$400,000 - $499,999",2026-09-09,human_drop,requested,42
Marian Merce,+18087327430,"2467 Aha Aina Pl Honolulu, HI 96821","$1,000,000+","$300,000 - $399,999",2026-09-09,human_drop,none,28
Seymour Kazimirski,+18087347207,"2505 Aha Aina Pl Honolulu, HI 96821","$1,000,000+","$300,000 - $399,999",2026-09-09,human_drop,none,19
Randall Kolb,+15128915341,"6916 Robert Dixon Dr Austin, TX 78749",,,2026-09-09,human_drop,requested,46
Jimmie Hollandsworth,+19723822319,"515 S Alabama St Celina, TX 75009",,,2026-09-09,human_drop,requested,51
Kerry Mills,+19723556073,"2705 Lakemont Dr Flower Mound, TX 75022",,,2026-09-09,human_drop,none,55
Wayde Hirata,+18084886377,"99-327 Aheahe St Aiea, HI 96701","$900,000 - $999,999","$40,000 - $49,999",2026-09-09,human_drop,none,19
Elizabeth Galvez,+18087447871,"2361 Ahaiki St Pearl City, HI 96782","$900,000 - $999,999","$60,000 - $69,999",2026-09-09,human_drop,none,45
Duane Chism,+18309804188,"391 W Borgfeld Dr San Antonio, TX 78260",,,2026-09-09,human_drop,none,20
David Larsen,+18087321644,"2193 Ahaku Pl Honolulu, HI 96821","$1,000,000+","$400,000 - $499,999",2026-09-09,human_drop,none,30
Jeffrey Williams,+19155846001,317 Sharondale Dr El Paso  TX 79912,,,2026-09-09,human_drop,requested,75
Randol Leach,+18088792248,"44 Ahekolo St Kihei, HI 96753","$1,000,000+","$80,000 - $89,999",2026-09-09,human_drop,none,21
Peggy Tamashiro,+18084564664,"2351 Ahakapu St Pearl City, HI 96782","$900,000 - $999,999","$300,000 - $399,999",2026-09-09,human_drop,none,30
Charles Keever,+18087327598,"2176 Aha Niu Pl Honolulu, HI 96821","$1,000,000+","$250,000 - $299,999",2026-09-09,human_drop,none,50
Alexander Balcita,+18088759461,"291 Ahaiki St Kihei, HI 96753","$1,000,000+","$100,000 - $124,999",2026-09-09,human_drop,none,32
Kathrine Nakano,+18084558755,"2346 Ahapule St Pearl City, HI 96782","$900,000 - $999,999","$80,000 - $89,999",2026-09-09,human_drop,none,127
Gerard Fryer,+18087354184,"2212 Aha Niu Pl Honolulu, HI 96821","$1,000,000+","$200,000 - $249,999",2026-09-09,human_drop,none,53
Gilbert Stribling,+19402412523,"2018 Briar Hill Rd Argyle, TX 76226",,,2026-09-09,human_drop,requested,99
Michael Betcher,+19784369903,"5 Ahearn Cir North Billerica, MA 01862","$900,000 - $999,999","$80,000 - $89,999",2026-09-09,human_drop,requested,83
Patricia Baley,+19369319213,"24120 Macedonia Rd Hockley, TX 77447",,,2026-09-09,human_drop,none,31
Marguerite Rego,+18084551620,"2347 Ahakapu St Pearl City, HI 96782","$900,000 - $999,999","$90,000 - $99,999",2026-09-09,human_drop,none,32
Raymond Nylen,+18082399933,"47-395 Ahaolelo Rd Kaneohe, HI 96744","$1,000,000+","$50,000 - $59,999",2026-09-09,human_drop,requested,93
Donna Wosnig,+18304202754,"3339 Ashleys Way Marion, TX 78124",,,2026-09-09,human_drop,none,12
Mark Smart,+19723356941,"3940 Pompei Pl Frisco, TX 75033",,,2026-09-09,human_drop,requested,48
Susan Madeisky,+18088854743,"62-1323 Aho Pl Kamuela, HI 96743","$1,000,000+","$40,000 - $49,999",2026-09-09,human_drop,requested,51
Richard Berman,+18088760253,"18 Ahinahina Pl Kula, HI 96790","$1,000,000+","$90,000 - $99,999",2026-09-09,human_drop,none,27
Stewart Schwensen,+12148563437,"5716 Settlement Way Mckinney, TX 75070",,,2026-09-09,human_drop,none,30
Roger Roberts,+19038387896,"8204 Thames Cir Texarkana, TX 75503",,,2026-09-09,human_drop,none,43
Susan Lee,+18087320576,"3235 Ahinahina Pl Honolulu, HI 96816","$1,000,000+","$50,000 - $59,999",2026-09-09,human_drop,none,29
Charles Ching,+18087325575,"545 Ahina St Honolulu, HI 96816","$1,000,000+","$250,000 - $299,999",2026-09-09,human_drop,none,43
Robert Upton,+18086334955,"19 Ahina Pl Makawao, HI 96768","$1,000,000+","$400,000 - $499,999",2026-09-09,human_drop,none,44
June Higaki,+18086234216,"95-1061 Ahoka St Mililani, HI 96789","$900,000 - $999,999","$250,000 - $299,999",2026-09-09,human_drop,requested,74
Raymond Fukunaga,+18082597225,"41-741 Ahiki St Waimanalo, HI 96795","$900,000 - $999,999","$30,000 - $39,999",2026-09-09,human_drop,requested,92
Paul Richeson,+19158332311,"1001 Star Ridge Pl El Paso, TX 79912",,,2026-09-09,human_drop,none,23
Judith Awakuni,+18085217339,"2582 Ahekolo St Honolulu, HI 96813","$1,000,000+","$70,000 - $79,999",2026-09-09,human_drop,none,36
Peter Crossley,+15122633210,"13200 Overland Pass Bee Cave, TX 78738",,,2026-09-09,human_drop,none,39
Roy Abe,+18083731811,"759 Ahuwale St Honolulu, HI 96821","$1,000,000+","$300,000 - $399,999",2026-09-09,human_drop,none,14
Jeffrey Dulin,+19403872196,"1599 Batey Bnd Denton, TX 76208",,,2026-09-09,human_drop,none,3
Cheng Ma,+18083955982,"844 Aipo St Honolulu, HI 96825","$1,000,000+","$90,000 - $99,999",2026-09-09,voice_message,none,41
Shauna Lewis,+17186292427,"540 E 43rd St Brooklyn, NY 11203",,,2026-09-09,human_drop,none,14
Evelina Bandelin,+17737284586,"2523 W Ainslie St Chicago, IL 60625","$1,000,000+","$60,000 - $69,999",2026-09-09,human_drop,requested,65
John Strahle,+13217241605,"216 4th Ave Melbourne Beach, FL 32951",,,2026-09-09,human_drop,none,27
Kenneth Bottini,+14258839615,"12835 NE 36th St Bellevue, WA 98005",,,2026-09-09,human_drop,requested,44
Thomas Browne,+17187884263,"446 5th St Brooklyn, NY 11215",,,2026-09-09,human_drop,none,20
Roland Jenkins,+18086260862,"95-1523 Ainamakua Dr Apt 96 Mililani, HI 96789","$900,000 - $999,999","$175,000 - $199,999",2026-09-09,human_drop,requested,63
Jerry Huizenga,+16052662795,"19455 391st Ave Hitchcock, SD 57348",,,2026-09-09,human_drop,none,46
Steven Jaton,+16055864344,"45562 224th St Nunda, SD 57050",,,2026-09-09,human_drop,none,41
David Kaopuiki,+18083953917,"780 Aipo St Honolulu, HI 96825","$1,000,000+","$100,000 - $124,999",2026-09-09,human_drop,none,51
Kathleen Boroughs,+18082542956,"205 Aiokoa St Kailua, HI 96734","$1,000,000+","$400,000 - $499,999",2026-09-09,human_drop,requested,66
Milton Lum,+18083953514,"345 Ainahou St Honolulu, HI 96825","$1,000,000+","$80,000 - $89,999",2026-09-09,human_drop,requested,64
Manohar Reddy,+18083950096,"880 Aipo St Honolulu, HI 96825","$1,000,000+","$200,000 - $249,999",2026-09-09,human_drop,requested,59
Roy Yoneji,+18088400186,"1810 Ahuula St Honolulu, HI 96819","$1,000,000+","$100,000 - $124,999",2026-09-09,human_drop,none,60
Leon Avila,+13056678730,"8220 SW 62nd Ave South Miami, FL 33143",,,2026-09-09,human_drop,none,25
Donald Levison,+14157535206,"1630 8th Ave San Francisco, CA 94122",,,2026-09-09,human_drop,requested,69
Mark Ravitz,+17187687619,"200 7th Ave Brooklyn, NY 11215",,,2026-09-09,human_drop,none,15
Michael Oshiro,+18083954802,"217 Ainahou St Honolulu, HI 96825","$1,000,000+","$80,000 - $89,999",2026-09-09,human_drop,none,22
Levi Richmond,+19183332173,"395290 W 2400 Rd Ochelata, OK 74051",,,2026-09-09,human_drop,none,42
Liz Maeshiro,+18082612683,"1713 Akaakoa St Kailua, HI 96734","$1,000,000+","$250,000 - $299,999",2026-09-09,human_drop,requested,83
Harold Miyashiro,+18082619683,"1337 Akiahala St Kailua, HI 96734","$1,000,000+","$80,000 - $89,999",2026-09-09,human_drop,none,23
Douglas Silva,+18082624074,"1418 Akamai St Kailua, HI 96734","$1,000,000+","$80,000 - $89,999",2026-09-09,human_drop,none,23
Glenn Akita,+18085720854,"2694 Akalani Loop Makawao, HI 96768","$900,000 - $999,999","$90,000 - $99,999",2026-09-09,human_drop,requested,128
Lois Takamori,+18082614278,"1476 Akeke Pl Kailua, HI 96734","$1,000,000+","$200,000 - $249,999",2026-09-09,human_drop,requested,80
Scott Hemlock,+17034064595,"11590 Air View Ln Great Falls, VA 22066","$1,000,000+","$400,000 - $499,999",2026-09-09,human_drop,none,97
Eduardo Quides,+18084555552,"2337 Akalakala St Pearl City, HI 96782","$1,000,000+","$150,000 - $174,999",2026-09-09,human_drop,none,23
Byron Hansen,+18082610360,"1211 Akamai St Kailua, HI 96734","$1,000,000+","$200,000 - $249,999",2026-09-09,human_drop,requested,85
Martha Swain,+17068654361,"1546 Airport Rd Cleveland, GA 30528","$1,000,000+","$30,000 - $39,999",2026-09-09,human_drop,requested,57
Gerald Sada,+18084880508,"98-1396 Akaaka St Aiea, HI 96701","$1,000,000+","$40,000 - $49,999",2026-09-09,human_drop,requested,103
David Matthews,+13058525958,"203 N Airport Rd Tavernier, FL 33070","$1,000,000+","$100,000 - $124,999",2026-09-09,human_drop,none,15
Zelia Stroy,+18037762366,"1500 Air Base Rd Hopkins, SC 29061","$1,000,000+","$40,000 - $49,999",2026-09-09,human_drop,none,9
Elaine Takayama,+18083953795,"7244 Aipo Pl Honolulu, HI 96825","$1,000,000+","$50,000 - $59,999",2026-09-09,human_drop,none,29
Larry Hanagami,+18087344341,"1497 Akeakamai St Honolulu, HI 96816","$1,000,000+","$400,000 - $499,999",2026-09-09,human_drop,requested,62
Ricky Mcgaha,+17702883893,"4065 Airline Rd Mcdonough, GA 30252","$1,000,000+","$150,000 - $174,999",2026-09-09,human_drop,none,63
Xavier Ching,+18082613407,"1474 Akialoa Pl Kailua, HI 96734","$1,000,000+","$250,000 - $299,999",2026-09-09,human_drop,requested,61
Barbara Depaul,+17037592623,"10250 Akhtamar Dr Great Falls, VA 22066","$1,000,000+","$250,000 - $299,999",2026-09-09,human_drop,none,14
Paul Heath,+17034301988,"11511 Air View Ln Great Falls, VA 22066","$1,000,000+","$300,000 - $399,999",2026-09-09,human_drop,none,37
Charles Oishi,+18082614185,"308 Akake Way Kailua, HI 96734","$1,000,000+","$70,000 - $79,999",2026-09-09,human_drop,none,41
Kyu Pak,+17038031017,"5523 Ajuga Ct Centreville, VA 20120","$1,000,000+","$300,000 - $399,999",2026-09-09,human_drop,none,41
Carl Takahashi,+18082612424,"1277 Akiahala St Kailua, HI 96734","$1,000,000+","$70,000 - $79,999",2026-09-09,human_drop,requested,143
Mitsu Papayoanou,+18082626633,"1754 Akaakaawa St Kailua, HI 96734","$1,000,000+","$70,000 - $79,999",2026-09-09,human_drop,none,42
Stanley Kaneshiro,+18083953893,"7216 Aipo Pl Honolulu, HI 96825","$1,000,000+","$50,000 - $59,999",2026-09-09,human_drop,none,51
David Scott,+15405542032,"19483 Airwell Ct Purcellville, VA 20132","$1,000,000+","$200,000 - $249,999",2026-09-09,human_drop,requested,30
Ronald Heisey,+12814829364,"2003 Airline Dr Friendswood, TX 77546","$1,000,000+","$200,000 - $249,999",2026-09-09,human_drop,none,117
Leilani Asuma,+18082638628,"1178 Akamai St Kailua, HI 96734","$1,000,000+","$400,000 - $499,999",2026-09-09,human_drop,requested,80
Helen Shimoda,+18088397020,"3466 Ala Ilima St Honolulu, HI 96818","$1,000,000+","$60,000 - $69,999",2026-09-09,human_drop,none,30
Aiko Miyatake,+18082628819,"1126 Akumu St Kailua, HI 96734","$1,000,000+","$300,000 - $399,999",2026-09-09,human_drop,requested,102
Roland Kersting,+18087323553,"4164 Akulikuli Ter Honolulu, HI 96816","$1,000,000+","$400,000 - $499,999",2026-09-09,human_drop,none,43
Mildred Sakamoto,+18082628773,"1194 Akumu St Kailua, HI 96734","$1,000,000+","$50,000 - $59,999",2026-09-09,human_drop,none,30
Jeffrey Young,+18088338865,"1463 Ala Kopiko St Honolulu, HI 96818","$1,000,000+","$100,000 - $124,999",2026-09-09,human_drop,requested,58
Naomi Kekaula,+18082599162,"41-742 Ala Koa St Waimanalo, HI 96795","$1,000,000+","$70,000 - $79,999",2026-09-09,human_drop,none,30
Juanito Duarosan,+18082469636,"2442 Akoki St Lihue, HI 96766","$1,000,000+","$400,000 - $499,999",2026-09-09,human_drop,none,76
Francis Natori,+18082627350,"1212 Akupa Pl Kailua, HI 96734","$1,000,000+","$400,000 - $499,999",2026-09-09,human_drop,requested,86
William Maples,+12562322401,"29959 Al Highway 127 Elkmont, AL 35620","$1,000,000+","$100,000 - $124,999",2026-09-09,human_drop,none,14
Ken Mashima,+18088335363,"1492 Ala Hahanui St Honolulu, HI 96818","$1,000,000+","$200,000 - $249,999",2026-09-09,human_drop,requested,101
Benjamin Tanaka,+18088395446,"1737 Ala Aolani St Honolulu, HI 96819","$1,000,000+","$60,000 - $69,999",2026-09-09,human_drop,none,29
Katherine Goldberg,+13032209819,"6106 S Akron Way Greenwood Village, CO 80111","$1,000,000+","$200,000 - $249,999",2026-09-09,human_drop,none,64
Stephen Angeles,+18088392449,"1550 Ala Amoamo St Honolulu, HI 96819","$1,000,000+","$300,000 - $399,999",2026-09-09,human_drop,requested,65
Ilene Wong,+18088397508,"3442 Ala Hapuu St Honolulu, HI 96818","$1,000,000+","$50,000 - $59,999",2026-09-09,human_drop,none,23
Harold Chun,+18088397143,"1036 Ala Kapua Pl Honolulu, HI 96818","$1,000,000+","$400,000 - $499,999",2026-09-09,human_drop,requested,43
Violet Perry,+18088396644,"1160 Ala Aloalo St Honolulu, HI 96818","$1,000,000+","$300,000 - $399,999",2026-09-09,human_drop,requested,117
Maria Castro,+18088395419,"1484 Ala Iolani St Honolulu, HI 96819","$1,000,000+","$400,000 - $499,999",2026-09-09,human_drop,none,45
Jane Tolentino,+18088392557,"3506 Ala Aloalo Pl Honolulu, HI 96818","$1,000,000+","$50,000 - $59,999",2026-09-09,human_drop,none,41
Charles Kaaiai,+18082613058,"780 Akumu St Kailua, HI 96734","$1,000,000+","$250,000 - $299,999",2026-09-09,human_drop,requested,95
Fred Gustavson,+18082308821,"890 Akumu St Kailua, HI 96734","$1,000,000+","$300,000 - $399,999",2026-09-09,human_drop,requested,60
Ruth Chun,+18088397876,"1731 Ala Aolani St Honolulu, HI 96819","$1,000,000+","$50,000 - $59,999",2026-09-09,human_drop,none,154
Cookie Duvauchelle,+18082599692,"41-795 Ala Koa St Waimanalo, HI 96795","$1,000,000+","$60,000 - $69,999",2026-09-09,human_drop,none,24
Lynne Pelosi,+18082426814,"544 Akolea Pl Wailuku, HI 96793","$900,000 - $999,999","$70,000 - $79,999",2026-09-09,human_drop,none,25
James Ferris,+18088333710,"3421 Ala Akulikuli St Honolulu, HI 96818","$1,000,000+","$70,000 - $79,999",2026-09-09,human_drop,none,41
George Shojinaga,+18088331915,"1336 Ala Aolani St Honolulu, HI 96819","$1,000,000+","$50,000 - $59,999",2026-09-09,human_drop,none,127
Douglas Pires,+18088394268,"1401 Ala Hoku Pl Honolulu, HI 96819","$1,000,000+","$100,000 - $124,999",2026-09-09,human_drop,none,25
Larry Moritomo,+18088392455,"920 Ala Kapua St Honolulu, HI 96818","$1,000,000+","$50,000 - $59,999",2026-09-09,human_drop,none,30
Ellen Manago,+18088332098,"1657 Ala Aolani St Honolulu, HI 96819","$1,000,000+","$400,000 - $499,999",2026-09-09,human_drop,requested,53
Geraldine Kai,+18088365725,"1335 Ala Hoku Pl Honolulu, HI 96819","$1,000,000+","$70,000 - $79,999",2026-09-09,human_drop,none,31
Susan Miyashiro,+18088332331,"1488 Ala Napunani St Honolulu, HI 96818","$1,000,000+","$300,000 - $399,999",2026-09-09,human_drop,none,45
Cheryl Young,+18088395803,"1506 Ala Mahamoe St Apt A Honolulu, HI 96819","$1,000,000+","$60,000 - $69,999",2026-09-09,human_drop,none,17
Gary Kirby,+18088394488,"1545 Ala Lani St Honolulu, HI 96819","$900,000 - $999,999","$200,000 - $249,999",2026-09-09,human_drop,none,33
Gilbert Goetz,+18085910372,"1330 Ala Moana Blvd Apt 3106 Honolulu, HI 96814","$1,000,000+","$200,000 - $249,999",2026-09-09,human_drop,requested,259
Steve Thompson,+18189571254,"2706 Alabama St La Crescenta, CA 91214","$1,000,000+","$300,000 - $399,999",2026-09-09,human_drop,none,27
Cynthia Miyano,+18088390592,"1344 Ala Puumalu St Honolulu, HI 96818","$1,000,000+","$90,000 - $99,999",2026-09-09,human_drop,requested,63
Henry Lau,+18088397130,"1296 Ala Napunani St Honolulu, HI 96818","$1,000,000+","$90,000 - $99,999",2026-09-09,human_drop,requested,239
David Perrigo,+18089518508,"1777 Ala Moana Blvd Apt 1726 Honolulu, HI 96815","$1,000,000+","$300,000 - $399,999",2026-09-09,human_drop,requested,57
Leatrice Chow,+18088391718,"1628 Ala Lani St Honolulu, HI 96819","$1,000,000+","$60,000 - $69,999",2026-09-09,human_drop,none,32
Stanley Sumida,+18088392862,"1511 Ala Napunani St Honolulu, HI 96818","$1,000,000+","$60,000 - $69,999",2026-09-09,human_drop,requested,56
Arnold Yee,+18088882914,"1288 Ala Moana Blvd Apt 11b Honolulu, HI 96814","$1,000,000+","$300,000 - $399,999",2026-09-09,human_drop,none,44
Stanley Nakamura,+18088390145,"1324 Ala Puumalu St Honolulu, HI 96818","$1,000,000+","$300,000 - $399,999",2026-09-09,human_drop,none,23
Andrew Ching,+18088390709,"1286 Ala Napunani St Honolulu, HI 96818","$1,000,000+","$60,000 - $69,999",2026-09-09,human_drop,none,58
Janice Onishi,+18088334922,"1614 Ala Mahina Pl Honolulu, HI 96819","$1,000,000+","$30,000 - $39,999",2026-09-09,human_drop,requested,106
Raymond Nakagawa,+18088366709,"1626 Ala Mahina Pl Honolulu, HI 96819","$1,000,000+","$100,000 - $124,999",2026-09-09,human_drop,none,24
Shirley Kaneshiro,+18088334337,"1279 Ala Napunani St Honolulu, HI 96818","$1,000,000+","$70,000 - $79,999",2026-09-09,human_drop,none,62
Edwin Jayne,+17036848022,"3304 Alabama Ave Alexandria, VA 22305","$1,000,000+","$250,000 - $299,999",2026-09-09,human_drop,requested,43
Carol Sakamoto,+18088366891,"1972 Ala Mahamoe St Honolulu, HI 96819","$1,000,000+","$250,000 - $299,999",2026-09-09,human_drop,none,33
Douglas Rinehart,+18088401101,"2953 Ala Punene Pl Honolulu, HI 96818","$1,000,000+","$70,000 - $79,999",2026-09-09,human_drop,requested,39
Miriam Tottori,+18088396264,"1192 Ala Napunani St Honolulu, HI 96818","$1,000,000+","$70,000 - $79,999",2026-09-09,human_drop,requested,37
Roger Takabayashi,+18088394770,"1292 Ala Mahamoe St Honolulu, HI 96819","$1,000,000+","$50,000 - $59,999",2026-09-09,human_drop,requested,51
Donald Ruthven,+17138778567,"4328 W Alabama St Houston, TX 77027","$900,000 - $999,999","$400,000 - $499,999",2026-09-09,human_drop,none,58
Wendell Wong,+18088331387,"1607 Ala Napunani St Honolulu, HI 96818","$1,000,000+","$100,000 - $124,999",2026-09-09,human_drop,none,45
Stephanie Flores,+18082622007,"1009 Alahaki St Kailua, HI 96734","$1,000,000+","$80,000 - $89,999",2026-09-09,human_drop,none,134
Flora Hao,+18085728671,"324 Alalani St Makawao, HI 96768","$1,000,000+","$60,000 - $69,999",2026-09-09,no_answer,requested,123
Thomas Moore,+16194351228,"750 Alameda Blvd Coronado, CA 92118","$1,000,000+","$300,000 - $399,999",2026-09-09,human_drop,requested,106
Carol Gasparini,+19258379438,"223 Alamatos Dr Danville, CA 94526","$1,000,000+","$250,000 - $299,999",2026-09-09,human_drop,requested,87
Gidli Frauenfelder,+16195229535,"1131 Alameda Blvd Coronado, CA 92118","$1,000,000+","$400,000 - $499,999",2026-09-09,human_drop,none,25
Gregory Hensel,+16503644007,"2163 Alameda De Las Pulgas Redwood City, CA 94061","$900,000 - $999,999","$60,000 - $69,999",2026-09-09,human_drop,none,12
Charline Titherington,+18082629723,"972 Alahaki St Kailua, HI 96734","$1,000,000+","$300,000 - $399,999",2026-09-09,no_answer,requested,31
Charles Wallace,+16194378955,"353 Alameda Blvd Coronado, CA 92118","$1,000,000+","$200,000 - $249,999",2026-09-09,human_drop,none,46
Ingolf Kiland,+16194354506,"973 Alameda Blvd Coronado, CA 92118","$1,000,000+","$100,000 - $124,999",2026-09-09,human_drop,requested,34
Roy Lusk,+14089972361,"22251 Alamitos Rd San Jose, CA 95120","$1,000,000+","$50,000 - $59,999",2026-09-09,human_drop,none,40
Jean Gazzo,+16194353819,"1265 Alameda Blvd Coronado, CA 92118","$1,000,000+","$400,000 - $499,999",2026-09-09,human_drop,none,37
Masayuki Nagano,+18085727613,"141 Alalani St Makawao, HI 96768","$1,000,000+","$300,000 - $399,999",2026-09-09,human_drop,none,23
Carole Shaw,+13037776357,"2450 E Alameda Ave Unit 8 Denver, CO 80209","$1,000,000+","$250,000 - $299,999",2026-09-09,human_drop,none,29
Lawrence Bloch,+17182252922,"24031 Alameda Ave Douglaston, NY 11362","$1,000,000+","$300,000 - $399,999",2026-09-09,human_drop,requested,69
James Cavanah,+18087322456,"2094 Alaeloa St Honolulu, HI 96821","$1,000,000+","$200,000 - $249,999",2026-09-09,human_drop,none,23
Victor Motilla,+18082456139,"3981 Alala St Lihue, HI 96766","$900,000 - $999,999","$50,000 - $59,999",2026-09-09,human_drop,none,42
Carol Burch,+18082620081,"839 Alahaki St Kailua, HI 96734","$1,000,000+","$50,000 - $59,999",2026-09-09,human_drop,none,63
Scot Chinen,+18082612084,"847 Alahaki St Kailua, HI 96734","$1,000,000+","$80,000 - $89,999",2026-09-09,human_drop,requested,109
Paul Reed,+16153778490,"8208 Alamo Rd Brentwood, TN 37027","$1,000,000+","$200,000 - $249,999",2026-09-09,human_drop,none,19
Alvin Oyadomari,+18082004694,"4431 Alakoa St Honolulu, HI 96821","$1,000,000+","$400,000 - $499,999",2026-09-09,human_drop,none,24
Antya Miller,+18086388462,"59-661 Alapio Rd Haleiwa, HI 96712","$1,000,000+","$50,000 - $59,999",2026-09-09,human_drop,requested,95
John Hamer,+14074445208,"2176 Alaqua Dr Longwood, FL 32779","$1,000,000+","$400,000 - $499,999",2026-09-09,human_drop,none,45
Oscar Santos,+18088478194,"1324 Alani St Honolulu, HI 96817","$1,000,000+","$150,000 - $174,999",2026-09-09,human_drop,none,30
Rosita Purvis,+12028822108,"7416 Alaska Ave NW Washington, DC 20012","$900,000 - $999,999","$250,000 - $299,999",2026-09-09,human_drop,none,40
Agnes Tinong,+12027222233,"7700 Alaska Ave NW Washington, DC 20012","$1,000,000+","$300,000 - $399,999",2026-09-09,human_drop,requested,74
Marion Maino,+16317652237,"655 Albacore Dr Southold, NY 11971","$1,000,000+","$300,000 - $399,999",2026-09-09,human_drop,none,45
Larry Moudy,+14809484207,"5427 E Alan Ln Paradise Valley, AZ 85253","$1,000,000+","$70,000 - $79,999",2026-09-09,human_drop,none,67
Mary Davies,+17574812873,"1312 Alanton Dr Virginia Beach, VA 23454","$1,000,000+","$300,000 - $399,999",2026-09-09,human_drop,none,6
Linton Panton,+12027262403,"7206 Alaska Ave NW Washington, DC 20012","$1,000,000+","$300,000 - $399,999",2026-09-09,human_drop,requested,60
Melvin Mori,+18084196538,"175 Alanuilili Pl Kula, HI 96790","$1,000,000+","$70,000 - $79,999",2026-09-09,human_drop,none,35
Clint Bales,+14078783325,"2153 Alaqua Dr Longwood, FL 32779","$1,000,000+","$400,000 - $499,999",2026-09-09,human_drop,none,19
Thomas Simpson,+12028822694,"7704 Alaska Ave NW Washington, DC 20012","$1,000,000+","$400,000 - $499,999",2026-09-09,human_drop,requested,64
Lynn Long,+18015714583,"770 W Alan Point Cir Draper, UT 84020","$900,000 - $999,999","$400,000 - $499,999",2026-09-09,human_drop,none,28
Judy Kimbrough,+12028826658,"7303 Alaska Ave NW Washington, DC 20012","$900,000 - $999,999","$400,000 - $499,999",2026-09-09,human_drop,none,98
Alfred Smith,+12022917333,"7116 Alaska Ave NW Washington, DC 20012","$900,000 - $999,999","$400,000 - $499,999",2026-09-09,human_drop,none,14
Ronald Flowers,+12028291615,"7705 Alaska Ave NW Washington, DC 20012","$1,000,000+","$200,000 - $249,999",2026-09-09,human_drop,none,27
Richard Williams,+18086388297,"59-744 Alapio Pl Haleiwa, HI 96712","$1,000,000+","$90,000 - $99,999",2026-09-09,human_drop,none,30
Brook Miller,+18086387060,"59-623 Alapio Rd Haleiwa, HI 96712","$1,000,000+","$50,000 - $59,999",2026-09-09,no_answer,requested,124
Selma Kurtzman,+18187899889,"3511 Alana Dr Sherman Oaks, CA 91403","$1,000,000+","$50,000 - $59,999",2026-09-09,human_drop,requested,69
Mitchel Laskey,+14078049481,"2332 Alaqua Dr Longwood, FL 32779","$1,000,000+","$300,000 - $399,999",2026-09-09,human_drop,requested,46
Charles Holmes,+16172880325,"14 Alban St Dorchester, MA 02124","$1,000,000+","$150,000 - $174,999",2026-09-09,human_drop,none,15
Eric Hosek,+17574960046,"1840 N Alanton Dr Virginia Beach, VA 23454","$1,000,000+","$300,000 - $399,999",2026-09-09,human_drop,none,4
Thomas Graham,+14082641794,"5107 Alan Ave San Jose, CA 95124","$1,000,000+","$50,000 - $59,999",2026-09-09,human_drop,requested,65
Barbara Hitchcock,+16168918350,"9089 Alaska Ave SE Caledonia, MI 49316","$1,000,000+","$400,000 - $499,999",2026-09-09,human_drop,none,10
Layne Gentry,+17135264018,"1801 Albans Rd Houston, TX 77005","$1,000,000+","$200,000 - $249,999",2026-09-09,human_drop,none,12
Elvera Ho,+18088452862,"1212 Alani St Honolulu, HI 96817","$900,000 - $999,999","$40,000 - $49,999",2026-09-09,human_drop,none,51
Edward Stadler,+19494925820,"9 Alar St Rancho Mission Viejo, CA 92694","$1,000,000+","$200,000 - $249,999",2026-09-09,human_drop,none,51
Joanne Adric,+18086385522,"59-533 Alapio Rd Apt B Haleiwa, HI 96712","$1,000,000+","$50,000 - $59,999",2026-09-09,human_drop,none,73
Carl Teets,+18082395627,"47-509 Alawiki St Kaneohe, HI 96744","$1,000,000+","$300,000 - $399,999",2026-09-09,human_drop,none,30
Silvestre Ulep,+18088451855,"1334 Alani St Honolulu, HI 96817","$1,000,000+","$250,000 - $299,999",2026-09-09,human_drop,none,23
Khosrow Torkian,+18185013451,"3403 Alana Dr Sherman Oaks, CA 91403","$1,000,000+","$125,000 - $149,999",2026-09-09,human_drop,requested,51
Ann Vernese,+19086470133,"12 Alana Ct Warren, NJ 07059","$1,000,000+","$250,000 - $299,999",2026-09-09,human_drop,none,21
Miles Leon,+17574819970,"1712 N Alanton Dr Virginia Beach, VA 23454","$1,000,000+","$250,000 - $299,999",2026-09-09,human_drop,none,97
Kenneth Wolke,+19702472906,"163 Alan Rd Durango, CO 81301","$900,000 - $999,999","$50,000 - $59,999",2026-09-09,human_drop,none,28
Lauren Dohr,+17182841115,"929 Albemarle Rd Brooklyn, NY 11218","$1,000,000+","$400,000 - $499,999",2026-09-09,human_drop,none,14
Russell Millar,+17187737512,"309 Albany Ave Brooklyn, NY 11213","$1,000,000+","$50,000 - $59,999",2026-09-09,human_drop,none,39
Sebastian Heath,+12023322738,"2935 Albemarle St NW Washington, DC 20008","$1,000,000+","$400,000 - $499,999",2026-09-09,human_drop,none,98
John Wagner,+12023641035,"4225 Albemarle St NW Washington, DC 20016","$1,000,000+","$300,000 - $399,999",2026-09-09,human_drop,none,96
Allen Close,+17035323699,"3210 N Albemarle St Arlington, VA 22207","$1,000,000+","$300,000 - $399,999",2026-09-09,human_drop,none,36
Vera Brathwaite,+17188266131,"2528 Albemarle Rd Brooklyn, NY 11226","$1,000,000+","$90,000 - $99,999",2026-09-09,human_drop,none,98
Kerry Koritsas,+12022433132,"3504 Albemarle St NW Washington, DC 20008","$1,000,000+","$300,000 - $399,999",2026-09-09,human_drop,none,97
Elisabeth Blaug,+12026868887,"3903 Albemarle St NW Washington, DC 20016","$1,000,000+","$300,000 - $399,999",2026-09-09,human_drop,none,27
Chaim Rosenblatt,+18454250914,"25 Albert Dr Monsey, NY 10952","$1,000,000+","$80,000 - $89,999",2026-09-09,human_drop,none,46
Gaius Hershey,+12023646633,"4228 Albemarle St NW Washington, DC 20016","$1,000,000+","$200,000 - $249,999",2026-09-09,human_drop,requested,85
Domenico Antonellis,+16175274233,"95 Albemarle Rd Newton, MA 02460","$1,000,000+","$250,000 - $299,999",2026-09-09,human_drop,none,36
Piero Gleijeses,+12023633815,"2943 Albemarle St NW Washington, DC 20008","$1,000,000+","$400,000 - $499,999",2026-09-09,human_drop,requested,59
John Nash,+15163657763,"17 Albermarle Rd Manhasset, NY 11030","$1,000,000+","$400,000 - $499,999",2026-09-09,human_drop,none,33
Eric Marks,+12025435735,"4417 Albemarle St NW Washington, DC 20016","$1,000,000+","$400,000 - $499,999",2026-09-09,human_drop,none,14
William Cullen,+17187881640,"910 Albemarle Rd Brooklyn, NY 11218","$1,000,000+","$200,000 - $249,999",2026-09-09,human_drop,requested,98
James Phippard,+12023640813,"4811 Albemarle St NW Washington, DC 20016","$1,000,000+","$300,000 - $399,999",2026-09-09,human_drop,none,96
Charles Boesenberg,+14087411525,"13936 Albar Ct Saratoga, CA 95070","$1,000,000+","$200,000 - $249,999",2026-09-09,human_drop,none,13
James Carraway,+18132546425,"48 Albemarle Ave Tampa, FL 33606","$1,000,000+","$400,000 - $499,999",2026-09-09,human_drop,requested,77
Michael Zambonini,+17134855212,"2815 Albans Rd West University Place, TX 77005","$1,000,000+","$400,000 - $499,999",2026-09-09,human_drop,none,6
George Decaneva,+12023637765,"3507 Albemarle St NW Washington, DC 20008","$1,000,000+","$400,000 - $499,999",2026-09-09,human_drop,requested,54
Mark Gunthner,+16314219069,"31 Albert Pl Huntington, NY 11743","$900,000 - $999,999","$300,000 - $399,999",2026-09-09,human_drop,none,26
Saied Tadayon,+13012940434,"11204 Albermyrtle Rd Rockville, MD 20854","$1,000,000+","$400,000 - $499,999",2026-09-09,human_drop,requested,100
Christopher Hoge,+12023625438,"2911 Albemarle St NW Washington, DC 20008","$1,000,000+","$300,000 - $399,999",2026-09-09,human_drop,none,37
Mark Dornhelm,+17184357448,"309 Albemarle Rd Brooklyn, NY 11218","$1,000,000+","$400,000 - $499,999",2026-09-09,human_drop,none,92
Nelson Bregon,+12023634008,"3921 Albemarle St NW Washington, DC 20016","$900,000 - $999,999","$400,000 - $499,999",2026-09-09,human_drop,none,10
Donna Edgerton,+18043531941,"349 Albemarle Ave Richmond, VA 23226","$900,000 - $999,999","$100,000 - $124,999",2026-09-09,human_drop,requested,99
Mark Dipippa,+16314274174,"36 Albert Pl Huntington, NY 11743","$1,000,000+","$250,000 - $299,999",2026-09-09,human_drop,none,26
Regina Greenidge,+17184621257,"2120 Albemarle Ter Brooklyn, NY 11226","$1,000,000+","$60,000 - $69,999",2026-09-09,human_drop,none,36
David Marinaccio,+12022372356,"4410 Albemarle St NW Washington, DC 20016","$1,000,000+","$400,000 - $499,999",2026-09-09,human_drop,none,14
Elias Johnson,+12023644214,"4526 Albemarle St NW Washington, DC 20016","$1,000,000+","$300,000 - $399,999",2026-09-09,human_drop,none,14
Howard Hull,+17145466256,"2755 Albatross Dr Costa Mesa, CA 92626","$900,000 - $999,999","$300,000 - $399,999",2026-09-09,human_drop,none,18
Robert Shanks,+12025374848,"3002 Albemarle St NW Washington, DC 20008","$1,000,000+","$200,000 - $249,999",2026-09-09,human_drop,none,98
Dean Scholl,+14087326550,"1627 Albatross Dr Sunnyvale, CA 94087","$1,000,000+","$400,000 - $499,999",2026-09-09,human_drop,none,17
Joyce Brook,+12022446809,"4431 Albemarle St NW Washington, DC 20016","$1,000,000+","$400,000 - $499,999",2026-09-09,human_drop,none,27
John Rouse,+17035365349,"1622 N Albemarle St Mc Lean, VA 22101","$1,000,000+","$400,000 - $499,999",2026-09-09,human_drop,none,17
Linda Ohmstede,+18187806446,"13922 Albers St Sherman Oaks, CA 91401","$900,000 - $999,999","$70,000 - $79,999",2026-09-09,human_drop,requested,57
Kathryn Ketcham,+17182822963,"2105 Albemarle Ter Brooklyn, NY 11226","$1,000,000+","$70,000 - $79,999",2026-09-09,human_drop,requested,66
Thomas Meredith,+13234991102,"2280 Alcyona Dr Los Angeles, CA 90068","$900,000 - $999,999","$200,000 - $249,999",2026-09-09,human_drop,none,25
Jeffrey Hudson,+13102302266,"15925 Alcima Ave Pacific Palisades, CA 90272","$1,000,000+","$250,000 - $299,999",2026-09-09,human_drop,none,26
John Gordon,+18088269573,"3698 Albert Rd Princeville, HI 96722","$1,000,000+","$100,000 - $124,999",2026-09-10,human_drop,requested,62
Margaret Wells,+16192246634,"1111 Albion St San Diego, CA 92106","$1,000,000+","$60,000 - $69,999",2026-09-10,human_drop,none,21
Rosalba Scott,+14076472217,"1409 Alberta Dr Winter Park, FL 32789","$1,000,000+","$300,000 - $399,999",2026-09-10,human_drop,none,117
Claude Gaubert,+16508511040,"580 Albion Ave Woodside, CA 94062","$1,000,000+","$300,000 - $399,999",2026-09-10,human_drop,none,34
Susan Robinson,+16505934227,"255 Alberta Ave San Carlos, CA 94070","$1,000,000+","$250,000 - $299,999",2026-09-10,human_drop,none,17
Glenn Sheddrick,+13234698565,"2301 Alcyona Dr Los Angeles, CA 90068","$900,000 - $999,999","$30,000 - $39,999",2026-09-10,human_drop,none,24
Philip Abrams,+16505926026,"178 Alberta Ave San Carlos, CA 94070","$1,000,000+","$50,000 - $59,999",2026-09-10,human_drop,requested,31
Kathleen Wagner,+17812351091,"138 Albion Rd Wellesley, MA 02481","$1,000,000+","$300,000 - $399,999",2026-09-10,human_drop,none,91
David Kemp,+16192234985,"633 Albion St San Diego, CA 92106","$1,000,000+","$400,000 - $499,999",2026-09-10,human_drop,requested,59
Peter Gorlin,+19786929221,"9 Alcorn Xing Westford, MA 01886","$900,000 - $999,999","$300,000 - $399,999",2026-09-10,human_drop,none,84
Randal Heinz,+13033229529,"617 Albion St Denver, CO 80220","$900,000 - $999,999","$50,000 - $59,999",2026-09-10,human_drop,requested,67
Shagufta Rizvi,+15165699010,"206 Albon Rd Hewlett, NY 11557","$1,000,000+","$400,000 - $499,999",2026-09-10,human_drop,none,14
Joseph Iglio,+17183170464,"291 Albourne Ave Staten Island, NY 10309","$1,000,000+","$300,000 - $399,999",2026-09-10,human_drop,none,87
Robin Mcgehee,+13037810066,"3248 S Albion St Denver, CO 80222","$1,000,000+","$300,000 - $399,999",2026-09-10,human_drop,none,30
Harold Philibosian,+16503423776,"358 Alberta Way Hillsborough, CA 94010","$1,000,000+","$150,000 - $174,999",2026-09-10,human_drop,none,22
Deborah Sawruk,+14076288259,"1410 Alberta Dr Winter Park, FL 32789","$1,000,000+","$250,000 - $299,999",2026-09-10,human_drop,requested,13
James Hane,+14087362275,"1276 Albion Ln Sunnyvale, CA 94087","$1,000,000+","$200,000 - $249,999",2026-09-10,human_drop,requested,110
Kusum Modi,+15107825258,"24180 Alberta Ct Hayward, CA 94545","$1,000,000+","$60,000 - $69,999",2026-09-10,human_drop,requested,73
Joseph Larosa,+13013652144,"9108 Aldershot Dr Bethesda, MD 20817","$1,000,000+","$300,000 - $399,999",2026-09-10,human_drop,none,22
Rosemary Choate,+17039247074,"6345 Alderman Dr Alexandria, VA 22315","$900,000 - $999,999","$80,000 - $89,999",2026-09-10,human_drop,transfer_api_accepted,30
Joseph Dodds,+19736166350,"82 Alder Ave Wayne, NJ 07470","$1,000,000+","$400,000 - $499,999",2026-09-10,human_drop,none,66
John Rowan,+17188961933,"6917 Alderton St Rego Park, NY 11374","$1,000,000+","$60,000 - $69,999",2026-09-10,human_drop,none,30
George Ehrenhaft,+19253779315,"221 Alderbrook Pl Moraga, CA 94556","$1,000,000+","$200,000 - $249,999",2026-09-10,human_drop,requested,42
Robert Rubinstein,+17185486982,"7 Alderbrook Rd Bronx, NY 10471","$1,000,000+","$60,000 - $69,999",2026-09-10,human_drop,requested,55
Patricia Terman,+16505949487,"1960 Alden St Belmont, CA 94002","$1,000,000+","$40,000 - $49,999",2026-09-10,human_drop,requested,42
Carol Campbell,+16177827171,"58 Aldie St Allston, MA 02134","$1,000,000+","$40,000 - $49,999",2026-09-10,human_drop,requested,57
Thomas Chen,+19147938489,"9 Alden Pl Apt 2d Bronxville, NY 10708","$1,000,000+","$300,000 - $399,999",2026-09-10,human_drop,none,86
Aleksey Zavlyanov,+17188976276,"63120 Alderton St Rego Park, NY 11374","$1,000,000+","$100,000 - $124,999",2026-09-10,human_drop,none,48
Swarn Gupta,+15163653096,"40 Aldgate Dr E Manhasset, NY 11030","$1,000,000+","$400,000 - $499,999",2026-09-10,human_drop,none,87
William Frey,+12405990381,"317 Alderwood Dr Gaithersburg, MD 20878","$900,000 - $999,999","$250,000 - $299,999",2026-09-10,human_drop,none,136
Scott Butler,+19788870933,"78 Alderbrook Dr Topsfield, MA 01983","$900,000 - $999,999","$250,000 - $299,999",2026-09-10,human_drop,none,88
Robert Sheridan,+16194351938,"111 Alder St Coronado, CA 92118","$1,000,000+","$250,000 - $299,999",2026-09-10,human_drop,none,5
James Reddish,+17814444180,"77 Alden Rd Needham, MA 02492","$1,000,000+","$250,000 - $299,999",2026-09-10,human_drop,none,84
David Whitestone,+17033603377,"1110 Alden Rd Alexandria, VA 22308","$1,000,000+","$300,000 - $399,999",2026-09-10,human_drop,none,85
Irene Chu,+15163655823,"28 Aldgate Dr E Manhasset, NY 11030","$1,000,000+","$200,000 - $249,999",2026-09-10,human_drop,none,28
Betsy Campbell,+16194350367,"141 Alder St Coronado, CA 92118","$1,000,000+","$40,000 - $49,999",2026-09-10,human_drop,transfer_api_accepted,27
Ester Shaulova,+17188961120,"63152 Alderton St Rego Park, NY 11374","$1,000,000+","$300,000 - $399,999",2026-09-10,human_drop,none,42
Richard Brangiforte,+17813343788,"8 Alderney Way Lynnfield, MA 01940","$1,000,000+","$300,000 - $399,999",2026-09-10,human_drop,none,26
Sae Kim,+15163655511,"13 Aldgate Dr W Manhasset, NY 11030","$1,000,000+","$250,000 - $299,999",2026-09-10,human_drop,none,16
Michael Macaluso,+17188300001,"6930 Alderton St Rego Park, NY 11374","$1,000,000+","$50,000 - $59,999",2026-09-10,human_drop,none,16
Seymour Schlesinger,+17186390284,"6110 Alderton St Apt D6 Rego Park, NY 11374","$900,000 - $999,999","$30,000 - $39,999",2026-09-10,human_drop,requested,82
Edmond Perlman,+17189976986,"63188 Alderton St Rego Park, NY 11374","$1,000,000+","$50,000 - $59,999",2026-09-10,human_drop,none,191
Boris Borukhov,+17182755818,"6391 Alderton St Rego Park, NY 11374","$900,000 - $999,999","$250,000 - $299,999",2026-09-10,human_drop,none,7
Ronald Casabianca,+17182755172,"6821 Alderton St Rego Park, NY 11374","$1,000,000+","$60,000 - $69,999",2026-09-10,human_drop,none,18
Matilda Christensen,+17188973211,"63132 Alderton St Rego Park, NY 11374","$1,000,000+","$50,000 - $59,999",2026-09-10,human_drop,none,23
Richard Alexander,+15168690664,"200 Aldershot Ln Manhasset, NY 11030","$1,000,000+","$400,000 - $499,999",2026-09-10,human_drop,none,26
Curtis Vaughn,+17034371423,"1308 Aldbury Way Reston, VA 20194","$1,000,000+","$500,000 Plus",2026-09-10,human_drop,none,29
Peter Romatowski,+17034488648,"1230 Aldebaran Dr Mc Lean, VA 22101","$1,000,000+","$400,000 - $499,999",2026-09-10,human_drop,none,18
Ronald Lee,+14088651350,"1153 Alderbrook Ln San Jose, CA 95129","$1,000,000+","$50,000 - $59,999",2026-09-10,human_drop,none,8
Christine Gallo,+13013655295,"9104 Aldershot Dr Bethesda, MD 20817","$1,000,000+","$300,000 - $399,999",2026-09-10,human_drop,none,87
Lawrence Trudgeon,+17473009876,"9354 Aldea Ave Northridge, CA 91325","$1,000,000+","$175,000 - $199,999",2026-09-10,human_drop,none,6
Claire Grossi,+17038936989,"1229 Aldebaran Dr Mc Lean, VA 22101","$1,000,000+","$250,000 - $299,999",2026-09-10,human_drop,none,14
Ann Atcheson,+17034764793,"12759 Alder Woods Dr Fairfax, VA 22033","$1,000,000+","$300,000 - $399,999",2026-09-10,human_drop,none,86
Roger Stern,+17034539185,"12772 Alder Woods Dr Fairfax, VA 22033","$1,000,000+","$200,000 - $249,999",2026-09-10,human_drop,none,24
Beverly Frost,+18087324298,"1476 Alencastre St Honolulu, HI 96816","$1,000,000+","$50,000 - $59,999",2026-09-10,voice_message,transfer_api_accepted,44
Karen Carter,+13348211726,"1715 Alex Ave Auburn, AL 36830","$1,000,000+","$100,000 - $124,999",2026-09-10,human_drop,requested,76
Alan Yonemori,+18085952092,"1840 Alewa Dr Honolulu, HI 96817","$1,000,000+","$60,000 - $69,999",2026-09-10,human_drop,requested,112
John Collins,+19737448275,"224 Alexander Ave Montclair, NJ 07043","$900,000 - $999,999","$50,000 - $59,999",2026-09-10,human_drop,requested,56
William Saverino,+17322552703,"53 Aldo Ct Toms River, NJ 08753","$1,000,000+","$400,000 - $499,999",2026-09-10,human_drop,none,87
Robert Shaw,+16312985640,"2300 Aldrich Ln Laurel, NY 11948","$1,000,000+","$300,000 - $399,999",2026-09-10,human_drop,none,37
David Feroe,+16128251930,"5140 Aldrich Ave S Minneapolis, MN 55419","$1,000,000+","$400,000 - $499,999",2026-09-10,human_drop,requested,32
Alvin Ninomoto,+18085954140,"1439 Alewa Dr Apt A Honolulu, HI 96817","$1,000,000+","$70,000 - $79,999",2026-09-10,human_drop,none,42
George Townsend,+14258272610,"521 Alexander Ave Kirkland, WA 98033","$1,000,000+","$400,000 - $499,999",2026-09-10,human_drop,none,21
Martin Draney,+13054459194,"102 Aledo Ave Coral Gables, FL 33134","$1,000,000+","$100,000 - $124,999",2026-09-10,human_drop,requested,57
Wieslaw Olko,+16312878644,"49 Aldrich Ln Southampton, NY 11968","$1,000,000+","$250,000 - $299,999",2026-09-10,human_drop,requested,99
Julie Wagner,+17079631426,"1207 Alexander Ct Saint Helena, CA 94574","$1,000,000+","$50,000 - $59,999",2026-09-10,human_drop,none,35
Judith Pang,+18085957361,"1505 Alewa Dr Honolulu, HI 96817","$1,000,000+","$300,000 - $399,999",2026-09-10,human_drop,none,10
Glenn Oue,+18085956789,"1726 Alewa Dr Honolulu, HI 96817","$1,000,000+","$400,000 - $499,999",2026-09-10,human_drop,requested,52
Wendy Balidoy,+18085386955,"831 Alewa Dr Honolulu, HI 96817","$1,000,000+","$200,000 - $249,999",2026-09-10,human_drop,none,24
David Robbins,+19142388324,"33 Aldridge Rd Chappaqua, NY 10514","$1,000,000+","$300,000 - $399,999",2026-09-10,human_drop,none,15
Geraldine Migita,+18085954790,"760 Alewa Dr Honolulu, HI 96817","$1,000,000+","$100,000 - $124,999",2026-09-10,human_drop,requested,30
Walter Ganko,+16312989688,"1205 Aldrich Ln Laurel, NY 11948","$1,000,000+","$30,000 - $39,999",2026-09-10,human_drop,requested,69
Gary Kosc,+17328649048,"389 Aldo Dr Toms River, NJ 08753","$1,000,000+","$300,000 - $399,999",2026-09-10,human_drop,none,87
Cecilia Lindo,+18085956697,"1624 Alewa Dr Honolulu, HI 96817","$1,000,000+","$60,000 - $69,999",2026-09-10,human_drop,requested,51
David Hubert,+14042613844,"340 Alexander Dr NE Atlanta, GA 30305","$1,000,000+","$400,000 - $499,999",2026-09-10,human_drop,none,10
Christopher Souris,+16175222724,"38 Aldworth St Jamaica Plain, MA 02130","$1,000,000+","$300,000 - $399,999",2026-09-10,human_drop,none,87
Daniel Priehs,+14079516600,"237 Alexander Pl Winter Park, FL 32789","$1,000,000+","$200,000 - $249,999",2026-09-10,human_drop,none,25
Lucia Leong,+18087373140,"3033 Alencastre Pl Honolulu, HI 96816","$1,000,000+","$70,000 - $79,999",2026-09-10,human_drop,requested,43
Rick Wigre,+13604683326,"678 Aleck Bay Rd Lopez Island, WA 98261","$1,000,000+","$90,000 - $99,999",2026-09-10,human_drop,none,22
Steven Syrop,+12129699166,"36 Aldridge Rd Chappaqua, NY 10514","$900,000 - $999,999","$250,000 - $299,999",2026-09-10,human_drop,none,36
John Mclaughlin,+17035487913,"104 E Alexandria Ave Alexandria, VA 22301","$1,000,000+","$100,000 - $124,999",2026-09-10,human_drop,none,88
Albert Shota,+15629264160,"16916 Alexander Ave Cerritos, CA 90703","$1,000,000+","$60,000 - $69,999",2026-09-10,human_drop,none,23
Irene Huch,+13039260836,"3349 Alexander Way Broomfield, CO 80023","$900,000 - $999,999","$250,000 - $299,999",2026-09-10,human_drop,none,29
Nathan Weldler,+18453524935,"6 Algonquin Cir Airmont, NY 10952","$900,000 - $999,999","$300,000 - $399,999",2026-09-10,human_drop,none,26
Kyung Park,+17037533925,"15751 Alexanders Mill Ct Haymarket, VA 20169","$900,000 - $999,999","$300,000 - $399,999",2026-09-10,human_drop,requested,54
Kathleen Meyer,+14132328560,"24 E Alford Rd West Stockbridge, MA 01266","$1,000,000+","$200,000 - $249,999",2026-09-10,human_drop,requested,79
Nishan Vartabedian,+12013378620,"504 Alexis Ct Franklin Lakes, NJ 07417","$1,000,000+","$200,000 - $249,999",2026-09-10,human_drop,none,9
Karen Zauber,+17038364417,"500 N Alfred St Alexandria, VA 22314","$900,000 - $999,999","$60,000 - $69,999",2026-09-10,human_drop,none,17
Barbara Watson,+19146337145,"50 Alfred Ln New Rochelle, NY 10804","$900,000 - $999,999","$400,000 - $499,999",2026-09-10,human_drop,requested,92
Scott Moy,+15082298545,"4 Alexandra Cir Southborough, MA 01772","$900,000 - $999,999","$400,000 - $499,999",2026-09-10,human_drop,none,85
Pamela Jones,+17038580242,"19994 Alexandras Grove Dr Ashburn, VA 20147","$900,000 - $999,999","$300,000 - $399,999",2026-09-10,human_drop,none,27
Robert Milne,+17032641928,"12409 Alexander Cornell Dr Fairfax, VA 22033","$900,000 - $999,999","$250,000 - $299,999",2026-09-10,human_drop,none,71
Cynthia Segale,+19259348168,"909 Alfred Ave Walnut Creek, CA 94597","$900,000 - $999,999","$60,000 - $69,999",2026-09-10,human_drop,none,21
Prakash Shah,+16097995962,"10 Alfalfa Cir Plainsboro, NJ 08536","$1,000,000+","$300,000 - $399,999",2026-09-10,human_drop,none,88
David Pouldar,+13102767376,"1591 Alexis Pl Beverly Hills, CA 90210","$1,000,000+","$300,000 - $399,999",2026-09-10,human_drop,none,29
Janet Fenton,+17035497896,"100 E Alexandria Ave Alexandria, VA 22301","$1,000,000+","$400,000 - $499,999",2026-09-10,human_drop,requested,88
Marcie Setlow,+14135283408,"100 Alford Rd Great Barrington, MA 01230","$1,000,000+","$250,000 - $299,999",2026-09-10,human_drop,requested,72
Wolfhard Ramm,+17036833685,"15 E Alexandria Ave Alexandria, VA 22301","$1,000,000+","$200,000 - $249,999",2026-09-10,human_drop,none,42
Maureen Goodson,+17036890816,"13421 Alfred Mill Ct Herndon, VA 20171","$900,000 - $999,999","$300,000 - $399,999",2026-09-10,human_drop,none,88
Betty Cowart,+16509485676,"3117 Alexis Dr Palo Alto, CA 94304","$1,000,000+","$250,000 - $299,999",2026-09-10,human_drop,requested,80
Robert Nobuta,+18089491949,"2015 Algaroba St Honolulu, HI 96826","$900,000 - $999,999","$50,000 - $59,999",2026-09-10,human_drop,requested,39
Edmund Terry,+15613682856,"211 W Alexander Palm Rd Boca Raton, FL 33432","$1,000,000+","$400,000 - $499,999",2026-09-10,human_drop,requested,76
Lois Thornhill,+16173339944,"96 Alfred Rd Milton, MA 02186","$1,000,000+","$300,000 - $399,999",2026-09-10,human_drop,none,89
Alison Duncan,+17038604383,"12402 Alexander Cornell Dr Fairfax, VA 22033","$900,000 - $999,999","$300,000 - $399,999",2026-09-13,human_drop,none,15
Michael Rogers,+13034238651,"5658 Alkire St Arvada, CO 80002","$1,000,000+","$80,000 - $89,999",2026-09-13,human_drop,none,17
Kenneth Luke,+16173326485,"23 Algonquin Rd Chestnut Hill, MA 02467","$1,000,000+","$300,000 - $399,999",2026-09-13,human_drop,none,82
Mary Deeb,+17273727375,"10507 Alico Pass New Port Richey, FL 34655","$900,000 - $999,999","$300,000 - $399,999",2026-09-13,human_drop,none,21
Emeric Delczeg,+16506379594,"2711 All View Way Belmont, CA 94002","$1,000,000+","$60,000 - $69,999",2026-09-14,human_drop,none,37
Karen Matsuda,+18084883689,"99-583 Aliipoe Dr Aiea, HI 96701","$1,000,000+","$40,000 - $49,999",2026-09-14,human_drop,requested,54
Keenan Chang,+18087346124,"4532 Aliikoa St Honolulu, HI 96821","$1,000,000+","$300,000 - $399,999",2026-09-14,human_drop,requested,49
Jay Nakasone,+18084867228,"99-528 Aliipoe Dr Aiea, HI 96701","$1,000,000+","$300,000 - $399,999",2026-09-14,human_drop,none,22
William Bourassa,+19784701844,"30 Algonquin Ave Andover, MA 01810","$1,000,000+","$300,000 - $399,999",2026-09-14,human_drop,requested,66
James Binder,+17575472014,"808 Kempsville Rd Chesapeake, VA 23320",,,2026-09-14,human_drop,none,21
Noel Hahn,+17574845879,"4440 Eaglebrook Dr Williamsburg, VA 23188",,,2026-09-14,human_drop,none,4
Terry Bydume,+14108498011,"1200 Algonquin Rd Crownsville, MD 21032","$1,000,000+","$300,000 - $399,999",2026-09-14,human_drop,none,116
Hazel Harris,+17572229929,"1137 Rockbridge Ave Norfolk, VA 23508",,,2026-09-14,human_drop,none,19
Ronald Fazzolari,+17274538009,"8660 81st Ter Seminole, FL 33777",,,2026-09-14,human_drop,none,17
David Howland,+13054446670,"2601 Alhambra Cir Coral Gables, FL 33134","$1,000,000+","$400,000 - $499,999",2026-09-14,human_drop,none,26
Mark Alameida,+18082624710,"561 Alihi Pl Kailua, HI 96734","$1,000,000+","$50,000 - $59,999",2026-09-14,human_drop,none,61
Richard Schock,+17274551791,"4905 6th Ave N Saint Petersburg, FL 33713",,,2026-09-14,human_drop,none,14
Henry Yard,+17329740285,"3411 Allaire Rd Wall Township, NJ 07719","$900,000 - $999,999","$300,000 - $399,999",2026-09-14,human_drop,none,96
Harry Lee,+13013200566,"6816 Algonquin Ave Bethesda, MD 20817","$1,000,000+","$300,000 - $399,999",2026-09-14,human_drop,none,17
Gerald Corrado,+12018910603,"379 Algonquin Rd Franklin Lakes, NJ 07417","$1,000,000+","$400,000 - $499,999",2026-09-14,human_drop,none,15
John Cipar,+19782644256,"16 Algonquin Rd Acton, MA 01720","$900,000 - $999,999","$175,000 - $199,999",2026-09-14,human_drop,none,81
Stephen Dilbone,+15132717448,"7280 Algonquin Dr Cincinnati, OH 45243","$1,000,000+","$400,000 - $499,999",2026-09-14,human_drop,none,22
James Nakasone,+18084881027,"99-529 Aliipoe Dr Aiea, HI 96701","$1,000,000+","$50,000 - $59,999",2026-09-14,human_drop,requested,12
Rebecca Kikumoto,+18085729196,"335 Aliiolani St Makawao, HI 96768","$1,000,000+","$175,000 - $199,999",2026-09-22,human_drop,none,9
Dennis Weiss,+14108492205,"1217 Algonquin Rd Crownsville, MD 21032","$1,000,000+","$200,000 - $249,999",2026-09-22,human_drop,none,32
Colette Hayes,+17324494121,"1000 Allaire Rd Spring Lake, NJ 07762","$900,000 - $999,999","$80,000 - $89,999",2026-09-22,human_drop,requested,46
George Chesrow,+13056699667,"1230 S Alhambra Cir Coral Gables, FL 33146","$1,000,000+","$70,000 - $79,999",2026-09-22,human_drop,none,24
Steven Parker,+14108416689,"1218 Algonquin Rd Crownsville, MD 21032","$1,000,000+","$400,000 - $499,999",2026-09-22,human_drop,none,13
Eleanor Ditmer,+19722395007,"4310 Allencrest Ln Dallas, TX 75244","$900,000 - $999,999","$80,000 - $89,999",2026-09-22,human_drop,none,71
Horst Kitzig,+16317576726,"20 Allenby Dr Northport, NY 11768","$1,000,000+","$90,000 - $99,999",2026-09-22,human_drop,none,88
Erica Needle,+19087551096,"19 Allenby Ln Scotch Plains, NJ 07076","$1,000,000+","$400,000 - $499,999",2026-09-22,human_drop,none,24
Bernard Kulper,+19083224310,"10 Allenby Ln Scotch Plains, NJ 07076","$1,000,000+","$400,000 - $499,999",2026-09-22,human_drop,none,14
Joseph Obrien,+19087538693,"1608 Allen Way Manasquan, NJ 08736","$1,000,000+","$400,000 - $499,999",2026-09-22,human_drop,requested,66
Harry Weinberg,+15162959168,"949 Allen Ln Woodmere, NY 11598","$900,000 - $999,999","$300,000 - $399,999",2026-09-22,human_drop,none,87
Lawrence Turtel,+17324932722,"225 Allen Ave Allenhurst, NJ 07711","$1,000,000+","$250,000 - $299,999",2026-09-22,human_drop,none,87
Robert Shanahan,+16177951569,"174 Allen Ave Waban, MA 02468","$1,000,000+","$300,000 - $399,999",2026-09-22,human_drop,none,10
Thomas Arnold,+17328422713,"60 Allen St Rumson, NJ 07760","$1,000,000+","$400,000 - $499,999",2026-09-22,human_drop,none,45
Dred Torrence,+16267441204,"56 S Allen Ave Pasadena, CA 91106","$900,000 - $999,999","$70,000 - $79,999",2026-09-22,human_drop,requested,29
Bernard Dupree,+17322249352,"55 Allen St Rumson, NJ 07760","$1,000,000+","$300,000 - $399,999",2026-09-22,human_drop,none,85
Herbert Wescott,+19785462200,"3 Allen Ave Rockport, MA 01966","$900,000 - $999,999","$200,000 - $249,999",2026-09-22,human_drop,requested,72
Richard Basham,+12812563287,"16711 Allemand Ln Cypress, TX 77429","$1,000,000+","$400,000 - $499,999",2026-09-22,human_drop,none,72
Joseph Velcamp,+17322199551,"14 Allen St Rumson, NJ 07760","$1,000,000+","$200,000 - $249,999",2026-09-22,human_drop,none,29
Steven Root,+15612652350,"969 Allamanda Dr Delray Beach, FL 33483","$1,000,000+","$200,000 - $249,999",2026-09-22,human_drop,none,18
Alexander Ferguson,+13012630361,"5105 Allan Rd Bethesda, MD 20816","$1,000,000+","$400,000 - $499,999",2026-09-22,human_drop,none,27
Steven Greer,+15403382179,"37568 Allder School Rd Purcellville, VA 20132","$1,000,000+","$400,000 - $499,999",2026-09-22,human_drop,none,9
Daniel Silvia,+15407510107,"37005 Allder School Rd Purcellville, VA 20132","$1,000,000+","$200,000 - $249,999",2026-09-22,human_drop,none,24
David Green,+17709753939,"10 Allatoona Trace Dr SE Acworth, GA 30102","$1,000,000+","$250,000 - $299,999",2026-09-22,human_drop,none,49
Patrick Markham,+19149231695,"30 Allapartus Cir Ossining, NY 10562","$1,000,000+","$400,000 - $499,999",2026-09-22,human_drop,none,13
Lewis Chandler,+17136676420,"108 Allendale St Bellaire, TX 77401","$1,000,000+","$400,000 - $499,999",2026-09-22,human_drop,none,66
Donald Hoke,+19726619672,"4431 Allencrest Ln Dallas, TX 75244","$900,000 - $999,999","$100,000 - $124,999",2026-09-22,human_drop,requested,54
Kent Hughes,+13012295962,"4961 Allan Rd Bethesda, MD 20816","$900,000 - $999,999","$400,000 - $499,999",2026-09-22,human_drop,none,15
Mark Harmon,+13057440545,"17217 Allamanda Dr Sugarloaf Key, FL 33042","$1,000,000+","$200,000 - $249,999",2026-09-22,human_drop,none,27
Bernadette Campana,+12018251657,"140 E Allendale Rd Saddle River, NJ 07458","$1,000,000+","$300,000 - $399,999",2026-09-22,human_drop,none,14
Rowland Lee,+16264036938,"382 Allendale Rd Pasadena, CA 91106","$900,000 - $999,999","$400,000 - $499,999",2026-09-22,human_drop,none,30
Joan Woo,+13013156630,"1505 Allview Dr Potomac, MD 20854","$900,000 - $999,999","$300,000 - $399,999",2026-09-22,human_drop,none,41
Tai Tschang,+15594381668,"2124 W Alluvial Ave Fresno, CA 93711","$900,000 - $999,999","$250,000 - $299,999",2026-09-22,human_drop,requested,51
Arthur Daedelow,+17148469643,"5312 Allstone Dr Huntington Beach, CA 92649","$1,000,000+","$90,000 - $99,999",2026-09-22,human_drop,none,23
Bruce Bandemer,+17608148777,"6341 Allston St Carlsbad, CA 92009","$1,000,000+","$300,000 - $399,999",2026-09-22,human_drop,none,18
Hilary Borow,+17138682654,"1501 Allston St Houston, TX 77008","$1,000,000+","$400,000 - $499,999",2026-09-22,human_drop,none,21
Kevin Mckelvey,+17812735857,"4 Allison Dr Burlington, MA 01803","$1,000,000+","$400,000 - $499,999",2026-09-22,human_drop,none,26
Robin Lauer,+16094971830,"41 Allison Rd Princeton, NJ 08540","$1,000,000+","$400,000 - $499,999",2026-09-22,human_drop,none,87
David Brazda,+19147692370,"55 Allison Ln Thornwood, NY 10594","$1,000,000+","$200,000 - $249,999",2026-09-22,human_drop,none,15
Richard Keil,+17758334191,"756 Allison Dr Incline Village, NV 89451","$1,000,000+","$200,000 - $249,999",2026-09-22,human_drop,none,18
Arthur Weissbrodt,+14087324133,"801 Allison Way Sunnyvale, CA 94087","$1,000,000+","$300,000 - $399,999",2026-09-22,human_drop,none,38
Stephen Siedow,+13039860806,"5066 S Allison Way Lakewood, CO 80123","$1,000,000+","$80,000 - $89,999",2026-09-22,human_drop,none,30
Joseph Ochman,+18567279246,"774 Allison Ct Moorestown, NJ 08057","$1,000,000+","$300,000 - $399,999",2026-09-22,human_drop,none,40
Iran Muhajir,+13016565411,"10701 Alloway Dr Potomac, MD 20854","$1,000,000+","$400,000 - $499,999",2026-09-22,human_drop,none,89
Mark Puccini,+13019836654,"10715 Alloway Dr Potomac, MD 20854","$1,000,000+","$250,000 - $299,999",2026-09-22,human_drop,none,14
Catherine Mullan,+14156816220,"18 Allston Way San Francisco, CA 94127","$1,000,000+","$30,000 - $39,999",2026-09-22,human_drop,none,55
Tammy Trotter,+17067543640,"2310 Alleys Chapel Rd Clarkesville, GA 30523","$1,000,000+","$70,000 - $79,999",2026-09-22,human_drop,none,121
Darryl Lindberg,+15058201017,"18 Alley Ranch Trl Santa Fe, NM 87505","$1,000,000+","$80,000 - $89,999",2026-09-22,human_drop,none,35
James Houlares,+17812373949,"20 Allison Way Natick, MA 01760","$900,000 - $999,999","$90,000 - $99,999",2026-09-22,human_drop,none,12
Allen Weisler,+16175278527,"138 Allerton Rd Newton, MA 02461","$1,000,000+","$250,000 - $299,999",2026-09-22,human_drop,none,87
Jerry Shulman,+12023621855,"2843 Allendale Pl NW Washington, DC 20008","$1,000,000+","$400,000 - $499,999",2026-09-22,human_drop,none,81
David Metzdorf,+13012992960,"5 Alloway Ct Potomac, MD 20854","$1,000,000+","$400,000 - $499,999",2026-09-22,human_drop,none,36
William Howell,+18503499522,"1149 Alligator Dr Alligator Point, FL 32346","$1,000,000+","$50,000 - $59,999",2026-09-22,human_drop,none,3
Clarice Faulkner,+19193636493,"415 Allenhurst Pl Cary, NC 27518","$1,000,000+","$300,000 - $399,999",2026-09-22,human_drop,none,26
David Taubman,+13103953684,"1412 Allenford Ave Los Angeles, CA 90049","$1,000,000+","$50,000 - $59,999",2026-09-22,human_drop,none,28
Mohammad Waqar,+16313671267,"11 Alley Pond Ct Huntington Station, NY 11746","$1,000,000+","$400,000 - $499,999",2026-09-22,human_drop,none,37
Michael Watson,+16175470815,"215 Allston St Cambridge, MA 02139","$1,000,000+","$50,000 - $59,999",2026-09-22,human_drop,none,14
Nancy Costick,+13104598166,"766 Almar Ave Pacific Palisades, CA 90272","$1,000,000+","$200,000 - $249,999",2026-09-22,human_drop,none,20
Franz Orsan,+18189561737,"1120 Alma St Glendale, CA 91202","$1,000,000+","$50,000 - $59,999",2026-09-22,human_drop,none,19
Lee Harnish,+13104741980,"10457 Almayo Ave Los Angeles, CA 90064","$1,000,000+","$175,000 - $199,999",2026-09-22,human_drop,none,15
Oscar Pruitt,+19195533348,"625 Almon Rd Newton Grove, NC 28366","$1,000,000+","$70,000 - $79,999",2026-09-22,human_drop,none,23
Praful Patel,+16099368773,"7 Almond Cir Princeton Junction, NJ 08550","$1,000,000+","$300,000 - $399,999",2026-09-22,human_drop,none,29
Esther Root,+18084880336,"98-621 Aloalii St Aiea, HI 96701","$1,000,000+","$70,000 - $79,999",2026-09-22,human_drop,none,34
Antonio Dimieri,+19734101152,"32 Alma Ave Madison, NJ 07940","$1,000,000+","$250,000 - $299,999",2026-09-22,human_drop,none,31
Edwin Kim,+14082685497,"19959 Almaden Rd San Jose, CA 95120","$1,000,000+","$250,000 - $299,999",2026-09-22,human_drop,none,7
Betty Mcnamara,+16504942525,"4265 Alma St Palo Alto, CA 94306","$1,000,000+","$20,000 - $29,999",2026-09-22,human_drop,requested,37
George Franko,+14422445158,"7415 Almaden Ln Carlsbad, CA 92009","$1,000,000+","$300,000 - $399,999",2026-09-22,human_drop,requested,131
John Ardussi,+14254270740,"255 Almak Ct NW Issaquah, WA 98027","$1,000,000+","$300,000 - $399,999",2026-09-22,human_drop,requested,39
Richard Kwiatkowski,+16174890031,"49 Alma Ave Belmont, MA 02478","$900,000 - $999,999","$70,000 - $79,999",2026-09-22,human_drop,requested,46
Michael Hagerty,+14805151136,"24200 N Alma School Rd Unit 6 Scottsdale, AZ 85255","$1,000,000+","$300,000 - $399,999",2026-09-22,human_drop,none,18
Edna Radnia,+13102711239,"623 N Alpine Dr Beverly Hills, CA 90210","$1,000,000+","$300,000 - $399,999",2026-09-22,human_drop,none,9
Nathan Levine,+12036612415,"28 Alpine Rd Greenwich, CT 06830","$900,000 - $999,999","$300,000 - $399,999",2026-09-22,human_drop,none,40
Jeffrey Miller,+17322228542,"223 Alpern Ave Long Branch, NJ 07740","$1,000,000+","$80,000 - $89,999",2026-09-22,human_drop,none,39
Stuart Breslow,+19147472190,"23 Alpine Ter Pleasantville, NY 10570","$1,000,000+","$400,000 - $499,999",2026-09-22,human_drop,none,10
William Wells,+15095485635,"1529 Alpensee Strasse Leavenworth, WA 98826","$1,000,000+","$100,000 - $124,999",2026-09-22,human_drop,none,22
Rouhollah Ganjianpour,+18183429319,"17768 Alonzo Pl Encino, CA 91316","$1,000,000+","$400,000 - $499,999",2026-09-22,human_drop,requested,50
Raymond Rossi,+12013586267,"518 Alosio Dr River Vale, NJ 07675","$900,000 - $999,999","$300,000 - $399,999",2026-09-22,human_drop,none,13
Harold Drapkin,+18183432608,"3863 Alonzo Ave Encino, CA 91316","$1,000,000+","$250,000 - $299,999",2026-09-22,human_drop,none,28
Lawrence Freeman,+18183431346,"4108 Alonzo Ave Encino, CA 91316","$1,000,000+","$175,000 - $199,999",2026-09-22,human_drop,requested,39
Jessica Dabbs,+16503286863,"1103 Alpine Ave Menlo Park, CA 94025","$1,000,000+","$50,000 - $59,999",2026-09-22,human_drop,requested,41
Renee Gaon,+13105506813,"918 N Alpine Dr Beverly Hills, CA 90210","$1,000,000+","$250,000 - $299,999",2026-09-22,human_drop,requested,53
Robin Poskus,+16508542866,"2455 Alpine Rd Menlo Park, CA 94025","$1,000,000+","$175,000 - $199,999",2026-09-22,human_drop,requested,30
Debra Hunt,+16508541487,"2481 Alpine Rd Menlo Park, CA 94025","$1,000,000+","$300,000 - $399,999",2026-09-22,human_drop,none,10
Brian Prentice,+18187907213,"5149 Alta Canyada Rd La Canada Flintridge, CA 91011","$1,000,000+","$300,000 - $399,999",2026-09-22,human_drop,requested,40
Won Choi,+18189527120,"4815 Alta Canyada Rd La Canada Flintridge, CA 91011","$1,000,000+","$250,000 - $299,999",2026-09-22,no_answer,requested,32
Charles Blane,+18584884676,"5355 Alta Bahia Ct San Diego, CA 92109","$900,000 - $999,999","$175,000 - $199,999",2026-09-22,human_drop,requested,24
Jane Gillis,+13256556009,"913 Alta Loma Cir San Angelo, TX 76901","$1,000,000+","$30,000 - $39,999",2026-09-22,human_drop,requested,25
Hagop Kouyoumdjian,+19093929587,"7211 Alta Vis La Verne, CA 91750","$900,000 - $999,999","$300,000 - $399,999",2026-09-22,human_drop,requested,31
Cynthia Robertson,+15028959476,"1008 Alta Cir Louisville, KY 40205","$1,000,000+","$300,000 - $399,999",2026-09-22,human_drop,requested,18
Ruyter Deoliveira,+18056882674,"71 Alta Vis Solvang, CA 93463","$1,000,000+","$40,000 - $49,999",2026-09-22,human_drop,requested,29
Robert Byers,+18059695280,"1011 Alston Rd Santa Barbara, CA 93108","$1,000,000+","$175,000 - $199,999",2026-09-22,human_drop,none,20
Shawqi Alsarabi,+15087345126,"7 Alsarabi Way Walpole, MA 02081","$1,000,000+","$300,000 - $399,999",2026-09-22,human_drop,requested,21
Craig Rauchle,+17752987300,"615 Alpine View Dr Incline Village, NV 89451","$1,000,000+","$200,000 - $249,999",2026-09-22,human_drop,none,6
David Brodhead,+16507470570,"7550 Alpine Rd La Honda, CA 94020","$1,000,000+","$60,000 - $69,999",2026-09-22,human_drop,requested,27
Rita Siccardi,+16508510887,"4840 Alpine Rd Portola Valley, CA 94028","$1,000,000+","$200,000 - $249,999",2026-09-22,human_drop,none,13
Robert Balmuth,+19494587486,"23261 Alpine Mission Viejo, CA 92692","$900,000 - $999,999","$250,000 - $299,999",2026-09-22,human_drop,requested,23
Sawsan Andrawis,+16269300010,"591 N Alta Vista Ave Monrovia, CA 91016","$1,000,000+","$400,000 - $499,999",2026-09-22,human_drop,none,18
Norman Noltemeyer,+15024230875,"1058 Alta Vista Rd Louisville, KY 40205","$1,000,000+","$400,000 - $499,999",2026-09-22,human_drop,requested,38
Hollis Fleischman,+15169214616,"326 Altessa Blvd Melville, NY 11747","$900,000 - $999,999","$200,000 - $249,999",2026-09-22,human_drop,requested,22
Barbara Mikkelsen,+15059835006,"8 Altazano Dr Santa Fe, NM 87505","$1,000,000+","$250,000 - $299,999",2026-09-22,human_drop,none,6
Allan Orenstein,+13104596454,"15001 Altata Dr Pacific Palisades, CA 90272","$1,000,000+","$200,000 - $249,999",2026-09-22,human_drop,transfer_api_accepted,20
Peter Smith,+19149616820,"172 Alta Vista Dr Yonkers, NY 10710","$900,000 - $999,999","$90,000 - $99,999",2026-09-22,human_drop,requested,25
Stephen Flamer,+13016560019,"8815 Altimont Ln Chevy Chase, MD 20815","$900,000 - $999,999","$250,000 - $299,999",2026-09-22,human_drop,requested,28
Howard Cherry,+19145914137,"28 Alta Vista Cir Irvington, NY 10533","$900,000 - $999,999","$300,000 - $399,999",2026-09-22,human_drop,requested,28
Peter Bradford,+19497603079,"2244 Alta Vista Dr Newport Beach, CA 92660","$1,000,000+","$300,000 - $399,999",2026-09-22,human_drop,none,13
,+13522057709,,,,2026-09-22,human_drop,requested,85
Helen Paup,+17039384337,"1901 Alto Ct Vienna, VA 22182","$1,000,000+","$250,000 - $299,999",2026-09-22,human_drop,requested,27
Rosalind Avedon,+13239360261,"146 N Alta Vista Blvd Los Angeles, CA 90036","$1,000,000+","$250,000 - $299,999",2026-09-22,human_drop,requested,26
Harold Henton,+13603876287,"276 Alta Via Dr Camano Island, WA 98282","$1,000,000+","$100,000 - $124,999",2026-09-22,human_drop,none,20
Robert Harvey,+16509488671,"297 Alta Vista Ave Los Altos, CA 94022","$1,000,000+","$100,000 - $124,999",2026-09-22,human_drop,none,12
Linda Brownrigg,+16509412092,"13040 Alta Tierra Rd Los Altos Hills, CA 94022","$1,000,000+","$400,000 - $499,999",2026-09-22,human_drop,none,17
,+15087486812,,,,2026-09-22,human_drop,none,55
William Dullea,+19257364929,"187 Alta Vista Way Danville, CA 94506","$900,000 - $999,999","$400,000 - $499,999",2026-09-22,human_drop,transfer_api_accepted,23
,+16318349696,,,,2026-09-22,human_drop,none,35
,+18882346786,,,,2026-09-23,human_drop,none,68
Marsha Weiskopf,+13239353634,"118 N Alta Vista Blvd Los Angeles, CA 90036","$1,000,000+","$125,000 - $149,999",2026-09-23,human_drop,none,11
Maureen Barton,+14155645467,"25 Alton Ave San Francisco, CA 94116","$1,000,000+","$400,000 - $499,999",2026-09-23,human_drop,requested,24
David Huber,+16264458236,"210 N Altura Rd Arcadia, CA 91007","$1,000,000+","$50,000 - $59,999",2026-09-23,human_drop,requested,29
Mario Rosenfeld,+13058613249,"5740 Alton Rd Miami, FL 33140","$1,000,000+","$50,000 - $59,999",2026-09-23,human_drop,requested,29
Ashley Simpson,+12023633271,"4837 Alton Pl NW Washington, DC 20016","$1,000,000+","$300,000 - $399,999",2026-09-23,human_drop,requested,29
Mark Walp,+17075718869,"3555 Alturia Hts Santa Rosa, CA 95403","$1,000,000+","$200,000 - $249,999",2026-09-23,human_drop,requested,15
Gail Ideue,+18082441388,"752 S Alu Rd Wailuku, HI 96793","$1,000,000+","$70,000 - $79,999",2026-09-23,human_drop,requested,27
Walter Culp,+13055311168,"400 Alton Rd Apt 2301 Miami Beach, FL 33139","$1,000,000+","$250,000 - $299,999",2026-09-23,human_drop,none,16
Catherine Cooney,+12022375765,"3611 Alton Pl NW Washington, DC 20008","$1,000,000+","$400,000 - $499,999",2026-09-23,human_drop,requested,35
Carolyn Long,+12029666180,"3815 Alton Pl NW Washington, DC 20016","$1,000,000+","$60,000 - $69,999",2026-09-23,human_drop,none,42
Angel Vera,+17075785969,"2925 Alton Ln Santa Rosa, CA 95403","$1,000,000+","$60,000 - $69,999",2026-09-23,human_drop,none,14
Michael Tiret,+14153812799,"7 Alturas Way Mill Valley, CA 94941","$900,000 - $999,999","$400,000 - $499,999",2026-09-23,human_drop,requested,25
John Hollern,+19496732711,"1921 Altura Dr Corona Del Mar, CA 92625","$1,000,000+","$250,000 - $299,999",2026-09-23,human_drop,requested,29
Marian Danowski,+12026866437,"3810 Alton Pl NW Washington, DC 20016","$1,000,000+","$250,000 - $299,999",2026-09-23,human_drop,none,4
David Bottoms,+19702235150,"3200 Alumbaugh Ct Fort Collins, CO 80526","$1,000,000+","$100,000 - $124,999",2026-09-23,human_drop,requested,15
Lan Harper,+18088756068,"722 Alulike St Kihei, HI 96753","$1,000,000+","$300,000 - $399,999",2026-09-23,human_drop,none,12
Marilyn Araki,+18082445847,"445 S Alu Rd Wailuku, HI 96793","$1,000,000+","$50,000 - $59,999",2026-09-23,human_drop,none,15
Michael Moore,+14083787744,"115 Altura Vista Los Gatos, CA 95032","$1,000,000+","$300,000 - $399,999",2026-09-23,human_drop,none,20
Lorie Pias,+18088413239,"1816 Alu Pl Honolulu, HI 96819","$1,000,000+","$90,000 - $99,999",2026-09-23,human_drop,requested,20
Frank Castellano,+15163541648,"8 Amanda Ct Northport, NY 11768","$1,000,000+","$400,000 - $499,999",2026-09-23,human_drop,requested,54
Kenneth Mcinerney,+19087667552,"36 S Alward Ave Basking Ridge, NJ 07920","$1,000,000+","$250,000 - $299,999",2026-09-23,human_drop,requested,34
,+18054194490,,,,2026-09-23,human_drop,none,22
,+18054194490,,,,2026-09-23,human_drop,none,20
Steven Schreiber,+17032788240,"9925 Alydar Ct Nokesville, VA 20181","$1,000,000+","$300,000 - $399,999",2026-09-23,human_drop,requested,35
Ellan Batavick,+17606192808,"81235 Alydar Ct La Quinta, CA 92253","$1,000,000+","$300,000 - $399,999",2026-09-23,human_drop,none,6
Edward Fox,+17812461427,"12 Alyssa Dr Wakefield, MA 01880","$1,000,000+","$250,000 - $299,999",2026-09-23,human_drop,requested,24
Virgil Hein,+15128647220,"104 Alyssa Dr Georgetown, TX 78633","$1,000,000+","$200,000 - $249,999",2026-09-23,human_drop,requested,23
Thomas Jackson,+14252522450,"434 Alverson Blvd Everett, WA 98201","$1,000,000+","$250,000 - $299,999",2026-09-23,human_drop,none,11
Sally Mancino,+17183567021,"590 Alverson Ave Staten Island, NY 10309","$1,000,000+","$50,000 - $59,999",2026-09-23,human_drop,requested,33
Susan Haskell,+13104592013,"507 Amalfi Ct Santa Monica, CA 90402","$1,000,000+","$400,000 - $499,999",2026-09-23,human_drop,transfer_api_accepted,23
Gilbert Segel,+13104590969,"554 Amalfi Dr Pacific Palisades, CA 90272","$1,000,000+","$300,000 - $399,999",2026-09-23,human_drop,none,9
Hormoz Ameri,+13104543028,"609 Amalfi Dr Pacific Palisades, CA 90272","$1,000,000+","$400,000 - $499,999",2026-09-23,human_drop,none,7
James Snyder,+15125020065,"8606 Alverstone Way Austin, TX 78759","$900,000 - $999,999","$300,000 - $399,999",2026-09-23,human_drop,none,11
Marisha Benson,+13104178039,"7507 Alverstone Ave Los Angeles, CA 90045","$1,000,000+","$40,000 - $49,999",2026-09-23,human_drop,requested,22
Mark Rhude,+15208858309,"8094 E Alvin Rd Tucson, AZ 85750","$1,000,000+","$250,000 - $299,999",2026-09-23,human_drop,requested,17
William Borthwick,+13104591124,"1056 Amalfi Dr Pacific Palisades, CA 90272","$1,000,000+","$400,000 - $499,999",2026-09-23,human_drop,requested,24
Theodore Stolman,+13104548798,"513 Amalfi Ct Santa Monica, CA 90402","$1,000,000+","$200,000 - $249,999",2026-09-23,human_drop,transfer_api_accepted,31
Jonathan Bendor,+16503222438,"614 Alvarado Row Stanford, CA 94305","$1,000,000+","$300,000 - $399,999",2026-09-23,human_drop,none,8
Karen Kovac,+15105491605,"654 Alvarado Rd Berkeley, CA 94705","$1,000,000+","$250,000 - $299,999",2026-09-23,human_drop,none,10
Mahmood Khan,+17037572094,"1125 Amanda Dr Great Falls, VA 22066","$1,000,000+","$300,000 - $399,999",2026-09-23,human_drop,none,58
Delia Ybarra,+16509680150,"2470 Alvin St Mountain View, CA 94043","$900,000 - $999,999","$70,000 - $79,999",2026-09-23,human_drop,none,8
Ludovic Champenois,+16509649323,"2430 Alvin St Mountain View, CA 94043","$900,000 - $999,999","$250,000 - $299,999",2026-09-23,human_drop,requested,35
Thomas Maile,+19147365254,"28 Amalfi Dr Cortlandt Manor, NY 10567","$900,000 - $999,999","$300,000 - $399,999",2026-09-23,human_drop,none,90
Richard Pagliari,+14126878683,"600 Amberson Ave Pittsburgh, PA 15232","$1,000,000+","$300,000 - $399,999",2026-09-23,human_drop,none,7
Jonathan Sabino,+12037467638,"8 Amber Dr New Fairfield, CT 06812","$1,000,000+","$300,000 - $399,999",2026-09-23,human_drop,none,24
John Brunett,+14082520829,"5834 Amapola Dr San Jose, CA 95129","$900,000 - $999,999","$50,000 - $59,999",2026-09-23,human_drop,none,24
Lawrence Solak,+19288547985,"1109 Amapola Dr Lake Havasu City, AZ 86403","$900,000 - $999,999","$40,000 - $49,999",2026-09-23,human_drop,requested,16
Joseph Ferrantelli,+17183724736,"247 Amber St Staten Island, NY 10306","$900,000 - $999,999","$100,000 - $124,999",2026-09-23,human_drop,requested,39
John Woodard,+18044385407,"336 Amber Rd Weems, VA 22576","$1,000,000+","$100,000 - $124,999",2026-09-23,human_drop,none,15
Linda Granat,+18056461003,"1052 Amber Dr Ojai, CA 93023","$1,000,000+","$250,000 - $299,999",2026-09-23,human_drop,none,26
Joseph Marin,+13059321812,"19540 Ambassador Ct Miami, FL 33179","$1,000,000+","$400,000 - $499,999",2026-09-23,human_drop,none,7
,+15306729619,,,,2026-09-23,human_drop,none,37
Richard Bergemann,+17035739114,"3217 Amberley Ln Fairfax, VA 22031","$900,000 - $999,999","$200,000 - $249,999",2026-09-23,human_drop,requested,24
Nancy Weinman,+19282828169,"70 Amber Cliffs Way Sedona, AZ 86336","$1,000,000+","$70,000 - $79,999",2026-09-23,human_drop,none,23
Howard Leibowitz,+19495428313,"34302 Amber Lantern St Dana Point, CA 92629","$1,000,000+","$400,000 - $499,999",2026-09-23,human_drop,none,25
William Turk,+17034768875,"2909 Amber Oaks Ct Herndon, VA 20171","$1,000,000+","$300,000 - $399,999",2026-09-23,human_drop,none,13
Marc Munden,+18086388616,"59-748 Amaumau Pl Haleiwa, HI 96712","$1,000,000+","$60,000 - $69,999",2026-09-23,human_drop,none,20
Dennis Pang,+18086387339,"59-747 Amaumau Pl Haleiwa, HI 96712","$1,000,000+","$50,000 - $59,999",2026-09-23,human_drop,requested,15
Daniel Otani,+18087377375,"4230 Amau St Honolulu, HI 96816","$1,000,000+","$200,000 - $249,999",2026-09-23,human_drop,none,22
Jane Baker,+17038602298,"2078 Amberjack Ct Reston, VA 20191","$900,000 - $999,999","$60,000 - $69,999",2026-09-23,human_drop,none,48
Sandra Trillo,+17026580113,"4606 Amazing View St Las Vegas, NV 89129","$900,000 - $999,999","$70,000 - $79,999",2026-09-23,human_drop,none,24
,+18582927838,,,,2026-09-23,human_drop,none,78
Ronald Ross,+17136675283,"3127 Amherst St West University Place, TX 77005","$1,000,000+","$200,000 - $249,999",2026-09-23,human_drop,none,14
Mary Lea,+17274431754,"5 Ambleside Dr Clearwater, FL 33756","$1,000,000+","$250,000 - $299,999",2026-09-23,human_drop,none,37
Hernan Santos,+13013093856,"11717 Ambleside Dr Rockville, MD 20854","$900,000 - $999,999","$300,000 - $399,999",2026-09-23,human_drop,none,56
Martin Blackfield,+19495386176,"23 Ambito St Rancho Mission Viejo, CA 92694","$1,000,000+","$250,000 - $299,999",2026-09-23,human_drop,none,28
Edward Carlyle,+18286987624,"6 Ambrose Ct Flat Rock, NC 28731","$1,000,000+","$400,000 - $499,999",2026-09-23,human_drop,none,59
Reid Bogert,+13236648333,"5057 Ambrose Ave Los Angeles, CA 90027","$1,000,000+","$50,000 - $59,999",2026-09-23,human_drop,none,24
Mark Pista,+18317289130,"345 Amesti Rd Watsonville, CA 95076","$1,000,000+","$70,000 - $79,999",2026-09-23,human_drop,none,28
Mary Lawson,+19099441923,"5610 Amethyst Ave Rancho Cucamonga, CA 91737","$1,000,000+","$400,000 - $499,999",2026-09-23,human_drop,requested,22
Gladys Levy,+15166278819,"22 Amherst Rd Port Washington, NY 11050","$1,000,000+","$300,000 - $399,999",2026-09-23,human_drop,none,25
John Lewis,+13108203963,"974 Amherst Ave Los Angeles, CA 90049","$1,000,000+","$60,000 - $69,999",2026-09-23,human_drop,none,59
Mark Hipes,+12143631392,"3304 Amherst Ave Dallas, TX 75225","$1,000,000+","$100,000 - $124,999",2026-09-23,human_drop,none,23
Howard Lewis,+15406621761,"610 Amherst St Winchester, VA 22601","$1,000,000+","$200,000 - $249,999",2026-09-23,human_drop,none,53
Robert Benson,+14258804005,"4156 W Ames Lake Dr NE Redmond, WA 98053","$1,000,000+","$400,000 - $499,999",2026-09-23,human_drop,none,22
John Griswold,+17183562485,"5271 Amboy Rd Staten Island, NY 10312","$900,000 - $999,999","$60,000 - $69,999",2026-09-23,human_drop,none,11
Lily Sun,+15168738827,"15 Amherst Rd Albertson, NY 11507","$1,000,000+","$200,000 - $249,999",2026-09-23,human_drop,none,23
Jed Siegel,+15164821234,"15 Amherst Rd Great Neck, NY 11021","$1,000,000+","$200,000 - $249,999",2026-09-23,human_drop,none,55
Joann Codd,+17183566486,"5000 Amboy Rd Staten Island, NY 10312","$1,000,000+","$50,000 - $59,999",2026-09-23,human_drop,none,10
John Radis,+18056486345,"466 Anacapa St Ventura, CA 93001","$1,000,000+","$60,000 - $69,999",2026-09-23,human_drop,none,12
Clyde Murakami,+18083329321,"3730 Ami Rd Kalaheo, HI 96741","$1,000,000+","$100,000 - $124,999",2026-09-23,human_drop,requested,26
Fredrik Cassee,+14153887053,"208 Amicita Ave Mill Valley, CA 94941","$900,000 - $999,999","$30,000 - $39,999",2026-09-23,human_drop,none,29
Robert Dillard,+12146910185,"3736 Amherst Ave Dallas, TX 75225","$1,000,000+","$400,000 - $499,999",2026-09-23,human_drop,none,39
William Brunger,+17136665957,"3901 Amherst St Houston, TX 77005","$900,000 - $999,999","$400,000 - $499,999",2026-09-23,human_drop,none,37
Norma Killian,+17473335938,"3135 Amigos Dr Burbank, CA 91504","$1,000,000+","$60,000 - $69,999",2026-09-23,human_drop,none,5
Keith Pettinato,+18452582580,"80 Amity Rd Warwick, NY 10990","$900,000 - $999,999","$300,000 - $399,999",2026-09-23,human_drop,requested,60
Stanley Stanford,+17187972340,"197 Amity St Brooklyn, NY 11201","$1,000,000+","$300,000 - $399,999",2026-09-23,human_drop,none,16
,+18054194490,,,,2026-09-23,human_drop,none,44
Donna Clark,+13108213851,"854 Amoroso Pl Venice, CA 90291","$1,000,000+","$400,000 - $499,999",2026-09-24,human_drop,none,23
Suzanne Heilman,+16174927543,"48 Amory St Cambridge, MA 02139","$1,000,000+","$90,000 - $99,999",2026-09-24,human_drop,none,15
Gary Chavers,+17327806979,"97 Amsterdam Dr Freehold, NJ 07728","$1,000,000+","$300,000 - $399,999",2026-09-24,human_drop,none,31
Paulette Caruso,+17186988438,"131 Amsterdam Ave Staten Island, NY 10314","$1,000,000+","$100,000 - $124,999",2026-09-24,human_drop,none,37
Luther Hsu,+12014444433,"533 Amsterdam Ave Ridgewood, NJ 07450","$900,000 - $999,999","$300,000 - $399,999",2026-09-24,human_drop,none,22
John Eck,+17328738483,"2062 Amwell Rd Somerset, NJ 08873","$1,000,000+","$400,000 - $499,999",2026-09-24,human_drop,none,11
Mark Vigil,+13038169015,"26105 Amy Cir Conifer, CO 80433","$900,000 - $999,999","$400,000 - $499,999",2026-09-24,human_drop,none,44
Betty Gutman,+18056678566,"429 Anacapa St Ventura, CA 93001","$900,000 - $999,999","$100,000 - $124,999",2026-09-24,human_drop,none,15
Donna Blakemore,+18058980324,"2126 Anacapa St Santa Barbara, CA 93105","$1,000,000+","$200,000 - $249,999",2026-09-24,human_drop,none,10
Blair Edwards,+18056823785,"2317 Anacapa St Santa Barbara, CA 93105","$1,000,000+","$400,000 - $499,999",2026-09-24,human_drop,none,11
Ross Hashemi,+18188799988,"31157 Anacapa View Dr Malibu, CA 90265","$1,000,000+","$400,000 - $499,999",2026-09-24,human_drop,none,29
Jacqueline Catoe,+12023973686,"1515 Anacostia Ave NE Washington, DC 20019","$900,000 - $999,999","$50,000 - $59,999",2026-09-24,human_drop,none,36
Ali Khoiny,+15625978714,"5631 E Anaheim Rd Long Beach, CA 90815","$1,000,000+","$50,000 - $59,999",2026-09-24,human_drop,none,17
Vivien Ho,+18083733710,"4807 Analii St Honolulu, HI 96821","$1,000,000+","$250,000 - $299,999",2026-09-24,human_drop,none,47
Lillian Miyahira,+18084861766,"99-1609 Analio Pl Aiea, HI 96701","$1,000,000+","$50,000 - $59,999",2026-09-24,human_drop,none,37
Curtis Otsuka,+18084196592,"65 Anamuli St Kahului, HI 96732","$1,000,000+","$250,000 - $299,999",2026-09-24,human_drop,none,41
Apolinar Rosal,+18088718034,"178 Anamuli St Kahului, HI 96732","$1,000,000+","$175,000 - $199,999",2026-09-24,human_drop,none,37
Susan Chock,+18083953159,"323 Anapalau St Honolulu, HI 96825","$1,000,000+","$60,000 - $69,999",2026-09-24,human_drop,none,11
Mark Nocciolo,+18059628321,"707 E Anapamu St Santa Barbara, CA 93103","$900,000 - $999,999","$300,000 - $399,999",2026-09-24,human_drop,none,15
Martin Norcini,+13054440155,"1228 Anastasia Ave Apt 104 Coral Gables, FL 33134","$1,000,000+","$200,000 - $249,999",2026-09-24,human_drop,none,27
Steve Lambert,+14234726495,"475 Anatole Ln NW Cleveland, TN 37312","$1,000,000+","$400,000 - $499,999",2026-09-24,human_drop,none,10
Michael Tein,+13053678879,"7 Anchor Dr Key Largo, FL 33037","$1,000,000+","$300,000 - $399,999",2026-09-24,human_drop,none,48
Thomas Olsen,+14072948866,"1515 Anchor Ct Orlando, FL 32804","$1,000,000+","$175,000 - $199,999",2026-09-24,human_drop,none,42
Thomas Schachter,+14242988795,"2853 Anchor Ave Los Angeles, CA 90064","$1,000,000+","$400,000 - $499,999",2026-09-24,human_drop,none,11
James Lyons,+18437062248,"29 Anchor Cove Ct Bluffton, SC 29910","$1,000,000+","$100,000 - $124,999",2026-09-24,human_drop,none,58
Elia Chambers,+15712227233,"15030 Anchor Mill Pl Gainesville, VA 20155","$900,000 - $999,999","$200,000 - $249,999",2026-09-24,human_drop,none,34
Emilio Quines,+16316698167,"86 Anchorage Dr West Islip, NY 11795","$1,000,000+","$300,000 - $399,999",2026-09-24,human_drop,none,11
Richard German,+16316612558,"110 Anchorage Dr West Islip, NY 11795","$1,000,000+","$400,000 - $499,999",2026-09-24,human_drop,requested,90
John Bostick,+17149637212,"8841 Anchorage Dr Huntington Beach, CA 92646","$1,000,000+","$80,000 - $89,999",2026-09-24,human_drop,none,54
Alton Burton,+13013651974,"9501 Anchorage Pl Bethesda, MD 20817","$1,000,000+","$250,000 - $299,999",2026-09-24,human_drop,none,8
Gary Loebig,+15123016056,"9608 Anchusa Trl Austin, TX 78736","$1,000,000+","$200,000 - $249,999",2026-09-24,human_drop,none,37
Khaled Ahmed,+13019478756,"15613 Ancient Oak Dr Gaithersburg, MD 20878","$1,000,000+","$300,000 - $399,999",2026-09-24,human_drop,none,10
Joseph Helfrich,+19147380131,"124 Ancon Ave Pelham, NY 10803","$1,000,000+","$300,000 - $399,999",2026-09-24,human_drop,requested,35
Michael Chandler,+12128383421,"206 Ancon Ave Pelham, NY 10803","$1,000,000+","$300,000 - $399,999",2026-09-24,human_drop,none,15
Edward Filemyr,+19147384750,"224 Ancon Ave Pelham, NY 10803","$1,000,000+","$300,000 - $399,999",2026-09-24,human_drop,none,54
John Bolan,+17149605797,"21331 Andalucia Ln Huntington Beach, CA 92648","$1,000,000+","$300,000 - $399,999",2026-09-24,human_drop,none,37
Robert Ehrlich,+15614991800,"16228 Andalucia Ln Delray Beach, FL 33446","$1,000,000+","$200,000 - $249,999",2026-09-24,human_drop,requested,31
Marilys Gonzalez,+13055699930,"910 Andalusia Ave Coral Gables, FL 33134","$1,000,000+","$250,000 - $299,999",2026-09-24,human_drop,none,25
Marwood Stout,+18054910609,"12672 Andalusia Dr Santa Rosa Valley, CA 93012","$1,000,000+","$400,000 - $499,999",2026-09-24,human_drop,none,11
Michael Kopen,+14107453315,"5514 Anderby Dr Royal Oak, MD 21662","$1,000,000+","$300,000 - $399,999",2026-09-24,human_drop,none,26
Joseph Caruso,+19125981900,"2 Anderson Ct Savannah, GA 31411","$1,000,000+","$300,000 - $399,999",2026-09-24,human_drop,none,33
Mary Protage,+19494974855,"3 Andiamo Newport Coast, CA 92657","$1,000,000+","$300,000 - $399,999",2026-09-24,human_drop,none,11
Howard Flaum,+15162393476,"1 Andover Ln Lawrence, NY 11559","$1,000,000+","$200,000 - $249,999",2026-09-24,human_drop,none,45
John Ohagan,+15167630917,"12 Andover Rd Rockville Centre, NY 11570","$900,000 - $999,999","$400,000 - $499,999",2026-09-24,human_drop,none,56
Herman Dsouza,+19739129676,"26 Andover Dr Short Hills, NJ 07078","$1,000,000+","$400,000 - $499,999",2026-09-24,human_drop,none,32
Rhonda Zalayet,+15166255758,"60 Andover Rd Roslyn Heights, NY 11577","$1,000,000+","$300,000 - $399,999",2026-09-24,human_drop,none,21
John Warford,+19786587543,"62 Andover St Wilmington, MA 01887","$1,000,000+","$400,000 - $499,999",2026-09-24,human_drop,none,30
Andrew Ray,+15165362270,"68 Andover Rd Rockville Centre, NY 11570","$1,000,000+","$300,000 - $399,999",2026-09-24,human_drop,none,31
Morton Levy,+15166210467,"133 Andover Rd Roslyn Heights, NY 11577","$1,000,000+","$400,000 - $499,999",2026-09-24,human_drop,none,15
Anthony Soule,+17079818443,"1668 Andover Way Petaluma, CA 94954","$900,000 - $999,999","$400,000 - $499,999",2026-09-24,human_drop,none,29
Jennifer Chen,+19784703328,"26 Andover Country Club Ln Andover, MA 01810","$1,000,000+","$400,000 - $499,999",2026-09-24,human_drop,none,25
Timothy Peterson,+19522071764,"19865 Andover Pl Excelsior, MN 55331","$1,000,000+","$300,000 - $399,999",2026-09-24,human_drop,none,3
Jerome Borg,+19144726815,"41 Andrea Ln Scarsdale, NY 10583","$1,000,000+","$300,000 - $399,999",2026-09-24,human_drop,none,20
James Haberman,+18056840409,"1493 Andrea St Carpinteria, CA 93013","$900,000 - $999,999","$300,000 - $399,999",2026-09-24,human_drop,none,15
,+17037876748,,,,2026-09-24,human_drop,requested,95
Diane Gershowitz,+17605689828,"906 Andreas Canyon Dr Palm Desert, CA 92260","$1,000,000+","$250,000 - $299,999",2026-09-24,human_drop,none,23
Todd Laporte,+19252830545,"3207 Andreasen Dr Lafayette, CA 94549","$1,000,000+","$60,000 - $69,999",2026-09-24,human_drop,none,22
Dennis Olle,+13054432923,"934 Andres Ave Coral Gables, FL 33134","$1,000,000+","$400,000 - $499,999",2026-09-24,human_drop,none,95
Susan Schreiber,+12013375623,"74 Andrew Ave Oakland, NJ 07436","$900,000 - $999,999","$300,000 - $399,999",2026-09-24,human_drop,none,38
Bruce Hood,+15706291188,"380 Andrew Cir Stroudsburg, PA 18360","$1,000,000+","$60,000 - $69,999",2026-09-24,human_drop,none,180
Chong Yoon,+13034990856,"425 Andrew Way Superior, CO 80027","$900,000 - $999,999","$400,000 - $499,999",2026-09-24,human_drop,none,45
Robert Walker,+18056197432,"1425 Andrew Ln Nipomo, CA 93444","$1,000,000+","$300,000 - $399,999",2026-09-24,human_drop,none,24
Ronald Holmgren,+13203540214,"19967 W Andrew Rd New London, MN 56273","$1,000,000+","$300,000 - $399,999",2026-09-24,human_drop,requested,45
Peter Jolma,+19287737956,"2141 Andrew Douglass Flagstaff, AZ 86005","$1,000,000+","$50,000 - $59,999",2026-09-24,human_drop,none,21
Paul Robarts,+19287741905,"3529 Andrew Douglass Flagstaff, AZ 86005","$1,000,000+","$50,000 - $59,999",2026-09-24,human_drop,none,22
Penny Hart,+14042668785,"16 W Andrews Dr NW Atlanta, GA 30305","$1,000,000+","$250,000 - $299,999",2026-09-24,human_drop,requested,36
Beverly Fuller,+17607221777,"1948 Andrews Ct Oceanside, CA 92054","$1,000,000+","$30,000 - $39,999",2026-09-24,human_drop,none,23
Samuel Candler,+14042337942,"3190 W Andrews Dr NW Atlanta, GA 30305","$1,000,000+","$400,000 - $499,999",2026-09-24,human_drop,none,26
Gerald Fletcher,+15082309325,"18 Andrews Farm Rd North Easton, MA 02356","$900,000 - $999,999","$90,000 - $99,999",2026-09-24,human_drop,none,27
,+19087539330,,,,2026-09-24,human_drop,none,39
Rhonda Bartlett,+19256827522,"876 Andrix Ct Concord, CA 94518","$1,000,000+","$30,000 - $39,999",2026-09-24,human_drop,none,12
Kenneth Caccavale,+19543161246,"2524 Andros Ln Fort Lauderdale, FL 33312","$1,000,000+","$80,000 - $89,999",2026-09-24,human_drop,none,41
Robert Hritz,+15617468931,"135 Andros Harbour Pl Jupiter, FL 33458","$900,000 - $999,999","$400,000 - $499,999",2026-09-24,human_drop,requested,34
Christine Priest,+17069999790,"1220 Angel Pond E Greensboro, GA 30642","$1,000,000+","$200,000 - $249,999",2026-09-24,human_drop,none,12
Sarah Lanford,+18188646182,"5039 Angeles Crest Hwy La Canada Flintridge, CA 91011","$1,000,000+","$300,000 - $399,999",2026-09-24,human_drop,none,18
Victor Falk,+13053674112,"7 Angelfish Cay Dr Key Largo, FL 33037","$1,000,000+","$200,000 - $249,999",2026-09-24,human_drop,none,14
Andrew Davidson,+12067224792,"5012 S Angeline St Seattle, WA 98118","$900,000 - $999,999","$200,000 - $249,999",2026-09-24,human_drop,none,22
Peter Molinaro,+16514570707,"2511 Angell Rd Saint Paul, MN 55118","$1,000,000+","$80,000 - $89,999",2026-09-24,human_drop,none,27
James Coakley,+12076197541,"6 Angell Point Rd Cape Elizabeth, ME 04107","$1,000,000+","$300,000 - $399,999",2026-09-24,human_drop,none,10
Gabrielle Solingen,+14242454434,"2500 Angelo Dr Los Angeles, CA 90077","$1,000,000+","$300,000 - $399,999",2026-09-24,human_drop,none,27
Susan Batcheller,+12035317803,"21 Angelus Dr Greenwich, CT 06831","$1,000,000+","$400,000 - $499,999",2026-09-24,human_drop,none,34
Martin Bodner,+12125355047,"5 Angler Ln Port Washington, NY 11050","$900,000 - $999,999","$300,000 - $399,999",2026-09-24,human_drop,none,15
Morris Grossblatt,+18183436677,"4310 Angostura Pl Tarzana, CA 91356","$900,000 - $999,999","$250,000 - $299,999",2026-09-24,human_drop,none,83
Paul Martyn,+15629435341,"9339 Angosta Dr Whittier, CA 90603","$1,000,000+","$300,000 - $399,999",2026-09-24,human_drop,requested,25
Dennis Ngo,+14086493815,"583 Angus Dr Milpitas, CA 95035","$900,000 - $999,999","$300,000 - $399,999",2026-09-24,human_drop,none,61
Barney Feinblum,+18088281972,"3529 Anini Rd Kilauea, HI 96754","$900,000 - $999,999","$70,000 - $79,999",2026-09-24,human_drop,none,22
Doris Griscti,+19739529484,"27 Anita Dr East Hanover, NJ 07936","$900,000 - $999,999","$400,000 - $499,999",2026-09-24,human_drop,none,36
Gilbert Conn,+16263455096,"255 Anita Dr Pasadena, CA 91105","$1,000,000+","$300,000 - $399,999",2026-09-24,human_drop,none,8
Jane Whitney,+15104601977,"19714 Anita Ave Castro Valley, CA 94546","$900,000 - $999,999","$70,000 - $79,999",2026-09-24,human_drop,none,33
Jack Kellner,+12623773319,"10271 Ann Marie Dr Cedarburg, WI 53012","$1,000,000+","$300,000 - $399,999",2026-09-24,human_drop,none,11
Lee Ikegami,+14086861134,"13500 Ann Marie Ct San Martin, CA 95046","$1,000,000+","$200,000 - $249,999",2026-09-24,human_drop,none,22
Paul Hill,+19727726993,"1391 Anna Cade Rd Rockwall, TX 75087","$1,000,000+","$90,000 - $99,999",2026-09-24,human_drop,none,14
,+15167667556,,,,2026-09-25,human_drop,requested,114
Irene Celec,+15408940821,"1183 Anna Coves Blvd Mineral, VA 23117","$1,000,000+","$300,000 - $399,999",2026-09-25,human_drop,none,19
Pamela Mayo,+19724037533,"5341 Annabel Ln Plano, TX 75093","$1,000,000+","$400,000 - $499,999",2026-09-25,human_drop,none,16
Peter Fortini,+17189487494,"648 Annadale Rd Staten Island, NY 10312","$900,000 - $999,999","$100,000 - $124,999",2026-09-25,human_drop,requested,67
Alfonso Valencia,+13232560495,"5907 Annan Way Los Angeles, CA 90042","$1,000,000+","$30,000 - $39,999",2026-09-25,human_drop,none,28
Zoila Alva,+17035366732,"3134 Annandale Rd Falls Church, VA 22042","$900,000 - $999,999","$400,000 - $499,999",2026-09-25,human_drop,none,8
Jose Burrello,+17035604244,"3443 Annandale Rd Falls Church, VA 22042","$900,000 - $999,999","$300,000 - $399,999",2026-09-25,human_drop,none,36
William Henley,+16503496573,"1128 Annapolis Dr San Mateo, CA 94403","$900,000 - $999,999","$60,000 - $69,999",2026-09-25,human_drop,none,37
,+15164253184,,,,2026-09-25,human_drop,requested,68
Patrick Mccoy,+14106431470,"104 Annapolis View Rd Stevensville, MD 21666","$900,000 - $999,999","$300,000 - $399,999",2026-09-25,human_drop,none,28
Neil Horenstein,+16179280673,"118 Annawan Rd Waban, MA 02468","$1,000,000+","$300,000 - $399,999",2026-09-25,human_drop,none,10
John Leblanc,+17039215276,"5467 Anne Ly Ln Alexandria, VA 22310","$1,000,000+","$300,000 - $399,999",2026-09-25,human_drop,requested,28
Wayne Jensen,+18019441215,"6618 S Anne Marie Dr Salt Lake City, UT 84121","$1,000,000+","$300,000 - $399,999",2026-09-25,human_drop,requested,38
Adele Browdy,+19142440552,"3 Annes Wood Ln Mount Kisco, NY 10549","$900,000 - $999,999","$400,000 - $499,999",2026-09-25,human_drop,requested,34
Marianne Balazs,+12012246453,"19 Annett Ave Edgewater, NJ 07020","$900,000 - $999,999","$400,000 - $499,999",2026-09-25,human_drop,none,19
Andre Spelbrink,+12012247361,"5 Annett Ave Edgewater, NJ 07020","$900,000 - $999,999","$250,000 - $299,999",2026-09-25,human_drop,none,41
Pamela Owens,+15036326716,"16688 S Annette Dr Oregon City, OR 97045","$900,000 - $999,999","$250,000 - $299,999",2026-09-25,human_drop,none,28
Richard Atkinson,+14082683977,"18565 Annie Ln San Jose, CA 95120","$1,000,000+","$300,000 - $399,999",2026-09-25,human_drop,none,17
Eldon Sextro,+19497157967,"21571 Anns Ln Laguna Beach, CA 92651","$1,000,000+","$70,000 - $79,999",2026-09-25,human_drop,none,23
Arthur Fulman,+19783691884,"64 Annursnac Hill Rd Concord, MA 01742","$1,000,000+","$200,000 - $249,999",2026-09-25,human_drop,none,52
Thomas Nagano,+18082351521,"45-644 Anoi Rd Kaneohe, HI 96744","$1,000,000+","$200,000 - $249,999",2026-09-25,human_drop,none,22
Karen Shiroma,+18082474482,"45-745 Anoi Rd Kaneohe, HI 96744","$900,000 - $999,999","$60,000 - $69,999",2026-09-25,human_drop,none,31
Earl Kita,+18082352516,"45-729 Anoi Rd Kaneohe, HI 96744","$1,000,000+","$60,000 - $69,999",2026-09-25,human_drop,requested,31
Calvin Kim,+18083734579,"355 Anolani St Honolulu, HI 96821","$1,000,000+","$70,000 - $79,999",2026-09-25,human_drop,none,37
Joseph Spagnolo,+19147255326,"14 Anpell Dr Scarsdale, NY 10583","$1,000,000+","$400,000 - $499,999",2026-09-25,human_drop,none,8
Neil Rasmussen,+18437069565,"111 Anson Park Rd W Bluffton, SC 29910","$1,000,000+","$200,000 - $249,999",2026-09-25,human_drop,none,15
Zenobia Pope,+13014170939,"7217 Antares Dr Gaithersburg, MD 20879","$900,000 - $999,999","$200,000 - $249,999",2026-09-25,human_drop,none,33
Jose Beristain,+17023616834,"9 Anthem Creek Cir Henderson, NV 89052","$1,000,000+","$250,000 - $299,999",2026-09-25,human_drop,none,35
Patrick Foley,+17754242555,"11625 Anthem Dr Sparks, NV 89441","$900,000 - $999,999","$150,000 - $174,999",2026-09-25,human_drop,requested,66
Joseph Finley,+16157763163,"2205 Anthem Ct Brentwood, TN 37027","$1,000,000+","$250,000 - $299,999",2026-09-25,human_drop,requested,34
Glenn Ikeda,+19142733192,"6 Anthony Ct Armonk, NY 10504","$900,000 - $999,999","$400,000 - $499,999",2026-09-25,human_drop,none,9
James Conlon,+16315490809,"9 Anthony Ct Huntington, NY 11743","$1,000,000+","$300,000 - $399,999",2026-09-25,human_drop,none,40
Martin Farber,+15186683639,"33 Antigua Rd Lake George, NY 12845","$1,000,000+","$200,000 - $249,999",2026-09-25,human_drop,requested,89
Paul Kuhn,+19496465775,"1304 Antigua Way Newport Beach, CA 92660","$1,000,000+","$50,000 - $59,999",2026-09-25,human_drop,requested,49
Ann Sullivan,+19496429482,"1423 Antigua Way Newport Beach, CA 92660","$1,000,000+","$200,000 - $249,999",2026-09-25,human_drop,none,28
Joseph Benger,+12393000872,"2183 Antigua Ln Naples, FL 34120","$1,000,000+","$400,000 - $499,999",2026-09-25,human_drop,none,22
Steven Brock,+14089970985,"5857 Antigua Dr San Jose, CA 95120","$1,000,000+","$300,000 - $399,999",2026-09-25,human_drop,requested,28
Randy May,+19704685602,"340 Antler Rd Silverthorne, CO 80498","$1,000,000+","$200,000 - $249,999",2026-09-28,human_drop,none,27
Rivka Katz,+16106492430,"146 Anton Rd Wynnewood, PA 19096","$1,000,000+","$400,000 - $499,999",2026-09-28,human_drop,none,39
Sheila Brand,+14106025085,"3619 Anton Farms Rd Pikesville, MD 21208","$1,000,000+","$250,000 - $299,999",2026-09-28,human_drop,requested,28
Daniel Gallinetti,+16508518482,"25 Antonio Ct Portola Valley, CA 94028","$1,000,000+","$300,000 - $399,999",2026-09-28,human_drop,none,7
Lloyd Chong,+18086263288,"95-1118 Anuanu St Mililani, HI 96789","$1,000,000+","$250,000 - $299,999",2026-09-28,human_drop,none,37
Rodney Yamamoto,+18087347668,"3815 Anuhea St Honolulu, HI 96816","$1,000,000+","$400,000 - $499,999",2026-09-28,human_drop,none,34
Patrick Fujino,+14243042196,"22013 Anza Ave Torrance, CA 90503","$1,000,000+","$50,000 - $59,999",2026-09-28,human_drop,none,11
Jeffrey Moll,+19732636805,"3 Apache Way Montville, NJ 07045","$1,000,000+","$300,000 - $399,999",2026-09-28,human_drop,requested,36
Richard Dentremont,+17816466064,"26 Apache Trl Arlington, MA 02474","$900,000 - $999,999","$400,000 - $499,999",2026-09-28,human_drop,none,9
Shannon Meckley,+19709637022,"138 Apache Trl Redstone, CO 81623","$1,000,000+","$300,000 - $399,999",2026-09-28,human_drop,none,52
Robin Baker,+17325264021,"525 Apache Trl Morganville, NJ 07751","$1,000,000+","$300,000 - $399,999",2026-09-28,human_drop,none,30
William Alter,+12018918159,"904 Apache Rd Franklin Lakes, NJ 07417","$1,000,000+","$300,000 - $399,999",2026-09-28,human_drop,none,15
Charles Clonts,+14073491381,"1249 Apache Dr Geneva, FL 32732","$900,000 - $999,999","$250,000 - $299,999",2026-09-28,human_drop,none,10
Jeffrey Richmond,+13526336016,"2867 Apache Ct The Villages, FL 32163","$900,000 - $999,999","$40,000 - $49,999",2026-09-28,human_drop,requested,41
David Coffin,+17275765773,"796 Apalachee Dr NE Saint Petersburg, FL 33702","$1,000,000+","$100,000 - $124,999",2026-09-28,human_drop,none,36
Chester Bacheller,+17275680635,"830 Apalachee Dr NE Saint Petersburg, FL 33702","$1,000,000+","$400,000 - $499,999",2026-09-28,human_drop,none,40
Mark Rivera,+17195915838,"5584 Apaloosa Dr Colorado Springs, CO 80923","$1,000,000+","$100,000 - $124,999",2026-09-28,human_drop,none,23
Steven Kaseta,+19149672429,"124 Apawamis Ave Rye, NY 10580","$1,000,000+","$300,000 - $399,999",2026-09-28,human_drop,none,22
Cheryl Kaneshiro,+18084875447,"98-1839 Apelekoka St Aiea, HI 96701","$1,000,000+","$70,000 - $79,999",2026-09-28,human_drop,none,30
Steven Friedland,+16313676121,"7 Apex Rd Melville, NY 11747","$1,000,000+","$300,000 - $399,999",2026-09-28,human_drop,none,25
Gilbert Olayan,+18082615311,"961 Apokula St Kailua, HI 96734","$1,000,000+","$400,000 - $499,999",2026-09-28,human_drop,requested,37
Robert Schnieders,+19494237033,"107 Apolena Ave Newport Beach, CA 92662","$1,000,000+","$200,000 - $249,999",2026-09-28,human_drop,none,20
Jon Visel,+19496736747,"204 Apolena Ave Balboa Island, CA 92662","$900,000 - $999,999","$30,000 - $39,999",2026-09-28,human_drop,none,70
Jeffrey Carter,+17183870446,"11 Apollo St Brooklyn, NY 11222","$1,000,000+","$50,000 - $59,999",2026-09-28,human_drop,none,13
Ada Yu,+13238742146,"2458 Apollo Dr Los Angeles, CA 90046","$1,000,000+","$400,000 - $499,999",2026-09-28,human_drop,none,12
Fred Botti,+18644815109,"215 Appalachian Trl Sunset, SC 29685","$1,000,000+","$200,000 - $249,999",2026-09-28,human_drop,requested,32
Jean Elizarde,+15123534251,"1200 Appalachian Trl San Marcos, TX 78666","$900,000 - $999,999","$90,000 - $99,999",2026-09-28,human_drop,none,46
Linn Legrant,+18309646455,"134 Appalachian Trl New Braunfels, TX 78132","$900,000 - $999,999","$500,000 Plus",2026-09-28,human_drop,none,40
Richard Bouckhout,+14809914351,"8327 E Appaloosa Trl Scottsdale, AZ 85258","$1,000,000+","$100,000 - $124,999",2026-09-28,human_drop,none,23
Michael Herson,+13012790382,"13813 Appaloosa Ct North Potomac, MD 20878","$900,000 - $999,999","$200,000 - $249,999",2026-09-28,human_drop,requested,38
Sydney Harris,+12018913395,"2 Appert Ter Mahwah, NJ 07430","$900,000 - $999,999","$300,000 - $399,999",2026-09-28,human_drop,none,62
Gustave Alfaro,+16174916018,"10 Appian Way Cambridge, MA 02138","$1,000,000+","$300,000 - $399,999",2026-09-28,human_drop,none,55
Wallace Finck,+14087798066,"1240 Appian Way Morgan Hill, CA 95037","$1,000,000+","$250,000 - $299,999",2026-09-28,human_drop,none,34
Michael Peters,+19147731180,"20 Apple Bee Farm Ln Croton On Hudson, NY 10520","$1,000,000+","$60,000 - $69,999",2026-09-28,human_drop,requested,29
Nicholas Lynch,+13603317658,"6356 Apple Ln Freeland, WA 98249","$1,000,000+","$300,000 - $399,999",2026-09-28,human_drop,none,35
Paul Ramirez,+18056874767,"272 Apple Grove Ln Santa Barbara, CA 93105","$1,000,000+","$60,000 - $69,999",2026-09-28,human_drop,none,59
,+18056874767,,,,2026-09-28,human_drop,requested,58
Ajay Gupta,+12014051878,"720 Apple Ridge Rd Franklin Lakes, NJ 07417","$1,000,000+","$300,000 - $399,999",2026-09-28,human_drop,none,15
Albert Hutchinson,+12077475454,"13 Apple Tree Ln Cape Elizabeth, ME 04107","$1,000,000+","$300,000 - $399,999",2026-09-28,human_drop,requested,35
Alan Segal,+12032278697,"24 Apple Tree Trl Westport, CT 06880","$1,000,000+","$300,000 - $399,999",2026-09-28,human_drop,requested,33
Joan Newman,+18477841309,"151 Apple Tree Rd Winnetka, IL 60093","$1,000,000+","$400,000 - $499,999",2026-09-28,human_drop,requested,81
Barbara Madden,+17079381404,"1216 Apple Tree Ct Sonoma, CA 95476","$900,000 - $999,999","$200,000 - $249,999",2026-09-28,human_drop,none,11
Edwin Overmyer,+14154798918,"750 Appleberry Dr San Rafael, CA 94903","$1,000,000+","$300,000 - $399,999",2026-09-28,human_drop,requested,27
John Ferris,+19147622032,"5 Applegate Way Ossining, NY 10562","$1,000,000+","$300,000 - $399,999",2026-09-28,human_drop,none,24
Brian Buchanan,+17034767216,"13143 Applegrove Ln Herndon, VA 20171","$1,000,000+","$400,000 - $499,999",2026-09-28,human_drop,none,28
Randall Roenigk,+19208544188,"10436 S Appleport Ln Sister Bay, WI 54234","$1,000,000+","$250,000 - $299,999",2026-09-28,human_drop,none,47
Alan Best,+14157570402,"172 Appleton Ave San Francisco, CA 94110","$1,000,000+","$60,000 - $69,999",2026-09-28,human_drop,none,40
Brian Nielsen,+12023630186,"3727 Appleton St NW Washington, DC 20016","$1,000,000+","$300,000 - $399,999",2026-09-28,human_drop,none,9
Donald Cameron,+12022447763,"3739 Appleton St NW Washington, DC 20016","$1,000,000+","$300,000 - $399,999",2026-09-28,human_drop,requested,65
Todd Cohen,+17182295029,"11 Appletree Ln Great Neck, NY 11024","$900,000 - $999,999","$300,000 - $399,999",2026-09-28,human_drop,none,28
David Alouf,+15164879047,"16 Appletree Ln Great Neck, NY 11024","$900,000 - $999,999","$400,000 - $499,999",2026-09-28,human_drop,none,14
Wesley Higaki,+16509686510,"1819 Appletree Ln Mountain View, CA 94040","$1,000,000+","$300,000 - $399,999",2026-09-28,human_drop,none,17
Wayne Watten,+17146337623,"7610 E Appletree Ln Orange, CA 92869","$1,000,000+","$400,000 - $499,999",2026-09-28,human_drop,none,34
Sandra Krug,+18648689633,"124 Applewood Ct Sunset, SC 29685","$1,000,000+","$300,000 - $399,999",2026-09-28,human_drop,none,23
Hernan Castro,+14073663679,"913 Arabian Ave Winter Springs, FL 32708","$1,000,000+","$300,000 - $399,999",2026-09-28,human_drop,none,9
Ki Yi,+17032685835,"9215 Arabian Ave Vienna, VA 22182","$900,000 - $999,999","$400,000 - $499,999",2026-09-28,human_drop,none,62
David Mosberg,+14109889096,"13419 Arada Ct Highland, MD 20777","$1,000,000+","$400,000 - $499,999",2026-09-28,human_drop,none,4
John Sienkiewicz,+16503401078,"219 Aragon Blvd San Mateo, CA 94402","$1,000,000+","$300,000 - $399,999",2026-09-28,human_drop,none,31
Janice Clark,+13618518844,"3660 Aransas St Corpus Christi, TX 78411","$900,000 - $999,999","$300,000 - $399,999",2026-09-28,human_drop,none,41
Carolyn Park,+14234519947,"1707 Arapaho Dr Soddy Daisy, TN 37379","$1,000,000+","$20,000 - $29,999",2026-09-28,human_drop,none,53
John Dohner,+16508548436,"24 Arastradero Rd Portola Valley, CA 94028","$900,000 - $999,999","$250,000 - $299,999",2026-09-28,human_drop,none,10
Norman Kitching,+16509413459,"385 Arboleda Dr Los Altos, CA 94024","$1,000,000+","$300,000 - $399,999",2026-09-28,human_drop,requested,26
Sara Shoemaker,+15186084795,"15 Arbor Dr Slingerlands, NY 12159","$900,000 - $999,999","$400,000 - $499,999",2026-09-28,human_drop,none,36
Tony Chiu,+16314232957,"29 Arbor Ln Dix Hills, NY 11746","$900,000 - $999,999","$250,000 - $299,999",2026-09-28,human_drop,none,27
Lawrence Rutigliano,+15164842190,"36 Arbor Ln Roslyn Heights, NY 11577","$1,000,000+","$300,000 - $399,999",2026-09-28,human_drop,none,30
Jean Granskog,+12033292351,"66 Arbor Rd Stamford, CT 06903","$1,000,000+","$250,000 - $299,999",2026-09-28,human_drop,requested,36
Janet Johnson,+16508511654,"135 Arbor Ct Woodside, CA 94062","$1,000,000+","$70,000 - $79,999",2026-09-28,human_drop,requested,43
Mary Conway,+18054194695,"446 Arbor St Camarillo, CA 93012","$900,000 - $999,999","$80,000 - $89,999",2026-09-28,human_drop,none,43
Rose Carrillo,+14087365278,"461 E Arbor Ave Sunnyvale, CA 94085","$1,000,000+","$60,000 - $69,999",2026-09-28,human_drop,none,11
Michael Carney,+16503243325,"856 Arbor Rd Menlo Park, CA 94025","$900,000 - $999,999","$400,000 - $499,999",2026-09-28,human_drop,none,54
James Miller,+16312981287,"2100 Arbor Ln Mattituck, NY 11952","$1,000,000+","$70,000 - $79,999",2026-09-28,human_drop,requested,62
Ninala Wilkinson,+13012993026,"3920 Arbor Crest Way Rockville, MD 20853","$1,000,000+","$300,000 - $399,999",2026-09-28,human_drop,none,46
Kenneth Greguski,+16315888602,"24 Arbor Field Way Lake Grove, NY 11755","$1,000,000+","$400,000 - $499,999",2026-09-28,human_drop,none,31
Don Shakley,+17037235407,"21515 Arbor Glen Ct Broadlands, VA 20148","$900,000 - $999,999","$300,000 - $399,999",2026-09-28,human_drop,none,37
Donald Bianco,+18172374726,"4916 Arbor Mill Dr Fort Worth, TX 76135","$900,000 - $999,999","$200,000 - $249,999",2026-09-29,human_drop,none,24
Jeannie Mierendorf,+16088326811,"8417 Arbor Trace Dr Verona, WI 53593","$1,000,000+","$250,000 - $299,999",2026-09-29,human_drop,none,19
Clayton Chase,+17035427756,"22834 Arbor View Dr Brambleton, VA 20148","$1,000,000+","$400,000 - $499,999",2026-09-29,human_drop,transfer_api_accepted,44
Suzanne Wendorf,+16306533257,"293 E Arboretum Cir Wheaton, IL 60189","$1,000,000+","$400,000 - $499,999",2026-09-29,human_drop,none,13
Karen Brennan,+17034331668,"1104 Arboroak Pl Herndon, VA 20170","$1,000,000+","$200,000 - $249,999",2026-09-29,human_drop,none,26
Paul Marshall,+19739750900,"7 Arborview Way Morristown, NJ 07960","$1,000,000+","$250,000 - $299,999",2026-09-29,human_drop,none,55
Helen Raizen,+16175226283,"75 Arborway Jamaica Plain, MA 02130","$1,000,000+","$400,000 - $499,999",2026-09-29,human_drop,requested,91
Stephen Cochran,+17133391211,"214 Arborway St Houston, TX 77057","$1,000,000+","$400,000 - $499,999",2026-09-29,human_drop,none,45
Judith Seaman,+16179839313,"366 Arborway Jamaica Plain, MA 02130","$1,000,000+","$400,000 - $499,999",2026-09-29,human_drop,none,24
Phyllis Lawlor,+17817291275,"17 Arborwood Dr Burlington, MA 01803","$900,000 - $999,999","$100,000 - $124,999",2026-09-29,human_drop,none,13
Benjamin Weinstock,+15165690787,"505 Arbuckle Ave Cedarhurst, NY 11516","$900,000 - $999,999","$90,000 - $99,999",2026-09-29,human_drop,none,32
Antonio Lloret,+17183175483,"398 Arbutus Ave Staten Island, NY 10312","$1,000,000+","$60,000 - $69,999",2026-09-29,human_drop,none,29
Charles Farina,+17183175005,"522 Arbutus Ave Staten Island, NY 10312","$1,000,000+","$200,000 - $249,999",2026-09-29,human_drop,none,28
Verne Leverson,+13039887073,"1711 Arbutus St Golden, CO 80401","$1,000,000+","$400,000 - $499,999",2026-09-29,human_drop,requested,103
Robert Newman,+12108248466,"306 Arcadia Pl Terrell Hills, TX 78209","$900,000 - $999,999","$300,000 - $399,999",2026-09-29,human_drop,requested,41
Victor Bacani,+17327367462,"1187 Arcadia Dr Toms River, NJ 08755","$1,000,000+","$300,000 - $399,999",2026-09-29,human_drop,none,11
Timothy Mcgillicuddy,+16028408240,"5119 E Arcadia Ln Phoenix, AZ 85018","$1,000,000+","$400,000 - $499,999",2026-09-29,human_drop,none,9
Carson Brunier,+16267661446,"9123 Arcadia Ave San Gabriel, CA 91775","$900,000 - $999,999","$100,000 - $124,999",2026-09-29,human_drop,requested,89
Dennis Brown,+14154727372,"27 Arcangel Way San Rafael, CA 94903","$900,000 - $999,999","$60,000 - $69,999",2026-09-29,human_drop,requested,87
Linda Rogliano,+19147383293,"6 Archer Dr Bronxville, NY 10708","$900,000 - $999,999","$100,000 - $124,999",2026-09-29,human_drop,none,36
Stanley Kippur,+13033652121,"7401 E Archer Pl Denver, CO 80230","$900,000 - $999,999","$400,000 - $499,999",2026-09-29,human_drop,none,24
Joel Castro,+17134677232,"1229 Archley Dr Houston, TX 77055","$1,000,000+","$250,000 - $299,999",2026-09-29,human_drop,none,32
Gerard Distefano,+17722060017,"9222 SW Arco Way Port Saint Lucie, FL 34987","$1,000,000+","$400,000 - $499,999",2026-09-29,human_drop,requested,83
Michael Snow,+19524717777,"2649 Arcola Ln Wayzata, MN 55391","$1,000,000+","$400,000 - $499,999",2026-09-29,human_drop,none,11
John Peak,+17037652141,"1107 Arcturus Ln Alexandria, VA 22308","$900,000 - $999,999","$250,000 - $299,999",2026-09-29,human_drop,none,38
David Ebert,+18584593915,"2510 Ardath Ct La Jolla, CA 92037","$1,000,000+","$70,000 - $79,999",2026-09-29,human_drop,none,43
Tapas Sen,+19736252779,"29 Arden Rd Mountain Lakes, NJ 07046","$1,000,000+","$300,000 - $399,999",2026-09-29,human_drop,none,48
Marian Coffey,+16503227789,"380 Arden Rd Menlo Park, CA 94025","$1,000,000+","$70,000 - $79,999",2026-09-29,human_drop,none,115
Farid Yousefzaden,+13105508384,"504 N Arden Dr Beverly Hills, CA 90210","$1,000,000+","$300,000 - $399,999",2026-09-29,human_drop,none,76
Barry Rubin,+13102710240,"516 N Arden Dr Beverly Hills, CA 90210","$1,000,000+","$80,000 - $89,999",2026-09-29,human_drop,none,56
Reynold Paris,+13107347007,"607 N Arden Dr Beverly Hills, CA 90210","$1,000,000+","$400,000 - $499,999",2026-09-29,human_drop,none,43
Michael Schneiderman,+13102759193,"611 N Arden Dr Beverly Hills, CA 90210","$1,000,000+","$400,000 - $499,999",2026-09-29,human_drop,none,20
John Bani,+13102478717,"620 N Arden Dr Beverly Hills, CA 90210","$1,000,000+","$200,000 - $249,999",2026-09-29,human_drop,none,27
Amy Curry,+14049074364,"2926 Arden Rd NW Atlanta, GA 30305","$1,000,000+","$400,000 - $499,999",2026-09-29,human_drop,none,22
Ping Cheng,+14082557763,"1542 Ardenwood Dr San Jose, CA 95129","$1,000,000+","$300,000 - $399,999",2026-09-29,human_drop,none,19
Bruce Frankel,+12486466360,"700 Ardmoor Dr Bloomfield, MI 48301","$1,000,000+","$400,000 - $499,999",2026-09-29,human_drop,none,12
Walter Magierowski,+15616279282,"1707 Ardley Rd North Palm Beach, FL 33408","$900,000 - $999,999","$50,000 - $59,999",2026-09-29,human_drop,none,82
Phillip Cooper,+13072664211,"2609 Ardon Ln Casper, WY 82609","$1,000,000+","$300,000 - $399,999",2026-09-29,human_drop,none,80
James Wirth,+16312711786,"7 Ardsley Pl Huntington Station, NY 11746","$1,000,000+","$80,000 - $89,999",2026-09-29,human_drop,none,9
Robert Shelala,+17189794394,"45 Ardsley St Staten Island, NY 10306","$1,000,000+","$400,000 - $499,999",2026-09-29,human_drop,none,88
Michael Miller,+19737469395,"61 Ardsley Rd Montclair, NJ 07042","$1,000,000+","$500,000 Plus",2026-09-29,human_drop,none,42
Les Gurka,+19145912247,"100 Ardsley Rd Scarsdale, NY 10583","$1,000,000+","$300,000 - $399,999",2026-09-29,human_drop,none,41
Louis Esposito,+17186674290,"152 Ardsley St Staten Island, NY 10306","$900,000 - $999,999","$100,000 - $124,999",2026-09-29,human_drop,none,26
Michael Thomas,+17148406040,"16382 Ardsley Cir Huntington Beach, CA 92649","$1,000,000+","$80,000 - $89,999",2026-09-29,human_drop,none,23
Michael Barr,+15613335855,"12263 Areaca Dr Wellington, FL 33414","$1,000,000+","$400,000 - $499,999",2026-09-29,human_drop,none,32
Robert Papp,+17036906674,"8325 Argent Cir Fairfax Station, VA 22039","$900,000 - $999,999","$250,000 - $299,999",2026-09-29,human_drop,none,82
Jaemoon Lee,+19784700585,"57 Argilla Rd Andover, MA 01810","$900,000 - $999,999","$300,000 - $399,999",2026-09-29,human_drop,none,34
Edythe Granberry,+13148373069,"17960 Argonne Estates Dr Florissant, MO 63034","$1,000,000+","$150,000 - $174,999",2026-09-29,human_drop,requested,84
Tapan Audhya,+19087225097,"9 Argonne Farm Dr Bridgewater, NJ 08807","$1,000,000+","$200,000 - $249,999",2026-09-29,human_drop,none,9
Gary Smith,+14154220041,"745 Arguello Blvd San Francisco, CA 94118","$900,000 - $999,999","$200,000 - $249,999",2026-09-29,human_drop,none,18
Bernadine White,+16503592002,"735 Arguello Blvd Pacifica, CA 94044","$1,000,000+","$70,000 - $79,999",2026-09-29,human_drop,none,23
Robert Bowell,+13012946071,"5 E Argyle St Rockville, MD 20850","$1,000,000+","$400,000 - $499,999",2026-09-29,human_drop,none,64
Michael Kadenacy,+17758001304,"201 S Argyle Ct Reno, NV 89511","$1,000,000+","$80,000 - $89,999",2026-09-29,human_drop,none,36
Ronald Plotkin,+17189411844,"501 Argyle Rd Brooklyn, NY 11218","$1,000,000+","$100,000 - $124,999",2026-09-29,human_drop,none,42
Claire Lewis,+17184694733,"496 Argyle Rd Brooklyn, NY 11218","$1,000,000+","$70,000 - $79,999",2026-09-29,human_drop,none,16
Scott Pierre,+17184340106,"668 Argyle Rd Brooklyn, NY 11230","$1,000,000+","$100,000 - $124,999",2026-09-29,human_drop,none,13
Edward Rothstein,+17188594410,"745 Argyle Rd Brooklyn, NY 11230","$1,000,000+","$100,000 - $124,999",2026-09-29,human_drop,none,33
Charles Taylor,+12027232463,"3911 Argyle Ter NW Washington, DC 20011","$1,000,000+","$200,000 - $249,999",2026-09-29,human_drop,none,96
Peter Smiley,+12027226665,"4222 Argyle Ter NW Washington, DC 20011","$1,000,000+","$200,000 - $249,999",2026-09-29,human_drop,none,40
Gregory Jackson,+12028291961,"4320 Argyle Ter NW Washington, DC 20011","$1,000,000+","$200,000 - $249,999",2026-09-29,human_drop,none,37
Waveney Bryant,+12028295330,"4350 Argyle Ter NW Washington, DC 20011","$1,000,000+","$250,000 - $299,999",2026-09-29,human_drop,requested,80
Steve Mullaney,+17148286117,"4721 Ariano Dr Cypress, CA 90630","$900,000 - $999,999","$100,000 - $124,999",2026-09-29,human_drop,none,12
John Hally,+13059165453,"28566 Arica Rd Little Torch Key, FL 33042","$1,000,000+","$250,000 - $299,999",2026-09-29,human_drop,none,27
Jerry Hadfield,+15104445059,"698 Arimo Ave Oakland, CA 94610","$1,000,000+","$70,000 - $79,999",2026-09-29,human_drop,none,19
Roger Markowitz,+18439037852,"9140 Arignon Ct Myrtle Beach, SC 29579","$1,000,000+","$200,000 - $249,999",2026-09-29,human_drop,none,13
Ira Casson,+15167667362,"484 Arizona Ave Rockville Centre, NY 11570","$900,000 - $999,999","$400,000 - $499,999",2026-09-29,human_drop,requested,73
Juanita Gallardo,+14082622396,"1835 Arizona Ave Milpitas, CA 95035","$1,000,000+","$30,000 - $39,999",2026-09-29,human_drop,none,11
Nils Fostvedt,+12029669618,"2943 Arizona Ave NW Washington, DC 20016","$1,000,000+","$250,000 - $299,999",2026-09-29,human_drop,none,7
Aaron Robson,+13102608628,"3120 Arizona Ave Santa Monica, CA 90404","$900,000 - $999,999","$175,000 - $199,999",2026-09-29,human_drop,none,45
Francisco Sudiacal,+15104710508,"33160 Arizona St Union City, CA 94587","$1,000,000+","$50,000 - $59,999",2026-09-29,human_drop,requested,213
Ali Saadat,+19516763738,"26005 Arjuna Ave Temecula, CA 92590","$900,000 - $999,999","$300,000 - $399,999",2026-09-29,human_drop,none,9
Margaret Wilkins,+16093996093,"23 Arkansas Ave Ocean City, NJ 08226","$1,000,000+","$250,000 - $299,999",2026-09-29,human_drop,none,21
Henry Weigel,+16093991724,"26 Arkansas Ave Ocean City, NJ 08226","$1,000,000+","$300,000 - $399,999",2026-09-29,human_drop,requested,67
Josef Lebowits,+17182091267,"321 Arkansas Dr Brooklyn, NY 11234","$1,000,000+","$60,000 - $69,999",2026-09-29,human_drop,none,11
James Mcguinness,+17033291745,"6201 Arkendale Rd Alexandria, VA 22307","$900,000 - $999,999","$400,000 - $499,999",2026-09-29,human_drop,none,22
David Lester,+15167733027,"5 Arleigh Rd Great Neck, NY 11021","$1,000,000+","$200,000 - $249,999",2026-09-29,human_drop,none,18
Russell Capone,+17187471674,"14 Arleigh Rd Little Neck, NY 11363","$1,000,000+","$100,000 - $124,999",2026-09-29,human_drop,requested,155
Rachel Singer,+15164870404,"33 Arleigh Rd Great Neck, NY 11021","$1,000,000+","$300,000 - $399,999",2026-09-29,human_drop,none,45
Nelly Mizrahi,+15164820521,"57 Arleigh Rd Great Neck, NY 11021","$1,000,000+","$400,000 - $499,999",2026-09-29,human_drop,none,13
Peter Hathaway,+12032228613,"22 Arlen Rd Weston, CT 06883","$1,000,000+","$400,000 - $499,999",2026-09-29,human_drop,none,41
Wendy Batteau,+12032263033,"6 Arlen Rd Westport, CT 06880","$900,000 - $999,999","$400,000 - $499,999",2026-09-29,human_drop,none,23
Ronald Martignetti,+17817561300,"1 Arlington St Winchester, MA 01890","$1,000,000+","$300,000 - $399,999",2026-09-29,human_drop,none,38
Pascal Lanotte,+15166718674,"18 Arlington Pl Sea Cliff, NY 11579","$900,000 - $999,999","$200,000 - $249,999",2026-09-29,human_drop,none,32
Lisa Herman,+19739942428,"20 Arlington Dr Livingston, NJ 07039","$900,000 - $999,999","$250,000 - $299,999",2026-09-29,human_drop,none,149
Seth Friedman,+16174925079,"36 Arlington St Cambridge, MA 02140","$1,000,000+","$400,000 - $499,999",2026-09-29,human_drop,requested,64
Joy Mcdermott,+19736252772,"49 Arlington Ave Morris Plains, NJ 07950","$900,000 - $999,999","$250,000 - $299,999",2026-09-29,human_drop,requested,478
Claire Monahan,+17817296181,"40 Arlington St Winchester, MA 01890","$1,000,000+","$400,000 - $499,999",2026-09-29,human_drop,none,26
Anne Haney,+17817290955,"61 Arlington St Winchester, MA 01890","$1,000,000+","$400,000 - $499,999",2026-09-29,human_drop,none,35
Melvin Delgado,+16177309831,"97 Arlington Rd Chestnut Hill, MA 02467","$1,000,000+","$250,000 - $299,999",2026-09-29,human_drop,none,27
Sheila Driscoll,+17817294106,"143 Arlington St Winchester, MA 01890","$1,000,000+","$200,000 - $249,999",2026-09-29,human_drop,requested,63
Tulian Sanchez,+13473656606,"227 Arlington Ave Brooklyn, NY 11207","$1,000,000+","$40,000 - $49,999",2026-09-29,human_drop,requested,56
Joan Epstein,+12485930904,"400 Arlington St Birmingham, MI 48009","$1,000,000+","$400,000 - $499,999",2026-09-29,human_drop,none,39
Shlomo Weiss,+17323642742,"411 Arlington Ave Lakewood, NJ 08701","$900,000 - $999,999","$250,000 - $299,999",2026-09-29,human_drop,requested,53
Adelaide Mcmanus,+15102638018,"638 Arlington Isle Alameda, CA 94501","$1,000,000+","$70,000 - $79,999",2026-09-29,human_drop,none,6
Fremont Scott,+12486446988,"776 Arlington St Birmingham, MI 48009","$1,000,000+","$400,000 - $499,999",2026-09-29,human_drop,none,41
Robert Morse,+16502602601,"903 Arlington Rd Redwood City, CA 94062","$1,000,000+","$200,000 - $249,999",2026-09-29,human_drop,none,107
William Powell,+16503685018,"918 Arlington Rd Redwood City, CA 94062","$900,000 - $999,999","$500,000 Plus",2026-09-29,human_drop,none,20
Levi Poe,+15105273042,"940 Arlington Ave Berkeley, CA 94707","$1,000,000+","$400,000 - $499,999",2026-09-29,human_drop,none,11
Lester Pines,+16082331766,"1915 Arlington Pl Madison, WI 53726","$1,000,000+","$400,000 - $499,999",2026-09-29,human_drop,requested,69
Lori Rodekohr,+19255561215,"2198 Arlington Way San Ramon, CA 94582","$900,000 - $999,999","$400,000 - $499,999",2026-09-29,human_drop,none,12
Alexander Schloss,+17185438778,"2622 Arlington Ave Bronx, NY 10463","$1,000,000+","$100,000 - $124,999",2026-09-29,human_drop,none,128
Michael Kaplowitz,+17187961494,"3014 Arlington Ave Bronx, NY 10463","$1,000,000+","$400,000 - $499,999",2026-09-29,human_drop,requested,39
Elizabeth Cheyney,+17038926354,"4466 Arlington Blvd Arlington, VA 22204","$1,000,000+","$300,000 - $399,999",2026-09-29,human_drop,none,10
,+12486446988,,,,2026-09-29,human_drop,requested,85
Edward Lebovics,+17187965854,"4626 Arlington Ave Bronx, NY 10471","$1,000,000+","$250,000 - $299,999",2026-09-29,human_drop,none,31
Pauline Scholten,+14155501922,"134 1/2 Arlington St San Francisco, CA 94131","$1,000,000+","$175,000 - $199,999",2026-09-29,human_drop,none,13
George Joulwan,+17034868173,"2107 S Arlington Ridge Rd Arlington, VA 22202","$1,000,000+","$400,000 - $499,999",2026-09-29,human_drop,requested,660
Barbara Gilefsky,+17816315934,"9 Arlyn Rd Marblehead, MA 01945","$900,000 - $999,999","$200,000 - $249,999",2026-09-29,human_drop,none,9
Ronald Will,+19524728771,"5445 N Arm Dr Minnetrista, MN 55364","$1,000,000+","$200,000 - $249,999",2026-09-29,human_drop,requested,219
Marshall Clary,+18437855739,"15 Armada St Hilton Head Island, SC 29928","$1,000,000+","$400,000 - $499,999",2026-09-29,human_drop,none,33
Franz Weinhandl,+16192691906,"872 Armada Ter San Diego, CA 92106","$1,000,000+","$400,000 - $499,999",2026-09-29,human_drop,none,18
Henry Pounds,+16264862160,"1122 Armada Dr Pasadena, CA 91103","$1,000,000+","$400,000 - $499,999",2026-09-29,human_drop,none,93
Judith Mazza,+13014690352,"7112 Armat Dr Bethesda, MD 20817","$1,000,000+","$400,000 - $499,999",2026-09-29,human_drop,requested,77
Agnes Adlhoch,+18189926953,"23325 Arminta St West Hills, CA 91304","$1,000,000+","$40,000 - $49,999",2026-09-29,human_drop,none,26
Jimmy Dun,+19142417957,"753 Armonk Rd Mount Kisco, NY 10549","$1,000,000+","$300,000 - $399,999",2026-09-29,human_drop,none,181
Rebecca Puntigam,+12062834573,"3921 W Armour St Seattle, WA 98199","$1,000,000+","$300,000 - $399,999",2026-09-29,human_drop,none,29
Laura Hollander,+15103380322,"6609 Armour Dr Oakland, CA 94611","$900,000 - $999,999","$300,000 - $399,999",2026-09-29,human_drop,none,36
Barbara Fay,+15624305324,"3185 Armourdale Ave Long Beach, CA 90808","$1,000,000+","$30,000 - $39,999",2026-09-29,human_drop,none,106
Barbara Jackson,+12036371427,"19 Armstrong Ln Riverside, CT 06878","$1,000,000+","$300,000 - $399,999",2026-09-29,human_drop,none,46
Mohammad Rahim,+17038921060,"1617 Army Navy Dr Arlington, VA 22202","$1,000,000+","$400,000 - $499,999",2026-09-29,human_drop,none,34
Zhiqiang Lu,+17032932968,"4491 Arniel Pl Fairfax, VA 22030","$1,000,000+","$300,000 - $399,999",2026-09-29,human_drop,none,26
Jerry Argo,+16157947737,"6231 Arno Rd Franklin, TN 37064","$1,000,000+","$300,000 - $399,999",2026-09-29,human_drop,none,29
Baruch Russo,+16179643171,"124 Arnold Rd Newton, MA 02459","$1,000,000+","$200,000 - $249,999",2026-09-29,human_drop,none,10
James Smith,+17037570267,"489 Arnon Meadow Rd Great Falls, VA 22066","$1,000,000+","$300,000 - $399,999",2026-09-29,human_drop,none,61
John Fisgus,+17328861645,"36 Arosa Hl Lakewood, NJ 08701","$1,000,000+","$200,000 - $249,999",2026-09-29,human_drop,none,87
Joshua Hezghia,+15167089962,"25 Arrandale Ave Great Neck, NY 11024","$1,000,000+","$300,000 - $399,999",2026-09-29,human_drop,none,46
Shlomo Deutsch,+17323637173,"53 Arosa Hl Lakewood, NJ 08701","$1,000,000+","$250,000 - $299,999",2026-09-29,human_drop,none,36
John Murphy,+16192764054,"2651 Arnott St San Diego, CA 92110","$1,000,000+","$40,000 - $49,999",2026-09-29,human_drop,none,21
Regan Huerta,+18317261927,"178 Aromas Rd Aromas, CA 95004","$900,000 - $999,999","$40,000 - $49,999",2026-09-29,human_drop,none,17
Thomas Cipriano,+17182243463,"25046 42nd Ave Little Neck, NY 11363","$1,000,000+","$400,000 - $499,999",2026-09-30,human_drop,none,20
Harry Weinreich,+17184358420,"1610 42nd St Apt 1 Brooklyn, NY 11204","$900,000 - $999,999","$100,000 - $124,999",2026-09-30,human_drop,none,41
Lucille Leon,+12023335604,"4912 41st St NW Washington, DC 20016","$1,000,000+","$250,000 - $299,999",2026-09-30,human_drop,requested,44
Israel Halberstam,+17189724793,"1604 42nd St Brooklyn, NY 11204","$1,000,000+","$70,000 - $79,999",2026-09-30,human_drop,none,10
Gabriel Mandel,+17188518925,"1628 42nd St Brooklyn, NY 11204","$1,000,000+","$60,000 - $69,999",2026-09-30,human_drop,none,22
Sara Beltran,+17182850864,"19004 42nd Ave Flushing, NY 11358","$1,000,000+","$40,000 - $49,999",2026-09-30,human_drop,none,15
Jehoshua Scharf,+17182589827,"1078 E 28th St Brooklyn, NY 11210","$1,000,000+","$250,000 - $299,999",2026-09-30,human_drop,requested,236
Linda Katz,+12067228228,"3720 41st Ave S Seattle, WA 98144","$1,000,000+","$250,000 - $299,999",2026-09-30,human_drop,none,25
Debra Sonnier,+17136910221,"718 W 41st St Houston, TX 77018","$1,000,000+","$300,000 - $399,999",2026-09-30,human_drop,none,45
Eliezer Reichman,+17188512310,"1466 40th St Brooklyn, NY 11218","$1,000,000+","$60,000 - $69,999",2026-09-30,human_drop,none,18
Donald Kramer,+13059330312,"19955 NE 38th Ct Apt 504 Aventura, FL 33180","$1,000,000+","$400,000 - $499,999",2026-09-30,human_drop,none,23
Peter Lockwood,+12022446713,"3122 38th St NW Washington, DC 20016","$1,000,000+","$200,000 - $249,999",2026-09-30,human_drop,none,7
Elizabeth Lutz,+17185453490,"2214 38th St Long Island City, NY 11105","$1,000,000+","$50,000 - $59,999",2026-09-30,human_drop,none,10
Henry Kulinski,+16094942161,"262 N 3rd St Surf City, NJ 08008","$900,000 - $999,999","$150,000 - $174,999",2026-09-30,human_drop,none,33
Christopher Henney,+12063227122,"414 39th Ave E Seattle, WA 98112","$1,000,000+","$300,000 - $399,999",2026-09-30,human_drop,none,26
Charles Ralston,+12063224780,"1140 38th Ave Seattle, WA 98122","$1,000,000+","$400,000 - $499,999",2026-09-30,human_drop,none,51
Izabella Fishman,+14152218809,"818 38th Ave San Francisco, CA 94121","$900,000 - $999,999","$80,000 - $89,999",2026-09-30,human_drop,none,25
Edith Burgher,+12063611886,"16066 36th Ave NE Lake Forest Park, WA 98155","$900,000 - $999,999","$80,000 - $89,999",2026-09-30,human_drop,none,33
Melvina Olson,+12189834611,"30003 374th St Ogema, MN 56569","$1,000,000+","$100,000 - $124,999",2026-09-30,human_drop,none,21
Merlin Cavender,+12062838491,"2538 36th Ave W Seattle, WA 98199","$1,000,000+","$400,000 - $499,999",2026-09-30,human_drop,none,17
Kenneth Wheeler,+12062828690,"2408 36th Ave W Seattle, WA 98199","$1,000,000+","$400,000 - $499,999",2026-09-30,human_drop,none,47
Harvey Radtke,+12188672715,"14426 370th St Rothsay, MN 56579","$1,000,000+","$100,000 - $124,999",2026-09-30,human_drop,none,32
Margaret Markham,+12023376716,"2733 36th St NW Washington, DC 20007","$1,000,000+","$200,000 - $249,999",2026-09-30,human_drop,requested,158
Harry Weinreich,+17184358420,"1610 42nd St Apt 1 Brooklyn, NY 11204","$900,000 - $999,999","$100,000 - $124,999",2026-09-30,human_drop,none,56
Israel Halberstam,+17189724793,"1604 42nd St Brooklyn, NY 11204","$1,000,000+","$70,000 - $79,999",2026-09-30,human_drop,none,34
Gabriel Mandel,+17188518925,"1628 42nd St Brooklyn, NY 11204","$1,000,000+","$60,000 - $69,999",2026-09-30,human_drop,none,180
Antonio Messina,+13478480051,"2150 41st St Long Island City, NY 11105","$1,000,000+","$250,000 - $299,999",2026-09-30,human_drop,none,35
Eliezer Reichman,+17188512310,"1466 40th St Brooklyn, NY 11218","$1,000,000+","$60,000 - $69,999",2026-09-30,human_drop,none,25
David Rejeski,+12022442202,"3243 38th St NW Washington, DC 20016","$1,000,000+","$100,000 - $124,999",2026-09-30,human_drop,none,16
Henry Kulinski,+16094942161,"262 N 3rd St Surf City, NJ 08008","$900,000 - $999,999","$150,000 - $174,999",2026-09-30,human_drop,none,34
Christopher Henney,+12063227122,"414 39th Ave E Seattle, WA 98112","$1,000,000+","$300,000 - $399,999",2026-09-30,human_drop,none,25
Shaukat Ali,+17183383290,"1128 E 38th St Brooklyn, NY 11210","$1,000,000+","$300,000 - $399,999",2026-09-30,human_drop,none,41
Charles Ralston,+12063224780,"1140 38th Ave Seattle, WA 98122","$1,000,000+","$400,000 - $499,999",2026-09-30,human_drop,none,21
Izabella Fishman,+14152218809,"818 38th Ave San Francisco, CA 94121","$900,000 - $999,999","$80,000 - $89,999",2026-09-30,human_drop,none,25
Edith Burgher,+12063611886,"16066 36th Ave NE Lake Forest Park, WA 98155","$900,000 - $999,999","$80,000 - $89,999",2026-09-30,human_drop,requested,580
Paul Mairose,+13602638175,"4606 NW 387th St Woodland, WA 98674","$900,000 - $999,999","$175,000 - $199,999",2026-09-30,human_drop,none,42
Merlin Cavender,+12062838491,"2538 36th Ave W Seattle, WA 98199","$1,000,000+","$400,000 - $499,999",2026-09-30,human_drop,none,16
Mark Perlin,+12126864855,"160 E 38th St Apt 24e New York, NY 10016","$1,000,000+","$300,000 - $399,999",2026-09-30,human_drop,none,40
Kenneth Wheeler,+12062828690,"2408 36th Ave W Seattle, WA 98199","$1,000,000+","$400,000 - $499,999",2026-09-30,human_drop,none,47
Harvey Radtke,+12188672715,"14426 370th St Rothsay, MN 56579","$1,000,000+","$100,000 - $124,999",2026-09-30,human_drop,none,90
Margaret Markham,+12023376716,"2733 36th St NW Washington, DC 20007","$1,000,000+","$200,000 - $249,999",2026-09-30,human_drop,none,27
,Anonymous,,,,2026-09-30,human_drop,none,12
Gabriel Mandel,+17188518925,"1628 42nd St Brooklyn, NY 11204","$1,000,000+","$60,000 - $69,999",2026-09-30,human_drop,none,50
Harry Weinreich,+17184358420,"1610 42nd St Apt 1 Brooklyn, NY 11204","$900,000 - $999,999","$100,000 - $124,999",2026-09-30,human_drop,requested,116
Israel Halberstam,+17189724793,"1604 42nd St Brooklyn, NY 11204","$1,000,000+","$70,000 - $79,999",2026-09-30,human_drop,none,37
Sara Beltran,+17182850864,"19004 42nd Ave Flushing, NY 11358","$1,000,000+","$40,000 - $49,999",2026-09-30,human_drop,none,14
Thomas Cipriano,+17182243463,"25046 42nd Ave Little Neck, NY 11363","$1,000,000+","$400,000 - $499,999",2026-09-30,human_drop,none,23
Linda Katz,+12067228228,"3720 41st Ave S Seattle, WA 98144","$1,000,000+","$250,000 - $299,999",2026-09-30,human_drop,none,41
Donald Kramer,+13059330312,"19955 NE 38th Ct Apt 504 Aventura, FL 33180","$1,000,000+","$400,000 - $499,999",2026-09-30,human_drop,none,73
Henry Kulinski,+16094942161,"262 N 3rd St Surf City, NJ 08008","$900,000 - $999,999","$150,000 - $174,999",2026-09-30,human_drop,none,18
Izabella Fishman,+14152218809,"818 38th Ave San Francisco, CA 94121","$900,000 - $999,999","$80,000 - $89,999",2026-09-30,human_drop,none,23
Margaret Markham,+12023376716,"2733 36th St NW Washington, DC 20007","$1,000,000+","$200,000 - $249,999",2026-09-30,human_drop,none,20
Rebecca Aarestad,+12189833788,"30000 374th St Ogema, MN 56569","$1,000,000+","$70,000 - $79,999",2026-09-30,human_drop,none,40
Larry Shearin,+17035360333,"6500 36th St N Arlington, VA 22213","$900,000 - $999,999","$300,000 - $399,999",2026-09-30,human_drop,none,29
Anita Meyerhoff,+12122133418,"137 E 36th St New York, NY 10016","$1,000,000+","$300,000 - $399,999",2026-09-30,human_drop,none,14
Richard Hirschfeld,+13059327390,"19982 NE 37th Ct Aventura, FL 33180","$1,000,000+","$90,000 - $99,999",2026-09-30,human_drop,none,34
Robert Mcfarland,+12532653260,"9814 36th St NW Gig Harbor, WA 98335","$1,000,000+","$200,000 - $249,999",2026-09-30,human_drop,none,41
Ai Ha,+14156680832,"532 36th Ave San Francisco, CA 94121","$900,000 - $999,999","Under $20,000",2026-09-30,human_drop,none,24
Kevin Folkman,+14258854967,"17515 NE 33rd Pl Redmond, WA 98052","$1,000,000+","$400,000 - $499,999",2026-09-30,human_drop,none,37
Duane Timmons,+12063652575,"17015 33rd Ave NE Lake Forest Park, WA 98155","$1,000,000+","$300,000 - $399,999",2026-09-30,human_drop,none,32
Duane Hansen,+16513454808,"31068 340th St Lake City, MN 55041","$1,000,000+","$100,000 - $124,999",2026-09-30,human_drop,none,39
Gilbert Flanagan,+12065249428,"6803 34th Ave NE Seattle, WA 98115","$900,000 - $999,999","$300,000 - $399,999",2026-09-30,human_drop,none,63
Sally Cardaci,+17184281256,"5023 215th St Bayside Hills, NY 11364","$1,000,000+","$60,000 - $69,999",2026-09-30,human_drop,none,15
Maria Disalvo,+17184235713,"5635 202nd St Bayside, NY 11364","$1,000,000+","$100,000 - $124,999",2026-09-30,human_drop,none,9
Alfred Goldstein,+17183321657,"2348 E 28th St Brooklyn, NY 11229","$900,000 - $999,999","$20,000 - $29,999",2026-09-30,human_drop,none,34
Eli Dagmy,+17182585090,"1620 E 22nd St Brooklyn, NY 11210","$1,000,000+","$400,000 - $499,999",2026-09-30,human_drop,none,18
Thomas Bierer,+19549831046,"4409 SW 35th Ave Fort Lauderdale, FL 33312","$1,000,000+","$70,000 - $79,999",2026-09-30,human_drop,none,105
Judy Mittelmann,+17183762048,"1806 E 22nd St Brooklyn, NY 11229","$1,000,000+","$100,000 - $124,999",2026-09-30,human_drop,none,29
Carol Cappiello,+17183202680,,,,2026-09-30,human_drop,none,45
Judith Glogovsky,+17183589589,,,,2026-09-30,human_drop,none,44
John Fazio,+17183311829,,,,2026-09-30,human_drop,none,13
Peter Hoyte,+17182419455,,,,2026-09-30,human_drop,none,12
Soo Moy,+17182714603,,,,2026-09-30,human_drop,none,34
Sandra Reeves,+17182822968,,,,2026-09-30,human_drop,none,42
Helene Demaria,+17182298106,"3636 201st St Bayside, NY 11361","$900,000 - $999,999","$70,000 - $79,999",2026-09-30,human_drop,none,10
Arquimedes Aguirre,+17186313151,"20501 34th Ave Bayside, NY 11361","$900,000 - $999,999","$70,000 - $79,999",2026-09-30,human_drop,none,30
Michael Redman,+12067835810,"7405 34th Ave NW Seattle, WA 98117","$1,000,000+","$250,000 - $299,999",2026-09-30,human_drop,none,35
George Contos,+17182251486,"24904 40th Ave Little Neck, NY 11363","$900,000 - $999,999","$20,000 - $29,999",2026-09-30,human_drop,requested,120
Gabriel Mandel,+17188518925,"1628 42nd St Brooklyn, NY 11204","$1,000,000+","$60,000 - $69,999",2026-09-30,human_drop,none,57
Sara Beltran,+17182850864,"19004 42nd Ave Flushing, NY 11358","$1,000,000+","$40,000 - $49,999",2026-09-30,human_drop,none,14
Donald Kramer,+13059330312,"19955 NE 38th Ct Apt 504 Aventura, FL 33180","$1,000,000+","$400,000 - $499,999",2026-09-30,human_drop,none,46
Linda Katz,+12067228228,"3720 41st Ave S Seattle, WA 98144","$1,000,000+","$250,000 - $299,999",2026-09-30,human_drop,none,38
Lucille Leon,+12023335604,"4912 41st St NW Washington, DC 20016","$1,000,000+","$250,000 - $299,999",2026-09-30,human_drop,requested,163
Israel Halberstam,+17189724793,"1604 42nd St Brooklyn, NY 11204","$1,000,000+","$70,000 - $79,999",2026-09-30,human_drop,none,34
Marshall Slacter,+15124531299,"1501 W 40th St Austin, TX 78756","$1,000,000+","$400,000 - $499,999",2026-09-30,human_drop,requested,182
Henry Kulinski,+16094942161,"262 N 3rd St Surf City, NJ 08008","$900,000 - $999,999","$150,000 - $174,999",2026-09-30,human_drop,none,34
Denis Fisher,+17186317081,"23330 38th Dr Douglaston, NY 11363","$900,000 - $999,999","$60,000 - $69,999",2026-09-30,human_drop,none,10
Harvey Radtke,+12188672715,"14426 370th St Rothsay, MN 56579","$1,000,000+","$100,000 - $124,999",2026-09-30,human_drop,none,30
Margaret Markham,+12023376716,"2733 36th St NW Washington, DC 20007","$1,000,000+","$200,000 - $249,999",2026-09-30,human_drop,none,28
William Montalvo,+12126790158,"120 E 36th St Apt 3h New York, NY 10016","$1,000,000+","$40,000 - $49,999",2026-09-30,human_drop,none,43
Mary Beck,+12062848263,"3038 37th Ave W Seattle, WA 98199","$1,000,000+","$400,000 - $499,999",2026-09-30,human_drop,none,26
Katherine Wilkins,+12063220316,"1811 36th Ave Seattle, WA 98122","$900,000 - $999,999","$300,000 - $399,999",2026-09-30,human_drop,none,66
Rebecca Aarestad,+12189833788,"30000 374th St Ogema, MN 56569","$1,000,000+","$70,000 - $79,999",2026-09-30,human_drop,none,91
Gary Johnson,+13608252156,"25631 SE 380th St Enumclaw, WA 98022","$900,000 - $999,999","$70,000 - $79,999",2026-09-30,human_drop,none,25
Robert Mcfarland,+12532653260,"9814 36th St NW Gig Harbor, WA 98335","$1,000,000+","$200,000 - $249,999",2026-09-30,human_drop,none,36
Duane Hansen,+16513454808,"31068 340th St Lake City, MN 55041","$1,000,000+","$100,000 - $124,999",2026-09-30,human_drop,none,16
Ai Ha,+14156680832,"532 36th Ave San Francisco, CA 94121","$900,000 - $999,999","Under $20,000",2026-09-30,human_drop,none,29
Kevin Folkman,+14258854967,"17515 NE 33rd Pl Redmond, WA 98052","$1,000,000+","$400,000 - $499,999",2026-09-30,human_drop,none,15
Duane Timmons,+12063652575,"17015 33rd Ave NE Lake Forest Park, WA 98155","$1,000,000+","$300,000 - $399,999",2026-09-30,human_drop,none,36
Gilbert Flanagan,+12065249428,"6803 34th Ave NE Seattle, WA 98115","$900,000 - $999,999","$300,000 - $399,999",2026-09-30,human_drop,none,24
Alfred Goldstein,+17183321657,"2348 E 28th St Brooklyn, NY 11229","$900,000 - $999,999","$20,000 - $29,999",2026-09-30,human_drop,none,34
Judith Glogovsky,+17183589589,,,,2026-09-30,human_drop,none,35
Judy Mittelmann,+17183762048,"1806 E 22nd St Brooklyn, NY 11229","$1,000,000+","$100,000 - $124,999",2026-09-30,human_drop,none,29
John Fazio,+17183311829,,,,2026-09-30,human_drop,none,37
Sandra Reeves,+17182822968,,,,2026-09-30,human_drop,none,54
,+17182870351,,,,2026-09-30,human_drop,requested,176
Carol Cappiello,+17183202680,,,,2026-09-30,human_drop,none,24
Soo Moy,+17182714603,,,,2026-09-30,human_drop,none,48
Calogro Messina,+17182744647,"4507 20th Rd Long Island City, NY 11105","$1,000,000+","$60,000 - $69,999",2026-09-30,human_drop,none,181
Helene Demaria,+17182298106,"3636 201st St Bayside, NY 11361","$900,000 - $999,999","$70,000 - $79,999",2026-09-30,human_drop,none,56
Arquimedes Aguirre,+17186313151,"20501 34th Ave Bayside, NY 11361","$900,000 - $999,999","$70,000 - $79,999",2026-09-30,human_drop,none,30
Michael Redman,+12067835810,"7405 34th Ave NW Seattle, WA 98117","$1,000,000+","$250,000 - $299,999",2026-09-30,human_drop,none,42
Mary Henderson,+17136642061,,,,2026-09-30,human_drop,none,72
Leo Murphy,+17184458119,"14615 33rd Ave Flushing, NY 11354","$1,000,000+","$50,000 - $59,999",2026-09-30,human_drop,none,39
,+17035360333,,,,2026-09-30,human_drop,none,90
Louis Cashiola,+17137800056,,,,2026-09-30,human_drop,none,31
Gloria Lea,+17135287178,,,,2026-09-30,human_drop,none,96
William Buck,+17035365211,"4524 35th Rd N Arlington, VA 22207","$1,000,000+","$300,000 - $399,999",2026-09-30,human_drop,none,51
Christopher Schirmer,+17134360040,,,,2026-09-30,human_drop,none,24
Donald Friese,+19545664917,"2757 NE 35th St Fort Lauderdale, FL 33306","$1,000,000+","$200,000 - $249,999",2026-09-30,human_drop,requested,89
Toni Meacham,+19544633091,"2741 NE 35th Dr Fort Lauderdale, FL 33308","$1,000,000+","$400,000 - $499,999",2026-09-30,human_drop,none,12
Nadine Tunnell,+17072573059,,,,2026-09-30,human_drop,none,13
Marc Tohir,+17035497848,"713 26th St S Arlington, VA 22202","$900,000 - $999,999","$250,000 - $299,999",2026-09-30,human_drop,none,31
,+17183311829,,,,2026-09-30,human_drop,none,27
MYRTLE BEACH,+17032012892,,,,2026-09-30,human_drop,none,34
Patrick Mcmanus,+16182341492,,,,2026-09-30,human_drop,none,13
Marilyn Watt,+16503412738,,,,2026-09-30,human_drop,none,20
Beverly Basile,+16172327333,,,,2026-09-30,human_drop,none,22
Lei Tang,+16029770844,,,,2026-09-30,human_drop,none,43
Charles Wald,+16053415027,,,,2026-09-30,human_drop,none,19
William Dautrechy,+16094943016,,,,2026-09-30,human_drop,none,50
Carol Hodges,+15302562794,,,,2026-09-30,human_drop,none,51
Barbara Buell,+15083586134,,,,2026-09-30,human_drop,none,43
Texe Marrs,+15122639780,,,,2026-09-30,human_drop,none,46
Lynne Tilsen,+15106544778,,,,2026-09-30,human_drop,none,23
Joseph Bartolini,+17184635449,"15605 33rd Ave Flushing, NY 11354","$1,000,000+","$40,000 - $49,999",2026-09-30,human_drop,none,53
John Griffin,+14803918370,,,,2026-09-30,human_drop,none,24
Russell Beltz,+14258821783,"14251 214th Way NE Woodinville, WA 98077","$1,000,000+","$400,000 - $499,999",2026-09-30,human_drop,none,47
Ruth Turpin,+13105455592,"436 35th St Manhattan Beach, CA 90266","$1,000,000+","$400,000 - $499,999",2026-09-30,human_drop,none,19
Joan Cooper,+14157524516,"40 21st Ave San Francisco, CA 94121","$1,000,000+","$40,000 - $49,999",2026-09-30,human_drop,none,11
Frances Sampson,+17136228133,,,,2026-09-30,human_drop,none,26
Vincent Scott,+14805853123,"36436 N 34th St Cave Creek, AZ 85331","$1,000,000+","$400,000 - $499,999",2026-09-30,human_drop,none,20
Donna Posard,+14154914118,,,,2026-09-30,human_drop,none,13
Richard Weaver,+14098980037,,,,2026-09-30,human_drop,none,12
Steven Flickinger,+13606590895,,,,2026-09-30,human_drop,none,32
John Carpenter,+14258277097,,,,2026-09-30,human_drop,none,43
Peter Karagiannis,+17189561833,"2057 35th St Long Island City, NY 11105","$1,000,000+","$40,000 - $49,999",2026-09-30,human_drop,none,11
Rudy Deluca,+13238749855,,,,2026-09-30,human_drop,requested,101
Mary Goungoudis,+13474720404,"7815 21st Ave East Elmhurst, NY 11370","$900,000 - $999,999","$80,000 - $89,999",2026-09-30,human_drop,requested,199
Dale Venne,+13192346418,,,,2026-09-30,human_drop,none,12
Michael Henniger,+15033311561,,,,2026-09-30,human_drop,none,35
Thomas Ocallaghan,+14156810448,,,,2026-09-30,human_drop,none,122
Stephanie Edmark,+13606661285,"7611 NE 296th Way Battle Ground, WA 98604","$900,000 - $999,999","$200,000 - $249,999",2026-09-30,human_drop,none,71
Beatriz Bueno,+13054441993,,,,2026-09-30,human_drop,none,9
Randy Eastman,+17184602226,"16417 32nd Ave Flushing, NY 11358","$1,000,000+","$100,000 - $124,999",2026-09-30,human_drop,none,14
Ruth Kessler,+13052715090,,,,2026-09-30,human_drop,requested,149
Henry Spieker,+13106705736,,,,2026-09-30,human_drop,none,31
Quang Ngo,+14156655548,"1831 33rd Ave San Francisco, CA 94122","$1,000,000+","$90,000 - $99,999",2026-09-30,human_drop,none,24
Betty Dow,+13052352617,,,,2026-09-30,human_drop,none,101
Alice Galang,+13103262868,"2160 W 236th St Torrance, CA 90501","$1,000,000+","$400,000 - $499,999",2026-09-30,human_drop,none,34
Charles Yates,+12813425997,,,,2026-09-30,human_drop,none,36
12813639913,+12813639913,,,,2026-09-30,human_drop,none,38
Gail Phillips,+13052321336,,,,2026-09-30,human_drop,none,6
Gabriela Riggleman,+12813941153,,,,2026-09-30,human_drop,none,52
Barclay Manley,+12812596557,,,,2026-09-30,human_drop,none,25
John Lombardi,+17183368344,"1812 E 33rd St Brooklyn, NY 11234","$900,000 - $999,999","$80,000 - $89,999",2026-09-30,human_drop,requested,146
John Priest,+12564355089,,,,2026-09-30,human_drop,none,10
Mary Luhring,+13034433051,"4226 26th St Boulder, CO 80304","$1,000,000+","$250,000 - $299,999",2026-09-30,human_drop,none,24
Gretchen Lambert,+12063653734,,,,2026-09-30,human_drop,none,38
Filemon Villagran,+12149481226,,,,2026-09-30,human_drop,none,10
Monica Meachem,+12129827412,,,,2026-09-30,human_drop,none,28
John Smith,+12147269219,,,,2026-09-30,human_drop,none,16
Sandra Thompson,+12143500360,,,,2026-09-30,human_drop,requested,147
Yvonne Quinn,+12126280932,,,,2026-09-30,human_drop,requested,48
Larry Fuchsman,+12124201225,"26 E 22nd St Apt 4 New York, NY 10010","$1,000,000+","$300,000 - $399,999",2026-09-30,human_drop,none,17
Jeff Abolofia,+12062461019,,,,2026-09-30,human_drop,none,43
Erica Harnett,+12122225125,,,,2026-09-30,human_drop,none,8
John Travis,+12104813022,,,,2026-09-30,human_drop,none,22
Eleni Alatzelis,+17187281453,"2448 32nd St Astoria, NY 11102","$1,000,000+","$30,000 - $39,999",2026-09-30,human_drop,none,69
Roy Mattox,+14257889432,"11715 338th Ave NE Carnation, WA 98014","$1,000,000+","$400,000 - $499,999",2026-09-30,human_drop,none,78
Joseph Engesmoe,+15072753439,"1423 330th St Hendricks, MN 56136","$1,000,000+","$50,000 - $59,999",2026-09-30,human_drop,none,33
Herman Mitchell,+12025827249,"2801 33rd St SE Washington, DC 20020","$1,000,000+","$175,000 - $199,999",2026-09-30,human_drop,none,59
Robert Faine,+12062323939,"7015 SE 32nd St Mercer Island, WA 98040","$1,000,000+","$400,000 - $499,999",2026-09-30,human_drop,none,41
Nicholas Reilly,+17182584540,"1246 E 32nd St Brooklyn, NY 11210","$1,000,000+","$50,000 - $59,999",2026-09-30,human_drop,none,48
Michele Morris,+12022445997,"6200 32nd Pl NW Washington, DC 20015","$1,000,000+","$50,000 - $59,999",2026-09-30,human_drop,none,43
Michael Salveson,+17035330712,"5606 32nd St N Arlington, VA 22207","$1,000,000+","$300,000 - $399,999",2026-09-30,human_drop,none,32
Domenick Macri,+17183770679,"1505 E 33rd St Brooklyn, NY 11234","$900,000 - $999,999","$50,000 - $59,999",2026-09-30,human_drop,none,7
Max Valbuena,+12023632486,"6928 32nd St NW Washington, DC 20015","$1,000,000+","$200,000 - $249,999",2026-09-30,human_drop,none,76
Michele Perillo,+16029572589,"6258 N 31st Way Phoenix, AZ 85016","$1,000,000+","$250,000 - $299,999",2026-09-30,human_drop,none,6
Michael Grebb,+17035384226,"5416 31st St N Arlington, VA 22207","$1,000,000+","$400,000 - $499,999",2026-09-30,human_drop,none,12
Anne Steen,+17035368070,"6100 30th St N Arlington, VA 22207","$1,000,000+","$250,000 - $299,999",2026-09-30,human_drop,none,20
James Werner,+16503458076,"1160 31st Ave San Mateo, CA 94403","$1,000,000+","$60,000 - $69,999",2026-09-30,human_drop,none,24
Rebecca Morgan,+17278220438,"612 32nd Ave N Saint Petersburg, FL 33704","$1,000,000+","$90,000 - $99,999",2026-09-30,human_drop,none,66
Marilyn Stroble,+12187454473,"13825 320th Ave NW Warren, MN 56762","$1,000,000+","$90,000 - $99,999",2026-09-30,human_drop,none,30
Christopher Paddack,+12023641040,"5460 30th Pl NW Washington, DC 20015","$900,000 - $999,999","$300,000 - $399,999",2026-09-30,human_drop,none,23
Neil Rodgers,+12022441933,"4601 31st St NW Washington, DC 20008","$1,000,000+","$400,000 - $499,999",2026-09-30,human_drop,none,42
Eric Carey,+17035243966,"4041 25th St N Arlington, VA 22207","$1,000,000+","$250,000 - $299,999",2026-09-30,human_drop,none,12
Holly Schickler,+17035215610,"1416 22nd St S Arlington, VA 22202","$1,000,000+","$200,000 - $249,999",2026-09-30,human_drop,none,31
Stuart Taylor,+17723404464,,,,2026-09-30,human_drop,none,31
Peter Wolfe,+17865362941,,,,2026-09-30,human_drop,none,22
Mary Renner,+12098445390,,,,2026-09-30,human_drop,none,22
Juliann Bly,+18584125177,,,,2026-09-30,human_drop,none,49
Nolca Decena,+12679005866,,,,2026-09-30,human_drop,none,28
Sarath Kotelawala,+12068784619,"1653 S 225th St Des Moines, WA 98198","$900,000 - $999,999","$80,000 - $89,999",2026-09-30,human_drop,none,17
Timothy Henning,+12186822331,"3080 20th Ave NW Hackensack, MN 56452","$1,000,000+","$60,000 - $69,999",2026-09-30,human_drop,none,13
Rita Baker,+14254833594,,,,2026-09-30,human_drop,none,27
Irving Kodimer,+13105454363,"213 20th St Manhattan Beach, CA 90266","$1,000,000+","$200,000 - $249,999",2026-09-30,human_drop,none,49
Jameel Ali,+17186598614,,,,2026-09-30,human_drop,none,66
Steven Gross,+12103660980,,,,2026-09-30,human_drop,none,21
Diane Hunsaker,+19549159975,"13931 SW 24th St Davie, FL 33325","$1,000,000+","$100,000 - $124,999",2026-09-30,human_drop,requested,147
Jay Goldberg,+19543459820,,,,2026-09-30,human_drop,none,49
Mary Collins,+14254510674,,,,2026-09-30,human_drop,none,64
James Diaz,+14153876923,"139 20th Ave San Francisco, CA 94121","$1,000,000+","$50,000 - $59,999",2026-09-30,human_drop,none,44
Adeline Phildor,+17185267776,,,,2026-09-30,human_drop,none,29
Walter Born,+19367012062,,,,2026-09-30,human_drop,none,12
Therese Deasy,+14156812590,"2611 21st Ave San Francisco, CA 94116","$1,000,000+","$30,000 - $39,999",2026-09-30,human_drop,none,36
Bernard Stein,+13052321422,,,,2026-09-30,human_drop,none,19
Egozi Sarah,+13058640533,,,,2026-09-30,human_drop,none,20
Lylith Wadsworth,+13052381267,,,,2026-09-30,human_drop,none,14
Molly Delain,+19204069030,,,,2026-09-30,human_drop,none,23
Jo Moore,+15304778099,,,,2026-09-30,human_drop,requested,224
Joy Galariada,+18087346741,,,,2026-09-30,human_drop,none,23
Christina Folino,+19149373728,,,,2026-09-30,human_drop,none,29
Joan Delanoy,+17603242921,,,,2026-09-30,human_drop,requested,128
David Frager,+15127948886,,,,2026-09-30,human_drop,none,44
Harry Paltoo,+17185232803,,,,2026-09-30,human_drop,none,30
Sara Brandon,+15106538213,,,,2026-09-30,human_drop,none,181
Claire Holzman,+17817620087,,,,2026-09-30,human_drop,none,14
Kenneth Carter,+19366377785,,,,2026-09-30,human_drop,none,25
Helen Moloney,+17187265050,,,,2026-09-30,human_drop,none,10
Jennie Meehan,+14087230385,,,,2026-09-30,human_drop,none,65
Eva Moldovan,+17187453218,,,,2026-09-30,human_drop,none,15
Susan Denmark,+15163745996,,,,2026-09-30,human_drop,none,180
Carole Doneski,+16827088254,,,,2026-09-30,human_drop,none,26
Leib Schapiro,+13055318079,,,,2026-09-30,human_drop,none,32
James Ebner,+18308994026,,,,2026-09-30,human_drop,none,26
Malinda Sayers,+15403897105,,,,2026-09-30,human_drop,none,55
Joseph Reid,+19544735951,,,,2026-09-30,human_drop,none,24
Chi Wong,+15108395908,,,,2026-09-30,human_drop,none,23
Sandra Watkins,+19259348004,,,,2026-09-30,human_drop,none,36
Hannah Miles,+17033605324,,,,2026-09-30,human_drop,none,50
Steven Davis,+16084573072,,,,2026-09-30,human_drop,none,25
Linton Brooks,+15123275933,,,,2026-09-30,human_drop,requested,197
Charles Petrek,+18174440782,,,,2026-09-30,human_drop,none,47
Darlene Fries,+19896894732,,,,2026-09-30,human_drop,none,38
Marilynn Deforge,+13015308830,,,,2026-09-30,human_drop,none,33
Bona Scarpa,+16099670505,"8601 1st Ave Stone Harbor, NJ 08247","$1,000,000+","$400,000 - $499,999",2026-09-30,human_drop,none,40
Susan Morgan,+19038763920,,,,2026-09-30,human_drop,requested,162
Robert Duron,+15122856426,,,,2026-09-30,human_drop,none,15
15616596848,+15616596848,,,,2026-09-30,human_drop,none,21
Katherine Williams,+13108335002,,,,2026-09-30,human_drop,none,19
Craig Zastera,+14258442811,"19407 229th Ave NE Woodinville, WA 98077","$1,000,000+","$300,000 - $399,999",2026-09-30,human_drop,none,12
Bryan Decaul,+13214413008,,,,2026-09-30,human_drop,none,69
Charles Turney,+15594853419,,,,2026-09-30,human_drop,requested,247
Terry Miller,+17403533247,,,,2026-09-30,human_drop,none,101
Rose Kosmoski,+17725450829,,,,2026-09-30,human_drop,none,22
James Lipsey,+19364474944,,,,2026-09-30,human_drop,none,86
Catherine Vouvoudakis,+17187621071,,,,2026-09-30,human_drop,none,26
Cora Long,+18136451942,,,,2026-09-30,human_drop,requested,634
Arthur Shaw,+13606519353,,,,2026-09-30,human_drop,none,26
Sandra Schiller,+15128366615,,,,2026-09-30,human_drop,none,16
Ellen Ashcraft,+13037567389,,,,2026-09-30,human_drop,none,29
Christopher Bailey,+12143837455,,,,2026-09-30,human_drop,none,253
Rachel Weiner,+17189721776,,,,2026-09-30,human_drop,none,20
Brad Mancuso,+14025585142,,,,2026-09-30,human_drop,none,52
Robert Spinney,+17184616518,"15150 28th Ave Flushing, NY 11354","$900,000 - $999,999","$50,000 - $59,999",2026-09-30,human_drop,none,25
Richard Fitch,+18582742447,,,,2026-09-30,human_drop,none,39
Carol Anderson,+16056934207,,,,2026-09-30,human_drop,none,18
Sharon Berrier,+17195479350,,,,2026-09-30,human_drop,none,26
Jo Rodda,+13103797966,,,,2026-09-30,human_drop,none,14
Carol Mindermann,+14157311579,"2570 29th Ave San Francisco, CA 94116","$1,000,000+","$250,000 - $299,999",2026-09-30,human_drop,none,19
Deborah Clefish,+15158364727,,,,2026-09-30,human_drop,none,28
Esmeralda Arias,+18187096852,,,,2026-09-30,human_drop,none,37
Wayne Blanchette,+18159332429,,,,2026-09-30,human_drop,none,46
,+17183577609,,,,2026-09-30,human_drop,requested,191
Quentin Fairchild,+19364351267,,,,2026-09-30,human_drop,requested,209
Sandra Pearson,+16162855390,,,,2026-09-30,human_drop,none,16
Cheryl Bevington,+13108372783,,,,2026-09-30,human_drop,none,61
Jacqueline Armborst,+13604682126,,,,2026-09-30,human_drop,none,34
Eugene Noeldner,+16057564156,,,,2026-09-30,human_drop,none,19
Jack Ewing,+19566822853,,,,2026-09-30,human_drop,none,41
,+15106538213,,,,2026-09-30,human_drop,none,31
Hamdi Kanawati,+19722174441,,,,2026-09-30,human_drop,none,27
Kenneth Miller,+13205972411,,,,2026-09-30,human_drop,none,51
Bradford Lyttle,+17733240654,,,,2026-09-30,human_drop,none,51
Simje Slomiuc,+17184354829,,,,2026-09-30,human_drop,none,30
James Krainson,+13056660211,,,,2026-09-30,human_drop,none,16
Mabelanne Marston,+12133865683,,,,2026-09-30,human_drop,requested,160
Florence Hitchcock,+14156483689,"408 30th St San Francisco, CA 94131","$1,000,000+","$50,000 - $59,999",2026-09-30,human_drop,none,31
Loren Weeks,+17188329874,"435 2nd St Apt 4 Brooklyn, NY 11215","$1,000,000+","$300,000 - $399,999",2026-09-30,human_drop,none,15
Jane Ashley,+12069564486,"2033 2nd Ave Apt 1002 Seattle, WA 98121","$1,000,000+","$400,000 - $499,999",2026-09-30,human_drop,none,38
Warren Stern,+13058584554,"420 SW 30th Rd Miami, FL 33129","$900,000 - $999,999","$50,000 - $59,999",2026-09-30,human_drop,none,25
Donn Best,+14253186032,"10215 302nd Way NE Carnation, WA 98014","$1,000,000+","$300,000 - $399,999",2026-09-30,human_drop,none,47
Pearl Campbell,+14256411334,"13876 SE 2nd St Bellevue, WA 98005","$1,000,000+","$80,000 - $89,999",2026-09-30,human_drop,none,82
Walter Scott,+12108244739,,,,2026-09-30,human_drop,none,32
Brian Quinn,+13105462857,"591 27th St Manhattan Beach, CA 90266","$1,000,000+","$400,000 - $499,999",2026-09-30,human_drop,none,25
Norma Shafer,+16022654818,"5547 N 2nd St Phoenix, AZ 85012","$900,000 - $999,999","$100,000 - $124,999",2026-09-30,human_drop,none,33
Zahida Sheikh,+17188592646,"644 E 29th St Brooklyn, NY 11210","$1,000,000+","$30,000 - $39,999",2026-09-30,human_drop,none,21
,+15106538213,,,,2026-09-30,human_drop,requested,133
Suryakant Desai,+15168254987,"8224 250th St Bellerose, NY 11426","$900,000 - $999,999","$250,000 - $299,999",2026-09-30,human_drop,none,46
18309972151,+18309972151,,,,2026-09-30,human_drop,none,42
John Larissou,+14157310622,"2651 25th Ave San Francisco, CA 94116","$1,000,000+","$70,000 - $79,999",2026-09-30,human_drop,none,33
,+13108372783,,,,2026-09-30,human_drop,none,19
Farnsworth Munro,+17184697166,,,,2026-09-30,human_drop,none,42
Joseph Bronikowski,+14145294515,,,,2026-09-30,human_drop,none,21
Eileen Harty,+16172419343,,,,2026-09-30,human_drop,requested,158
Moshe Eisen,+17186339167,,,,2026-09-30,human_drop,none,47
Kathleen Brown,+17324497046,"5 2nd Ave Sea Girt, NJ 08750","$1,000,000+","$100,000 - $124,999",2026-09-30,human_drop,none,81
Kenny Ali,+15162311009,"8923 217th St Queens Village, NY 11427","$900,000 - $999,999","$150,000 - $174,999",2026-09-30,human_drop,none,33
John Papadopoulos,+17187282174,"2436 26th St Astoria, NY 11102","$1,000,000+","$50,000 - $59,999",2026-09-30,human_drop,none,28
Carol Wolf,+15077672248,"62931 220th Ave Kellogg, MN 55945","$1,000,000+","$100,000 - $124,999",2026-09-30,human_drop,transfer_api_accepted,202
Virginia Chiu,+17188918627,"2073 E 22nd St Brooklyn, NY 11229","$1,000,000+","$50,000 - $59,999",2026-09-30,human_drop,none,37
Sophie Finkelman,+17186462973,"2121 E 21st St Brooklyn, NY 11229","$1,000,000+","$20,000 - $29,999",2026-09-30,human_drop,none,31
Rita Alvarez,+13058586265,"711 SW 23rd Rd Miami, FL 33129","$1,000,000+","$70,000 - $79,999",2026-09-30,human_drop,none,34
Antonio Messina,+13478480051,"2150 41st St Long Island City, NY 11105","$1,000,000+","$250,000 - $299,999",2026-09-30,human_drop,none,18
Harry Weinreich,+17184358420,"1610 42nd St Apt 1 Brooklyn, NY 11204","$900,000 - $999,999","$100,000 - $124,999",2026-09-30,human_drop,requested,174
Sara Beltran,+17182850864,"19004 42nd Ave Flushing, NY 11358","$1,000,000+","$40,000 - $49,999",2026-09-30,human_drop,none,14
Anna Lopiccolo,+17184356085,"1152 41st St Brooklyn, NY 11218","$1,000,000+","$30,000 - $39,999",2026-09-30,human_drop,none,30
Israel Halberstam,+17189724793,"1604 42nd St Brooklyn, NY 11204","$1,000,000+","$70,000 - $79,999",2026-09-30,human_drop,none,23
Donald Kramer,+13059330312,"19955 NE 38th Ct Apt 504 Aventura, FL 33180","$1,000,000+","$400,000 - $499,999",2026-09-30,human_drop,none,20
Henry Kulinski,+16094942161,"262 N 3rd St Surf City, NJ 08008","$900,000 - $999,999","$150,000 - $174,999",2026-09-30,human_drop,none,11
Christopher Henney,+12063227122,"414 39th Ave E Seattle, WA 98112","$1,000,000+","$300,000 - $399,999",2026-09-30,human_drop,none,84
Donald Kaiser,+17189324913,"2124 38th St Long Island City, NY 11105","$1,000,000+","$300,000 - $399,999",2026-09-30,human_drop,none,53
Izabella Fishman,+14152218809,"818 38th Ave San Francisco, CA 94121","$900,000 - $999,999","$80,000 - $89,999",2026-09-30,human_drop,none,22
Melvina Olson,+12189834611,"30003 374th St Ogema, MN 56569","$1,000,000+","$100,000 - $124,999",2026-09-30,human_drop,none,33
Harvey Radtke,+12188672715,"14426 370th St Rothsay, MN 56579","$1,000,000+","$100,000 - $124,999",2026-09-30,human_drop,none,66
Peter Hill,+17035227922,"3633 37th St N Arlington, VA 22207","$1,000,000+","$300,000 - $399,999",2026-09-30,human_drop,none,180
William Montalvo,+12126790158,"120 E 36th St Apt 3h New York, NY 10016","$1,000,000+","$40,000 - $49,999",2026-09-30,human_drop,none,36
Mary Beck,+12062848263,"3038 37th Ave W Seattle, WA 98199","$1,000,000+","$400,000 - $499,999",2026-09-30,human_drop,none,27
Rebecca Aarestad,+12189833788,"30000 374th St Ogema, MN 56569","$1,000,000+","$70,000 - $79,999",2026-09-30,human_drop,none,62
Larry Shearin,+17035360333,"6500 36th St N Arlington, VA 22213","$900,000 - $999,999","$300,000 - $399,999",2026-09-30,human_drop,none,53
Ai Ha,+14156680832,"532 36th Ave San Francisco, CA 94121","$900,000 - $999,999","Under $20,000",2026-09-30,human_drop,none,28
Kevin Folkman,+14258854967,"17515 NE 33rd Pl Redmond, WA 98052","$1,000,000+","$400,000 - $499,999",2026-09-30,human_drop,none,20
Gilbert Flanagan,+12065249428,"6803 34th Ave NE Seattle, WA 98115","$900,000 - $999,999","$300,000 - $399,999",2026-09-30,human_drop,none,35
Sally Cardaci,+17184281256,"5023 215th St Bayside Hills, NY 11364","$1,000,000+","$60,000 - $69,999",2026-09-30,human_drop,none,18
Beth Sabo,+17184215010,"1375 E 29th St Brooklyn, NY 11210","$900,000 - $999,999","$40,000 - $49,999",2026-09-30,human_drop,none,65
Maria Disalvo,+17184235713,"5635 202nd St Bayside, NY 11364","$1,000,000+","$100,000 - $124,999",2026-09-30,human_drop,none,10
Alfred Goldstein,+17183321657,"2348 E 28th St Brooklyn, NY 11229","$900,000 - $999,999","$20,000 - $29,999",2026-09-30,human_drop,none,14
Paul Kuiken,+12189272710,"30853 350th Ave Aitkin, MN 56431","$900,000 - $999,999","$80,000 - $89,999",2026-09-30,human_drop,none,38
Eli Dagmy,+17182585090,"1620 E 22nd St Brooklyn, NY 11210","$1,000,000+","$400,000 - $499,999",2026-09-30,human_drop,none,11
Judy Mittelmann,+17183762048,"1806 E 22nd St Brooklyn, NY 11229","$1,000,000+","$100,000 - $124,999",2026-09-30,human_drop,none,30
Sandra Reeves,+17182822968,,,,2026-09-30,human_drop,none,22
John Fazio,+17183311829,,,,2026-09-30,human_drop,none,80
,+17182870351,,,,2026-09-30,human_drop,none,24
Judith Glogovsky,+17183589589,,,,2026-09-30,human_drop,none,33
Soo Moy,+17182714603,,,,2026-09-30,human_drop,none,44
Calogro Messina,+17182744647,"4507 20th Rd Long Island City, NY 11105","$1,000,000+","$60,000 - $69,999",2026-09-30,human_drop,none,87
Nigel Bennett,+17182291241,"4806 215th St Bayside Hills, NY 11364","$1,000,000+","$90,000 - $99,999",2026-09-30,human_drop,none,23
Helene Demaria,+17182298106,"3636 201st St Bayside, NY 11361","$900,000 - $999,999","$70,000 - $79,999",2026-09-30,human_drop,none,75
Michael Redman,+12067835810,"7405 34th Ave NW Seattle, WA 98117","$1,000,000+","$250,000 - $299,999",2026-09-30,human_drop,none,48
Antonio Diaz,+17182255783,"3924 222nd St Bayside, NY 11361","$1,000,000+","$70,000 - $79,999",2026-09-30,human_drop,none,22
,+17183577609,,,,2026-09-30,human_drop,requested,150
Leo Murphy,+17184458119,"14615 33rd Ave Flushing, NY 11354","$1,000,000+","$50,000 - $59,999",2026-09-30,human_drop,none,32
Mary Henderson,+17136642061,,,,2026-09-30,human_drop,none,43
William Buck,+17035365211,"4524 35th Rd N Arlington, VA 22207","$1,000,000+","$300,000 - $399,999",2026-09-30,human_drop,none,100
Gloria Lea,+17135287178,,,,2026-09-30,human_drop,none,46
Patricia Tedder,+17136678722,,,,2026-09-30,human_drop,none,35
Toni Meacham,+19544633091,"2741 NE 35th Dr Fort Lauderdale, FL 33308","$1,000,000+","$400,000 - $499,999",2026-09-30,human_drop,none,11
17136234105,+17136234105,,,,2026-09-30,human_drop,none,31
Christopher Schirmer,+17134360040,,,,2026-09-30,human_drop,none,32
Lawrence Miggins,+17135237222,,,,2026-09-30,human_drop,none,38
Nadine Tunnell,+17072573059,,,,2026-09-30,human_drop,none,11
MYRTLE BEACH,+17032012892,,,,2026-09-30,human_drop,none,53
Beverly Basile,+16172327333,,,,2026-09-30,human_drop,none,83
Patrick Mcmanus,+16182341492,,,,2026-09-30,human_drop,none,13
Lei Tang,+16029770844,,,,2026-09-30,human_drop,none,35
Charles Wald,+16053415027,,,,2026-09-30,human_drop,none,28
William Dautrechy,+16094943016,,,,2026-09-30,human_drop,none,59
Barbara Buell,+15083586134,,,,2026-09-30,human_drop,none,31
Texe Marrs,+15122639780,,,,2026-09-30,human_drop,none,25
Ed Smith,+15035438595,,,,2026-09-30,human_drop,none,33
Lynne Tilsen,+15106544778,,,,2026-09-30,human_drop,none,21
John Griffin,+14803918370,,,,2026-09-30,human_drop,none,47
Scott Wootton,+14356542455,,,,2026-09-30,human_drop,requested,126
Russell Beltz,+14258821783,"14251 214th Way NE Woodinville, WA 98077","$1,000,000+","$400,000 - $499,999",2026-09-30,human_drop,none,47
Donald Jones,+14258610844,,,,2026-09-30,human_drop,none,61
Leonard Rifas,+12069859483,"6838 32nd Ave NE Seattle, WA 98115","$900,000 - $999,999","$250,000 - $299,999",2026-09-30,human_drop,none,19
Ruth Turpin,+13105455592,"436 35th St Manhattan Beach, CA 90266","$1,000,000+","$400,000 - $499,999",2026-09-30,human_drop,none,35
Frances Sampson,+17136228133,,,,2026-09-30,human_drop,none,26
Joan Cooper,+14157524516,"40 21st Ave San Francisco, CA 94121","$1,000,000+","$40,000 - $49,999",2026-09-30,human_drop,none,17
Donna Posard,+14154914118,,,,2026-09-30,human_drop,requested,142
Neil Nathan,+14097441017,,,,2026-09-30,human_drop,none,12
Carolyn Middlemist,+16029552840,"6212 N 34th Pl Paradise Valley, AZ 85253","$1,000,000+","$300,000 - $399,999",2026-09-30,human_drop,none,14
Lynette Stufft,+14109231290,,,,2026-09-30,human_drop,none,106
Arlene Dragon,+14108206600,,,,2026-09-30,human_drop,none,47
Steven Flickinger,+13606590895,,,,2026-09-30,human_drop,none,47
John Carpenter,+14258277097,,,,2026-09-30,human_drop,none,20
Richard Weaver,+14098980037,,,,2026-09-30,human_drop,none,27
William Huyette,+13608928378,,,,2026-09-30,human_drop,none,38
Michael Henniger,+15033311561,,,,2026-09-30,human_drop,none,24
Rudy Deluca,+13238749855,,,,2026-09-30,human_drop,requested,75
Dale Venne,+13192346418,,,,2026-09-30,human_drop,none,8
Shelley Dahlgren,+14253925172,"4449 242nd Ave SE Sammamish, WA 98029","$1,000,000+","$200,000 - $249,999",2026-09-30,human_drop,none,45
Everett Lindberg,+13602569702,"15612 NE 244th Ave Brush Prairie, WA 98606","$1,000,000+","$250,000 - $299,999",2026-09-30,human_drop,none,29
Beatriz Bueno,+13054441993,,,,2026-09-30,human_drop,none,10
Stephanie Edmark,+13606661285,"7611 NE 296th Way Battle Ground, WA 98604","$900,000 - $999,999","$200,000 - $249,999",2026-09-30,human_drop,none,22
,Anonymous,,,,2026-09-30,human_drop,requested,136
Quang Ngo,+14156655548,"1831 33rd Ave San Francisco, CA 94122","$1,000,000+","$90,000 - $99,999",2026-09-30,human_drop,none,18
Randy Eastman,+17184602226,"16417 32nd Ave Flushing, NY 11358","$1,000,000+","$100,000 - $124,999",2026-09-30,human_drop,none,19
Ruth Kessler,+13052715090,,,,2026-09-30,human_drop,requested,133
Betty Dow,+13052352617,,,,2026-09-30,human_drop,none,65
Alice Galang,+13103262868,"2160 W 236th St Torrance, CA 90501","$1,000,000+","$400,000 - $499,999",2026-09-30,human_drop,none,17
Gail Phillips,+13052321336,,,,2026-09-30,human_drop,none,11
Charles Yates,+12813425997,,,,2026-09-30,human_drop,none,33
Mary Luhring,+13034433051,"4226 26th St Boulder, CO 80304","$1,000,000+","$250,000 - $299,999",2026-09-30,human_drop,none,26
John Priest,+12564355089,,,,2026-09-30,human_drop,none,10
Gretchen Lambert,+12063653734,,,,2026-09-30,human_drop,none,39
John Smith,+12147269219,,,,2026-09-30,human_drop,none,26
Emmy Omoto,+12128759629,,,,2026-09-30,human_drop,none,30
Sandra Thompson,+12143500360,,,,2026-09-30,human_drop,requested,168
Monica Meachem,+12129827412,,,,2026-09-30,human_drop,none,17
Larry Fuchsman,+12124201225,"26 E 22nd St Apt 4 New York, NY 10010","$1,000,000+","$300,000 - $399,999",2026-09-30,human_drop,none,14
Bettina Paley,+12122423143,,,,2026-09-30,human_drop,none,55
Jeff Abolofia,+12062461019,,,,2026-09-30,human_drop,none,31
John Travis,+12104813022,,,,2026-09-30,human_drop,none,28
Roy Mattox,+14257889432,"11715 338th Ave NE Carnation, WA 98014","$1,000,000+","$400,000 - $499,999",2026-09-30,human_drop,none,12
Robert Faine,+12062323939,"7015 SE 32nd St Mercer Island, WA 98040","$1,000,000+","$400,000 - $499,999",2026-09-30,human_drop,none,181
Charles Ott,+12026861625,"6656 32nd St NW Washington, DC 20015","$1,000,000+","$250,000 - $299,999",2026-09-30,human_drop,none,27
Michele Morris,+12022445997,"6200 32nd Pl NW Washington, DC 20015","$1,000,000+","$50,000 - $59,999",2026-09-30,human_drop,none,37
Nicholas Reilly,+17182584540,"1246 E 32nd St Brooklyn, NY 11210","$1,000,000+","$50,000 - $59,999",2026-09-30,human_drop,none,59
Dennis Goerdt,+12184582115,"31898 330th St Wendell, MN 56590","$1,000,000+","$50,000 - $59,999",2026-09-30,human_drop,requested,139
Michael Salveson,+17035330712,"5606 32nd St N Arlington, VA 22207","$1,000,000+","$300,000 - $399,999",2026-09-30,human_drop,none,32
Steven Lough,+12065241351,"6021 32nd Ave NE Seattle, WA 98115","$900,000 - $999,999","$200,000 - $249,999",2026-09-30,human_drop,none,65
Max Valbuena,+12023632486,"6928 32nd St NW Washington, DC 20015","$1,000,000+","$200,000 - $249,999",2026-09-30,human_drop,none,28
Mary Pekot,+17033516396,"3883 30th St N Arlington, VA 22207","$1,000,000+","$200,000 - $249,999",2026-09-30,human_drop,none,10
Michael Grebb,+17035384226,"5416 31st St N Arlington, VA 22207","$1,000,000+","$400,000 - $499,999",2026-09-30,human_drop,none,27
James Werner,+16503458076,"1160 31st Ave San Mateo, CA 94403","$1,000,000+","$60,000 - $69,999",2026-09-30,human_drop,none,25
Christopher Paddack,+12023641040,"5460 30th Pl NW Washington, DC 20015","$900,000 - $999,999","$300,000 - $399,999",2026-09-30,human_drop,none,46
Laura Sereno,+12022445666,"3409 30th St NW Washington, DC 20008","$1,000,000+","$400,000 - $499,999",2026-09-30,human_drop,none,8
Victor Hook,+13105811509,"2315 31st St Santa Monica, CA 90405","$900,000 - $999,999","$70,000 - $79,999",2026-09-30,human_drop,none,46
Eric Carey,+17035243966,"4041 25th St N Arlington, VA 22207","$1,000,000+","$250,000 - $299,999",2026-09-30,human_drop,none,14
Stuart Taylor,+17723404464,,,,2026-09-30,human_drop,none,23
Peter Wolfe,+17865362941,,,,2026-09-30,human_drop,none,18
Holly Schickler,+17035215610,"1416 22nd St S Arlington, VA 22202","$1,000,000+","$200,000 - $249,999",2026-09-30,human_drop,none,60
Gary Malasky,+12023629565,,,,2026-09-30,human_drop,none,26
Nolca Decena,+12679005866,,,,2026-09-30,human_drop,none,28
Madeleine Beresford,+12016523537,,,,2026-09-30,human_drop,none,27
Juliann Bly,+18584125177,,,,2026-09-30,human_drop,none,22
Mary Renner,+12098445390,,,,2026-09-30,human_drop,none,12
Sarath Kotelawala,+12068784619,"1653 S 225th St Des Moines, WA 98198","$900,000 - $999,999","$80,000 - $89,999",2026-09-30,human_drop,none,114
Irving Kodimer,+13105454363,"213 20th St Manhattan Beach, CA 90266","$1,000,000+","$200,000 - $249,999",2026-09-30,human_drop,none,40
Timothy Henning,+12186822331,"3080 20th Ave NW Hackensack, MN 56452","$1,000,000+","$60,000 - $69,999",2026-09-30,human_drop,none,10
Rita Baker,+14254833594,,,,2026-09-30,human_drop,none,55
Marilyn Labrocca,+17183577609,,,,2026-09-30,human_drop,none,10
Jameel Ali,+17186598614,,,,2026-09-30,human_drop,none,22
Jay Goldberg,+19543459820,,,,2026-09-30,human_drop,none,44
Mary Collins,+14254510674,,,,2026-09-30,human_drop,none,61
Diane Hunsaker,+19549159975,"13931 SW 24th St Davie, FL 33325","$1,000,000+","$100,000 - $124,999",2026-09-30,human_drop,requested,113
Steven Gross,+12103660980,,,,2026-09-30,human_drop,none,36
Therese Deasy,+14156812590,"2611 21st Ave San Francisco, CA 94116","$1,000,000+","$30,000 - $39,999",2026-09-30,human_drop,none,39
Walter Born,+19367012062,,,,2026-09-30,human_drop,none,12
Egozi Sarah,+13058640533,,,,2026-09-30,human_drop,none,25
Molly Delain,+19204069030,,,,2026-09-30,human_drop,none,27
Joy Galariada,+18087346741,,,,2026-09-30,human_drop,none,40
Lylith Wadsworth,+13052381267,,,,2026-09-30,human_drop,none,15
Jo Moore,+15304778099,,,,2026-09-30,human_drop,none,80
Joan Delanoy,+17603242921,,,,2026-09-30,human_drop,none,58
Christina Folino,+19149373728,,,,2026-09-30,human_drop,none,23
David Frager,+15127948886,,,,2026-09-30,human_drop,none,44
Harry Paltoo,+17185232803,,,,2026-09-30,human_drop,none,20
Stanley Lease,+17324945658,,,,2026-09-30,human_drop,none,20
Claire Holzman,+17817620087,,,,2026-09-30,human_drop,none,35
Eva Moldovan,+17187453218,,,,2026-09-30,human_drop,none,15
Terry Rupe,+16205873880,,,,2026-09-30,human_drop,none,34
Helen Moloney,+17187265050,,,,2026-09-30,human_drop,requested,194
Susan Denmark,+15163745996,,,,2026-09-30,human_drop,none,24
Carole Doneski,+16827088254,,,,2026-09-30,human_drop,none,28
Irene Mccarthy,+17189793079,,,,2026-09-30,human_drop,none,24
Sandra Watkins,+19259348004,,,,2026-09-30,human_drop,none,43
Joseph Reid,+19544735951,,,,2026-09-30,human_drop,none,17
Malinda Sayers,+15403897105,,,,2026-09-30,human_drop,none,33
Steven Davis,+16084573072,,,,2026-09-30,human_drop,none,21
Bluma Lebron,+17184359494,,,,2026-09-30,human_drop,none,46
Charles Petrek,+18174440782,,,,2026-09-30,human_drop,none,38
Linton Brooks,+15123275933,,,,2026-09-30,human_drop,requested,137
Marilynn Deforge,+13015308830,,,,2026-09-30,human_drop,none,43
Darlene Fries,+19896894732,,,,2026-09-30,human_drop,requested,125
Susan Morgan,+19038763920,,,,2026-09-30,human_drop,requested,132
Grace Raggi,+17183523137,"2732 203rd St # 2 Bayside, NY 11360","$1,000,000+","$60,000 - $69,999",2026-09-30,human_drop,none,10
15616596848,+15616596848,,,,2026-09-30,human_drop,none,20
Robert Duron,+15122856426,,,,2026-09-30,human_drop,none,18
Terry Miller,+17403533247,,,,2026-09-30,human_drop,requested,119
John Yackshaw,+12065463593,,,,2026-09-30,human_drop,none,31
Rose Kosmoski,+17725450829,,,,2026-09-30,human_drop,none,68
James Lipsey,+19364474944,,,,2026-09-30,human_drop,requested,136
Saul Ganchrow,+19549614135,,,,2026-09-30,human_drop,none,28
Sandra Schiller,+15128366615,,,,2026-09-30,human_drop,none,24
Arthur Shaw,+13606519353,,,,2026-09-30,human_drop,none,35
Rita Fleischer,+12122550327,,,,2026-09-30,human_drop,none,19
Richard Fitch,+18582742447,,,,2026-09-30,human_drop,requested,160
Robert Spinney,+17184616518,"15150 28th Ave Flushing, NY 11354","$900,000 - $999,999","$50,000 - $59,999",2026-09-30,human_drop,requested,154
Carol Anderson,+16056934207,,,,2026-09-30,human_drop,none,13
Michael Kahan,+17189989538,,,,2026-09-30,human_drop,none,34
Sharon Berrier,+17195479350,,,,2026-09-30,human_drop,none,74
Jo Rodda,+13103797966,,,,2026-09-30,human_drop,none,11
Deborah Clefish,+15158364727,,,,2026-09-30,human_drop,none,26
Wayne Blanchette,+18159332429,,,,2026-09-30,human_drop,none,38
Esmeralda Arias,+18187096852,,,,2026-09-30,human_drop,none,43
Quentin Fairchild,+19364351267,,,,2026-09-30,human_drop,none,34
Eugene Noeldner,+16057564156,,,,2026-09-30,human_drop,none,17
Jack Ewing,+19566822853,,,,2026-09-30,human_drop,none,113
Florence Hitchcock,+14156483689,"408 30th St San Francisco, CA 94131","$1,000,000+","$50,000 - $59,999",2026-09-30,human_drop,none,24
James Krainson,+13056660211,,,,2026-09-30,human_drop,none,39
Mabelanne Marston,+12133865683,,,,2026-09-30,human_drop,requested,164
Warren Stern,+13058584554,"420 SW 30th Rd Miami, FL 33129","$900,000 - $999,999","$50,000 - $59,999",2026-09-30,human_drop,none,22
Jane Ashley,+12069564486,"2033 2nd Ave Apt 1002 Seattle, WA 98121","$1,000,000+","$400,000 - $499,999",2026-09-30,human_drop,none,38
Donn Best,+14253186032,"10215 302nd Way NE Carnation, WA 98014","$1,000,000+","$300,000 - $399,999",2026-09-30,human_drop,none,14
Mehmood Bhatti,+17183360714,"1821 E 2nd St Brooklyn, NY 11223","$1,000,000+","$60,000 - $69,999",2026-09-30,human_drop,none,10
Judy Zeeman,+18014653476,,,,2026-09-30,human_drop,none,9
Norma Shafer,+16022654818,"5547 N 2nd St Phoenix, AZ 85012","$900,000 - $999,999","$100,000 - $124,999",2026-09-30,human_drop,none,31
Brian Quinn,+13105462857,"591 27th St Manhattan Beach, CA 90266","$1,000,000+","$400,000 - $499,999",2026-09-30,human_drop,none,38
James Santo,+13523511123,"8044 NW 28th St Ocala, FL 34482","$900,000 - $999,999","$70,000 - $79,999",2026-09-30,human_drop,none,41
Zahida Sheikh,+17188592646,"644 E 29th St Brooklyn, NY 11210","$1,000,000+","$30,000 - $39,999",2026-09-30,human_drop,none,32
John Larissou,+14157310622,"2651 25th Ave San Francisco, CA 94116","$1,000,000+","$70,000 - $79,999",2026-09-30,human_drop,none,45
Suryakant Desai,+15168254987,"8224 250th St Bellerose, NY 11426","$900,000 - $999,999","$250,000 - $299,999",2026-09-30,human_drop,none,35
Farnsworth Munro,+17184697166,,,,2026-09-30,human_drop,none,36
18309972151,+18309972151,,,,2026-09-30,human_drop,none,35
Johny Andrade,+19544325908,,,,2026-09-30,human_drop,none,25
Eileen Harty,+16172419343,,,,2026-09-30,human_drop,requested,145
Daniel Buonocore,+17188587906,"33 2nd St Brooklyn, NY 11231","$1,000,000+","$50,000 - $59,999",2026-09-30,human_drop,requested,170
Christine Mance,+12025293578,,,,2026-09-30,human_drop,none,18
Kathleen Brown,+17324497046,"5 2nd Ave Sea Girt, NJ 08750","$1,000,000+","$100,000 - $124,999",2026-09-30,human_drop,none,51
Dennis Holland,+14805632634,,,,2026-09-30,human_drop,requested,151
Carol Wolf,+15077672248,"62931 220th Ave Kellogg, MN 55945","$1,000,000+","$100,000 - $124,999",2026-09-30,human_drop,requested,132
Kenny Ali,+15162311009,"8923 217th St Queens Village, NY 11427","$900,000 - $999,999","$150,000 - $174,999",2026-09-30,human_drop,none,30
Thomas Henderson,+14152216402,"634 21st Ave San Francisco, CA 94121","$1,000,000+","$60,000 - $69,999",2026-09-30,human_drop,none,181
Sophie Finkelman,+17186462973,"2121 E 21st St Brooklyn, NY 11229","$1,000,000+","$20,000 - $29,999",2026-09-30,human_drop,none,29
Virginia Chiu,+17188918627,"2073 E 22nd St Brooklyn, NY 11229","$1,000,000+","$50,000 - $59,999",2026-09-30,human_drop,none,10
Rita Alvarez,+13058586265,"711 SW 23rd Rd Miami, FL 33129","$1,000,000+","$70,000 - $79,999",2026-09-30,human_drop,none,20
Susan Sheriff,+13016099272,,,,2026-09-30,human_drop,requested,173
Tina Goldman,+19549990737,,,,2026-09-30,human_drop,none,14
Richard Gansle,+18303587402,,,,2026-09-30,human_drop,none,65
Patrick Pellerin,+12023630847,,,,2026-09-30,human_drop,none,15
Saul Gold,+17183768217,"964 E 27th St Brooklyn, NY 11210","$900,000 - $999,999","$100,000 - $124,999",2026-09-30,human_drop,none,27
Frank Perry,+12394587733,"2278 SE 28th St Cape Coral, FL 33904","$900,000 - $999,999","$50,000 - $59,999",2026-09-30,human_drop,none,68
Carl Kilgore,+12063296522,"522 28th Ave E Seattle, WA 98112","$1,000,000+","$250,000 - $299,999",2026-09-30,human_drop,none,20
David Yaloz,+17182257589,"21611 28th Ave Bayside, NY 11360","$1,000,000+","$100,000 - $124,999",2026-09-30,human_drop,none,20
Larry Kerychuk,+16234659093,"40577 N 26th St Cave Creek, AZ 85331","$1,000,000+","$100,000 - $124,999",2026-09-30,human_drop,none,35
Bettye Emerson,+14232660555,,,,2026-09-30,human_drop,none,42
Alma Rolleri,+17187467368,"15723 24th Rd Whitestone, NY 11357","$1,000,000+","$50,000 - $59,999",2026-09-30,human_drop,none,16
Dinesh Khanna,+17183435907,"8321 260th St Floral Park, NY 11004","$1,000,000+","$100,000 - $124,999",2026-09-30,human_drop,none,25
Norbert Mcnamara,+15615858365,,,,2026-09-30,human_drop,none,14
Dennis Alspaugh,+17277330948,,,,2026-09-30,human_drop,none,61
Maria Kuchta,+19082776651,,,,2026-09-30,human_drop,none,64
Jerome Conlon,+12025466195,,,,2026-09-30,human_drop,none,43
George Conlon,+13866771841,,,,2026-09-30,human_drop,requested,158
Wallace Ramm,+15122514029,,,,2026-09-30,human_drop,none,27
Joseph Field,+16509485524,,,,2026-09-30,human_drop,none,12
John Tutewohl,+16514634364,"4412 255th St W Farmington, MN 55024","$1,000,000+","$60,000 - $69,999",2026-09-30,human_drop,none,34
Albert Podob,+17183800323,,,,2026-09-30,human_drop,none,16
Rafael Ng,+17187883667,,,,2026-09-30,human_drop,none,37
Paul Dasilva,+19544435266,,,,2026-09-30,human_drop,none,30
Carol Caldera,+17186274136,"1762 E 26th St Brooklyn, NY 11229","$1,000,000+","$60,000 - $69,999",2026-09-30,human_drop,none,10
Glenda Poletti,+12066328300,"9103 27th Ave NW Seattle, WA 98117","$1,000,000+","$200,000 - $249,999",2026-09-30,human_drop,none,26
Nanette Scroggins,+12149417021,,,,2026-09-30,human_drop,none,48
Francisco Castruita,+12143530515,,,,2026-09-30,human_drop,none,94
Rocco Marchese,+17182749199,"3709 28th Ave Astoria, NY 11103","$1,000,000+","$30,000 - $39,999",2026-09-30,human_drop,none,21
Robert Wynn,+15614835651,"2757 NW 28th St Boca Raton, FL 33434","$900,000 - $999,999","$250,000 - $299,999",2026-09-30,human_drop,none,15
Wai Tam,+14157515992,"249 2nd Ave San Francisco, CA 94118","$1,000,000+","$30,000 - $39,999",2026-09-30,human_drop,none,24
Bobby Pavlatos,+17184236010,"21542 26th Ave Bayside, NY 11360","$1,000,000+","$300,000 - $399,999",2026-09-30,human_drop,none,26
Maida Withers,+17035227060,"2937 26th St N Arlington, VA 22207","$1,000,000+","$400,000 - $499,999",2026-09-30,human_drop,none,9
Stephen Spann,+12538471068,"26302 23rd Ave E Spanaway, WA 98387","$900,000 - $999,999","$50,000 - $59,999",2026-09-30,human_drop,none,38
Vincent Biancaniello,+17183436794,"8728 257th St Floral Park, NY 11001","$1,000,000+","$50,000 - $59,999",2026-09-30,human_drop,none,24
Beverly Kingwood,+12027239384,,,,2026-09-30,human_drop,none,15
George Davis,+12104793222,,,,2026-09-30,human_drop,none,21
Sidney Evans,+12513423366,,,,2026-09-30,human_drop,none,73
Elizabeth Buckingham,+16128220080,,,,2026-09-30,human_drop,none,33
Sonja Sax,+15084253339,,,,2026-09-30,human_drop,none,67
Betty Hansen,+15074376069,,,,2026-09-30,human_drop,requested,234
Linda Derosa,+18436886059,,,,2026-09-30,human_drop,none,25
Gerald Phipps,+17123363757,"15625 250th Ave Spirit Lake, IA 51360","$1,000,000+","$70,000 - $79,999",2026-09-30,human_drop,none,25
Monica Maroone,+19547670009,"909 SE 26th Ave Fort Lauderdale, FL 33301","$1,000,000+","$200,000 - $249,999",2026-09-30,human_drop,none,8
Felice Teta,+17183524978,"20405 26th Ave Bayside, NY 11360","$1,000,000+","$50,000 - $59,999",2026-09-30,human_drop,none,51
Nediljko Peros,+17187670108,"16041 24th Rd Whitestone, NY 11357","$1,000,000+","$50,000 - $59,999",2026-09-30,human_drop,none,21
Mohammad Khan,+13474265899,"8325 258th St Glen Oaks, NY 11004","$1,000,000+","$70,000 - $79,999",2026-09-30,human_drop,none,30
12813424995,+12813424995,,,,2026-09-30,human_drop,none,30
Susan Marcussian,+17816470124,,,,2026-09-30,human_drop,none,14
Crystal Kindred,+18308394332,,,,2026-09-30,human_drop,none,81
Robert Denenberg,+19723817996,,,,2026-09-30,human_drop,none,44
Jonathan Cunningham,+12537561940,,,,2026-09-30,human_drop,none,18
Pesie Horowitz,+17182589030,"1586 E 28th St Brooklyn, NY 11229","$1,000,000+","$100,000 - $124,999",2026-09-30,human_drop,none,12
Elizabeth Bagley,+12023335984,"1539 29th St NW Washington, DC 20007","$1,000,000+","$200,000 - $249,999",2026-09-30,human_drop,none,42
Daniel Solomon,+17073437203,"684 2nd St E Sonoma, CA 95476","$1,000,000+","$400,000 - $499,999",2026-09-30,human_drop,none,9
Donnial Beauchamp,+13239888652,,,,2026-09-30,human_drop,none,34
Barbara Mangum,+15048286642,,,,2026-09-30,human_drop,requested,169
Christopher Miceli,+13474923302,"1245 E 28th St Brooklyn, NY 11210","$1,000,000+","$300,000 - $399,999",2026-09-30,human_drop,none,180
Robert Weiland,+15083580145,"62 3 Ponds Rd Wayland, MA 01778","$1,000,000+","$200,000 - $249,999",2026-09-30,human_drop,none,33
Murielle Desir,+17182520892,"1054 E 40th St Brooklyn, NY 11210","$900,000 - $999,999","$20,000 - $29,999",2026-09-30,human_drop,none,33
Carmen Porto,+18187909604,,,,2026-09-30,human_drop,none,29
Charles Middagh,+15073763554,"29605 270th St Worthington, MN 56187","$1,000,000+","$70,000 - $79,999",2026-09-30,human_drop,none,26
Martin Corrigan,+17182292788,"20908 28th Rd Bayside, NY 11360","$1,000,000+","$60,000 - $69,999",2026-09-30,human_drop,none,18
Ines Cizmic,+16503490624,"765 26th Ave San Mateo, CA 94403","$1,000,000+","$70,000 - $79,999",2026-09-30,human_drop,none,22
Linh Wong,+17188862875,"14957 25th Ave Whitestone, NY 11357","$1,000,000+","$50,000 - $59,999",2026-09-30,human_drop,none,10
Pamela Gavin,+17033517552,"4101 25th Pl N Arlington, VA 22207","$1,000,000+","$400,000 - $499,999",2026-09-30,human_drop,none,16
Felicia Rovegno,+12023370050,"800 25th St NW Washington, DC 20037","$1,000,000+","$400,000 - $499,999",2026-09-30,human_drop,none,27
Chester Jangala,+14254324411,"23532 262nd Ave SE Maple Valley, WA 98038","$1,000,000+","$400,000 - $499,999",2026-09-30,human_drop,none,67
Ronald Lehenbauer,+17183597022,"15012 28th Ave Flushing, NY 11354","$900,000 - $999,999","$50,000 - $59,999",2026-09-30,human_drop,none,58
Richard Hoffman,+12026676481,"2925 28th St NW Washington, DC 20008","$1,000,000+","$200,000 - $249,999",2026-09-30,human_drop,none,36
Mitchell Judd,+17186486468,"2559 E 29th St Brooklyn, NY 11235","$1,000,000+","$100,000 - $124,999",2026-09-30,human_drop,none,20
Anna Messineo,+17184365229,"399 E 2nd St Brooklyn, NY 11218","$900,000 - $999,999","$40,000 - $49,999",2026-09-30,human_drop,none,10
,+14022893737,,,,2026-09-30,human_drop,none,69
Patricia Samuels,+17189653069,"385 2nd St Brooklyn, NY 11215","$1,000,000+","$60,000 - $69,999",2026-09-30,human_drop,requested,141
Howard Feldman,+12023624266,"4455 29th St NW Washington, DC 20008","$1,000,000+","$400,000 - $499,999",2026-09-30,human_drop,none,32
Gary Peterson,+13602635914,"5403 NE 299th St La Center, WA 98629","$900,000 - $999,999","$80,000 - $89,999",2026-09-30,human_drop,none,16
Julie Newman,+12065247091,"6223 28th Ave NE Seattle, WA 98115","$1,000,000+","$400,000 - $499,999",2026-09-30,human_drop,none,42
Teresa Esquivel,+12128894879,"201 E 28th St New York, NY 10016","$1,000,000+","$300,000 - $399,999",2026-09-30,human_drop,none,15
Gary Yost,+12062843671,"3034 28th Ave W Seattle, WA 98199","$1,000,000+","$300,000 - $399,999",2026-09-30,human_drop,none,27
Steven Ryan,+14256369392,"20537 NE 27th Pl Redmond, WA 98074","$1,000,000+","$300,000 - $399,999",2026-09-30,human_drop,none,28
Mendel Bobker,+17182582515,"1436 E 28th St Brooklyn, NY 11210","$900,000 - $999,999","$50,000 - $59,999",2026-09-30,human_drop,none,33
Joseph Friedman,+17183779712,"1115 E 28th St Brooklyn, NY 11210","$1,000,000+","$400,000 - $499,999",2026-09-30,human_drop,none,35
Shirley Estes,+19187489574,"1117 E 25th St Tulsa, OK 74114","$900,000 - $999,999","$200,000 - $249,999",2026-09-30,human_drop,none,23
Luis Burgos,+13237348115,"2248 W 27th St Los Angeles, CA 90018","$900,000 - $999,999","$40,000 - $49,999",2026-09-30,human_drop,none,116
CENTER POINT,+17707448982,,,,2026-09-30,human_drop,none,181
Joseph Keyes,+17035281247,"4555 26th St N Arlington, VA 22207","$1,000,000+","$300,000 - $399,999",2026-09-30,human_drop,none,6
Robert Lowinger,+17182530444,"975 E 27th St Brooklyn, NY 11210","$1,000,000+","$100,000 - $124,999",2026-09-30,human_drop,none,32
Sam Jacobs,+17183397811,"1868 E 26th St Brooklyn, NY 11229","$1,000,000+","$70,000 - $79,999",2026-09-30,human_drop,none,53
Arnold Griffith,+13103943115,"318 26th St Santa Monica, CA 90402","$1,000,000+","$60,000 - $69,999",2026-09-30,human_drop,none,34
,+17187436179,,,,2026-09-30,human_drop,none,10
,+15128788357,,,,2026-09-30,human_drop,none,33
Rebecca Reddick,+17036842093,"809 25th St S Arlington, VA 22202","$1,000,000+","$400,000 - $499,999",2026-09-30,human_drop,requested,290
Mary Crabill,+17035322361,"6304 24th St N Arlington, VA 22207","$1,000,000+","$250,000 - $299,999",2026-09-30,human_drop,requested,131
Elizabeth Hendrick,+19146695961,,,,2026-09-30,human_drop,none,14
,+14158644293,,,,2026-09-30,human_drop,none,52
Roy Doremus,+17186227816,,,,2026-09-30,human_drop,none,15
David Rixmann,+17152942031,,,,2026-09-30,human_drop,none,97
15122607414,+15122607414,,,,2026-09-30,human_drop,none,38
Dan Harrison,+19414743619,,,,2026-09-30,human_drop,none,90
Richard Ogren,+19039452311,,,,2026-09-30,human_drop,none,27
Roman Swan,+17153825126,,,,2026-09-30,human_drop,none,25
Roger Lewis,+18172370238,,,,2026-09-30,human_drop,none,30
Patricia Holloway,+19417475053,,,,2026-09-30,human_drop,none,21
James Trottman,+16053611517,,,,2026-09-30,human_drop,none,41
13052668204,+13052668204,,,,2026-09-30,human_drop,none,8
Micheal Hamilton,+15078762160,,,,2026-09-30,human_drop,none,35
Jeffrey Miller,+13202743421,,,,2026-09-30,human_drop,none,46
Odisseas Skountzos,+17187452222,,,,2026-09-30,human_drop,requested,136
Leonie Griswold,+13603783040,,,,2026-09-30,human_drop,requested,159
Daniel Kolar,+15122582517,,,,2026-09-30,human_drop,none,35
Paul Toro,+12107327479,,,,2026-09-30,human_drop,none,20
David Wagner,+18176401190,,,,2026-09-30,human_drop,none,37
Jean Oliphant,+16308200366,,,,2026-09-30,human_drop,none,42
William Colbert,+15125813816,,,,2026-09-30,human_drop,requested,163
Hedwig Seldner,+19549466401,,,,2026-09-30,human_drop,requested,111
Lisa Robinson,+18052225107,,,,2026-09-30,human_drop,none,22
Robert Jenkins,+18172817022,,,,2026-09-30,human_drop,none,50
Regina Manske,+17188349253,,,,2026-09-30,human_drop,none,12
Mary Rossi,+13036905180,,,,2026-09-30,human_drop,none,49
David Jennings,+12817783223,,,,2026-09-30,human_drop,none,27
Clark Irion,+14805853054,,,,2026-09-30,human_drop,none,23
Donald Barnes,+17036900056,,,,2026-09-30,human_drop,none,44
Greta Howard,+17816313683,,,,2026-09-30,human_drop,none,31
Mary Ofrias,+18456887485,,,,2026-09-30,human_drop,none,15
Jacqueline Robinson,+17328213172,,,,2026-09-30,human_drop,none,178
David Lopez,+13612382069,,,,2026-09-30,human_drop,none,21
Enkhtuya Sonompel,+13103972743,,,,2026-09-30,human_drop,none,61
Kathryn Turner,+14357520637,,,,2026-09-30,human_drop,none,27
Roberta Kahn,+15167427429,,,,2026-09-30,human_drop,none,38
,+19136821197,,,,2026-09-30,human_drop,requested,324
Nona Walker,+12143585858,,,,2026-09-30,human_drop,requested,170
Barbara Hewlett,+13057417212,,,,2026-09-30,human_drop,none,11
Franziska Diamond,+14159290148,,,,2026-09-30,human_drop,requested,141
Andre Calixte,+19546886377,,,,2026-09-30,human_drop,none,13
Marjorie Logan,+16194236771,,,,2026-09-30,human_drop,none,19
Linden Welsch,+15122588162,,,,2026-09-30,human_drop,none,13
Ricky Smith,+18324493127,,,,2026-09-30,human_drop,none,25
Virginia Rose,+18309354511,,,,2026-09-30,human_drop,none,8
Edna Cowen,+15616559775,,,,2026-09-30,human_drop,none,17
Ming Tso,+17186800703,,,,2026-09-30,human_drop,none,13
Denise Soppas,+19087695820,,,,2026-09-30,human_drop,none,30
Althea Schoen,+12816479000,,,,2026-09-30,human_drop,none,24
12147260104,+12147260104,,,,2026-09-30,human_drop,none,25
Juan Delaguarda,+17185072939,,,,2026-09-30,human_drop,none,8
Arthur Federspill,+14105430796,,,,2026-09-30,human_drop,none,20
Ezatolah Shojai,+19144231679,,,,2026-09-30,human_drop,none,180
Donald Cornwell,+13108201723,,,,2026-09-30,human_drop,none,50
Lavonne Duhalde,+13104503430,,,,2026-09-30,human_drop,none,41
,+14072222222,,,,2026-09-30,human_drop,none,24
Maria Kanoa-Medeiros,+18087321173,,,,2026-09-30,human_drop,requested,163
Lynnmarie Snyder,+17247282972,,,,2026-09-30,human_drop,none,86
Johnny Soong,+17188455227,,,,2026-09-30,human_drop,none,10
Judith Moss,+12134825163,,,,2026-09-30,human_drop,none,15
Jeffrey Carter,+18173755200,,,,2026-09-30,human_drop,none,98
Mary Maslovsky,+19082337598,,,,2026-09-30,human_drop,none,40
18309806681,+18309806681,,,,2026-09-30,human_drop,requested,183
Muhammad Zubair,+19729134808,,,,2026-09-30,human_drop,none,17
Doris Miguelez,+13103784944,,,,2026-09-30,human_drop,none,36
,+15105263722,,,,2026-09-30,human_drop,none,20
Cynthia Stong,+12813734578,,,,2026-09-30,human_drop,none,36
Donna Vestal,+18154555696,,,,2026-09-30,human_drop,requested,146
Lanzenberg Christophe,+12122266360,,,,2026-09-30,human_drop,none,21
David Hart,+13016521941,,,,2026-09-30,human_drop,none,34
Paul Ekman,+12065223808,"3800 40th Ave NE Seattle, WA 98105","$1,000,000+","$250,000 - $299,999",2026-09-30,human_drop,none,17
Philip Youtie,+13059354052,,,,2026-09-30,human_drop,none,36
Lydia Hidalgo,+13052254147,,,,2026-09-30,human_drop,none,21
Lin Ko,+14153793812,,,,2026-09-30,human_drop,none,26
Francis Connolly,+12818881903,,,,2026-09-30,human_drop,none,12
Thomas Keel,+15122616674,,,,2026-09-30,human_drop,none,69
John Chance,+18309808883,,,,2026-09-30,human_drop,none,12
Sammy Dolezalek,+19035643232,,,,2026-09-30,human_drop,requested,145
Renee Ritter,+16469227472,,,,2026-09-30,human_drop,none,46
Arthur Tate,+15123452388,,,,2026-09-30,human_drop,none,21
Ana Noble,+19158522858,,,,2026-09-30,human_drop,none,19
Ginette Bedard,+17188435624,,,,2026-09-30,human_drop,none,88
Debra Aukes,+16415612561,,,,2026-09-30,human_drop,none,23
Alice Dewaters,+19146324686,,,,2026-09-30,human_drop,none,25
Sandra Schwarz,+12063643846,,,,2026-09-30,human_drop,none,39
Scott Gayle,+18173373745,,,,2026-09-30,human_drop,none,15
Kay Hendrickson,+13608878355,,,,2026-09-30,human_drop,none,37
Craig Dilbeck,+12183542667,,,,2026-09-30,human_drop,none,25
James Wynne,+17182250353,"21810 40th Ave Bayside, NY 11361","$1,000,000+","$250,000 - $299,999",2026-09-30,human_drop,none,17
Steven Dawson,+12144740751,,,,2026-09-30,human_drop,none,27
Oscar Beard,+12813677263,,,,2026-09-30,human_drop,none,19
Richard Thompson,+17137804241,,,,2026-09-30,human_drop,none,47
Tony Demaio,+19405750100,,,,2026-09-30,human_drop,requested,82
Athanasios Pantelias,+17187282341,,,,2026-09-30,human_drop,none,56
Ramon Pacios,+13059698602,,,,2026-09-30,human_drop,none,14
Edward Schmidt,+13052517142,,,,2026-09-30,human_drop,none,27
Edward Maxwell,+13605715749,,,,2026-09-30,human_drop,none,29
Robert Nelson,+14254010220,,,,2026-09-30,human_drop,none,31
Rosanne Perrone,+17184610066,,,,2026-09-30,human_drop,none,41
Joseph Sollano,+17184231775,,,,2026-09-30,human_drop,requested,180
Juan Lopez,+18139324126,,,,2026-09-30,human_drop,none,48
12815478943,+12815478943,,,,2026-09-30,human_drop,none,22
Timothy Selman,+18172959522,,,,2026-09-30,human_drop,none,29
Eric Burkley,+17189840353,,,,2026-09-30,human_drop,requested,270
Timothy Lehman,+19417957448,,,,2026-09-30,human_drop,none,17
Jerrold Hays,+12104793136,,,,2026-09-30,human_drop,none,87
Jerrold Henninger,+19724224714,,,,2026-09-30,human_drop,requested,89
Carol Weitzel,+19722929374,,,,2026-09-30,human_drop,none,16
Steven Johnson,+13606518413,,,,2026-09-30,human_drop,requested,113
Brett Rixford,+19724470984,,,,2026-09-30,human_drop,none,15
17136607664,+17136607664,,,,2026-09-30,human_drop,none,52
Andy Townsend,+15123365477,,,,2026-09-30,human_drop,requested,185
James Burkhart,+18067947659,,,,2026-09-30,human_drop,none,44
Randy Sanders,+19188657653,,,,2026-09-30,human_drop,requested,166
Thomas Finlay,+12104925250,,,,2026-09-30,human_drop,requested,120
Don Dean,+17135991129,,,,2026-09-30,human_drop,none,127
Gary Wilcox,+16077972324,,,,2026-09-30,human_drop,none,25
Doddie Ferguson,+15597831676,,,,2026-09-30,human_drop,none,73
,+15124531299,,,,2026-09-30,human_drop,requested,135
,+12062444318,,,,2026-09-30,human_drop,none,31
Steven Ruesch,+14357036110,"57 N 100 W Ivins, UT 84738","$800,000 - $899,999","$250,000 - $299,999",2026-10-01,human_drop,none,17
Kathleen Judd,+14356445036,"151 N 100 E Kanab, UT 84741","$800,000 - $899,999","$70,000 - $79,999",2026-10-01,human_drop,none,63
Lynn Bascom,+18012982199,"195 N 100 E Bountiful, UT 84010","$800,000 - $899,999","$90,000 - $99,999",2026-10-01,human_drop,none,181
,+15162324030,,,,2026-10-01,human_drop,requested,67
Wayne Mcbride,+18017963885,"934 E 100 N Lindon, UT 84042","$700,000 - $799,999","$300,000 - $399,999",2026-10-01,human_drop,none,10
Stephen Cox,+13177368181,"1903 S 100 E Franklin, IN 46131","$900,000 - $999,999","$30,000 - $39,999",2026-10-01,human_drop,none,25
Charles Walsh,+13208752039,"715 100th St SE De Graff, MN 56271","$1,000,000+","$50,000 - $59,999",2026-10-01,human_drop,none,181
Ellen Rieback,+19544721825,"772 NW 100th Ter Plantation, FL 33324","$1,000,000+","$90,000 - $99,999",2026-10-01,human_drop,none,24
Kathryn Thieleke,+15159869291,"7085 NW 100th St Johnston, IA 50131","$1,000,000+","$300,000 - $399,999",2026-10-01,human_drop,none,58
Clare Hewitt,+17159672099,"28717 100th St New Auburn, WI 54757","$700,000 - $799,999","$40,000 - $49,999",2026-10-01,human_drop,none,44
Jay Coopersmith,+14809913491,"20728 N 101st Way Scottsdale, AZ 85255","$1,000,000+","$400,000 - $499,999",2026-10-01,human_drop,none,82
Vida Cannon,+18014461008,"1408 W 10250 S South Jordan, UT 84095","$800,000 - $899,999","$300,000 - $399,999",2026-10-01,human_drop,none,7
Samina Saeed,+17187637717,"1279 E 102nd St Brooklyn, NY 11236","$700,000 - $799,999","$20,000 - $29,999",2026-10-01,human_drop,none,27
Teresa Sparks,+17209290551,"2236 E 102nd Ave Thornton, CO 80229","$700,000 - $799,999","$400,000 - $499,999",2026-10-01,human_drop,none,26
Eduardo Rebaza,+17184241323,"2332 102nd St East Elmhurst, NY 11369","$800,000 - $899,999","$100,000 - $124,999",2026-10-01,human_drop,none,28
Lorraine Durnin,+12065464940,"23701 102nd Pl W Edmonds, WA 98020","$700,000 - $799,999","$80,000 - $89,999",2026-10-01,human_drop,none,26
Marilu May,+13605685433,"4733 103rd Ave SE Lake Stevens, WA 98258","$700,000 - $799,999","$70,000 - $79,999",2026-10-01,human_drop,none,14
Joseph Burke,+19543460865,"5099 NW 103rd Ave Coral Springs, FL 33076","$800,000 - $899,999","$70,000 - $79,999",2026-10-01,human_drop,none,23
Lucy Flack,+13052749432,"8365 SW 103rd St Miami, FL 33156","$800,000 - $899,999","$100,000 - $124,999",2026-10-01,human_drop,none,32
Randy Sorum,+13607534396,"6905 103rd Ave SW Olympia, WA 98512","$1,000,000+","$400,000 - $499,999",2026-10-01,human_drop,none,67
Ferdinand Obermeier,+13052713471,"8103 SW 103rd St Miami, FL 33156","$900,000 - $999,999","$70,000 - $79,999",2026-10-01,human_drop,none,32
Stephen Gillman,+13055953320,"9320 SW 103rd St Miami, FL 33176","$1,000,000+","$300,000 - $399,999",2026-10-01,human_drop,none,24
Scott Helberg,+17632622377,"13919 103rd St SE Becker, MN 55308","$900,000 - $999,999","$175,000 - $199,999",2026-10-01,human_drop,none,36
Nattinee Inboriboon,+16309040947,"24645 W 103rd St Naperville, IL 60564","$900,000 - $999,999","$300,000 - $399,999",2026-10-01,human_drop,none,36
Glenn Smith,+14352577881,"5930 W 10400 N Tremonton, UT 84337","$900,000 - $999,999","$20,000 - $29,999",2026-10-01,human_drop,none,32
Alan Salisch,+12126663563,"245 W 104th St Apt 4e New York, NY 10025","$1,000,000+","$400,000 - $499,999",2026-10-01,human_drop,none,37
Miriam Duhan,+12128662791,"309 W 104th St Apt 8c New York, NY 10025","$1,000,000+","$20,000 - $29,999",2026-10-01,human_drop,none,37
Sharon Watson,+12696949750,"2345 104th Ave Otsego, MI 49078","$800,000 - $899,999","$50,000 - $59,999",2026-10-01,human_drop,none,46
Mohammed Ali,+19547522667,"5055 NW 104th Ave Coral Springs, FL 33076","$700,000 - $799,999","$100,000 - $124,999",2026-10-01,human_drop,none,181
Telma Rosenthal,+19542272810,"6230 NW 104th Way Parkland, FL 33076","$1,000,000+","$300,000 - $399,999",2026-10-01,human_drop,none,11
Marcos Muina,+13056650890,"7348 SW 104th St Pinecrest, FL 33156","$1,000,000+","$400,000 - $499,999",2026-10-01,human_drop,none,43
William Arata,+17865584213,"8440 SW 104th St Miami, FL 33156","$1,000,000+","$300,000 - $399,999",2026-10-01,human_drop,none,13
Ricardo Forbes,+13052337815,"13120 SW 104th Ct Miami, FL 33176","$800,000 - $899,999","$400,000 - $499,999",2026-10-01,human_drop,none,25
Brent Peterson,+14356353588,"2525 W 1050 N Hurricane, UT 84737","$700,000 - $799,999","$100,000 - $124,999",2026-10-01,human_drop,none,51
Phoebe Wong,+17542296006,"8320 NW 105th Ln Parkland, FL 33076","$900,000 - $999,999","$250,000 - $299,999",2026-10-01,human_drop,none,13
Richard Zinn,+13055960514,"8920 SW 105th St Miami, FL 33176","$1,000,000+","$250,000 - $299,999",2026-10-01,human_drop,none,23
Linda Moore,+17123360046,"26041 105th St Spirit Lake, IA 51360","$900,000 - $999,999","$90,000 - $99,999",2026-10-01,human_drop,none,73
Janette Wood,+18012549166,"1404 W 10690 S Riverton, UT 84095","$700,000 - $799,999","$60,000 - $69,999",2026-10-01,human_drop,none,12
Kenneth Bialy,+19543147788,"3910 SW 106th Ter Davie, FL 33328","$1,000,000+","$400,000 - $499,999",2026-10-01,human_drop,none,9
Gary Vogelsberger,+14258221257,"6415 106th Ave NE Kirkland, WA 98033","$1,000,000+","$250,000 - $299,999",2026-10-01,human_drop,none,14
,+14014326153,,,,2026-10-01,human_drop,requested,103
Joseph Sunnen,+12538457730,"15502 106th St E Puyallup, WA 98374","$1,000,000+","$80,000 - $89,999",2026-10-01,human_drop,none,26
Bonny Williams,+14258850171,"17015 NE 106th St Redmond, WA 98052","$800,000 - $899,999","$400,000 - $499,999",2026-10-01,human_drop,none,35
Tammy Whiteside,+13032891055,"16618 E 106th Dr Commerce City, CO 80022","$700,000 - $799,999","$200,000 - $249,999",2026-10-01,human_drop,requested,134
Pauline Rahael,+19547527557,"2500 NW 107th Ave Coral Springs, FL 33065","$1,000,000+","$400,000 - $499,999",2026-10-01,human_drop,none,44
Phillip Morrow,+19544767982,"4272 SW 107th Way Davie, FL 33328","$1,000,000+","$300,000 - $399,999",2026-10-01,human_drop,none,13
Lisa Hayes,+19189952865,"5922 E 107th St Tulsa, OK 74137","$1,000,000+","$300,000 - $399,999",2026-10-01,human_drop,none,26
Jan Kyzer,+13052320362,"11615 SW 107th Ave Miami, FL 33176","$700,000 - $799,999","$50,000 - $59,999",2026-10-01,human_drop,none,5
Roberto Martinez,+17862387362,"3411 SW 108th Ave Miami, FL 33165","$700,000 - $799,999","$70,000 - $79,999",2026-10-01,human_drop,none,10
Michael Laurie,+12065675492,"13470 108th Ave SW Vashon, WA 98070","$900,000 - $999,999","$300,000 - $399,999",2026-10-01,human_drop,none,55
Bryan Cybyske,+13036351100,"7911 W 109th Ave Westminster, CO 80021","$800,000 - $899,999","$300,000 - $399,999",2026-10-01,human_drop,none,24
Richard Graves,+15032321855,"4013 SE 10th Ave Portland, OR 97202","$700,000 - $799,999","$50,000 - $59,999",2026-10-01,human_drop,none,45
Richard Platt,+12124738018,"28 E 10th St Apt 1j New York, NY 10003","$1,000,000+","$300,000 - $399,999",2026-10-01,human_drop,none,14
Peter Hedrington,+12124772723,"45 W 10th St Apt Lc New York, NY 10011","$1,000,000+","$175,000 - $199,999",2026-10-01,human_drop,none,28
Daphne Gemmill,+12025463624,"215 10th St SE Washington, DC 20003","$1,000,000+","$400,000 - $499,999",2026-10-01,human_drop,none,24
Judith Blanchard,+12025434923,"322 10th St SE Washington, DC 20003","$1,000,000+","$200,000 - $249,999",2026-10-01,human_drop,none,4
Kenneth Podraza,+18439459414,"616 10th Ave N Surfside Beach, SC 29575","$700,000 - $799,999","$80,000 - $89,999",2026-10-01,human_drop,none,26
David Seaberg,+17187687280,"667 10th St Brooklyn, NY 11215","$900,000 - $999,999","$70,000 - $79,999",2026-10-01,human_drop,none,41
Robert Ketchum,+14242578060,"918 10th St Manhattan Beach, CA 90266","$1,000,000+","$200,000 - $249,999",2026-10-01,human_drop,none,26
Robert Ewegen,+13038318488,"919 E 10th Ave Denver, CO 80218","$700,000 - $799,999","$50,000 - $59,999",2026-10-01,human_drop,none,20
Jacob Wiedermann,+17182527329,"944 E 10th St Brooklyn, NY 11230","$1,000,000+","$70,000 - $79,999",2026-10-01,human_drop,none,36
Rachel Naftali,+17186920443,"952 E 10th St Brooklyn, NY 11230","$1,000,000+","$40,000 - $49,999",2026-10-01,human_drop,none,11
Samuel Beim,+17182580586,"1121 E 10th St Brooklyn, NY 11230","$1,000,000+","$200,000 - $249,999",2026-10-01,human_drop,none,8
Glen Elliott,+18055281699,"1153 10th St Los Osos, CA 93402","$1,000,000+","$400,000 - $499,999",2026-10-01,human_drop,none,48
Chaim Hochman,+17183758210,"1343 E 10th St Brooklyn, NY 11230","$1,000,000+","$250,000 - $299,999",2026-10-01,human_drop,none,15
Edward Erani,+17189988461,"1548 E 10th St Brooklyn, NY 11230","$1,000,000+","$100,000 - $124,999",2026-10-01,human_drop,requested,132
Kathy Berliner,+17184998691,"1635 10th Ave Brooklyn, NY 11215","$1,000,000+","$70,000 - $79,999",2026-10-01,human_drop,none,22
Sonoda Terri,+14155668154,"1950 10th Ave San Francisco, CA 94116","$1,000,000+","$250,000 - $299,999",2026-10-01,human_drop,none,28
Charles Hendricks,+13032396538,"6620 W 10th Pl Lakewood, CO 80214","$700,000 - $799,999","$80,000 - $89,999",2026-10-01,human_drop,none,19
Victor Harvey,+19545872616,"7101 NW 10th Pl Plantation, FL 33313","$700,000 - $799,999","$100,000 - $124,999",2026-10-01,human_drop,none,12
Justine Allocca,+17188362188,"7715 10th Ave Brooklyn, NY 11228","$1,000,000+","$250,000 - $299,999",2026-10-01,human_drop,none,8
Caroline Tom,+17188365203,"7805 10th Ave Brooklyn, NY 11228","$1,000,000+","$250,000 - $299,999",2026-10-01,human_drop,none,10
Denise Labella,+17188366936,"7917 10th Ave Brooklyn, NY 11228","$1,000,000+","$20,000 - $29,999",2026-10-01,human_drop,none,14
Giovanni Fileccia,+17182341959,"8301 10th Ave Brooklyn, NY 11228","$1,000,000+","$300,000 - $399,999",2026-10-01,human_drop,none,43
Michael Koulouroudis,+17187486054,"8310 10th Ave Brooklyn, NY 11228","$1,000,000+","$50,000 - $59,999",2026-10-01,human_drop,none,8
Rhonda Adelstein,+19542271565,"12021 NW 10th St Coral Springs, FL 33071","$1,000,000+","$200,000 - $249,999",2026-10-01,human_drop,none,29
Anne Prestia,+17187464357,"16040 10th Ave Whitestone, NY 11357","$1,000,000+","$50,000 - $59,999",2026-10-01,human_drop,none,44
Axel Perez,+19544306025,"19380 NW 10th St Pembroke Pines, FL 33029","$700,000 - $799,999","$100,000 - $124,999",2026-10-01,human_drop,none,20
Richard Rees,+14257768750,"20121 10th Ave W Lynnwood, WA 98036","$1,000,000+","$400,000 - $499,999",2026-10-01,human_drop,none,11
Sharon Hone,+18017568169,"113 N 1100 E American Fork, UT 84003","$900,000 - $999,999","$90,000 - $99,999",2026-10-01,human_drop,none,26
Leslie Weiss,+12032210662,"99 11 O Clock Rd Weston, CT 06883","$800,000 - $899,999","$300,000 - $399,999",2026-10-01,human_drop,none,21
Jason Martinez,+18017965314,"352 W 110 S Lindon, UT 84042","$700,000 - $799,999","$100,000 - $124,999",2026-10-01,human_drop,none,8
Avraham Swartzon,+19543700902,"608 NW 110th Ave Plantation, FL 33324","$900,000 - $999,999","$70,000 - $79,999",2026-10-01,human_drop,none,32
,+12026350272,,,,2026-10-01,human_drop,none,98
Rahamin Pleshty,+17188961623,"6440 110th St Forest Hills, NY 11375","$1,000,000+","$200,000 - $249,999",2026-10-01,human_drop,none,13
Robert Malakov,+17188973333,"6735 110th St Forest Hills, NY 11375","$1,000,000+","$200,000 - $249,999",2026-10-01,human_drop,none,5
Tami Grayevsky,+14258272027,"9410 110th Pl NE Kirkland, WA 98033","$1,000,000+","$250,000 - $299,999",2026-10-01,human_drop,none,11
Timothy Lewis,+12184934225,"11446 110th St S Baker, MN 56580","$900,000 - $999,999","$300,000 - $399,999",2026-10-01,human_drop,none,7
Adrienne Prince,+14805139967,"13912 N 110th St Scottsdale, AZ 85255","$1,000,000+","$200,000 - $249,999",2026-10-01,human_drop,none,29
Jordana Vernon,+17184793024,"19411 110th Ave Saint Albans, NY 11412","$900,000 - $999,999","$400,000 - $499,999",2026-10-01,human_drop,none,16
Scott Adams,+18015761409,"1796 E 11170 S Sandy, UT 84092","$800,000 - $899,999","$70,000 - $79,999",2026-10-01,human_drop,none,10
W Duck,+18014460329,"2535 W 11170 S South Jordan, UT 84095","$700,000 - $799,999","$50,000 - $59,999",2026-10-01,human_drop,none,19
Nathan Babian,+15035201603,"2580 NW 111th Ave Portland, OR 97229","$700,000 - $799,999","$250,000 - $299,999",2026-10-01,human_drop,none,11
Brett Ostrum,+14255769943,"9909 111th Ave NE Kirkland, WA 98033","$1,000,000+","$400,000 - $499,999",2026-10-01,human_drop,none,12
Mark Thomas,+14258272135,"9830 111th Ave NE Kirkland, WA 98033","$1,000,000+","$200,000 - $249,999",2026-10-01,human_drop,none,11
Gurdip Cheema,+14252263911,"18925 111th Pl SE Renton, WA 98055","$700,000 - $799,999","$125,000 - $149,999",2026-10-01,human_drop,none,25
Grace Lindo,+17184796881,"19421 111th Rd Jamaica, NY 11412","$700,000 - $799,999","$80,000 - $89,999",2026-10-01,human_drop,none,9
,+19546886568,,,,2026-10-01,human_drop,none,43
Peter Hadeed,+19547551986,"2960 NW 112th Ave Coral Springs, FL 33065","$700,000 - $799,999","$80,000 - $89,999",2026-10-01,human_drop,none,9
Bernie Richards,+14258228023,"9045 112th Ave NE Kirkland, WA 98033","$1,000,000+","$400,000 - $499,999",2026-10-01,human_drop,none,25
Frank Talleda,+17868990812,"12200 SW 112th Ave Miami, FL 33176","$700,000 - $799,999","$60,000 - $69,999",2026-10-01,human_drop,none,23
Kellie Shapard,+14253188123,"14519 112th Ave NE Kirkland, WA 98034","$700,000 - $799,999","$250,000 - $299,999",2026-10-01,human_drop,none,7
Friedrich Nungesser,+17638564288,"25120 112th St NW Zimmerman, MN 55398","$800,000 - $899,999","$50,000 - $59,999",2026-10-01,human_drop,none,17
Mark Eisele,+18017850503,"351 N 1130 E Lindon, UT 84042","$700,000 - $799,999","$250,000 - $299,999",2026-10-01,human_drop,none,11
Danielle Rindlisbacher,+18012541985,"13083 S 1130 W Riverton, UT 84065","$1,000,000+","$300,000 - $399,999",2026-10-01,human_drop,none,9
Kathleen James,+13523327889,"1004 SW 113th Way Gainesville, FL 32607","$800,000 - $899,999","$250,000 - $299,999",2026-10-01,human_drop,none,83
Darren Couch,+13036352727,"1754 W 113th Ave Westminster, CO 80234","$800,000 - $899,999","$400,000 - $499,999",2026-10-01,human_drop,none,28
Tom Bakiera,+13036352871,"4696 W 113th Ave Westminster, CO 80031","$700,000 - $799,999","$400,000 - $499,999",2026-10-01,human_drop,none,87
Hortensia Brito,+13054188375,"6854 NW 113th Pl Doral, FL 33178","$800,000 - $899,999","$400,000 - $499,999",2026-10-01,human_drop,none,10
Marilyn Schurman,+14254888139,"14045 113th Ave NE Kirkland, WA 98034","$700,000 - $799,999","$30,000 - $39,999",2026-10-01,human_drop,none,21
Mary Pohlad,+16514390732,"15290 113th St N Stillwater, MN 55082","$1,000,000+","$250,000 - $299,999",2026-10-01,human_drop,none,13
Courtland Barnes,+14258951969,"16219 NE 113th Ct Redmond, WA 98052","$1,000,000+","$400,000 - $499,999",2026-10-01,human_drop,none,11
Anthony Smith,+17184640123,"22757 113th Dr Queens Village, NY 11429","$700,000 - $799,999","$60,000 - $69,999",2026-10-01,human_drop,none,14
Deepthi Premaratne,+13056691267,"6495 SW 114th St Pinecrest, FL 33156","$1,000,000+","$200,000 - $249,999",2026-10-01,human_drop,none,11
John Wang,+13052335803,"8971 SW 114th St Miami, FL 33176","$1,000,000+","$80,000 - $89,999",2026-10-01,human_drop,none,18
Gregory Henderson,+13175782857,"13501 E 114th St Fishers, IN 46037","$1,000,000+","$400,000 - $499,999",2026-10-01,human_drop,none,6
Daiwantee Ramsundar,+13479608806,"15042 114th Pl # 2 South Ozone Park, NY 11420","$800,000 - $899,999","$300,000 - $399,999",2026-10-01,human_drop,none,7
Kathleen Judd,+14356445036,"151 N 100 E Kanab, UT 84741",,,2026-10-02,human_drop,none,91
Lynn Bascom,+18012982199,"195 N 100 E Bountiful, UT 84010",,,2026-10-02,human_drop,none,180
Steven Ruesch,+14357036110,"57 N 100 W Ivins, UT 84738",,,2026-10-02,human_drop,none,17
Vida Cannon,+18014461008,"1408 W 10250 S South Jordan, UT 84095",,,2026-10-02,human_drop,none,7
,+17182589827,,,,2026-10-02,human_drop,none,34
Lorraine Durnin,+12065464940,"23701 102nd Pl W Edmonds, WA 98020",,,2026-10-02,human_drop,none,38
Marilu May,+13605685433,"4733 103rd Ave SE Lake Stevens, WA 98258",,,2026-10-02,human_drop,none,13
Bonny Williams,+14258850171,"17015 NE 106th St Redmond, WA 98052",,,2026-10-02,human_drop,none,6
Sonoda Terri,+14155668154,"1950 10th Ave San Francisco, CA 94116",,,2026-10-02,human_drop,none,24
Robert Ketchum,+14242578060,"918 10th St Manhattan Beach, CA 90266",,,2026-10-02,human_drop,none,28
Richard Rees,+14257768750,"20121 10th Ave W Lynnwood, WA 98036",,,2026-10-02,human_drop,none,12
Richard Graves,+15032321855,"4013 SE 10th Ave Portland, OR 97202",,,2026-10-02,human_drop,none,8
Adrienne Prince,+14805139967,"13912 N 110th St Scottsdale, AZ 85255",,,2026-10-02,human_drop,none,27
Nathan Babian,+15035201603,"2580 NW 111th Ave Portland, OR 97229",,,2026-10-02,human_drop,none,12
Mark Thomas,+14258272135,"9830 111th Ave NE Kirkland, WA 98033",,,2026-10-02,human_drop,none,12
Marilyn Schurman,+14254888139,"14045 113th Ave NE Kirkland, WA 98034",,,2026-10-02,human_drop,none,12
,+12063645236,,,,2026-10-02,human_drop,none,125
Quinn Mccullough,+14805636490,"28901 N 114th St Scottsdale, AZ 85262","$800,000 - $899,999","$200,000 - $249,999",2026-10-02,human_drop,none,12
Drew Donnelly,+16055374369,"47289 114th St Rosholt, SD 57260","$900,000 - $999,999","$40,000 - $49,999",2026-10-02,human_drop,none,34
Kurt Klingenberg,+14257884002,"31731 NE 114th St Carnation, WA 98014","$700,000 - $799,999","$300,000 - $399,999",2026-10-02,human_drop,none,24
Lillie Armstrong,+12129322281,"600 W 115th St Apt 112 New York, NY 10025","$1,000,000+","$300,000 - $399,999",2026-10-02,human_drop,none,26
Paul Halverson,+17152689457,"707 115th St Amery, WI 54001","$700,000 - $799,999","$90,000 - $99,999",2026-10-02,human_drop,none,25
Pete Ruiz,+18064075268,"4906 115th St Lubbock, TX 79424","$1,000,000+","$400,000 - $499,999",2026-10-02,human_drop,none,14
Marilyn Kahler,+14806071876,"9484 N 115th Pl Scottsdale, AZ 85259","$700,000 - $799,999","$30,000 - $39,999",2026-10-02,human_drop,none,47
Hasib Lallmohamed,+17183236225,"10731 115th St South Richmond Hill, NY 11419","$700,000 - $799,999","$80,000 - $89,999",2026-10-02,human_drop,none,41
Sophony Lamour,+12129961237,"40 W 116th St Apt A915 New York, NY 10026","$1,000,000+","Under $20,000",2026-10-02,human_drop,none,107
Noelle Hansen,+18017966003,"187 N 1165 E Lindon, UT 84042","$800,000 - $899,999","$250,000 - $299,999",2026-10-02,human_drop,none,6
Jill Fabulich,+12538635455,"2208 116th Ave E Edgewood, WA 98372","$1,000,000+","$200,000 - $249,999",2026-10-02,human_drop,none,29
Bonnie Sloan,+15159662026,"5343 SE 116th St Runnells, IA 50237","$1,000,000+","$50,000 - $59,999",2026-10-02,human_drop,none,10
Luisa Charbonneau,+19547536721,"7446 NW 116th Ln Parkland, FL 33076","$1,000,000+","$200,000 - $249,999",2026-10-02,human_drop,none,54
Ronald Peoples,+13052513685,"8340 SW 116th Ter Miami, FL 33156","$800,000 - $899,999","$60,000 - $69,999",2026-10-02,human_drop,none,6
Elinor Ribowsky,+17184416385,"8437 116th St Richmond Hill, NY 11418","$1,000,000+","$40,000 - $49,999",2026-10-02,human_drop,none,8
Basmati Deonarine,+17188452764,"11412 116th St South Ozone Park, NY 11420","$700,000 - $799,999","$70,000 - $79,999",2026-10-02,human_drop,none,11
Edwin Severin,+17188451711,"11423 116th St South Ozone Park, NY 11420","$700,000 - $799,999","$60,000 - $69,999",2026-10-02,human_drop,none,9
Liv Benschine,+17153770335,"363 117th Ave Hudson, WI 54016","$700,000 - $799,999","$60,000 - $69,999",2026-10-02,human_drop,none,19
Scott Mayer,+12063618251,"2318 N 117th St Seattle, WA 98133","$700,000 - $799,999","$80,000 - $89,999",2026-10-02,human_drop,none,11
Steven Friedland,+16313676121,"7 Apex Rd Melville, NY 11747",,,2026-10-02,human_drop,none,7
Jeffrey Moll,+19732636805,"3 Apache Way Montville, NJ 07045",,,2026-10-02,human_drop,none,12
Jeffrey Carter,+17183870446,"11 Apollo St Brooklyn, NY 11222",,,2026-10-02,human_drop,none,9
Jean Elizarde,+15123534251,"1200 Appalachian Trl San Marcos, TX 78666",,,2026-10-02,human_drop,none,17
Randall Roenigk,+19208544188,"10436 S Appleport Ln Sister Bay, WI 54234",,,2026-10-02,human_drop,none,22
Gustave Alfaro,+16174916018,"10 Appian Way Cambridge, MA 02138",,,2026-10-02,human_drop,none,20
Donald Cameron,+12022447763,"3739 Appleton St NW Washington, DC 20016",,,2026-10-02,human_drop,none,43
Ki Yi,+17032685835,"9215 Arabian Ave Vienna, VA 22182",,,2026-10-02,human_drop,none,6
James Miller,+16312981287,"2100 Arbor Ln Mattituck, NY 11952",,,2026-10-02,human_drop,none,32
Lawrence Rutigliano,+15164842190,"36 Arbor Ln Roslyn Heights, NY 11577",,,2026-10-02,human_drop,none,16
Donald Bianco,+18172374726,"4916 Arbor Mill Dr Fort Worth, TX 76135",,,2026-10-02,human_drop,none,18
Suzanne Wendorf,+16306533257,"293 E Arboretum Cir Wheaton, IL 60189",,,2026-10-02,human_drop,none,6
Joel Castro,+17134677232,"1229 Archley Dr Houston, TX 77055",,,2026-10-02,human_drop,none,20
Mark Rivera,+17195915838,"5584 Apaloosa Dr Colorado Springs, CO 80923",,,2026-10-02,human_drop,none,10
Randy May,+19704685602,"340 Antler Rd Silverthorne, CO 80498",,,2026-10-02,human_drop,none,12
Helen Raizen,+16175226283,"75 Arborway Jamaica Plain, MA 02130",,,2026-10-02,human_drop,none,28
Michael Snow,+19524717777,"2649 Arcola Ln Wayzata, MN 55391",,,2026-10-02,human_drop,none,9
Amy Curry,+14049074364,"2926 Arden Rd NW Atlanta, GA 30305",,,2026-10-02,human_drop,none,31
Debra Sonnier,+17136910221,"718 W 41st St Houston, TX 77018",,,2026-10-02,human_drop,none,38
Eliezer Reichman,+17188512310,"1466 40th St Brooklyn, NY 11218",,,2026-10-02,human_drop,none,19
Elizabeth Lutz,+17185453490,"2214 38th St Long Island City, NY 11105",,,2026-10-02,human_drop,none,30
Shaukat Ali,+17183383290,"1128 E 38th St Brooklyn, NY 11210",,,2026-10-02,human_drop,none,16
Thomas Cipriano,+17182243463,"25046 42nd Ave Little Neck, NY 11363",,,2026-10-02,human_drop,none,28
Gabriel Mandel,+17188518925,"1628 42nd St Brooklyn, NY 11204",,,2026-10-02,human_drop,none,7
Thomas Bierer,+19549831046,"4409 SW 35th Ave Fort Lauderdale, FL 33312",,,2026-10-02,human_drop,none,22
Richard Hirschfeld,+13059327390,"19982 NE 37th Ct Aventura, FL 33180",,,2026-10-02,human_drop,none,23
Margaret Markham,+12023376716,"2733 36th St NW Washington, DC 20007",,,2026-10-02,human_drop,none,24
Donald Friese,+19545664917,"2757 NE 35th St Fort Lauderdale, FL 33306",,,2026-10-02,human_drop,none,44
,+17182243463,,,,2026-10-02,human_drop,none,31
John Lombardi,+17183368344,"1812 E 33rd St Brooklyn, NY 11234",,,2026-10-02,human_drop,none,9
Mary Goungoudis,+13474720404,"7815 21st Ave East Elmhurst, NY 11370",,,2026-10-02,human_drop,none,46
Eleni Alatzelis,+17187281453,"2448 32nd St Astoria, NY 11102",,,2026-10-02,human_drop,none,36
Joseph Engesmoe,+15072753439,"1423 330th St Hendricks, MN 56136",,,2026-10-02,human_drop,none,181
Harry Weinreich,+17184358420,"1610 42nd St Apt 1 Brooklyn, NY 11204",,,2026-10-02,human_drop,none,36
Sara Beltran,+17182850864,"19004 42nd Ave Flushing, NY 11358",,,2026-10-02,human_drop,none,9
Israel Halberstam,+17189724793,"1604 42nd St Brooklyn, NY 11204",,,2026-10-02,human_drop,none,21
Henry Kulinski,+16094942161,"262 N 3rd St Surf City, NJ 08008",,,2026-10-02,human_drop,none,23
Melvina Olson,+12189834611,"30003 374th St Ogema, MN 56569",,,2026-10-02,human_drop,none,25
Harvey Radtke,+12188672715,"14426 370th St Rothsay, MN 56579",,,2026-10-02,human_drop,none,31
William Montalvo,+12126790158,"120 E 36th St Apt 3h New York, NY 10016",,,2026-10-02,human_drop,none,18
Rebecca Aarestad,+12189833788,"30000 374th St Ogema, MN 56569",,,2026-10-02,human_drop,none,27
Larry Shearin,+17035360333,"6500 36th St N Arlington, VA 22213",,,2026-10-02,human_drop,none,17
Sally Cardaci,+17184281256,"5023 215th St Bayside Hills, NY 11364",,,2026-10-02,human_drop,none,63
Alfred Goldstein,+17183321657,"2348 E 28th St Brooklyn, NY 11229",,,2026-10-02,human_drop,none,23
Nigel Bennett,+17182291241,"4806 215th St Bayside Hills, NY 11364",,,2026-10-02,human_drop,none,29
Randy Eastman,+17184602226,"16417 32nd Ave Flushing, NY 11358",,,2026-10-02,human_drop,none,17
Toni Meacham,+19544633091,"2741 NE 35th Dr Fort Lauderdale, FL 33308",,,2026-10-02,human_drop,none,5
Charles Ott,+12026861625,"6656 32nd St NW Washington, DC 20015",,,2026-10-02,human_drop,none,22
Nicholas Reilly,+17182584540,"1246 E 32nd St Brooklyn, NY 11210",,,2026-10-02,human_drop,none,35
Mary Pekot,+17033516396,"3883 30th St N Arlington, VA 22207",,,2026-10-02,human_drop,none,49
Eric Carey,+17035243966,"4041 25th St N Arlington, VA 22207",,,2026-10-02,human_drop,none,12
Michael Grebb,+17035384226,"5416 31st St N Arlington, VA 22207",,,2026-10-02,human_drop,none,15
Timothy Henning,+12186822331,"3080 20th Ave NW Hackensack, MN 56452",,,2026-10-02,human_drop,none,10
Mehmood Bhatti,+17183360714,"1821 E 2nd St Brooklyn, NY 11223",,,2026-10-02,human_drop,none,30
Zahida Sheikh,+17188592646,"644 E 29th St Brooklyn, NY 11210",,,2026-10-02,human_drop,none,18
Carol Wolf,+15077672248,"62931 220th Ave Kellogg, MN 55945",,,2026-10-02,human_drop,none,39
Kenny Ali,+15162311009,"8923 217th St Queens Village, NY 11427",,,2026-10-02,human_drop,none,10
Virginia Chiu,+17188918627,"2073 E 22nd St Brooklyn, NY 11229",,,2026-10-02,human_drop,none,32
Rita Alvarez,+13058586265,"711 SW 23rd Rd Miami, FL 33129",,,2026-10-02,human_drop,none,22
Frank Perry,+12394587733,"2278 SE 28th St Cape Coral, FL 33904",,,2026-10-02,human_drop,none,111
David Yaloz,+17182257589,"21611 28th Ave Bayside, NY 11360",,,2026-10-02,human_drop,none,17
Dinesh Khanna,+17183435907,"8321 260th St Floral Park, NY 11004",,,2026-10-02,human_drop,none,21
Carol Caldera,+17186274136,"1762 E 26th St Brooklyn, NY 11229",,,2026-10-02,human_drop,none,13
John Tutewohl,+16514634364,"4412 255th St W Farmington, MN 55024",,,2026-10-02,human_drop,none,23
Rocco Marchese,+17182749199,"3709 28th Ave Astoria, NY 11103",,,2026-10-02,human_drop,none,12
Vincent Biancaniello,+17183436794,"8728 257th St Floral Park, NY 11001",,,2026-10-02,human_drop,none,21
Maida Withers,+17035227060,"2937 26th St N Arlington, VA 22207",,,2026-10-02,human_drop,none,12
,+12063645236,,,,2026-10-02,human_drop,none,28
Gerald Phipps,+17123363757,"15625 250th Ave Spirit Lake, IA 51360",,,2026-10-02,human_drop,none,6
Felice Teta,+17183524978,"20405 26th Ave Bayside, NY 11360",,,2026-10-02,human_drop,none,18
Nediljko Peros,+17187670108,"16041 24th Rd Whitestone, NY 11357",,,2026-10-02,human_drop,none,39
Monica Maroone,+19547670009,"909 SE 26th Ave Fort Lauderdale, FL 33301",,,2026-10-02,human_drop,none,5
Mohammad Khan,+13474265899,"8325 258th St Glen Oaks, NY 11004",,,2026-10-02,human_drop,none,28
Pesie Horowitz,+17182589030,"1586 E 28th St Brooklyn, NY 11229",,,2026-10-02,human_drop,none,13
Charles Middagh,+15073763554,"29605 270th St Worthington, MN 56187",,,2026-10-02,human_drop,none,42
Murielle Desir,+17182520892,"1054 E 40th St Brooklyn, NY 11210",,,2026-10-02,human_drop,none,59
Martin Corrigan,+17182292788,"20908 28th Rd Bayside, NY 11360",,,2026-10-02,human_drop,none,14
Felicia Rovegno,+12023370050,"800 25th St NW Washington, DC 20037",,,2026-10-02,human_drop,none,41
Ronald Lehenbauer,+17183597022,"15012 28th Ave Flushing, NY 11354",,,2026-10-02,human_drop,none,70
Patricia Samuels,+17189653069,"385 2nd St Brooklyn, NY 11215",,,2026-10-02,human_drop,none,45
Shirley Estes,+19187489574,"1117 E 25th St Tulsa, OK 74114",,,2026-10-02,human_drop,none,6
Joseph Keyes,+17035281247,"4555 26th St N Arlington, VA 22207",,,2026-10-02,human_drop,none,66
Sam Jacobs,+17183397811,"1868 E 26th St Brooklyn, NY 11229",,,2026-10-02,human_drop,none,25
Ellen Rieback,+19544721825,"772 NW 100th Ter Plantation, FL 33324",,,2026-10-02,human_drop,none,20
Charles Walsh,+13208752039,"715 100th St SE De Graff, MN 56271",,,2026-10-02,human_drop,none,180
Kathryn Thieleke,+15159869291,"7085 NW 100th St Johnston, IA 50131",,,2026-10-02,human_drop,none,30
Samina Saeed,+17187637717,"1279 E 102nd St Brooklyn, NY 11236",,,2026-10-02,human_drop,none,76
Clare Hewitt,+17159672099,"28717 100th St New Auburn, WI 54757",,,2026-10-02,human_drop,none,22
Joseph Burke,+19543460865,"5099 NW 103rd Ave Coral Springs, FL 33076",,,2026-10-02,human_drop,none,10
Ferdinand Obermeier,+13052713471,"8103 SW 103rd St Miami, FL 33156",,,2026-10-02,human_drop,none,21
Lucy Flack,+13052749432,"8365 SW 103rd St Miami, FL 33156",,,2026-10-02,human_drop,none,7
Nattinee Inboriboon,+16309040947,"24645 W 103rd St Naperville, IL 60564",,,2026-10-02,human_drop,none,14
Alan Salisch,+12126663563,"245 W 104th St Apt 4e New York, NY 10025",,,2026-10-02,human_drop,none,26
Miriam Duhan,+12128662791,"309 W 104th St Apt 8c New York, NY 10025",,,2026-10-02,human_drop,none,180
Sharon Watson,+12696949750,"2345 104th Ave Otsego, MI 49078",,,2026-10-02,human_drop,none,35
Mohammed Ali,+19547522667,"5055 NW 104th Ave Coral Springs, FL 33076",,,2026-10-02,human_drop,none,12
William Arata,+17865584213,"8440 SW 104th St Miami, FL 33156",,,2026-10-02,human_drop,none,26
Ricardo Forbes,+13052337815,"13120 SW 104th Ct Miami, FL 33176",,,2026-10-02,human_drop,none,23
Phoebe Wong,+17542296006,"8320 NW 105th Ln Parkland, FL 33076",,,2026-10-02,human_drop,none,9
Richard Zinn,+13055960514,"8920 SW 105th St Miami, FL 33176",,,2026-10-02,human_drop,none,32
Kenneth Bialy,+19543147788,"3910 SW 106th Ter Davie, FL 33328",,,2026-10-02,human_drop,none,67
Pauline Rahael,+19547527557,"2500 NW 107th Ave Coral Springs, FL 33065",,,2026-10-02,human_drop,none,24
Tammy Whiteside,+13032891055,"16618 E 106th Dr Commerce City, CO 80022",,,2026-10-02,human_drop,none,23
Roberto Martinez,+17862387362,"3411 SW 108th Ave Miami, FL 33165",,,2026-10-02,human_drop,none,5
Bryan Cybyske,+13036351100,"7911 W 109th Ave Westminster, CO 80021",,,2026-10-02,human_drop,none,5
Kenneth Podraza,+18439459414,"616 10th Ave N Surfside Beach, SC 29575",,,2026-10-02,human_drop,none,49
Jacob Wiedermann,+17182527329,"944 E 10th St Brooklyn, NY 11230",,,2026-10-02,human_drop,none,11
Rachel Naftali,+17186920443,"952 E 10th St Brooklyn, NY 11230",,,2026-10-02,human_drop,none,8
Samuel Beim,+17182580586,"1121 E 10th St Brooklyn, NY 11230",,,2026-10-02,human_drop,none,8
Justine Allocca,+17188362188,"7715 10th Ave Brooklyn, NY 11228",,,2026-10-02,human_drop,none,9
Caroline Tom,+17188365203,"7805 10th Ave Brooklyn, NY 11228",,,2026-10-02,human_drop,none,9
Denise Labella,+17188366936,"7917 10th Ave Brooklyn, NY 11228",,,2026-10-02,human_drop,none,16
Michael Koulouroudis,+17187486054,"8310 10th Ave Brooklyn, NY 11228",,,2026-10-02,human_drop,none,9
Jason Martinez,+18017965314,"352 W 110 S Lindon, UT 84042",,,2026-10-02,human_drop,none,6
Avraham Swartzon,+19543700902,"608 NW 110th Ave Plantation, FL 33324",,,2026-10-02,human_drop,none,48
Timothy Lewis,+12184934225,"11446 110th St S Baker, MN 56580",,,2026-10-02,human_drop,none,7
Robert Malakov,+17188973333,"6735 110th St Forest Hills, NY 11375",,,2026-10-02,human_drop,none,180
Jordana Vernon,+17184793024,"19411 110th Ave Saint Albans, NY 11412",,,2026-10-02,human_drop,none,10
W Duck,+18014460329,"2535 W 11170 S South Jordan, UT 84095",,,2026-10-02,human_drop,none,36
Peter Hadeed,+19547551986,"2960 NW 112th Ave Coral Springs, FL 33065",,,2026-10-02,human_drop,none,9
Friedrich Nungesser,+17638564288,"25120 112th St NW Zimmerman, MN 55398",,,2026-10-02,human_drop,none,22
Frank Talleda,+17868990812,"12200 SW 112th Ave Miami, FL 33176",,,2026-10-02,human_drop,none,17
Danielle Rindlisbacher,+18012541985,"13083 S 1130 W Riverton, UT 84065",,,2026-10-02,human_drop,none,31
Mark Eisele,+18017850503,"351 N 1130 E Lindon, UT 84042",,,2026-10-02,human_drop,none,12
Kathleen James,+13523327889,"1004 SW 113th Way Gainesville, FL 32607",,,2026-10-02,human_drop,none,83
Anthony Smith,+17184640123,"22757 113th Dr Queens Village, NY 11429",,,2026-10-02,human_drop,none,9
Deepthi Premaratne,+13056691267,"6495 SW 114th St Pinecrest, FL 33156",,,2026-10-02,human_drop,none,11
Daiwantee Ramsundar,+13479608806,"15042 114th Pl # 2 South Ozone Park, NY 11420",,,2026-10-02,human_drop,none,7
John Wang,+13052335803,"8971 SW 114th St Miami, FL 33176",,,2026-10-02,human_drop,none,42
Hasib Lallmohamed,+17183236225,"10731 115th St South Richmond Hill, NY 11419",,,2026-10-02,human_drop,none,29
Noelle Hansen,+18017966003,"187 N 1165 E Lindon, UT 84042",,,2026-10-02,human_drop,none,7
Bonnie Sloan,+15159662026,"5343 SE 116th St Runnells, IA 50237",,,2026-10-02,human_drop,none,10
Luisa Charbonneau,+19547536721,"7446 NW 116th Ln Parkland, FL 33076",,,2026-10-02,human_drop,none,60
Elinor Ribowsky,+17184416385,"8437 116th St Richmond Hill, NY 11418",,,2026-10-02,human_drop,none,12
Marilyn Weitz,+13104511980,"527 23rd St Santa Monica, CA 90402",,,2026-10-02,human_drop,none,21
Rosa Mattina,+17183328075,"2537 E 24th St Brooklyn, NY 11235",,,2026-10-02,human_drop,none,8
Sher Singh,+17184700345,"8015 256th St Floral Park, NY 11004",,,2026-10-02,human_drop,none,9
Michael Dinoto,+17185394247,"14934 24th Ave Whitestone, NY 11357",,,2026-10-02,human_drop,none,8
Ronald Edelstein,+17183390927,"1880 E 26th St Brooklyn, NY 11229",,,2026-10-02,human_drop,none,20
Anastasios Sarikas,+17182048470,"1415 27th Ave Astoria, NY 11102",,,2026-10-02,human_drop,none,24
John Borga,+14257784631,"22928 25th Ave W Lynnwood, WA 98036",,,2026-10-02,human_drop,none,14
Diosdado Ramos,+17183842704,"83 S 2nd St Brooklyn, NY 11249",,,2026-10-02,human_drop,none,35
Jose Melara,+14156419989,"3304 26th St San Francisco, CA 94110",,,2026-10-02,human_drop,none,16
Marco Rodriguez,+12023382304,"1035 30th St NW Washington, DC 20007",,,2026-10-02,human_drop,none,5
Gloria Smith,+12063236606,"1516 30th Ave Seattle, WA 98122",,,2026-10-02,human_drop,none,4
James Edmiston,+13057547521,"9536 NE 2nd Ave Miami Shores, FL 33138",,,2026-10-02,human_drop,none,8
Aaron Gindoff,+17183384669,"1040 E 32nd St Brooklyn, NY 11210",,,2026-10-02,human_drop,none,9
Joseph Brannan,+17035347551,"4518 32nd St N Arlington, VA 22207",,,2026-10-02,human_drop,none,12
James Kadlec,+13205231060,"85845 330th St Olivia, MN 56277",,,2026-10-02,human_drop,none,58
Mary Kelly,+17035252656,"4048 35th St N Arlington, VA 22207",,,2026-10-02,human_drop,none,6
Virginia Bogert,+12063249861,"1506 35th Ave Seattle, WA 98122",,,2026-10-02,human_drop,none,11
Myra Gamburg,+12063675757,"15134 38th Ave NE Lake Forest Park, WA 98155",,,2026-10-02,human_drop,none,7
Ray Gullekson,+12189265642,"18627 410th St SW Beltrami, MN 56517",,,2026-10-02,human_drop,none,180
Hedy Weiss,+17183380927,"1032 E 28th St Brooklyn, NY 11210",,,2026-10-02,human_drop,none,54
Mary Haig,+17182058603,"7315 31st Ave Apt 2 East Elmhurst, NY 11370",,,2026-10-02,human_drop,none,10
Elliot Shakarchi,+17182533229,"1568 E 27th St Brooklyn, NY 11229",,,2026-10-02,human_drop,none,82
Joel Tigett,+17136652346,"2152 Addison Rd Houston, TX 77030",,,2026-10-02,human_drop,none,6
Joseph Russell,+18185015240,"13033 Addison St Sherman Oaks, CA 91423",,,2026-10-02,human_drop,none,11
Marianne Hulbert,+14806295174,"10879 E Addy Way Scottsdale, AZ 85262",,,2026-10-02,human_drop,none,32
Eileen Conaughton,+12017840481,"1 Adele Ave Demarest, NJ 07627",,,2026-10-02,human_drop,none,27
Janet Robertson,+18188892312,"770 Admiral Ct Oak Park, CA 91377",,,2026-10-02,human_drop,none,26
Bonnie Dennison,+17574965851,"2101 E Admiral Dr Virginia Beach, VA 23451",,,2026-10-02,human_drop,none,30
Cynthia Pacini,+19257430642,"601 Adobe Dr Danville, CA 94526",,,2026-10-02,human_drop,none,94
Katherine Seifert,+12185473553,"7937 Agency Narrows Dr NW Walker, MN 56484",,,2026-10-02,human_drop,none,45
Michael Betcher,+19784369903,"5 Ahearn Cir North Billerica, MA 01862",,,2026-10-02,human_drop,none,21
Evelina Bandelin,+17737284586,"2523 W Ainslie St Chicago, IL 60625",,,2026-10-02,human_drop,none,15
Ricky Mcgaha,+17702883893,"4065 Airline Rd Mcdonough, GA 30252",,,2026-10-02,human_drop,none,22
Martha Swain,+17068654361,"1546 Airport Rd Cleveland, GA 30528",,,2026-10-02,human_drop,none,57
Steve Thompson,+18189571254,"2706 Alabama St La Crescenta, CA 91214",,,2026-10-02,human_drop,none,10
Thomas Moore,+16194351228,"750 Alameda Blvd Coronado, CA 92118",,,2026-10-02,human_drop,none,38
Rosita Purvis,+12028822108,"7416 Alaska Ave NW Washington, DC 20012",,,2026-10-02,human_drop,none,34
Mitchel Laskey,+14078049481,"2332 Alaqua Dr Longwood, FL 32779",,,2026-10-02,human_drop,none,32
Thomas Simpson,+12028822694,"7704 Alaska Ave NW Washington, DC 20012",,,2026-10-02,human_drop,none,8
Kenneth Wolke,+19702472906,"163 Alan Rd Durango, CO 81301",,,2026-10-02,human_drop,none,19
Piero Gleijeses,+12023633815,"2943 Albemarle St NW Washington, DC 20008",,,2026-10-02,human_drop,none,65
William Cullen,+17187881640,"910 Albemarle Rd Brooklyn, NY 11218",,,2026-10-02,human_drop,none,7
Philip Abrams,+16505926026,"178 Alberta Ave San Carlos, CA 94070",,,2026-10-02,human_drop,none,22
Carol Campbell,+16177827171,"58 Aldie St Allston, MA 02134",,,2026-10-02,human_drop,none,8
Seymour Schlesinger,+17186390284,"6110 Alderton St Apt D6 Rego Park, NY 11374",,,2026-10-02,human_drop,none,82
Curtis Vaughn,+17034371423,"1308 Aldbury Way Reston, VA 20194",,,2026-10-02,human_drop,none,5
John Collins,+19737448275,"224 Alexander Ave Montclair, NJ 07043",,,2026-10-02,human_drop,none,57
George Townsend,+14258272610,"521 Alexander Ave Kirkland, WA 98033",,,2026-10-02,human_drop,none,9
Nishan Vartabedian,+12013378620,"504 Alexis Ct Franklin Lakes, NJ 07417",,,2026-10-02,human_drop,none,4
Nathan Weldler,+18453524935,"6 Algonquin Cir Airmont, NY 10952",,,2026-10-02,human_drop,none,8
Wolfhard Ramm,+17036833685,"15 E Alexandria Ave Alexandria, VA 22301",,,2026-10-02,human_drop,none,38
Cynthia Segale,+19259348168,"909 Alfred Ave Walnut Creek, CA 94597",,,2026-10-02,human_drop,none,16
Dennis Lagler,+13602548342,"13207 NE 117th Ave Vancouver, WA 98662","$1,000,000+","$100,000 - $124,999",2026-10-05,human_drop,none,51
Janine Schulze,+17152623183,"N4864 1180th St Prescott, WI 54021","$700,000 - $799,999","$80,000 - $89,999",2026-10-05,human_drop,none,21
Maung Kyaw,+19549995717,"350 NW 118th Ave Plantation, FL 33325","$1,000,000+","$400,000 - $499,999",2026-10-05,human_drop,none,21
Roderick Sintow,+13058958822,"1955 NE 118th Rd North Miami, FL 33181","$1,000,000+","$300,000 - $399,999",2026-10-05,human_drop,none,32
James Mattei,+13056667383,"6501 SW 118th St Pinecrest, FL 33156","$1,000,000+","$400,000 - $499,999",2026-10-05,human_drop,none,6
Marion Mutchnik,+13058910416,"1905 NE 119th Rd North Miami, FL 33181","$1,000,000+","$90,000 - $99,999",2026-10-05,human_drop,requested,74
Mitchell Schlesinger,+13052530053,"10530 SW 119th St Miami, FL 33176","$800,000 - $899,999","$100,000 - $124,999",2026-10-05,human_drop,none,44
Jose Guzman,+16464762327,"100 11th Ave Apt 6a New York, NY 10011","$800,000 - $899,999","$400,000 - $499,999",2026-10-05,human_drop,none,25
John Engelhardt,+19547815577,"261 SE 11th St Pompano Beach, FL 33060","$800,000 - $899,999","$100,000 - $124,999",2026-10-05,human_drop,requested,93
Vanessa Cieslak,+12025460347,"318 11th St NE Washington, DC 20002","$1,000,000+","$300,000 - $399,999",2026-10-05,human_drop,none,23
Ted Kardasz,+17184999254,"537 11th St Brooklyn, NY 11215","$1,000,000+","$150,000 - $174,999",2026-10-05,human_drop,none,20
Kim Beasley,+18087352739,"851 11th Ave Honolulu, HI 96816","$1,000,000+","$90,000 - $99,999",2026-10-05,human_drop,none,19
Robert Schrag,+13103792330,"1250 11th St Manhattan Beach, CA 90266","$1,000,000+","$400,000 - $499,999",2026-10-05,human_drop,none,28
Norita Vlach,+14156613945,"1283 11th Ave San Francisco, CA 94122","$700,000 - $799,999","$50,000 - $59,999",2026-10-05,human_drop,requested,156
Hayfa Marouf,+19545737194,"1557 SE 11th St Deerfield Beach, FL 33441","$1,000,000+","$250,000 - $299,999",2026-10-05,human_drop,none,36
Minna Loebenstein,+17184417197,"8514 117th St Richmond Hill, NY 11418","$900,000 - $999,999","$50,000 - $59,999",2026-10-05,human_drop,none,14
Rita Hardy,+12023879012,"2623 11th St NW Washington, DC 20001","$700,000 - $799,999","$90,000 - $99,999",2026-10-05,human_drop,none,59
Joyce Wellman,+12027977222,"3601 11th St NW Washington, DC 20010","$700,000 - $799,999","$60,000 - $69,999",2026-10-05,human_drop,requested,76
Dale Putnam,+13608668172,"4620 11th Ave NW Olympia, WA 98502","$900,000 - $999,999","$100,000 - $124,999",2026-10-05,human_drop,requested,75
Shlomo Perl,+17188517208,"5710 11th Ave Brooklyn, NY 11219","$1,000,000+","$70,000 - $79,999",2026-10-05,human_drop,requested,86
Clarey Tryhus,+17018387810,"5900 11th Ave SE Minot, ND 58701","$700,000 - $799,999","$100,000 - $124,999",2026-10-05,human_drop,none,16
John Incontrera,+17188339719,"7910 11th Ave Brooklyn, NY 11228","$1,000,000+","$50,000 - $59,999",2026-10-05,human_drop,none,17
Gladys Pitta,+17182381650,"7920 11th Ave Brooklyn, NY 11228","$1,000,000+","$200,000 - $249,999",2026-10-05,human_drop,none,63
Dice Garcia,+17187468044,"15751 11th Ave Whitestone, NY 11357","$800,000 - $899,999","$100,000 - $124,999",2026-10-05,human_drop,none,79
Joseph Rotenberg,+13056534099,"17211 NE 11th Ave Miami, FL 33162","$900,000 - $999,999","$80,000 - $89,999",2026-10-05,human_drop,none,31
Reva Homnick,+13052495154,"17400 NE 11th Ave Miami, FL 33162","$700,000 - $799,999","$50,000 - $59,999",2026-10-05,human_drop,none,29
Lyle Hillyard,+14357530043,"1496 E 1200 N Logan, UT 84341","$700,000 - $799,999","$100,000 - $124,999",2026-10-05,human_drop,none,31
Isabel Salcedo,+13055988688,"7770 SW 120th Pl Miami, FL 33183","$1,000,000+","$200,000 - $249,999",2026-10-05,human_drop,none,15
Amanda Madlock,+14027822358,"9101 S 120th St Lincoln, NE 68526","$1,000,000+","$400,000 - $499,999",2026-10-05,human_drop,requested,84
Robby Hale,+13036591193,"18815 E 120th Pl Commerce City, CO 80022","$900,000 - $999,999","$150,000 - $174,999",2026-10-05,human_drop,none,46
Daniel Goodman,+19282523538,"30998 N 120th Ave Peoria, AZ 85383","$1,000,000+","$250,000 - $299,999",2026-10-05,human_drop,none,49
Leona Haase,+15075262060,"44077 120th St Blue Earth, MN 56013","$1,000,000+","$70,000 - $79,999",2026-10-05,human_drop,none,43
David Davenport,+12122804675,"142 W 121st St New York, NY 10027","$1,000,000+","$400,000 - $499,999",2026-10-05,human_drop,none,20
Edgardo Tettamanti,+13059819484,"2055 NE 121st Rd North Miami, FL 33181","$1,000,000+","$250,000 - $299,999",2026-10-05,human_drop,none,18
Lonnie Kornovich,+13207433116,"4478 121st Ave Clear Lake, MN 55319","$900,000 - $999,999","$300,000 - $399,999",2026-10-05,human_drop,requested,86
Lisa Haff,+14254881831,"16516 121st Ave NE Bothell, WA 98011","$1,000,000+","$200,000 - $249,999",2026-10-05,human_drop,none,18
Harry Evensen,+14253573540,"4031 122nd Pl SE Everett, WA 98208","$800,000 - $899,999","$400,000 - $499,999",2026-10-05,human_drop,none,2
Moshe Friedler,+17188463540,"8518 122nd St Kew Gardens, NY 11415","$800,000 - $899,999","$300,000 - $399,999",2026-10-05,human_drop,none,45
Roy Ballard,+14356359250,"238 S 1230 W Hurricane, UT 84737","$900,000 - $999,999","$100,000 - $124,999",2026-10-05,human_drop,none,15
Kathryn Kashinsky,+17189397561,"701 123rd St College Point, NY 11356","$1,000,000+","$90,000 - $99,999",2026-10-05,human_drop,none,48
Barry Morofsky,+19547533786,"852 NW 123rd Dr Coral Springs, FL 33071","$700,000 - $799,999","$250,000 - $299,999",2026-10-05,human_drop,none,64
William Urrea,+17183538419,"722 123rd St College Point, NY 11356","$900,000 - $999,999","$80,000 - $89,999",2026-10-05,human_drop,none,60
Patrick Delatour,+19547523846,"710 NW 123rd Dr Coral Springs, FL 33071","$800,000 - $899,999","$300,000 - $399,999",2026-10-05,human_drop,none,25
Alberto Perez,+13052265657,"100 NW 124th Ave Miami, FL 33182","$1,000,000+","$300,000 - $399,999",2026-10-05,human_drop,none,46
Morris Zand,+19542550001,"7733 NW 124th Ter Parkland, FL 33076","$900,000 - $999,999","$400,000 - $499,999",2026-10-05,human_drop,none,15
Audrey Parraga,+17188052520,"8510 124th St Kew Gardens, NY 11415","$700,000 - $799,999","$70,000 - $79,999",2026-10-05,human_drop,none,15
Cathy Falcon,+13055955810,"10200 SW 124th Ave Miami, FL 33186","$1,000,000+","$60,000 - $69,999",2026-10-05,human_drop,none,18
Wayne Schultz,+17154259080,"N8775 1250th St River Falls, WI 54022","$1,000,000+","$100,000 - $124,999",2026-10-05,human_drop,none,29
Snowden Booth,+14253158862,"5501 125th Pl SW Mukilteo, WA 98275","$900,000 - $999,999","$400,000 - $499,999",2026-10-05,human_drop,none,33
Stuart Hersh,+19543449705,"5973 NW 125th Ave Coral Springs, FL 33076","$700,000 - $799,999","$100,000 - $124,999",2026-10-05,human_drop,none,48
Wayne Alder,+19543449440,"7668 NW 125th Way Parkland, FL 33076","$1,000,000+","$300,000 - $399,999",2026-10-05,human_drop,none,8
Julio Mocega,+13052519713,"10915 SW 125th St Miami, FL 33176","$800,000 - $899,999","$100,000 - $124,999",2026-10-05,human_drop,none,132
Clarence Hein,+13608791177,"31510 125th Ave E Graham, WA 98338","$700,000 - $799,999","$175,000 - $199,999",2026-10-05,human_drop,none,21
Iris Bryan,+17187122854,"23117 125th Ave Springfield Gardens, NY 11413","$700,000 - $799,999","$50,000 - $59,999",2026-10-05,human_drop,none,62
Linda Hartung,+13207468152,"43767 125th Ave Holdingford, MN 56340","$700,000 - $799,999","$300,000 - $399,999",2026-10-05,human_drop,none,13
Dorothy Nowik,+14256881980,"303 126th Ave NE Bellevue, WA 98005","$1,000,000+","$40,000 - $49,999",2026-10-05,human_drop,none,82
,+17083618773,,,,2026-10-05,human_drop,none,296
Guido Parente,+17188862646,"2319 126th St College Point, NY 11356","$900,000 - $999,999","$20,000 - $29,999",2026-10-05,human_drop,none,30
Marilyn Mar,+14256443036,"6524 126th Ave SE Bellevue, WA 98006","$1,000,000+","$400,000 - $499,999",2026-10-05,human_drop,none,24
,+13052519713,,,,2026-10-05,human_drop,none,88
Muhammad Abbara,+17867135211,"7840 SW 126th Ter Pinecrest, FL 33156","$1,000,000+","$200,000 - $249,999",2026-10-05,human_drop,none,15
Sharon Alter,+19547750703,"8029 NW 126th Ter Parkland, FL 33076","$800,000 - $899,999","$300,000 - $399,999",2026-10-05,human_drop,none,17
Diyana Arikat,+14805513288,"10730 N 126th St Scottsdale, AZ 85259","$1,000,000+","$400,000 - $499,999",2026-10-05,human_drop,none,133
Cynthia Zimmerman,+17159672723,"27675 126th St New Auburn, WI 54757","$800,000 - $899,999","$400,000 - $499,999",2026-10-05,human_drop,none,53
Maria Diego,+13055545950,"115 SW 127th Ave Miami, FL 33184","$1,000,000+","$30,000 - $39,999",2026-10-05,human_drop,none,10
Michael Zelitt,+17542102143,"1846 NW 127th Ave Pembroke Pines, FL 33028","$700,000 - $799,999","$300,000 - $399,999",2026-10-05,human_drop,none,11
Jdarrel Kirkland,+17018422467,"2112 127th Ave NW Watford City, ND 58854","$1,000,000+","$400,000 - $499,999",2026-10-05,human_drop,none,19
Carlos Sola,+13052580020,"24365 SW 127th Ave Homestead, FL 33032","$1,000,000+","$60,000 - $69,999",2026-10-05,human_drop,none,16
Glenda So,+17185399523,"922 128th St College Point, NY 11356","$700,000 - $799,999","$60,000 - $69,999",2026-10-05,human_drop,none,14
Michele Perkins,+13052534657,"11400 SW 128th St Miami, FL 33176","$700,000 - $799,999","$100,000 - $124,999",2026-10-05,human_drop,none,46
Kwang Oh,+15035200111,"1585 NW 129th Pl Portland, OR 97229","$800,000 - $899,999","$100,000 - $124,999",2026-10-05,human_drop,none,11
Manuel Gonzalez,+13053881626,"7602 SW 129th Pl Miami, FL 33183","$700,000 - $799,999","$80,000 - $89,999",2026-10-05,human_drop,none,14
Alejandro Perez,+13052516647,"7650 SW 129th St Pinecrest, FL 33156","$1,000,000+","$300,000 - $399,999",2026-10-05,human_drop,none,8
Robin Keller,+12064630563,"24234 129th Ave SW Vashon, WA 98070","$900,000 - $999,999","$250,000 - $299,999",2026-10-05,human_drop,none,27
Martin Zatz,+15166160809,"101 N 12th St New Hyde Park, NY 11040","$900,000 - $999,999","$250,000 - $299,999",2026-10-05,human_drop,none,40
Daniel Lindquist,+12025477124,"312 12th St NE Washington, DC 20002","$1,000,000+","$40,000 - $49,999",2026-10-05,human_drop,none,162
Carol Steiner,+16095228042,"422 E 12th Ave North Wildwood, NJ 08260","$700,000 - $799,999","$90,000 - $99,999",2026-10-05,human_drop,none,30
David Rosenbaum,+17328862938,"425 12th St Lakewood, NJ 08701","$1,000,000+","$100,000 - $124,999",2026-10-05,human_drop,none,35
Joel Simons,+17189653169,"478 12th St Apt 4r Brooklyn, NY 11215","$1,000,000+","$20,000 - $29,999",2026-10-05,human_drop,none,48
Robert Teetz,+15163546928,"525 N 12th St New Hyde Park, NY 11040","$800,000 - $899,999","$400,000 - $499,999",2026-10-05,human_drop,none,30
Mimi Louie,+14153860668,"547 12th Ave San Francisco, CA 94118","$900,000 - $999,999","$40,000 - $49,999",2026-10-05,human_drop,none,4
David Lee,+18087378465,"648 12th Ave Honolulu, HI 96816","$1,000,000+","$60,000 - $69,999",2026-10-05,human_drop,none,29
Mordechai Deckelbaum,+17183770608,"858 E 12th St Brooklyn, NY 11230","$1,000,000+","$60,000 - $69,999",2026-10-05,human_drop,none,75
Phillip Palmquist,+17149602233,"901 12th St Huntington Beach, CA 92648","$900,000 - $999,999","$250,000 - $299,999",2026-10-05,human_drop,none,12
Russell Mawn,+12025078359,"921 12th St SE Washington, DC 20003","$1,000,000+","$300,000 - $399,999",2026-10-05,human_drop,none,45
Chana Hoberman,+17183774140,"1113 E 12th St Brooklyn, NY 11230","$1,000,000+","$500,000 Plus",2026-10-05,human_drop,none,38
Hillel David,+17183383399,"1118 E 12th St Brooklyn, NY 11230","$1,000,000+","$60,000 - $69,999",2026-10-05,human_drop,none,112
,+17183770608,,,,2026-10-05,human_drop,none,306
Haiem Samouha,+17183758308,"1570 E 12th St Brooklyn, NY 11230","$1,000,000+","$250,000 - $299,999",2026-10-05,human_drop,none,14
Ilya Dubinskiy,+17182367643,"1646 W 12th St Brooklyn, NY 11223","$900,000 - $999,999","$40,000 - $49,999",2026-10-05,human_drop,none,16
,+19545222809,,,,2026-10-05,human_drop,none,62
Joseph Montenigro,+17183737535,"1786 W 12th St Brooklyn, NY 11223","$1,000,000+","$60,000 - $69,999",2026-10-05,human_drop,none,25
Shlomo Perl,+17188517208,"5710 11th Ave Brooklyn, NY 11219",,,2026-10-06,human_drop,none,42
Joseph Rotenberg,+13056534099,"17211 NE 11th Ave Miami, FL 33162",,,2026-10-06,human_drop,none,79
Jose Guzman,+16464762327,"100 11th Ave Apt 6a New York, NY 10011",,,2026-10-06,human_drop,none,7
Lyle Hillyard,+14357530043,"1496 E 1200 N Logan, UT 84341",,,2026-10-06,human_drop,none,14
Marion Mutchnik,+13058910416,"1905 NE 119th Rd North Miami, FL 33181",,,2026-10-06,human_drop,none,15
Ted Kardasz,+17184999254,"537 11th St Brooklyn, NY 11215",,,2026-10-06,human_drop,none,23
John Incontrera,+17188339719,"7910 11th Ave Brooklyn, NY 11228",,,2026-10-06,human_drop,none,32
Reva Homnick,+13052495154,"17400 NE 11th Ave Miami, FL 33162",,,2026-10-06,human_drop,none,36
Gladys Pitta,+17182381650,"7920 11th Ave Brooklyn, NY 11228",,,2026-10-06,human_drop,none,37
David Davenport,+12122804675,"142 W 121st St New York, NY 10027",,,2026-10-06,human_drop,none,46
Edgardo Tettamanti,+13059819484,"2055 NE 121st Rd North Miami, FL 33181",,,2026-10-06,human_drop,none,118
Roy Ballard,+14356359250,"238 S 1230 W Hurricane, UT 84737",,,2026-10-06,human_drop,none,21
Muhammad Abbara,+17867135211,"7840 SW 126th Ter Pinecrest, FL 33156",,,2026-10-06,human_drop,none,14
Joel Simons,+17189653169,"478 12th St Apt 4r Brooklyn, NY 11215",,,2026-10-06,human_drop,none,43
Iris Bryan,+17187122854,"23117 125th Ave Springfield Gardens, NY 11413",,,2026-10-06,human_drop,none,61
Russell Mawn,+12025078359,"921 12th St SE Washington, DC 20003",,,2026-10-06,human_drop,none,55
William Records,+15124744157,"2309 W 12th St Austin, TX 78703","$1,000,000+","$300,000 - $399,999",2026-10-06,human_drop,none,22
Anna Dorazio,+12025265045,"4012 12th St NE Washington, DC 20017","$700,000 - $799,999","$60,000 - $69,999",2026-10-06,human_drop,none,61
Barbara Heiberg,+12539276247,"5324 12th St NE Tacoma, WA 98422","$900,000 - $999,999","$50,000 - $59,999",2026-10-06,human_drop,none,22
Kenneth Olfert,+12065241904,"7339 12th Ave NE Seattle, WA 98115","$1,000,000+","$400,000 - $499,999",2026-10-06,human_drop,none,35
Anthony Lore,+17187675859,"15441 12th Ave Whitestone, NY 11357","$800,000 - $899,999","$100,000 - $124,999",2026-10-06,human_drop,none,11
Arthur Dibiase,+17187677015,"15436 12th Ave Whitestone, NY 11357","$800,000 - $899,999","$200,000 - $249,999",2026-10-06,human_drop,none,27
Gary King,+12538432812,"30902 12th Ave S Roy, WA 98580","$900,000 - $999,999","$70,000 - $79,999",2026-10-06,human_drop,none,36
Manuel Rueda,+17189393244,"711 130th St College Point, NY 11356","$1,000,000+","$50,000 - $59,999",2026-10-06,human_drop,none,43
Sophia Kwan,+12063671782,"2520 NE 130th St Apt B Seattle, WA 98125","$700,000 - $799,999","$250,000 - $299,999",2026-10-06,human_drop,none,100
Holly Osgood,+13032803461,"8181 E 130th Pl Thornton, CO 80602","$1,000,000+","$300,000 - $399,999",2026-10-06,human_drop,none,26
Venkatesh Ramaiah,+14807679667,"12991 N 130th Way Scottsdale, AZ 85259","$1,000,000+","$400,000 - $499,999",2026-10-06,human_drop,none,35
Daniel Mauch,+14254870013,"18230 130th Pl NE Bothell, WA 98011","$800,000 - $899,999","$200,000 - $249,999",2026-10-06,human_drop,none,8
Jennifer Provost,+17187120096,"23517 130th Ave Rosedale, NY 11422","$700,000 - $799,999","$30,000 - $39,999",2026-10-06,human_drop,none,22
Violet Samuels,+17187125326,"22715 130th Ave Springfield Gardens, NY 11413","$1,000,000+","$40,000 - $49,999",2026-10-06,human_drop,none,23
Peter Fjestad,+12187363761,"26563 130th Ave Fergus Falls, MN 56537","$1,000,000+","$100,000 - $124,999",2026-10-06,human_drop,none,79
Leobardo Carrera,+14804511481,"11271 N 131st Pl Scottsdale, AZ 85259","$800,000 - $899,999","$300,000 - $399,999",2026-10-06,human_drop,none,23
Guy Lallemand,+17189494866,"24316 131st Ave Rosedale, NY 11422","$800,000 - $899,999","$20,000 - $29,999",2026-10-06,human_drop,none,63
Hollis Hunt,+18015715038,"1025 E 13200 S Draper, UT 84020","$700,000 - $799,999","$70,000 - $79,999",2026-10-06,human_drop,none,17
Barbara Kritzer,+17152623367,"N6391 1323rd St Prescott, WI 54021","$700,000 - $799,999","$100,000 - $124,999",2026-10-06,human_drop,none,10
Juan Valdes,+13055535487,"10 SW 132nd Ave Miami, FL 33184","$800,000 - $899,999","$400,000 - $499,999",2026-10-06,human_drop,none,12
Gabrielle Baker,+16466697058,"105 W 132nd St Apt 1 New York, NY 10027","$700,000 - $799,999","$80,000 - $89,999",2026-10-06,human_drop,none,26
Shou Ma,+14256470840,"2409 132nd Ave SE Bellevue, WA 98005","$1,000,000+","$300,000 - $399,999",2026-10-06,human_drop,none,27
Andrew Tadie,+14258210677,"8713 NE 132nd St Kirkland, WA 98034","$900,000 - $999,999","$300,000 - $399,999",2026-10-06,human_drop,none,137
Keith Chamberlain,+16514379135,"9620 132nd St E Hastings, MN 55033","$800,000 - $899,999","$100,000 - $124,999",2026-10-06,human_drop,none,15
,+13052337447,,,,2026-10-06,human_drop,none,55
Cherie Sturtevant,+13608828226,"13513 NE 132nd Ave Brush Prairie, WA 98606","$1,000,000+","$175,000 - $199,999",2026-10-06,human_drop,none,54
Terri Hansen,+13606871853,"30813 NE 132nd Ave Battle Ground, WA 98604","$900,000 - $999,999","$300,000 - $399,999",2026-10-06,human_drop,none,48
Leonard Willey,+13606870916,"30503 NE 132nd Ave Battle Ground, WA 98604","$700,000 - $799,999","$400,000 - $499,999",2026-10-06,human_drop,none,37
John Stamp,+15152762876,"3516 133rd Way Urbandale, IA 50323","$900,000 - $999,999","$90,000 - $99,999",2026-10-06,human_drop,none,22
Clint Slater,+13605730970,"5703 NE 133rd St Vancouver, WA 98686","$700,000 - $799,999","$250,000 - $299,999",2026-10-06,human_drop,none,23
Glen Webster,+14253349619,"6211 133rd Ave NE Lake Stevens, WA 98258","$700,000 - $799,999","$100,000 - $124,999",2026-10-06,human_drop,none,16
Miriam Muskat,+13052534200,"10775 SW 133rd Ter Miami, FL 33176","$700,000 - $799,999","$80,000 - $89,999",2026-10-06,human_drop,none,26
Douglas Rough,+14258215529,"10912 NE 133rd St Kirkland, WA 98034","$1,000,000+","$400,000 - $499,999",2026-10-06,human_drop,none,75
Mustafa El Abid,+14808604407,"11995 N 133rd Way Scottsdale, AZ 85259","$1,000,000+","$300,000 - $399,999",2026-10-06,human_drop,none,24
Phulmattie Sahadeo,+17186746099,"12119 133rd Ave South Ozone Park, NY 11420","$700,000 - $799,999","$200,000 - $249,999",2026-10-06,human_drop,none,15
Ismay Joseph,+15162855117,"23206 133rd Ave Springfield Gardens, NY 11413","$700,000 - $799,999","$30,000 - $39,999",2026-10-06,human_drop,none,32
Lisa Sundling,+13034530631,"451 E 134th Ave Thornton, CO 80241","$800,000 - $899,999","$400,000 - $499,999",2026-10-06,human_drop,none,29
Donovan Gordon,+17185298896,"10725 132nd St South Richmond Hill, NY 11419","$800,000 - $899,999","$50,000 - $59,999",2026-10-06,human_drop,none,38
Giraldo Castellon,+13055581617,"9841 NW 130th St Hialeah Gardens, FL 33018","$1,000,000+","$60,000 - $69,999",2026-10-06,human_drop,none,37
Lawrence Dorman,+14256419186,"5422 134th Ave SE Bellevue, WA 98006","$1,000,000+","$200,000 - $249,999",2026-10-06,human_drop,none,23
Gary Rundlett,+13052510616,"7260 SW 134th Ter Pinecrest, FL 33156","$1,000,000+","$400,000 - $499,999",2026-10-06,human_drop,none,12
Lisa Colavito,+17186416265,"9701 134th Ave Ozone Park, NY 11417","$700,000 - $799,999","$40,000 - $49,999",2026-10-06,human_drop,none,38
Jay Rosenthal,+14808608731,"11915 N 134th Way Scottsdale, AZ 85259","$1,000,000+","$300,000 - $399,999",2026-10-06,human_drop,none,34
Sattie Mohabir,+17183232356,"12951 134th St South Ozone Park, NY 11420","$700,000 - $799,999","$100,000 - $124,999",2026-10-06,human_drop,none,63
Richard Sanchez,+13052519240,"19910 SW 134th Ct Miami, FL 33177","$700,000 - $799,999","$80,000 - $89,999",2026-10-06,human_drop,none,62
Michael Brenny,+13209684321,"678 135th Ave NE Foley, MN 56329","$900,000 - $999,999","$300,000 - $399,999",2026-10-06,human_drop,none,30
Richard Tonkinson,+13056653771,"5900 SW 135th St Pinecrest, FL 33156","$1,000,000+","$300,000 - $399,999",2026-10-06,human_drop,none,10
Jacob Borenstein,+17182613939,"7041 136th St Flushing, NY 11367","$1,000,000+","$200,000 - $249,999",2026-10-06,human_drop,none,19
Noriel Mariano,+17189392409,"6420 136th St Flushing, NY 11367","$700,000 - $799,999","$90,000 - $99,999",2026-10-06,human_drop,none,52
Samuel Lauer,+17185753778,"7031 136th St Flushing, NY 11367","$1,000,000+","$400,000 - $499,999",2026-10-06,human_drop,none,22
,+17183737535,,,,2026-10-06,human_drop,none,9
,+18882346786,,,,2026-10-06,human_drop,none,39
